OBJECTID,LAND,BEZ,LOR_ab_2021,UJAHR,UMONAT,USTUNDE,UWOCHENTAG,UKATEGORIE,UART,UTYP1,ULICHTVERH,IstRad,IstPKW,IstFuss,IstKrad,IstGkfz,IstSonstige,USTRZUSTAND,LINREFX,LINREFY,XGCSWGS84,YGCSWGS84,LOR,STRASSE,quadrant
218452,11,9,9100306.0,2021,12,11,1,3,6,7,0,0,1,1,0,0,0,0,"804283,8349","5820729,36","13,47874948","52,45181122",,,3871.0
218451,11,12,12400722.0,2021,12,15,4,3,2,6,0,0,1,0,0,0,0,1,"791204,1129","5838441,869","13,30235065","52,61772651",,,4960.0
218450,11,4,4300624.0,2021,12,17,2,3,2,6,2,0,1,0,0,0,0,0,"792971,7767","5826022,772","13,31742125","52,50544537",,,5257.0
218448,11,4,4100101.0,2021,12,7,5,3,2,6,2,0,1,0,0,0,1,1,"791326,0586","5830671,583","13,29731627","52,54800264",,,6967.0
218447,11,10,10400939.0,2021,12,11,7,3,5,3,0,0,1,0,0,0,0,1,"812963,3474","5827823,04","13,61271831","52,51047907",,,2947.0
218445,11,1,1401045.0,2021,12,0,4,3,6,2,2,0,1,1,0,0,0,0,"796704,6557","5831624,151","13,37725714","52,55363858",,,4621.0
218442,11,6,6100209.0,2021,12,6,2,3,4,6,1,1,0,0,0,0,1,1,"794676,6637","5821752,626","13,33869228","52,46624791",,,2351.0
218441,11,6,6200421.0,2021,12,21,3,2,6,2,2,0,1,1,0,0,0,1,"794005,5982","5817452,406","13,32505788","52,42805957",,,4623.0
218440,11,5,5100104.0,2021,12,10,5,3,9,1,0,0,0,0,1,0,0,0,"785194,746","5831168,644","13,20756891","52,55570389",,,1453.0
218439,11,7,7400824.0,2021,12,11,4,3,5,3,0,0,1,0,0,0,1,0,"797840,8273","5822041,628","13,3853906","52,46712283",,,5553.0
218437,11,12,12200412.0,2021,12,16,5,3,5,2,2,0,1,0,0,0,0,0,"791168,4207","5834029,367","13,29794475","52,57818881",,,4157.0
218436,11,3,3701556.0,2021,12,9,6,3,2,2,0,0,1,0,0,0,1,0,"799691,0115","5829228,736","13,41901192","52,53053264",,,2851.0
218434,11,7,7400927.0,2021,12,12,6,3,1,5,0,0,1,0,0,0,0,1,"798753,6854","5821853,334","13,39861994","52,46493662",,,3944.0
218431,11,4,4501042.0,2021,12,2,3,3,2,6,2,0,1,0,0,0,0,1,"794085,2165","5825955,526","13,33371932","52,50424352",,,4253.0
218430,11,4,4200311.0,2021,12,11,5,3,5,2,0,1,1,0,0,0,0,1,"790025,5022","5825236,312","13,27344992","52,49996881",,,6761.0
218429,11,11,11300721.0,2021,12,18,5,3,8,1,2,0,1,0,0,0,0,2,"806115,541","5830146,027","13,51427163","52,535184",,,5338.0
218427,11,6,6300528.0,2021,12,9,6,3,6,7,0,0,1,1,0,0,0,0,"789969,9282","5816231,508","13,26481146","52,41926765",,,4960.0
218425,11,2,2500831.0,2021,11,15,2,2,0,1,0,0,0,0,1,0,0,1,"802858,8327","5827209,815","13,46373072","52,51068661",,,3841.0
218424,11,7,7400822.0,2021,12,18,7,3,6,2,2,0,1,1,0,0,0,1,"796815,2271","5822347,231","13,37060939","52,47042042",,,5852.0
218423,11,1,1401044.0,2021,12,10,3,3,5,3,0,0,1,0,0,0,0,0,"796719,5446","5831351,679","13,37723259","52,55118807",,,2958.0
218422,11,1,1100308.0,2021,12,14,1,3,0,1,0,1,0,0,0,0,0,0,"797292,631","5829038,251","13,38358985","52,53013849",,,4049.0
218420,11,2,2200210.0,2021,12,16,7,2,5,2,1,1,1,0,0,0,0,1,"798425,688","5824777,116","13,39642275","52,49132395",,,4150.0
218419,11,11,11200411.0,2021,12,16,6,2,5,3,2,0,1,0,1,0,0,0,"805456,8307","5831361,301","13,50570761","52,54644525",,,5063.0
218417,11,12,12500927.0,2021,12,10,5,3,5,3,0,0,1,0,0,0,0,2,"792458,4425","5835352,818","13,3180961","52,58936114",,,5453.0
218415,11,1,1100313.0,2021,12,19,5,3,2,6,2,0,1,0,0,0,0,1,"799557,7508","5826667,513","13,41474699","52,50764849",,,1049.0
218414,11,12,12200412.0,2021,12,9,2,3,0,1,0,0,0,0,0,0,1,0,"790916,1488","5833770,918","13,29400554","52,57600679",,,4153.0
218413,11,11,11200411.0,2021,12,10,7,3,5,2,0,0,1,0,0,0,1,0,"805436,5636","5831620,855","13,50564836","52,54878281",,,3560.0
218412,11,8,8100416.0,2021,11,16,3,3,2,7,2,1,1,0,0,0,0,1,"801474,6199","5823442,935","13,43998737","52,47769015",,,4340.0
218411,11,3,3701556.0,2021,12,11,3,3,0,2,0,1,0,0,1,0,0,0,"799546,3368","5829481,097","13,41711296","52,53287417",,,4960.0
218409,11,5,5200528.0,2021,12,17,3,3,2,6,1,0,1,0,0,0,0,0,"783677,9615","5825981,156","13,18082878","52,50998421",,,4040.0
218407,11,11,11400929.0,2021,12,1,6,3,9,1,2,0,1,0,0,0,0,1,"804929,8958","5826324,448","13,49334284","52,50159778",,,6658.0
218406,11,8,8100415.0,2021,12,18,2,3,6,2,2,0,0,1,0,0,1,1,"802017,4334","5823497,897","13,44800532","52,47788289",,,5054.0
218405,11,8,8300934.0,2021,12,15,6,3,0,6,1,0,1,0,0,0,1,0,"802876,097","5818250,332","13,45585054","52,43037328",,,4753.0
218402,11,11,11400931.0,2021,12,14,5,3,5,2,0,0,1,0,0,0,0,1,"806623,356","5827338,71","13,51914709","52,50973892",,,3942.0
218401,11,1,1100206.0,2021,12,7,6,3,0,7,0,1,0,0,0,0,0,2,"797475,4059","5827934,914","13,38528932","52,52014868",,,5652.0
218400,11,1,1400942.0,2021,12,20,2,2,6,2,2,0,1,1,0,0,0,1,"795519,6498","5830761,808","13,35906251","52,54655273",,,2647.0
218399,11,8,8100208.0,2021,12,10,4,3,5,2,0,1,1,0,0,0,0,1,"801012,8968","5822573,262","13,4324246","52,47014968",,,4160.0
218398,11,7,7100102.0,2021,12,16,2,2,5,3,1,1,1,0,0,0,0,1,"794992,0968","5825099,217","13,34628313","52,49607774",,,5160.0
218396,11,9,9501737.0,2021,12,15,5,3,2,6,1,0,1,0,0,0,1,1,"814228,3778","5822177,258","13,62597572","52,45916079",,,5338.0
218395,11,1,1300835.0,2021,12,17,6,3,5,2,2,1,1,0,0,0,0,0,"797531,7619","5829427,975","13,38745344","52,53350142",,,4447.0
218393,11,2,2500832.0,2021,12,18,4,3,5,2,2,1,1,0,0,0,0,0,"803474,2496","5827021,9","13,47259981","52,50866037",,,5553.0
218390,11,7,7100101.0,2021,12,19,1,3,6,2,2,0,1,1,0,0,0,1,"794598,5274","5825436,649","13,340801","52,49931519",,,4053.0
218389,11,1,1100102.0,2021,12,17,3,3,2,6,2,0,1,0,0,0,0,1,"795044,1667","5827225,04","13,34893186","52,51510609",,,4124.0
218388,11,12,12500824.0,2021,12,9,4,3,5,3,0,1,1,0,0,0,0,0,"790242,7518","5835864,182","13,28592983","52,59513228",,,3870.0
218386,11,9,9200715.0,2021,12,17,5,3,5,3,2,0,1,0,0,0,0,0,"808096,1844","5818410,511","13,53253629","52,42889421",,,4863.0
218385,11,1,1200517.0,2021,12,0,6,2,5,3,2,0,1,0,0,0,0,0,"792738,7955","5828288,792","13,31599219","52,52588453",,,4342.0
218383,11,1,1100312.0,2021,12,15,7,3,6,4,1,1,0,1,0,0,0,1,"799436,4565","5826764,446","13,41305236","52,50858393",,,4070.0
218381,11,4,4500936.0,2021,12,17,3,3,5,2,2,1,1,0,0,0,0,0,"791854,774","5825706,646","13,30073375","52,50321002",,,5261.0
218380,11,9,9200510.0,2021,12,10,5,3,2,2,0,0,1,0,0,0,1,1,"806584,3867","5822759,948","13,51436245","52,46872474",,,4622.0
218379,11,2,2500833.0,2021,12,8,5,3,5,2,0,0,1,0,0,0,1,0,"802073,083","5827362,833","13,45232676","52,51249379",,,4862.0
218378,11,6,6400841.0,2021,12,18,6,3,6,4,2,1,0,1,0,0,0,1,"789605,941","5818112,618","13,26110303","52,43632537",,,4954.0
218376,11,4,4400835.0,2021,12,9,7,3,5,7,0,0,1,0,0,0,0,1,"792982,1681","5822449,339","13,31443214","52,47340507",,,2958.0
218375,11,4,4100101.0,2021,11,6,3,3,2,6,2,0,1,0,0,0,0,1,"791122,5362","5829417,634","13,2932244","52,53686995",,,2651.0
218374,11,1,1200520.0,2021,12,16,1,3,5,3,2,1,0,0,0,0,0,1,"794587,2345","5828459,374","13,34331093","52,52641805",,,2851.0
218373,11,12,12100204.0,2021,12,16,4,3,1,5,2,0,0,0,1,0,1,0,"794142,7497","5832613,152","13,3404565","52,56389391",,,3152.0
218372,11,2,2400522.0,2021,12,17,2,3,2,6,2,0,1,0,0,0,0,1,"802114,4944","5827735,473","13,45327344","52,51581084",,,5752.0
218370,11,4,4501045.0,2021,12,16,3,3,6,2,1,0,1,1,0,0,0,1,"793661,2698","5825321,637","13,32693229","52,49878934",,,4865.0
218369,11,9,9502043.0,2021,12,17,6,3,4,2,2,0,1,0,0,0,0,0,"809215,4653","5823033,233","13,55322526","52,46969115",,,6967.0
218368,11,10,10200421.0,2021,12,16,5,3,2,6,1,0,1,0,0,0,0,2,"812267,3375","5830685,873","13,60518377","52,53653211",,,2855.0
218366,11,12,12601134.0,2021,12,14,5,3,6,2,0,0,1,1,0,0,0,1,"793956,8547","5836631,339","13,34128582","52,60001443",,,5356.0
218365,11,2,2300315.0,2021,12,8,2,3,2,6,0,0,1,0,0,0,0,0,"800433,224","5825788,677","13,42681458","52,49928979",,,4343.0
218364,11,10,10400835.0,2021,12,23,2,3,5,3,2,0,1,0,0,0,0,2,"811468,084","5828135,685","13,5910495","52,51413653",,,2651.0
218363,11,6,6300634.0,2021,12,21,4,2,6,2,2,0,1,1,0,0,0,1,"792932,2193","5817743,298","13,30957101","52,43124315",,,5453.0
218362,11,6,6200422.0,2021,12,16,3,3,5,2,2,1,1,0,0,0,0,0,"794097,2224","5817420,877","13,32637385","52,42772768",,,4353.0
218360,11,4,4300416.0,2021,12,17,4,3,6,7,2,0,1,1,0,0,0,1,"791506,279","5826293,056","13,29612754","52,50865342",,,5058.0
218358,11,11,11300725.0,2021,12,14,7,3,0,5,1,0,1,0,0,0,0,1,"804882,2994","5827751,149","13,49395047","52,51441121",,,4249.0
218355,11,4,4501152.0,2021,12,15,3,3,0,1,0,1,0,0,0,0,0,2,"794116,7352","5824690,006","13,33306479","52,49288181",,,3944.0
218354,11,7,7400721.0,2021,12,18,4,2,0,1,2,1,0,0,0,0,0,1,"798529,913","5823952,924","13,39721504","52,48387914",,,4447.0
218353,11,4,4501152.0,2021,12,19,4,3,2,6,2,0,1,0,0,0,0,0,"793995,1716","5824713,824","13,33130044","52,49316082",,,2857.0
218352,11,7,7200409.0,2021,12,22,6,2,0,7,2,0,0,0,0,0,1,1,"795495,762","5824441,301","13,35309714","52,48990757",,,4160.0
218350,11,2,2100104.0,2021,12,14,5,2,6,4,0,0,1,1,0,0,0,0,"799112,9451","5826263,65","13,40784989","52,50427249",,,4447.0
218349,11,12,12500930.0,2021,12,14,5,3,5,3,0,1,1,0,0,0,0,1,"793608,1481","5835165,981","13,33485298","52,58706692",,,2848.0
218347,11,4,4400728.0,2021,11,19,2,3,6,2,2,0,1,1,0,0,0,1,"790702,3563","5822699,933","13,28118044","52,4768698",,,4957.0
218345,11,8,8100521.0,2021,12,16,3,3,2,6,2,0,1,0,0,0,0,0,"803786,0217","5822151,349","13,47274032","52,46483316",,,4860.0
218343,11,7,7100102.0,2021,12,8,6,3,4,1,1,1,1,0,0,0,0,2,"795544,5567","5825255,851","13,35453629","52,49718296",,,7850.0
218340,11,4,4300412.0,2021,12,17,2,2,6,4,2,0,1,1,0,0,0,0,"790921,5976","5827403,163","13,28850749","52,51891763",,,1025.0
218339,11,9,9401534.0,2021,12,15,3,3,5,3,1,1,1,0,0,0,0,2,"810899,7019","5820441,016","13,57552638","52,44550501",,,2857.0
218338,11,4,4501041.0,2021,12,17,3,3,3,6,2,1,1,0,0,0,0,0,"793153,145","5825392,632","13,31953099","52,49969897",,,5446.0
218336,11,1,1100207.0,2021,12,6,6,3,5,3,2,0,1,0,0,0,0,0,"798020,9509","5826589,921","13,39210135","52,50779465",,,3060.0
218335,11,8,8200623.0,2021,12,22,5,3,5,3,2,0,1,0,0,0,0,1,"801768,1636","5821091,469","13,44216991","52,45645139",,,6967.0
218333,11,6,6300629.0,2021,11,19,2,3,0,1,2,1,0,0,0,0,0,1,"791449,5825","5819050,085","13,28896465","52,44375054",,,4154.0
218331,11,8,8100417.0,2021,12,12,4,3,5,3,0,0,1,0,0,0,0,0,"802350,324","5822951,708","13,45239681","52,47280317",,,3638.0
218330,11,12,12400721.0,2021,12,11,6,3,5,3,0,0,1,0,0,0,0,1,"790135,2554","5842630,215","13,29028564","52,65584592",,,6951.0
218329,11,5,5200527.0,2021,12,15,2,3,6,6,0,0,1,1,0,0,0,1,"782546,3835","5827197,855","13,1652329","52,52148094",,,4330.0
218327,11,8,8100521.0,2021,12,9,6,3,2,2,0,0,1,0,0,0,0,0,"803804,5383","5821741,493","13,47263898","52,46114939",,,3243.0
218326,11,1,1401048.0,2021,11,13,3,3,6,7,0,0,0,1,0,0,1,1,"795313,9172","5831021,201","13,35626805","52,54898951",,,4856.0
218325,11,11,11200411.0,2021,12,21,1,2,8,1,2,0,1,0,0,0,0,1,"805845,6542","5831868,985","13,51189127","52,5507771",,,4253.0
218324,11,2,2200212.0,2021,12,17,2,3,6,7,2,0,1,1,0,0,0,1,"800272,3469","5824378,904","13,42318123","52,48674198",,,4343.0
218322,11,9,9200512.0,2021,12,12,4,3,1,5,0,0,1,0,0,1,0,0,"809143,29","5821526,217","13,55077033","52,45622631",,,4767.0
218321,11,2,2500835.0,2021,12,17,6,3,2,1,2,0,1,0,0,0,0,0,"802486,2213","5826433,888","13,45755197","52,50393875",,,1125.0
218319,11,7,7400927.0,2021,12,8,5,3,0,2,0,1,0,0,0,0,1,2,"800048,0156","5820844,754","13,41670876","52,45518697",,,4654.0
218317,11,3,3200308.0,2021,12,18,5,3,5,2,2,0,1,0,0,0,1,1,"800172,6634","5836589,225","13,43274978","52,59624131",,,5463.0
218316,11,8,8200832.0,2021,12,12,2,3,5,2,0,0,1,0,0,0,0,1,"800310,9326","5816738,053","13,41687705","52,41823199",,,4654.0
218315,11,4,4100102.0,2021,12,14,7,2,9,1,0,0,1,0,0,0,0,0,"791172,6157","5829090,83","13,29367435","52,53391344",,,4767.0
218314,11,9,9100304.0,2021,12,14,5,3,5,3,0,0,1,0,0,0,0,0,"804400,4061","5821740,578","13,48138146","52,46080962",,,4023.0
218313,11,7,7300619.0,2021,12,17,3,3,1,5,2,0,1,0,0,0,0,0,"794759,1259","5821915,387","13,34004641","52,46766249",,,4163.0
218311,11,12,12200309.0,2021,12,20,5,3,2,6,2,0,1,0,0,0,0,0,"792796,4389","5832752,821","13,32077477","52,56587168",,,4150.0
218309,11,1,1300733.0,2021,12,16,6,3,6,4,2,0,1,1,0,0,0,1,"797688,6232","5831471,99","13,39159082","52,55173775",,,6351.0
218306,11,3,3300516.0,2021,12,17,2,2,6,4,2,0,1,1,0,0,0,0,"800679,3497","5833789,866","13,437668","52,57087055",,,3252.0
218305,11,12,12500930.0,2021,12,18,3,3,5,3,2,0,1,0,0,0,0,2,"793667,3618","5834564,786","13,33519173","52,58164566",,,3452.0
218304,11,10,10200417.0,2021,12,16,3,3,6,4,1,0,1,1,0,0,0,0,"811338,8441","5831956,261","13,59272914","52,54844754",,,3052.0
218302,11,12,12200411.0,2021,12,13,5,3,3,6,0,0,1,0,0,0,1,0,"793086,4339","5832223,601","13,32457347","52,56097145",,,3942.0
218301,11,2,2400521.0,2021,12,1,1,2,5,2,2,0,1,0,0,0,0,1,"800868,0556","5828324,365","13,43549303","52,52177821",,,4957.0
218299,11,3,3200205.0,2021,11,17,3,2,5,3,1,1,1,0,0,0,0,1,"797369,327","5835183,095","13,39022253","52,58517742",,,4448.0
218297,11,8,8100311.0,2021,12,21,3,3,1,5,2,1,1,0,0,0,0,0,"800717,2691","5824364,225","13,42970068","52,48636552",,,4624.0
218296,11,9,9100304.0,2021,12,15,1,3,0,7,1,0,1,0,0,0,0,1,"804394,2904","5822392,538","13,48188632","52,46665636",,,3152.0
218295,11,8,8200730.0,2021,12,19,5,2,8,1,2,0,1,0,0,0,0,2,"801433,3664","5818795,923","13,43518647","52,43606043",,,5350.0
218294,11,7,7400927.0,2021,12,12,3,3,0,3,0,0,1,0,1,0,0,1,"798711,2794","5821875,661","13,39801757","52,46515994",,,3352.0
218291,11,1,1200623.0,2021,12,18,6,3,2,6,2,0,1,0,0,0,0,1,"795360,7416","5828617,89","13,35482036","52,52742051",,,5351.0
218290,11,6,6200311.0,2021,12,1,1,3,8,1,2,0,1,0,0,0,0,2,"795798,7701","5819017,517","13,35273929","52,44112325",,,4251.0
218289,11,3,3200206.0,2021,12,10,4,2,0,7,0,1,0,0,0,0,0,1,"797884,4959","5834606,428","13,3972856","52,57972658",,,2529.0
218288,11,1,1200625.0,2021,12,14,1,2,5,3,0,0,1,0,1,0,0,1,"794701,0801","5828868,761","13,34534706","52,53002639",,,5069.0
218286,11,10,10200629.0,2021,12,9,4,3,5,2,0,1,1,0,0,0,0,1,"811160,8121","5829063,29","13,58740363","52,52262449",,,2529.0
218285,11,7,7400822.0,2021,12,9,7,3,1,3,0,0,1,0,0,0,0,1,"796812,2671","5821779,412","13,37006083","52,46533206",,,4762.0
218283,11,4,4500938.0,2021,12,8,5,3,2,6,0,0,1,0,0,0,0,2,"791617,1147","5824496,835","13,29618309","52,49249125",,,5453.0
218280,11,5,5100313.0,2021,12,17,2,3,3,6,2,0,1,0,0,0,1,0,"785396,3234","5830313,671","13,20979917","52,54793274",,,5059.0
218279,11,11,11200512.0,2021,12,14,3,3,5,2,0,0,1,0,0,0,0,1,"802893,317","5831205,18","13,46787706","52,54647723",,,3942.0
218278,11,7,7400928.0,2021,12,15,5,3,5,7,1,0,1,0,0,0,1,0,"799764,7425","5821857,796","13,41346209","52,46442287",,,6863.0
218277,11,11,11400930.0,2021,12,6,3,3,5,3,2,1,1,0,0,0,0,1,"806249,8575","5826813,385","13,51317761","52,50524061",,,4553.0
218274,11,5,5100315.0,2021,12,14,7,3,5,2,0,0,1,0,0,0,0,1,"784662,9878","5829704,407","13,19849137","52,54285381",,,3152.0
218273,11,9,9200715.0,2021,11,15,3,3,2,6,0,0,1,0,0,0,0,1,"808386,6574","5819134,206","13,53746245","52,43521638",,,4960.0
218272,11,6,6200420.0,2021,12,17,2,2,6,4,2,0,1,1,0,0,0,0,"792359,2987","5815602,873","13,29929766","52,41236077",,,5752.0
218271,11,4,4501043.0,2021,12,15,2,3,6,2,1,0,1,1,0,0,0,1,"792859,4159","5824330,387","13,31428247","52,49033399",,,4448.0
218269,11,9,9200819.0,2021,12,15,4,3,6,4,1,0,1,1,0,0,0,1,"810403,0834","5819864,254","13,56770712","52,44061838",,,3352.0
218267,11,1,1200521.0,2021,12,13,4,3,1,5,0,1,1,0,0,0,0,1,"793690,0267","5828195,855","13,32989113","52,52453981",,,1652.0
218265,11,9,9100203.0,2021,12,16,5,3,2,2,1,0,1,0,0,0,0,1,"804109,3365","5823598,227","13,47880373","52,47762135",,,5952.0
218264,11,7,7100205.0,2021,12,12,2,3,0,2,0,0,1,0,0,0,1,0,"795995,9488","5824977,104","13,36091848","52,49443961",,,3945.0
218263,11,9,9200715.0,2021,12,15,7,3,2,1,0,0,1,0,0,0,0,0,"809077,3254","5818202,557","13,54672885","52,42647716",,,4337.0
218262,11,8,8401246.0,2021,12,7,4,3,6,2,1,0,1,1,0,0,0,1,"806083,2889","5817077,862","13,50180403","52,4180801",,,5356.0
218261,11,6,6300632.0,2021,12,11,3,3,6,4,0,0,1,1,0,0,0,0,"792513,9198","5817273,386","13,30302488","52,42725425",,,3252.0
218259,11,1,1100206.0,2021,12,17,4,3,5,7,1,1,1,0,0,0,0,1,"797910,1441","5827336,705","13,39114199","52,51454916",,,5349.0
218258,11,11,11100309.0,2021,12,17,5,3,6,2,2,0,1,1,0,0,0,0,"805527,1404","5833410,203","13,50862698","52,56476865",,,1626.0
218257,11,6,6100208.0,2021,12,19,6,2,1,1,2,0,1,0,0,0,0,0,"794750,0883","5820232,91","13,33842816","52,45258487",,,2847.0
218255,11,1,1100309.0,2021,12,21,6,2,5,2,2,0,1,0,0,0,0,1,"799062,5815","5829002,155","13,40957161","52,52884681",,,3384.0
218252,11,6,6400843.0,2021,12,17,3,3,5,3,2,1,1,0,0,0,0,0,"792010,4","5820633,783","13,29857707","52,45764913",,,4340.0
218251,11,4,4400727.0,2021,12,11,3,3,2,6,0,0,1,0,0,0,0,0,"791261,7305","5823311,96","13,28992792","52,4820586",,,4150.0
218250,11,11,11501341.0,2021,12,9,4,2,6,4,0,0,1,1,0,0,0,0,"806864,9288","5823715,972","13,51935885","52,47713538",,,5381.0
218248,11,4,4400834.0,2021,12,19,5,3,5,3,2,1,1,0,0,0,0,1,"792969,0907","5822305,232","13,31411359","52,4721202",,,6658.0
218247,11,7,7100102.0,2021,12,20,7,3,6,7,2,0,0,1,0,0,1,0,"795402,8131","5825327,547","13,35251798","52,49790241",,,4341.0
218245,11,8,8100521.0,2021,11,16,2,3,6,2,1,0,1,1,0,0,0,1,"804066,0938","5821912,752","13,47663288","52,46253889",,,6551.0
218244,11,4,4300622.0,2021,12,10,1,3,3,2,0,0,1,0,0,1,0,1,"793792,0451","5826929,47","13,33027211","52,51313237",,,4067.0
218243,11,6,6300629.0,2021,12,9,4,3,6,4,0,0,0,1,1,0,0,0,"791864,063","5819147,303","13,29513047","52,44440102",,,4160.0
218242,11,7,7300619.0,2021,12,20,1,3,5,3,2,0,1,0,0,0,0,1,"795078,8456","5821629,959","13,34448689","52,46493122",,,4335.0
218240,11,9,9401329.0,2021,12,12,5,3,0,7,0,0,1,0,0,0,0,0,"812319,2143","5818649,62","13,59467099","52,42864275",,,5752.0
218239,11,2,2200208.0,2021,12,14,3,3,5,2,0,1,1,0,0,0,0,1,"797916,269","5825263,65","13,38937697","52,49596341",,,4737.0
218236,11,1,1100312.0,2021,12,13,5,3,2,6,0,0,1,0,0,0,0,1,"799590,4317","5826896,97","13,41543359","52,50968728",,,4229.0
218235,11,3,3601450.0,2021,12,21,6,3,2,6,2,0,1,0,0,0,0,1,"801729,6655","5830075,952","13,44974324","52,53700167",,,7069.0
218234,11,12,12500824.0,2021,12,21,2,3,5,3,2,0,1,0,1,0,0,2,"791412,7466","5835458,714","13,30279717","52,5908717",,,3134.0
218233,11,11,11300826.0,2021,11,16,3,3,5,3,2,1,0,0,0,0,0,1,"803820,6939","5827214,009","13,47786412","52,51018936",,,4538.0
218232,11,7,7601442.0,2021,12,10,2,2,6,2,0,0,1,1,0,0,0,0,"799553,6924","5815098,006","13,4043081","52,403946",,,3843.0
218230,11,9,9502043.0,2021,12,14,4,3,6,4,0,0,1,1,0,0,0,0,"811096,6133","5821986,397","13,57985373","52,45924201",,,4059.0
218228,11,10,10100207.0,2021,12,10,5,3,2,1,0,0,1,0,0,0,0,2,"810111,0976","5833266,005","13,57590431","52,56088498",,,1225.0
218225,11,6,6300633.0,2021,12,14,2,3,0,7,0,0,0,0,1,0,0,1,"793236,6268","5819395,588","13,31548524","52,44589248",,,4157.0
218224,11,9,9502043.0,2021,12,18,4,3,6,4,2,0,0,1,0,0,1,0,"811096,445","5821985,716","13,57985063","52,459236",,,3164.0
218223,11,12,12500825.0,2021,12,10,5,3,5,3,0,0,0,0,0,0,1,0,"791932,115","5834135,087","13,30927614","52,57872739",,,2856.0
218222,11,3,3400721.0,2021,12,6,4,2,2,7,2,1,0,0,0,0,0,0,"798024,781","5833256,667","13,39813671","52,56755109",,,5054.0
218220,11,10,10400940.0,2021,12,17,5,3,5,3,2,0,1,0,0,0,1,0,"812391,3032","5824673,128","13,60136279","52,48258001",,,5553.0
218219,11,11,11400931.0,2021,12,14,5,3,5,2,0,1,1,0,0,0,0,0,"806684,6153","5826909,665","13,51965164","52,5058593",,,3841.0
218217,11,6,6300632.0,2021,12,14,6,2,5,3,0,0,1,0,0,0,0,1,"791932,2083","5817211,898","13,29444007","52,42701371",,,4754.0
218215,11,8,8200727.0,2021,12,16,3,3,5,7,2,0,1,0,0,0,0,1,"801318,0602","5819541,273","13,43416736","52,4428048",,,5153.0
218214,11,12,12200307.0,2021,12,8,5,3,3,6,0,0,1,0,0,0,0,0,"793522,2938","5834079,084","13,33262676","52,57736993",,,3841.0
218213,11,7,7501133.0,2021,12,11,5,3,5,2,0,0,1,0,0,0,0,0,"798714,3346","5817581,963","13,39422345","52,42667041",,,3342.0
218212,11,5,5100315.0,2021,12,7,4,3,5,3,1,1,1,0,0,0,0,1,"784280,9394","5830374,225","13,1934463","52,54905891",,,5362.0
218211,11,1,1100416.0,2021,12,14,3,3,1,5,0,1,1,0,0,0,0,0,"798711,2702","5829565,357","13,40491439","52,53408772",,,2932.0
218209,11,1,1300834.0,2021,12,4,5,3,2,6,2,0,1,0,1,0,0,1,"797837,6851","5830443,89","13,39286081","52,54244071",,,5840.0
218208,11,6,6100103.0,2021,12,18,5,3,1,5,2,1,1,0,0,0,0,1,"793662,9399","5821550,528","13,32363504","52,46498199",,,4652.0
218207,11,4,4501042.0,2021,12,19,6,3,2,6,2,0,1,0,0,0,0,0,"794021,718","5825929,344","13,33276338","52,50404303",,,4150.0
218205,11,2,2200211.0,2021,12,15,7,3,6,7,1,0,1,1,0,0,0,1,"798285,3837","5824755,489","13,39434303","52,49120677",,,3144.0
218202,11,1,1100308.0,2021,12,17,2,3,6,2,2,1,0,1,0,0,0,0,"797083,1658","5828186,105","13,37974976","52,52261416",,,6052.0
218201,11,6,6300527.0,2021,12,8,5,1,6,7,1,0,0,1,0,1,0,1,"790479,4656","5818093,53","13,27390024","52,43569101",,,1353.0
218200,11,1,1400938.0,2021,12,9,4,3,5,7,1,0,1,0,0,0,0,0,"794390,6226","5830781,906","13,3424787","52,54734416",,,5652.0
218198,11,4,4501147.0,2021,12,12,5,3,5,7,0,1,1,0,0,0,0,0,"793116,3522","5824086,459","13,31784132","52,48800935",,,4956.0
218196,11,11,11300722.0,2021,11,7,2,3,5,2,1,1,0,0,0,0,1,1,"803907,5438","5827891,56","13,47975866","52,51621366",,,5752.0
218195,11,4,4501150.0,2021,12,19,7,3,6,2,2,0,1,1,0,0,0,0,"793444,8067","5823951,257","13,32254572","52,48662087",,,5253.0
218194,11,3,3300413.0,2021,12,0,3,3,1,5,2,0,1,0,0,0,1,0,"803525,7105","5838712,082","13,48404804","52,61340642",,,4431.0
218193,11,7,7100102.0,2021,12,22,1,3,2,6,2,0,1,0,0,0,0,1,"794982,8542","5825191,796","13,34622937","52,49691264",,,2851.0
218191,11,2,2200209.0,2021,12,16,4,3,5,2,1,0,1,0,1,0,0,0,"797274,1707","5824519,636","13,37928278","52,48964423",,,2529.0
218187,11,2,2200211.0,2021,12,8,6,3,5,7,0,1,1,0,0,0,0,0,"797934,485","5824575,815","13,38902943","52,48978784",,,5446.0
218186,11,2,2400623.0,2021,12,13,7,3,2,1,0,0,1,0,0,0,0,0,"801225,8244","5827645,001","13,44013503","52,51549145",,,4837.0