OBJECTID,LAND,BEZ,LOR_ab_2021,UJAHR,UMONAT,USTUNDE,UWOCHENTAG,UKATEGORIE,UART,UTYP1,ULICHTVERH,IstRad,IstPKW,IstFuss,IstKrad,IstGkfz,IstSonstige,USTRZUSTAND,LINREFX,LINREFY,XGCSWGS84,YGCSWGS84,LOR,STRASSE,quadrant
218185,11,10,10300731.0,2021,12,22,4,3,0,1,2,0,0,0,0,0,1,1,"809103,0305","5829470,168","13,55754883","52,52744117",,,5058.0
218184,11,1,1300732.0,2021,12,8,2,2,2,6,0,0,1,0,0,0,0,0,"797278,2663","5832202,171","13,3862103","52,55850703",,,3252.0
218182,11,6,6200314.0,2021,12,15,5,2,1,5,0,0,1,0,0,0,1,0,"795022,7724","5818097,29","13,34054375","52,43329309",,,4855.0
218180,11,1,1200627.0,2021,12,16,7,2,6,4,2,0,1,1,0,0,0,0,"795566,0637","5828466,357","13,35770343","52,52595087",,,3442.0
218177,11,1,1200629.0,2021,12,18,3,3,2,6,2,0,1,0,0,0,0,0,"794408,13","5827612,901","13,3399292","52,51892671",,,4251.0
218176,11,4,4501045.0,2021,12,0,3,3,1,5,2,0,1,0,0,0,0,2,"794051,0802","5825395,995","13,33272375","52,49924601",,,4065.0
218175,11,1,1400940.0,2021,12,14,4,3,6,4,0,0,1,1,0,0,0,0,"794875,4463","5832003,426","13,35069274","52,55803189",,,4150.0
218173,11,7,7300619.0,2021,12,18,5,3,2,6,2,0,1,0,1,0,0,0,"794601,9045","5821840,682","13,33767273","52,4670776",,,3152.0
218172,11,10,10200420.0,2021,12,10,6,3,5,3,0,0,1,0,0,0,0,0,"811956,1299","5830875,804","13,6007886","52,53841232",,,6151.0
218170,11,11,11300721.0,2021,11,18,3,3,5,2,2,0,1,0,0,0,1,1,"804595,1612","5829938,906","13,49173592","52,53417948",,,4766.0
218168,11,10,10400938.0,2021,12,13,4,3,5,3,0,0,1,0,0,1,0,0,"814657,3572","5829647,759","13,6393231","52,52585541",,,4669.0
218167,11,3,3500934.0,2021,12,17,5,3,5,3,2,1,1,0,0,0,0,1,"800422,9449","5832306,713","13,43255313","52,55771837",,,4058.0
218166,11,7,7400823.0,2021,12,17,6,3,1,5,2,1,1,0,0,0,0,1,"797295,533","5821444,838","13,37685555","52,4620702",,,4339.0
218165,11,10,10200422.0,2021,12,14,6,3,6,7,0,1,0,1,0,0,0,0,"812106,9202","5831334,237","13,60343529","52,54243405",,,3970.0
218163,11,10,10400835.0,2021,12,16,6,3,5,3,2,1,1,0,0,0,0,0,"811906,8985","5829738,912","13,59899829","52,52825262",,,4330.0
218162,11,11,11100204.0,2021,12,5,4,3,5,2,2,1,1,0,0,0,0,1,"806899,0194","5832615,901","13,52806849","52,55687855",,,4163.0
218161,11,4,4200308.0,2021,12,15,1,2,5,3,1,0,1,0,0,0,0,1,"790571,6881","5827337,151","13,28330744","52,5185124",,,4760.0
218160,11,5,5100210.0,2021,12,15,2,3,2,6,0,0,1,0,0,0,0,1,"784196,6759","5830055,518","13,19193419","52,54624533",,,4675.0
218158,11,1,1300834.0,2021,12,11,3,3,5,3,0,1,1,0,0,0,0,0,"798243,8498","5830472,38","13,39885781","52,54247391",,,3970.0
218157,11,1,1401049.0,2021,12,9,7,2,6,2,0,0,0,1,0,0,1,1,"795874,1884","5831960,462","13,3653438","52,55710505",,,4624.0
218155,11,12,12601235.0,2021,12,7,6,3,6,2,1,0,1,1,0,0,0,2,"795289,5645","5836366,954","13,36067023","52,59692238",,,4053.0
218153,11,9,9501737.0,2021,12,10,6,3,5,3,0,0,1,0,0,0,0,1,"814060,6548","5820760,098","13,62218267","52,44655803",,,4334.0
218152,11,1,1100310.0,2021,12,8,2,2,0,1,0,0,0,0,0,0,1,1,"799586,4109","5828475,093","13,41679552","52,52383491",,,5153.0
218151,11,6,6100206.0,2021,12,16,1,3,0,3,2,0,1,0,0,0,1,0,"794999,0864","5819665,638","13,34158073","52,44736527",,,3970.0
218150,11,12,12400616.0,2021,10,8,7,2,9,1,0,0,0,0,1,0,0,1,"786287,0386","5834279,744","13,22632176","52,58302376",,,5362.0
218149,11,8,8100417.0,2021,10,14,7,3,5,2,0,1,1,0,0,0,0,0,"802487,4466","5823156,135","13,45459483","52,47455955",,,5732.0
218148,11,8,8100415.0,2021,11,9,3,3,5,3,0,1,1,0,0,0,0,1,"801632,0486","5823755,141","13,44258075","52,48040159",,,4855.0
218147,11,3,3601142.0,2021,11,18,5,3,5,2,1,1,0,0,1,0,0,1,"799177,295","5831110,598","13,41315591","52,54768283",,,2857.0
218146,11,11,11100102.0,2021,10,16,6,3,5,3,0,1,1,0,0,0,0,0,"808694,1962","5834224,533","13,55596081","52,57028005",,,4228.0
218145,11,4,4100102.0,2021,10,22,6,3,5,3,2,0,1,0,0,0,1,0,"791492,139","5829242,67","13,29850485","52,53510386",,,4140.0
218144,11,2,2500831.0,2021,10,11,3,3,5,3,0,0,1,0,1,0,0,0,"802947,9548","5827093,539","13,4649341","52,50959497",,,5652.0
218143,11,8,8100311.0,2021,10,21,3,3,6,7,2,0,1,1,0,0,0,0,"800506,0171","5824470,69","13,42669492","52,48743613",,,4161.0
218142,11,6,6200419.0,2021,10,20,2,3,1,5,2,0,1,0,0,0,0,0,"793231,7019","5815867,093","13,31231889","52,41426285",,,6128.0
218141,11,11,11501339.0,2021,11,12,3,2,5,2,0,1,1,0,0,0,0,1,"807284,579","5825417,152","13,52708647","52,49214567",,,4539.0
218140,11,4,4400835.0,2021,10,8,4,3,6,2,0,0,1,1,0,0,0,1,"792988,806","5821755,623","13,31392035","52,46718252",,,6235.0
218139,11,3,3601450.0,2021,11,12,6,3,0,2,0,1,1,0,0,0,0,1,"802413,1566","5829258,311","13,45904596","52,52929441",,,4652.0
218138,11,9,9301126.0,2021,11,11,1,3,0,7,0,0,0,0,1,0,0,1,"810844,0638","5818473,954","13,57288133","52,42790855",,,3942.0
218137,11,9,9502042.0,2021,11,10,4,3,1,5,0,1,1,0,0,0,0,0,"811925,0318","5822330,972","13,59232889","52,46185771",,,3841.0
218136,11,1,1300733.0,2021,11,16,7,3,5,3,2,1,1,0,0,0,0,1,"797234,849","5831333,631","13,38479407","52,55074534",,,4669.0
218135,11,5,5200423.0,2021,10,3,5,3,9,1,2,0,0,0,0,0,1,0,"781284,2751","5828382,481","13,1476825","52,53275557",,,4229.0
218134,11,2,2200209.0,2021,10,11,2,2,5,5,0,0,1,0,1,0,0,0,"797495,3695","5824014,832","13,38208041","52,48499872",,,5446.0
218133,11,1,1100313.0,2021,10,7,1,3,5,3,0,0,1,0,1,0,0,0,"799898,1093","5826521,573","13,41961536","52,50615338",,,2429.0
218132,11,10,10200417.0,2021,11,16,4,2,5,3,2,0,1,0,1,0,0,0,"811335,4715","5831855,863","13,59258545","52,54754977",,,5453.0
218131,11,7,7300517.0,2021,11,17,6,3,3,6,2,1,1,0,0,0,0,0,"794274,414","5822068,161","13,33306642","52,46929333",,,4229.0
218130,11,7,7400823.0,2021,10,8,2,3,5,3,0,0,1,0,1,0,0,1,"797264,17","5820954,49","13,37595863","52,45769177",,,2651.0
218129,11,12,12500926.0,2021,10,7,4,3,2,6,0,0,0,0,1,1,0,1,"793473,7862","5836106,614","13,3337088","52,59557157",,,4865.0
218128,11,6,6100103.0,2021,11,13,4,3,1,5,0,0,0,0,1,0,1,1,"793328,7358","5821376,786","13,31857699","52,46360396",,,2551.0
218127,11,1,1300733.0,2021,11,8,4,3,2,6,0,1,1,0,0,0,0,1,"797274,1279","5831288,117","13,38533092","52,55031593",,,2851.0
218126,11,4,4300624.0,2021,10,19,4,3,1,5,2,1,1,0,0,0,0,0,"792875,3565","5826105,418","13,31607743","52,50623803",,,4451.0
218125,11,5,5100208.0,2021,10,13,5,3,0,4,0,1,0,1,0,0,0,1,"782033,0035","5830190,332","13,16022606","52,54857861",,,4856.0
218124,11,4,4200308.0,2021,10,10,6,3,0,7,0,0,1,0,1,0,0,0,"790322,9122","5827586,644","13,27986912","52,52088162",,,2975.0
218123,11,11,11401034.0,2021,11,9,2,3,5,2,0,1,1,0,0,0,0,0,"806912,64","5827332,943","13,52339093","52,50952456",,,2855.0
218122,11,5,5100210.0,2021,11,18,5,3,5,3,2,0,1,0,0,0,1,1,"784171,9311","5830042,375","13,19155902","52,5461404",,,4229.0
218121,11,3,3601141.0,2021,11,7,3,3,2,6,0,0,1,0,0,0,0,0,"799193,9613","5831774,907","13,41399953","52,55362816",,,4023.0
218120,11,11,11200411.0,2021,10,16,7,3,5,3,0,1,0,0,1,0,0,0,"805464,3224","5831368,482","13,50582435","52,54650541",,,4251.0
218119,11,2,2400623.0,2021,10,13,5,3,5,3,0,0,1,0,1,0,0,0,"800313,1047","5827614,702","13,4266977","52,5157232",,,6137.0
218118,11,6,6200313.0,2021,10,17,3,2,5,2,0,0,1,0,0,0,0,1,"795152,4188","5818236,299","13,34256796","52,43446929",,,1851.0
218117,11,10,10400940.0,2021,11,17,2,3,6,2,2,0,0,1,0,0,1,1,"812343,1341","5823841,498","13,59987684","52,47515514",,,4654.0
218116,11,1,1100205.0,2021,11,10,5,3,5,3,0,1,1,0,0,0,0,0,"796943,2605","5826780,722","13,37643947","52,51009263",,,5352.0
218115,11,3,3601450.0,2021,11,21,1,3,2,6,2,0,1,0,0,0,0,1,"802303,7696","5829185,312","13,45737199","52,5287008",,,7450.0
218114,11,1,1300733.0,2021,10,10,3,3,2,6,0,0,1,0,0,0,0,1,"797337,9384","5831214,758","13,38620355","52,54962354",,,5352.0
218113,11,3,3100101.0,2021,11,18,7,3,1,5,2,0,1,0,0,0,0,1,"804090,6239","5842139,366","13,49551879","52,64380711",,,6151.0
218112,11,10,10100314.0,2021,10,15,5,3,5,7,0,0,1,0,0,0,0,0,"809017,722","5830241,23","13,55701205","52,53439955",,,4754.0
218111,11,11,11300620.0,2021,10,13,6,3,2,6,0,0,1,0,0,0,0,1,"803553,1429","5829753,701","13,47625163","52,53310086",,,3941.0
218110,11,1,1300834.0,2021,10,16,6,3,0,7,0,0,1,0,1,0,0,1,"797933,3927","5830830,264","13,39461445","52,54585171",,,4150.0
218109,11,1,1100309.0,2021,10,16,6,3,6,7,0,0,0,1,0,0,1,0,"798405,7529","5829042,158","13,39995388","52,52956532",,,4428.0
218108,11,1,1401049.0,2021,11,14,2,3,5,2,0,0,1,0,0,0,1,0,"795878,3428","5831961,321","13,36540567","52,55711049",,,3537.0
218107,11,9,9100203.0,2021,11,8,6,3,5,2,0,0,1,0,0,0,0,1,"804630,2502","5823363,388","13,48623552","52,47522627",,,4863.0
218106,11,3,3400725.0,2021,11,8,4,3,6,4,0,0,0,1,0,0,1,1,"798835,6389","5834949,976","13,41159065","52,58228444",,,6151.0
218105,11,5,5200524.0,2021,10,15,6,3,2,6,0,0,1,0,0,0,0,0,"780031,9834","5827701,443","13,12869533","52,52729371",,,4067.0
218104,11,7,7601341.0,2021,10,11,3,3,5,2,0,0,1,0,0,0,1,0,"797248,4973","5815552,985","13,37092637","52,4092807",,,5453.0
218103,11,5,5100314.0,2021,10,6,4,3,5,3,1,1,1,0,0,0,0,0,"785134,9827","5829611,958","13,2053531","52,54177811",,,4341.0
218102,11,12,12200309.0,2021,11,9,2,3,6,4,0,0,1,1,0,0,0,1,"793310,1237","5832736,002","13,32831681","52,56544439",,,5356.0
218101,11,4,4501040.0,2021,10,11,3,3,0,6,0,1,0,0,0,0,1,1,"792389,9785","5825404,356","13,30833082","52,50021352",,,4716.0
218100,11,3,3601449.0,2021,10,12,4,3,2,6,0,1,0,0,0,0,0,0,"801303,2317","5830332,944","13,44370802","52,53954104",,,4339.0
218099,11,8,8100209.0,2021,11,16,7,3,5,3,2,1,1,0,0,0,0,0,"801186,2094","5821807,342","13,43427703","52,46318898",,,2751.0
218098,11,8,8100209.0,2021,11,16,2,3,5,3,2,1,1,0,0,0,0,1,"801422,9244","5822254,935","13,43815504","52,46707035",,,3252.0
218097,11,8,8100419.0,2021,11,6,3,2,5,3,1,0,1,0,0,0,0,1,"802290,7134","5823886,273","13,45236899","52,48121275",,,6967.0
218096,11,11,11200512.0,2021,11,15,2,3,2,6,0,0,1,0,0,0,0,0,"803195,2199","5830293,935","13,47148395","52,53814206",,,4344.0
218095,11,10,10100313.0,2021,10,10,7,3,5,3,0,0,1,0,0,0,0,0,"807811,5772","5830770,691","13,53977651","52,53982701",,,3238.0
218094,11,9,9200819.0,2021,10,10,7,2,6,4,0,0,1,1,0,0,0,0,"810270,818","5820361,649","13,56622931","52,44515095",,,4344.0
218093,11,4,4400835.0,2021,11,14,3,3,2,2,0,0,1,0,0,0,0,0,"793340,1376","5822278,867","13,3195374","52,47168472",,,2229.0
218092,11,12,12200414.0,2021,11,18,5,3,5,2,1,1,1,0,0,0,0,1,"791910,1561","5831512,121","13,3066448","52,55522514",,,2848.0
218091,11,8,8100417.0,2021,10,0,1,3,2,6,2,0,1,0,0,0,0,0,"802363,1547","5822767,133","13,45241784","52,47114171",,,2751.0
218090,11,7,7300619.0,2021,10,12,4,3,2,6,0,0,1,0,0,0,0,1,"795319,726","5821655,708","13,3480451","52,4650319",,,4064.0
218089,11,4,4500939.0,2021,10,4,3,3,0,2,2,0,0,0,1,1,0,0,"792438,0992","5824112,558","13,30790372","52,48860706",,,5453.0
218088,11,7,7100103.0,2021,10,16,2,2,7,7,0,1,0,0,0,0,0,0,"795839,4808","5825400,693","13,35899668","52,49832157",,,5355.0
218087,11,12,12200515.0,2021,11,18,4,3,0,2,2,1,1,0,0,0,0,0,"790182,0169","5834504,656","13,28384485","52,58297666",,,4151.0
218086,11,4,4300619.0,2021,11,18,3,3,6,4,1,0,1,1,0,0,0,0,"792332,1522","5827222,257","13,30907791","52,51654154",,,5745.0
218085,11,3,3501037.0,2021,10,15,4,3,5,3,0,1,1,0,0,0,0,0,"803515,9444","5832271,483","13,47800545","52,55568763",,,4066.0
218084,11,8,8401139.0,2021,10,13,6,3,1,1,0,0,1,0,0,0,1,1,"803637,8936","5818672,758","13,46740459","52,43373719",,,542.0
218083,11,12,12200411.0,2021,11,15,6,3,2,6,0,0,1,0,0,0,0,0,"792875,5789","5832145,876","13,32140327","52,56038815",,,4348.0
218082,11,2,2500728.0,2021,11,13,2,3,0,6,0,1,1,0,0,0,0,0,"803010,1261","5828274,061","13,46692237","52,52014127",,,4227.0
218081,11,2,2200209.0,2021,11,14,4,3,3,6,0,1,1,0,0,0,0,0,"797060,7696","5823992,708","13,37567937","52,48503702",,,4149.0
218080,11,4,4501149.0,2021,11,9,3,3,5,2,0,1,1,0,0,0,0,0,"793442,2495","5824124,351","13,32266058","52,48817396",,,2451.0
218079,11,6,6300528.0,2021,10,11,7,3,5,3,0,1,1,0,0,0,0,0,"789118,3811","5816916,266","13,25291639","52,42585741",,,6235.0
218078,11,11,11300620.0,2021,10,8,4,3,2,6,0,0,1,0,1,0,0,0,"803579,3915","5829710,823","13,47659825","52,53270194",,,4673.0
218077,11,3,3601450.0,2021,10,11,2,3,1,1,0,0,1,0,0,0,0,0,"801836,492","5829920,906","13,45117267","52,53555284",,,6851.0
218076,11,12,12100204.0,2021,11,7,2,3,5,3,0,1,1,0,0,0,0,0,"795309,6663","5833296,429","13,35823008","52,56938718",,,4160.0
218075,11,7,7200307.0,2021,11,17,4,3,2,6,2,0,1,0,0,0,0,0,"794941,8833","5824322,315","13,34485788","52,48914047",,,4716.0
218074,11,8,8100521.0,2021,11,13,6,3,2,6,0,0,1,0,0,0,0,0,"803058,1219","5822595,662","13,46246208","52,46921973",,,5752.0
218073,11,4,4300412.0,2021,10,15,3,2,5,3,0,0,1,0,0,0,1,1,"791667,4541","5827502,271","13,29955554","52,51940771",,,4065.0
218072,11,2,2500832.0,2021,10,16,5,3,0,1,0,1,1,0,0,0,0,1,"803110,1073","5826921,597","13,46715949","52,5079638",,,4058.0
218071,11,5,5300841.0,2021,11,14,6,2,6,4,0,0,1,1,0,0,0,0,"789724,2993","5829341,266","13,27260029","52,53693046",,,3452.0
218070,11,10,10200629.0,2021,11,6,3,3,1,5,1,0,1,0,0,1,0,1,"811017,4108","5828238,016","13,58452532","52,51531071",,,4669.0
218069,11,1,1100310.0,2021,10,9,5,3,2,2,0,0,1,0,1,0,0,0,"799045,2331","5828482,918","13,40884968","52,52420214",,,3152.0
218068,11,1,1100205.0,2021,10,20,7,3,5,7,2,0,1,0,1,0,0,0,"797049,1392","5826546,139","13,37778564","52,5079322",,,6651.0
218067,11,5,5100105.0,2021,10,12,1,2,4,1,0,0,1,0,0,0,0,0,"785030,106","5831155,111","13,20513542","52,55566875",,,4675.0
218066,11,5,5100317.0,2021,10,6,6,3,2,6,1,0,1,0,1,0,0,0,"786849,7816","5828186,689","13,22933917","52,52809962",,,2849.0
218065,11,4,4501042.0,2021,11,15,2,3,2,2,0,0,1,0,1,0,0,0,"793522,1417","5825721,807","13,32524138","52,50245154",,,2751.0
218064,11,3,3400827.0,2021,11,13,5,3,5,3,0,0,1,0,0,0,0,1,"799484,4246","5831946,369","13,41842557","52,55500541",,,5353.0
218063,11,8,8100103.0,2021,11,10,5,3,0,5,0,0,1,0,0,0,1,1,"800626,9836","5823102,933","13,4272378","52,47510983",,,1353.0
218062,11,1,1100309.0,2021,10,23,1,3,5,3,2,1,0,0,0,0,0,0,"798418,8708","5828959,836","13,40007279","52,52882024",,,4446.0
218061,11,4,4200309.0,2021,10,13,5,3,5,3,0,0,1,0,0,0,0,0,"788853,2243","5827465,699","13,2581635","52,52057784",,,3941.0
218060,11,8,8200623.0,2021,10,13,3,2,2,7,0,0,1,0,0,0,0,0,"802791,1725","5820807,225","13,45692195","52,45333793",,,4863.0
218059,11,4,4300416.0,2021,11,19,2,3,0,2,2,1,1,0,0,0,0,1,"791944,3909","5826119,425","13,30241225","52,50686257",,,2351.0
218058,11,3,3400619.0,2021,11,9,5,3,5,2,0,1,1,0,0,0,0,0,"795895,037","5835406,132","13,36872494","52,58798055",,,4160.0
218057,11,3,3701660.0,2021,11,18,7,3,5,7,2,0,1,0,0,0,0,0,"800468,765","5829081,978","13,43031023","52,52878907",,,4160.0
218056,11,8,8401241.0,2021,10,7,3,2,5,3,1,1,1,0,0,0,0,1,"804753,3717","5818467,071","13,48357462","52,43127338",,,2851.0
218055,11,3,3701554.0,2021,10,7,4,3,2,6,0,1,0,0,0,0,0,0,"799216,2572","5829264,475","13,4120663","52,53111379",,,4674.0
218054,11,5,5100104.0,2021,11,17,7,3,6,2,2,0,1,1,0,0,0,1,"785205,9081","5831816,467","13,20828984","52,56150633",,,4865.0
218053,11,2,2200209.0,2021,11,20,1,3,6,4,2,0,1,1,0,0,0,1,"797474,3837","5824569,155","13,38226704","52,48997906",,,4737.0
218052,11,4,4300623.0,2021,10,19,5,3,1,5,2,1,1,0,0,0,0,0,"792391,7045","5826624,419","13,30942772","52,51115016",,,2382.0
218051,11,1,1100309.0,2021,10,12,6,3,5,3,0,1,1,0,0,0,0,1,"798077,705","5828852,787","13,39496255","52,52804734",,,4737.0
218050,11,8,8200623.0,2021,10,9,4,3,1,5,0,1,1,0,0,0,1,1,"801978,5272","5820716,54","13,4449174","52,45297464",,,4339.0
218049,11,1,1200623.0,2021,11,20,6,3,6,4,2,1,0,1,0,0,0,0,"795605,3734","5829372,036","13,35908649","52,53404817",,,6235.0
218048,11,7,7601236.0,2021,11,17,3,3,2,6,2,1,1,0,0,0,0,0,"796415,44","5816593,8","13,35963683","52,41906254",,,4067.0
218047,11,11,11501340.0,2021,10,15,5,3,5,2,0,1,1,0,0,0,0,0,"807248,7897","5824232,722","13,52546916","52,48155078",,,3051.0
218046,11,2,2400624.0,2021,10,8,6,3,5,7,0,0,1,0,0,0,0,0,"801322,3579","5827685,135","13,44158966","52,51579785",,,2551.0
218045,11,11,11300620.0,2021,10,10,1,3,2,6,0,0,1,0,1,0,0,0,"804183,7713","5829568,281","13,48535039","52,53108746",,,4428.0
218044,11,3,3601245.0,2021,10,9,6,3,5,3,0,1,1,0,0,0,0,0,"800617,3466","5831413,708","13,43460346","52,54960693",,,4654.0
218043,11,1,1300834.0,2021,11,11,2,2,3,6,0,0,1,0,1,0,0,0,"798274,413","5830102,186","13,3989748","52,53913891",,,4150.0
218042,11,11,11501238.0,2021,11,13,5,3,3,6,0,0,1,0,0,0,0,1,"804890,7803","5825245,566","13,49178089","52,4919501",,,4571.0
218041,11,3,3200206.0,2021,11,8,3,3,5,3,0,0,1,0,1,0,0,0,"798077,8972","5834696,722","13,40021258","52,58043003",,,4448.0
218040,11,5,5400942.0,2021,10,16,1,2,8,1,0,1,1,0,0,0,0,0,"783937,7707","5822914,41","13,18203255","52,4823519",,,4652.0
218039,11,1,1400938.0,2021,10,17,5,3,2,7,1,0,0,0,1,0,1,0,"794163,6027","5830362,721","13,33876917","52,54370908",,,5453.0
218038,11,10,10400836.0,2021,10,11,2,2,6,7,0,0,1,1,0,0,0,0,"811559,1279","5827328,206","13,59163099","52,50684848",,,4341.0
218037,11,9,9100304.0,2021,11,16,2,3,2,6,2,0,1,0,0,0,0,1,"804252,4835","5821523,253","13,4790129","52,45894416",,,3252.0
218036,11,4,4200308.0,2021,11,20,5,3,2,6,2,0,1,0,0,0,0,1,"790332,7172","5827298,562","13,27976179","52,51829372",,,3133.0
218035,11,1,1300733.0,2021,11,16,1,3,2,6,1,0,1,0,0,0,0,1,"797933,5279","5831857,225","13,39553789","52,55505696",,,4160.0
218034,11,1,1401046.0,2021,10,9,2,3,5,2,0,0,1,0,0,0,1,1,"794726,8285","5830012,384","13,34673971","52,5402642",,,3152.0
218033,11,6,6300632.0,2021,10,16,1,3,5,3,0,0,1,0,0,0,0,0,"791940,4084","5817218,89","13,29456643","52,42707201",,,3642.0
218032,11,9,9100203.0,2021,11,20,7,3,6,2,2,0,1,1,0,0,0,1,"804094,2715","5823583,317","13,478569","52,4774961",,,3335.0
218031,11,7,7601341.0,2021,11,19,1,2,5,3,2,0,1,0,0,0,0,1,"797247,4548","5815540,801","13,37090027","52,40917205",,,5546.0
218030,11,10,10300731.0,2021,10,7,5,3,5,3,0,0,1,0,0,0,1,0,"809058,1138","5828645,6","13,55612261","52,52007708",,,2050.0
218029,11,3,3601450.0,2021,10,12,6,3,6,4,0,0,1,1,0,0,0,0,"802225,618","5829352,841","13,45637575","52,53024568",,,2050.0
218028,11,11,11300721.0,2021,10,7,2,3,5,3,0,0,0,0,0,1,1,0,"805199,7357","5828890,886","13,49965943","52,52444851",,,5852.0
218027,11,8,8100312.0,2021,10,18,6,3,2,7,1,0,1,0,0,0,1,0,"801316,6396","5823977,973","13,43815179","52,48257301",,,5153.0
218026,11,10,10100209.0,2021,11,9,3,3,2,7,0,0,1,0,0,0,0,1,"809241,9677","5831969,014","13,56191578","52,54975614",,,2751.0
218025,11,6,6300633.0,2021,11,8,4,3,0,7,0,1,0,0,0,0,0,1,"792775,2687","5819176,196","13,30852417","52,4441729",,,4430.0
218024,11,4,4501040.0,2021,10,12,6,3,2,7,0,0,1,0,1,0,0,0,"792344,6702","5825376,109","13,30764046","52,49998457",,,3144.0
218023,11,9,9200715.0,2021,10,14,3,3,5,3,0,0,1,0,0,0,0,0,"808101,1796","5818953,866","13,53311015","52,43376102",,,4754.0
218022,11,8,8100102.0,2021,10,6,4,3,5,7,1,0,1,1,0,0,0,0,"800181,045","5823643,841","13,42117876","52,48020349",,,5633.0
218021,11,1,1100309.0,2021,10,10,3,2,5,2,0,1,0,0,0,1,0,1,"799055,3619","5829004,053","13,40946721","52,52886778",,,5354.0
218020,11,4,4501045.0,2021,10,9,2,3,5,3,0,1,1,0,0,0,0,0,"793570,843","5825235,755","13,32552833","52,49806809",,,2857.0
218019,11,12,12200310.0,2021,11,16,2,3,5,2,1,1,1,0,0,0,0,0,"792262,3708","5833932,26","13,31395729","52,57673185",,,5664.0
218018,11,8,8100209.0,2021,10,20,3,3,2,6,2,1,1,0,0,0,0,0,"801442,7896","5822270,821","13,43846093","52,46720179",,,1353.0
218017,11,11,11200514.0,2021,10,16,4,3,2,2,0,0,0,0,1,0,1,0,"803360,2606","5830068,24","13,47370386","52,53602738",,,4526.0
218016,11,12,12200414.0,2021,11,14,1,3,3,6,0,0,1,0,0,0,0,0,"791930,3797","5831483,009","13,30691665","52,55495332",,,3158.0
218015,11,12,12100204.0,2021,11,7,3,3,5,3,0,0,1,0,0,0,0,1,"794076,4531","5832619,157","13,33948659","52,56398355",,,5353.0
218014,11,11,11100203.0,2021,11,16,7,2,0,1,2,0,0,0,1,0,0,1,"806745,753","5833995,125","13,52708985","52,56932554",,,3352.0
218013,11,5,5300735.0,2021,10,22,7,3,5,2,2,0,1,0,0,0,0,0,"786568,4913","5830554,251","13,22724605","52,54947433",,,4755.0
218012,11,10,10100312.0,2021,10,15,7,2,5,2,0,0,1,0,0,0,0,0,"807670,8435","5830165,945","13,53714809","52,5344868",,,4160.0
218011,11,4,4300415.0,2021,11,17,4,3,6,2,2,0,1,1,0,0,0,0,"791057,7445","5826026,654","13,28930439","52,50650463",,,5453.0
218010,11,10,10300734.0,2021,11,8,7,3,0,1,0,0,0,0,1,0,0,1,"810264,432","5827079,28","13,57238447","52,5053555",,,6967.0
218009,11,1,1100309.0,2021,10,22,1,3,6,4,2,0,1,1,0,0,0,1,"798681,305","5828622,721","13,40362705","52,52565476",,,5547.0
218008,11,4,4400728.0,2021,10,14,4,3,3,6,0,0,1,0,0,0,1,0,"790692,1584","5822710,234","13,28103969","52,47696757",,,5453.0
218007,11,9,9501737.0,2021,10,8,3,3,0,1,0,0,1,0,1,0,0,1,"814249,8432","5820801,852","13,62499647","52,44682349",,,5453.0
218006,11,9,9501737.0,2021,11,19,4,2,5,3,0,1,0,0,1,0,0,1,"814389,9642","5820801,91","13,62705147","52,44674347",,,3259.0
218005,11,4,4501148.0,2021,11,19,3,3,6,2,2,0,1,1,0,0,0,1,"792840,653","5823207,393","13,31302029","52,48027672",,,4569.0
218004,11,2,2100102.0,2021,10,16,5,3,5,3,0,1,1,0,0,0,0,0,"798253,095","5826076,455","13,39505167","52,50306522",,,4855.0
218003,11,8,8100102.0,2021,10,12,5,3,5,3,0,0,1,0,1,0,0,1,"800440,5014","5823171,991","13,42456264","52,47583143",,,2853.0
218002,11,7,7200413.0,2021,11,17,6,3,2,6,1,0,1,0,0,0,0,1,"796584,2577","5823887,767","13,3685892","52,48435537",,,3742.0
218001,11,5,5100315.0,2021,11,12,2,3,2,2,0,0,1,0,0,0,0,1,"784654,1652","5829705,213","13,19836232","52,54286565",,,4163.0
218000,11,9,9401431.0,2021,11,18,4,3,0,1,2,1,0,0,0,0,0,0,"811749,7432","5820487,522","13,58803638","52,44543781",,,4160.0
217999,11,3,3601142.0,2021,11,18,2,3,5,2,2,1,1,0,0,0,0,0,"799204,493","5831108,446","13,41355387","52,5476486",,,5153.0
217998,11,1,1200627.0,2021,10,9,7,3,0,1,0,0,0,0,1,0,0,0,"795535,4513","5828311,943","13,35711628","52,52458328",,,2831.0
217997,11,7,7400721.0,2021,10,14,4,3,2,6,0,0,1,0,0,0,1,0,"797190,4799","5823108,341","13,37679563","52,477039",,,4855.0
217996,11,4,4200309.0,2021,10,8,2,3,5,3,0,0,1,0,0,0,0,0,"789112,4857","5827277,363","13,26181026","52,51875196",,,4239.0