OBJECTID,LAND,BEZ,LOR_ab_2021,UJAHR,UMONAT,USTUNDE,UWOCHENTAG,UKATEGORIE,UART,UTYP1,ULICHTVERH,IstRad,IstPKW,IstFuss,IstKrad,IstGkfz,IstSonstige,USTRZUSTAND,LINREFX,LINREFY,XGCSWGS84,YGCSWGS84,LOR,STRASSE,quadrant
217816,11,5,5100211.0,2021,11,16,4,3,5,2,1,0,1,0,0,0,0,0,"782811,2469","5830388,09","13,17184121","52,54994827",,,4140.0
217815,11,3,3601451.0,2021,10,12,1,2,6,4,0,0,0,1,1,0,0,0,"801210,617","5829516,149","13,44160629","52,53227121",,,3870.0
217814,11,3,3601346.0,2021,10,16,5,3,0,1,0,1,0,0,0,0,0,0,"799519,2305","5830985,136","13,41807035","52,54637038",,,5349.0
217813,11,9,9100407.0,2021,10,16,3,3,6,4,0,0,0,1,0,0,1,1,"805948,1267","5819932,546","13,50243452","52,44374089",,,5261.0
217812,11,8,8100104.0,2021,11,19,6,3,2,6,1,0,1,0,0,0,1,0,"800902,8051","5822397,522","13,43065027","52,46863511",,,6084.0
217811,11,3,3500933.0,2021,11,20,2,2,6,7,2,0,1,1,0,0,0,0,"802648,355","5832425,655","13,46538812","52,55755225",,,5752.0
217810,11,2,2400521.0,2021,10,9,3,3,2,7,0,0,1,0,0,0,1,0,"800501,6779","5828471,06","13,43024187","52,52329511",,,4153.0
217809,11,2,2200213.0,2021,11,20,7,3,5,2,2,0,1,1,0,0,0,1,"800155,972","5825068,798","13,42209391","52,49298978",,,3452.0
217808,11,12,12500926.0,2021,11,12,1,2,5,3,0,1,1,0,0,0,0,1,"793303,5235","5836012,129","13,33111867","52,59481643",,,4453.0
217807,11,1,1401048.0,2021,11,16,4,3,5,3,0,0,1,0,0,0,0,0,"795694,1623","5831381,04","13,36217995","52,55200887",,,3841.0
217806,11,6,6300524.0,2021,11,16,6,3,5,2,0,1,1,0,0,0,0,0,"787514,5235","5817368,863","13,22978282","52,43076047",,,3051.0
217805,11,8,8100314.0,2021,10,11,6,3,1,5,0,1,0,0,0,1,0,0,"801425,5199","5823868,901","13,43965167","52,48153529",,,5356.0
217804,11,3,3300413.0,2021,10,11,7,2,5,3,0,0,1,0,1,0,0,0,"803041,5851","5837795,122","13,47607997","52,60545825",,,4158.0
217803,11,4,4300416.0,2021,10,18,7,3,5,2,1,1,1,0,0,0,0,0,"791457,1362","5826090,725","13,29522835","52,5068658",,,5446.0
217802,11,4,4501042.0,2021,11,18,3,3,2,6,2,0,1,0,0,0,0,0,"794337,3224","5825918,846","13,33739043","52,50377876",,,3152.0
217801,11,10,10100311.0,2021,11,18,5,3,6,4,1,0,1,1,0,0,0,1,"807110,995","5828090,318","13,52700336","52,51620061",,,5852.0
217800,11,3,3601142.0,2021,10,12,7,3,5,3,0,0,1,0,0,0,0,0,"799199,639","5831108,845","13,41348286","52,54765484",,,5237.0
217799,11,7,7601546.0,2021,10,14,6,3,5,2,0,0,1,0,0,0,0,0,"798560,0481","5814427,227","13,3891474","52,39847583",,,4553.0
217798,11,11,11300721.0,2021,10,15,3,3,2,6,0,0,1,0,0,1,0,0,"806113,1418","5830141,65","13,51423234","52,53514613",,,4330.0
217797,11,11,11200410.0,2021,10,4,4,2,5,2,2,0,1,0,1,0,0,0,"805215,827","5832236,913","13,50296938","52,55442785",,,5380.0
217796,11,1,1100415.0,2021,10,8,3,3,0,1,0,1,0,0,0,0,0,1,"797389,6996","5829154,908","13,38512094","52,53113123",,,4140.0
217795,11,2,2100105.0,2021,11,17,5,3,3,6,2,1,1,0,0,0,0,1,"799215,8326","5825966,099","13,40909382","52,50154896",,,3051.0
217794,11,8,8100312.0,2021,11,18,3,3,5,3,2,1,1,0,0,0,0,1,"801264,7693","5824590,738","13,43794409","52,48809399",,,3870.0
217793,11,5,5200527.0,2021,10,7,4,3,5,2,0,1,1,0,0,0,0,1,"783326,9371","5827682,732","13,17711955","52,52542344",,,4652.0
217792,11,2,2500834.0,2021,10,18,4,3,1,5,0,0,1,0,0,0,0,0,"803047,9498","5826577,318","13,46593307","52,50491261",,,3480.0
217791,11,8,8401242.0,2021,11,23,6,3,2,6,2,0,1,0,0,0,0,0,"804510,9249","5816087,836","13,47785428","52,4100837",,,6029.0
217790,11,9,9200717.0,2021,11,16,7,3,3,7,1,0,1,0,0,0,0,0,"809414,0595","5818616,934","13,55204881","52,43000047",,,4865.0
217789,11,7,7601340.0,2021,11,15,4,3,5,2,0,1,0,0,0,1,0,0,"796589,4753","5815862,363","13,3615403","52,41241146",,,2851.0
217788,11,12,12100101.0,2021,11,21,1,3,5,3,2,0,1,0,0,0,0,0,"795771,7398","5832573,063","13,36438302","52,56265206",,,5158.0
217787,11,8,8401243.0,2021,10,8,7,2,5,2,0,0,1,0,0,0,0,0,"805547,183","5818559,307","13,49529859","52,43165729",,,5059.0
217786,11,2,2500728.0,2021,10,17,4,3,5,3,1,0,1,0,0,0,0,0,"803009,0402","5828269,27","13,46690205","52,52009893",,,5453.0
217785,11,4,4300517.0,2021,10,5,1,3,8,1,2,0,1,0,0,0,0,0,"791702,9295","5827860,322","13,3003909","52,5225986",,,5752.0
217784,11,5,5200423.0,2021,10,20,1,3,2,6,2,0,1,0,0,0,0,0,"781305,9141","5828390,668","13,14800759","52,53281781",,,6251.0
217783,11,5,5200423.0,2021,11,15,5,3,2,2,0,0,1,0,0,0,0,0,"781984,4125","5828468,758","13,15805007","52,53316738",,,5159.0
217782,11,10,10100311.0,2021,11,15,6,3,5,2,0,0,1,0,0,0,0,0,"806307,8311","5830190,137","13,5171384","52,53547129",,,3352.0
217781,11,2,2200210.0,2021,10,18,7,3,2,2,1,0,1,0,0,0,0,0,"798802,2857","5824933,833","13,40209357","52,4925227",,,3480.0
217780,11,3,3400723.0,2021,10,18,5,3,6,2,2,0,1,1,0,0,0,1,"798614,9592","5833053,371","13,40663536","52,56540543",,,4067.0
217779,11,3,3400829.0,2021,11,18,5,2,5,2,2,1,0,0,0,0,0,0,"800000,7762","5833019,303","13,42698872","52,56433822",,,4760.0
217778,11,1,1401045.0,2021,11,5,3,3,2,6,2,0,1,0,0,0,0,1,"797119,3137","5831888,236","13,38359147","52,55577974",,,3843.0
217777,11,4,4300622.0,2021,10,14,5,3,5,2,0,1,1,0,0,0,0,0,"792918,5287","5826769,271","13,31729591","52,51216606",,,4160.0
217776,11,10,10400941.0,2021,10,14,5,3,5,3,0,1,1,0,0,0,0,1,"812638,5849","5825271,624","13,60555366","52,48780172",,,2848.0
217775,11,3,3100101.0,2021,10,15,5,3,2,6,0,1,1,0,0,0,0,0,"801641,019","5842236,16","13,45951335","52,64604121",,,4453.0
217774,11,1,1200624.0,2021,11,7,2,3,2,6,0,0,1,0,0,0,0,1,"795648,1311","5829724,009","13,36002814","52,5371801",,,5752.0
217773,11,7,7300517.0,2021,11,16,5,3,1,5,1,1,1,0,0,0,0,1,"794395,9728","5822574,053","13,33529722","52,4737629",,,3442.0
217772,11,7,7601340.0,2021,11,12,3,3,5,7,0,0,1,0,0,1,0,0,"796530,945","5815645,759","13,36049041","52,41050147",,,5349.0
217771,11,11,11300722.0,2021,10,12,2,3,5,7,0,0,1,0,0,0,1,0,"803792,5958","5827708,675","13,47790292","52,51463855",,,5652.0
217770,11,12,12500930.0,2021,10,8,5,3,5,2,0,0,1,0,1,0,0,0,"794343,2961","5834566,475","13,34514037","52,58129556",,,3941.0
217769,11,11,11300620.0,2021,10,7,3,3,6,4,0,0,1,1,0,0,0,0,"803815,9661","5829074,974","13,47949415","52,52687124",,,2050.0
217768,11,4,4200204.0,2021,11,16,3,3,2,7,1,0,1,0,0,0,0,0,"786554,7688","5826176,584","13,22327074","52,51023274",,,4766.0
217767,11,10,10200423.0,2021,11,12,5,3,5,3,0,1,1,0,0,0,0,0,"813245,1958","5831083,634","13,61992887","52,53953529",,,2848.0
217766,11,3,3400619.0,2021,11,16,1,3,5,3,1,0,1,0,0,0,0,1,"795968,8967","5835562,709","13,36995187","52,58934391",,,3841.0
217765,11,1,1100101.0,2021,10,8,2,3,6,4,0,1,0,1,0,0,0,0,"795008,0131","5826317,568","13,34759624","52,50699081",,,5652.0
217764,11,2,2400521.0,2021,10,19,2,3,5,3,1,0,1,0,0,0,1,0,"801248,9463","5827827,909","13,44064035","52,51711811",,,4333.0
217763,11,1,2100101.0,2021,11,16,7,3,6,4,2,0,1,1,0,0,0,1,"797046,9722","5826538,653","13,37774713","52,50786628",,,5453.0
217762,11,6,6400843.0,2021,10,18,5,3,6,2,1,0,1,1,0,0,0,0,"791543,5662","5819562,899","13,29079102","52,44829785",,,3051.0
217761,11,4,4300619.0,2021,10,0,7,2,8,1,2,0,1,0,0,0,0,0,"792647,0353","5827107,493","13,31360417","52,51534384",,,5453.0
217760,11,12,12500928.0,2021,10,20,6,3,0,3,2,0,1,0,1,0,0,1,"792883,119","5837526,567","13,32626982","52,60861904",,,4125.0
217759,11,1,1200629.0,2021,10,15,6,3,6,4,0,1,0,1,0,0,0,0,"794864,252","5827696,445","13,34670603","52,51942919",,,4069.0
217758,11,5,5100316.0,2021,11,15,2,3,5,2,0,0,1,0,0,0,0,1,"784788,0699","5828800,068","13,19955568","52,53468017",,,4448.0
217757,11,4,4300416.0,2021,11,7,6,3,1,5,0,1,1,0,0,0,0,1,"791856,8999","5825917,106","13,30094947","52,50509562",,,5064.0
217756,11,9,9200510.0,2021,11,17,4,3,6,4,2,0,0,1,0,0,1,0,"806570,4876","5822071,77","13,51352629","52,46256485",,,4865.0
217755,11,4,4501042.0,2021,10,0,6,3,0,1,2,1,0,0,0,0,0,0,"794444,5364","5825803,45","13,33886339","52,50268646",,,5453.0
217754,11,11,11300721.0,2021,10,10,3,3,5,3,0,0,1,0,0,0,0,0,"805142,2051","5829994,662","13,49982712","52,53437321",,,5353.0
217753,11,8,8100312.0,2021,10,19,3,3,1,5,2,1,1,0,0,0,0,1,"801329,1614","5823989,951","13,43834645","52,48267346",,,3953.0
217752,11,12,12500929.0,2021,11,12,3,3,5,3,0,0,1,0,1,0,0,1,"793640,4239","5837890,572","13,33774443","52,6114735",,,5355.0
217751,11,4,4501044.0,2021,10,7,3,3,1,5,1,1,1,0,0,0,0,1,"793136,5496","5824524,896","13,31852361","52,49192894",,,5349.0
217750,11,1,1300732.0,2021,10,13,4,3,4,1,0,0,1,0,1,0,0,0,"797671,5402","5831905,39","13,39172821","52,55563195",,,4067.0
217749,11,1,1100313.0,2021,11,12,1,3,5,3,0,0,1,0,0,0,0,1,"800066,5206","5826414,449","13,42199267","52,50510059",,,4864.0
217748,11,7,7601236.0,2021,11,6,2,2,5,5,2,0,1,0,1,0,0,1,"795864,8567","5816161,319","13,35118196","52,41548354",,,4654.0
217747,11,3,3300514.0,2021,11,14,4,3,8,1,0,0,1,0,0,0,0,0,"801463,8187","5837062,106","13,45218475","52,59976551",,,4065.0
217746,11,5,5200629.0,2021,11,15,7,3,6,4,0,0,1,1,0,0,0,0,"784518,6303","5828640,247","13,19545722","52,53338794",,,3382.0
217745,11,1,1100206.0,2021,10,9,7,3,5,3,0,1,1,0,0,0,0,0,"797677,1388","5827961,612","13,38827762","52,52027791",,,4335.0
217744,11,12,12500926.0,2021,10,10,7,2,5,2,0,0,1,0,0,0,0,0,"793422,8728","5836089,721","13,33294433","52,59544761",,,3537.0
217743,11,3,3601142.0,2021,11,15,3,3,0,6,0,1,0,0,0,0,1,0,"798254,3574","5830915,064","13,39940977","52,54643621",,,4447.0
217742,11,10,10100315.0,2021,11,13,5,3,5,3,0,0,1,0,0,0,0,0,"809743,0015","5831427,319","13,5687763","52,54461708",,,2730.0
217741,11,4,4100101.0,2021,10,20,7,3,0,7,2,1,0,0,0,0,0,0,"789755,7743","5829879,799","13,2735327","52,54174174",,,3252.0
217740,11,6,6400840.0,2021,10,9,4,3,1,5,0,0,1,0,0,0,0,0,"789054,2755","5819700,686","13,25438428","52,45085501",,,5553.0
217739,11,1,1100207.0,2021,10,8,3,2,5,3,0,0,1,0,0,0,1,1,"798481,3109","5826666,178","13,3989326","52,50822652",,,6851.0
217738,11,6,6200421.0,2021,11,16,4,3,5,2,2,1,1,0,0,0,0,1,"793122,7448","5817655,037","13,312288","52,43034985",,,4675.0
217737,11,4,4100101.0,2021,11,20,3,2,5,2,2,0,1,0,0,0,0,1,"793341,1986","5829717,341","13,32610691","52,53836698",,,2958.0
217736,11,4,4200311.0,2021,10,16,4,3,3,6,0,0,1,0,0,1,0,0,"790158,6475","5826066,708","13,27612951","52,50734265",,,4430.0
217735,11,7,7400822.0,2021,10,14,3,3,2,6,0,0,1,0,0,0,0,0,"796791,021","5821977,181","13,36992491","52,46711642",,,4956.0
217734,11,2,2200213.0,2021,10,13,4,3,1,5,0,1,1,0,0,0,0,0,"799859,2491","5824780,393","13,41747697","52,49056775",,,3552.0
217733,11,7,7400720.0,2021,11,10,2,3,6,2,0,0,1,1,0,0,0,0,"797675,3937","5823654,682","13,38440213","52,48167226",,,3538.0
217732,11,6,6200311.0,2021,10,7,3,3,6,2,2,0,1,1,0,0,0,1,"796471,1648","5818336,072","13,36199819","52,43465051",,,4163.0
217731,11,12,12200412.0,2021,11,4,7,2,1,5,2,1,1,0,0,0,0,0,"788547,4648","5832781,031","13,25828718","52,56839333",,,4065.0
217730,11,4,4300622.0,2021,11,13,2,3,5,2,0,1,1,0,0,0,0,1,"792918,5165","5826769,293","13,31729575","52,51216626",,,3032.0
217729,11,8,8200832.0,2021,11,6,3,3,2,6,2,0,1,0,0,0,0,1,"801555,2123","5817377,055","13,43569401","52,42327547",,,5436.0
217728,11,8,8401243.0,2021,11,8,6,3,2,6,0,1,1,0,0,0,0,0,"805605,8432","5817374,997","13,49507671","52,42101",,,2847.0
217727,11,8,8100102.0,2021,10,2,7,3,0,1,2,0,0,0,0,0,1,0,"800153,3446","5823651,3","13,42077881","52,48028557",,,4675.0
217726,11,7,7601442.0,2021,10,11,7,3,5,3,0,0,1,0,0,0,1,0,"799067,517","5814291,839","13,39646306","52,39698537",,,4160.0
217725,11,11,11300721.0,2021,11,10,3,3,0,2,0,1,1,0,0,0,0,1,"805516,5431","5830038,506","13,50536912","52,53455646",,,2551.0
217724,11,1,1100308.0,2021,11,18,5,3,5,7,2,0,1,0,0,0,1,1,"797641,2577","5828171,7","13,38793835","52,52218069",,,5062.0
217723,11,1,1300733.0,2021,10,14,7,2,6,7,0,0,0,1,0,0,1,0,"797033,2326","5831564,32","13,38203567","52,55292317",,,4339.0
217722,11,10,10200526.0,2021,10,15,6,3,6,2,0,0,1,1,0,0,0,0,"812262,7242","5830197,414","13,60465709","52,53215762",,,4344.0
217721,11,7,7100103.0,2021,10,21,3,3,0,7,2,1,0,0,0,0,0,1,"796012,13","5825353,78","13,36149085","52,49780742",,,4229.0
217720,11,9,9200717.0,2021,10,6,3,2,6,4,2,0,1,1,0,0,0,1,"809889,0944","5819261,245","13,55961057","52,43550581",,,2850.0
217719,11,2,2300314.0,2021,11,19,4,3,0,6,2,0,1,0,1,0,0,1,"799792,3735","5826023,636","13,41761383","52,50174826",,,4163.0
217718,11,6,6100103.0,2021,11,20,3,3,0,7,2,0,0,0,0,0,1,1,"793601,5524","5821408,944","13,32260945","52,46374572",,,4622.0
217717,11,7,7601238.0,2021,10,11,4,2,5,2,0,0,1,0,1,0,0,0,"798582,0224","5816765,711","13,39155478","52,41942585",,,3144.0
217716,11,4,4100101.0,2021,10,9,6,3,2,6,0,0,1,0,0,0,1,1,"790476,4714","5829037,95","13,2833939","52,53381083",,,6751.0
217715,11,3,3200207.0,2021,11,21,6,2,2,6,2,0,1,0,0,0,0,0,"799608,8222","5836307,847","13,42419582","52,59403018",,,4539.0
217714,11,2,2100102.0,2021,11,10,7,3,5,2,0,0,1,0,0,0,0,0,"798221,3117","5825857,213","13,39438846","52,50111736",,,4047.0
217713,11,12,12200309.0,2021,11,18,4,3,0,7,1,0,1,0,0,0,1,0,"792912,2192","5832705,463","13,32243623","52,56538485",,,4863.0
217712,11,7,7200307.0,2021,11,16,2,3,6,2,0,0,1,1,0,0,0,0,"794956,3071","5824461,191","13,34519262","52,49037761",,,5436.0
217711,11,3,3400826.0,2021,10,10,7,3,0,2,0,1,1,0,0,0,0,0,"798934,5028","5832600,956","13,41092805","52,56117488",,,4049.0
217710,11,1,1200522.0,2021,10,17,4,2,6,4,0,0,0,1,0,0,1,0,"793977,8595","5828195,861","13,33412148","52,52438474",,,3940.0
217709,11,6,6400838.0,2021,10,17,2,3,0,1,1,1,0,0,0,0,0,0,"787637,6549","5818131,101","13,23224473","52,43752978",,,3051.0
217708,11,2,2500726.0,2021,11,9,2,3,5,2,0,0,1,0,0,0,1,0,"801768,164","5828663,693","13,44902719","52,52432225",,,3942.0
217707,11,3,3300514.0,2021,11,8,4,3,5,2,0,1,0,0,0,0,1,0,"802027,067","5836402,012","13,4598737","52,59353666",,,7750.0
217706,11,11,11300617.0,2021,11,10,6,3,5,3,0,0,1,0,0,0,0,1,"802950,2805","5829192,375","13,46687958","52,52840521",,,4150.0
217705,11,2,2200210.0,2021,10,13,1,3,5,3,0,0,1,0,1,0,0,0,"798622,4675","5825074,061","13,39957858","52,49387807",,,3945.0
217704,11,7,7100102.0,2021,10,23,4,3,0,1,2,0,0,0,0,0,1,0,"795226,9234","5825061,262","13,3496985","52,49561053",,,2849.0
217703,11,2,2500726.0,2021,11,14,6,3,0,7,0,0,0,0,1,0,0,0,"801879,9163","5828966,997","13,45094471","52,5269789",,,4856.0
217702,11,1,1100102.0,2021,11,9,4,3,5,2,0,1,1,0,0,0,0,1,"795420,8157","5827463,277","13,35467776","52,5170378",,,5463.0
217701,11,2,2300314.0,2021,10,18,4,3,6,4,2,0,1,1,0,0,0,0,"799629,3439","5826168,003","13,41534915","52,50313183",,,3381.0
217700,11,10,10100104.0,2021,10,8,7,3,5,3,0,0,1,0,0,0,0,1,"810264,8895","5833858,625","13,57871987","52,56610806",,,4753.0
217699,11,11,11200514.0,2021,10,14,6,3,5,2,0,0,0,0,0,0,1,0,"803342,1215","5830064,297","13,47343365","52,53600213",,,5448.0
217698,11,11,11401032.0,2021,11,6,3,3,5,3,1,0,1,0,1,0,0,1,"805687,0834","5827464,222","13,5055096","52,51138924",,,4227.0
217697,11,1,1300834.0,2021,11,19,5,2,6,2,1,0,1,1,0,0,0,1,"797699,7384","5830672,223","13,39103733","52,5445628",,,4140.0
217696,11,2,2100102.0,2021,11,9,4,3,5,2,0,1,1,0,0,0,0,1,"798181,2266","5826512,671","13,39438668","52,50701462",,,4340.0
217695,11,2,2200210.0,2021,10,5,7,2,1,5,2,1,1,0,0,0,0,0,"798826,9264","5824910,895","13,40243485","52,49230361",,,4065.0
217694,11,8,8401243.0,2021,10,16,5,3,6,7,0,0,1,1,0,0,0,0,"805132,1922","5817982,729","13,48868743","52,42672121",,,3652.0
217693,11,6,6200313.0,2021,10,9,3,3,0,2,0,1,1,0,0,0,0,1,"795673,2401","5818237,823","13,35020817","52,43420167",,,3163.0
217692,11,7,7400826.0,2021,10,22,2,3,5,7,2,0,0,0,1,0,1,0,"796858,1479","5820177,852","13,36931014","52,45095059",,,4065.0
217691,11,11,11100309.0,2021,11,16,2,3,3,6,1,1,0,0,0,0,0,1,"805310,8461","5833202,858","13,50525509","52,56303169",,,3071.0
217690,11,6,6400737.0,2021,11,15,6,3,9,1,0,0,1,0,0,0,0,1,"784712,1106","5819832,172","13,1907742","52,45431283",,,2848.0
217689,11,3,3200205.0,2021,11,5,7,3,0,6,2,0,1,0,0,0,0,0,"797169,0686","5835656,649","13,38770016","52,58953163",,,4960.0
217688,11,10,10400940.0,2021,10,13,3,3,1,5,0,0,1,0,0,0,0,1,"811932,7101","5824616,727","13,59457879","52,48233674",,,4339.0
217687,11,1,1300834.0,2021,11,16,7,3,3,6,2,0,1,0,1,0,0,1,"797439,4972","5831126,888","13,38761823","52,54878044",,,5752.0
217686,11,2,2200209.0,2021,11,17,2,3,6,2,2,0,1,1,0,0,0,1,"797108,0248","5824306,019","13,37665252","52,48781982",,,5446.0
217685,11,10,10100311.0,2021,10,6,5,3,5,2,0,0,1,0,0,0,0,0,"807453,2498","5828733,919","13,53262606","52,52177576",,,2529.0
217684,11,2,2400522.0,2021,10,7,6,3,1,5,2,1,1,0,0,0,0,0,"801656,3119","5828260,97","13,44701828","52,52077451",,,4430.0
217683,11,1,1300733.0,2021,10,16,2,3,6,4,0,1,0,1,0,0,0,0,"797103,4106","5831715,314","13,38320282","52,55423838",,,6136.0
217682,11,4,4501148.0,2021,10,14,6,3,1,5,0,0,1,0,1,0,0,0,"792911,8879","5823317,008","13,31416252","52,48122118",,,1827.0
217681,11,1,1100207.0,2021,11,9,4,3,3,6,0,0,0,0,1,0,1,0,"798113,8543","5826923,024","13,39376448","52,51072974",,,4960.0
217680,11,8,8100416.0,2021,11,17,5,3,1,5,2,0,1,0,0,0,0,1,"801963,9019","5823073,637","13,44683538","52,47410979",,,3051.0
217679,11,4,4300416.0,2021,10,14,6,3,2,6,0,0,1,0,0,0,0,0,"791931,0976","5826118,045","13,30221574","52,50685731",,,4340.0
217678,11,7,7400824.0,2021,10,8,3,2,5,2,0,1,1,0,0,0,0,0,"797842,741","5822041,767","13,38541881","52,46712304",,,6151.0
217677,11,4,4501153.0,2021,10,23,3,3,2,6,2,0,1,0,0,0,0,0,"794303,3242","5824164,105","13,33534068","52,48806683",,,3871.0
217676,11,1,1100312.0,2021,10,10,2,3,1,5,0,1,0,0,0,0,1,1,"799485,2207","5826632,238","13,41364978","52,50737212",,,5652.0
217675,11,9,9301126.0,2021,11,16,2,2,5,3,1,0,1,0,1,0,0,0,"810837,4905","5818460,646","13,5727726","52,42779302",,,5652.0
217674,11,7,7601544.0,2021,10,18,4,2,0,7,1,0,1,0,0,0,0,0,"799617,6185","5813175,761","13,40352625","52,38668045",,,3061.0
217673,11,1,1100309.0,2021,10,2,1,3,0,1,2,1,0,0,0,0,0,0,"798753,5641","5828367,619","13,40445982","52,52332854",,,5752.0
217672,11,7,7100206.0,2021,11,18,7,3,2,6,2,0,1,0,1,0,0,0,"796739,4054","5824806,404","13,37168522","52,49250577",,,2851.0
217671,11,11,11200411.0,2021,11,11,3,3,5,3,0,0,1,0,0,0,0,1,"805617,3206","5831149,146","13,50787178","52,54445385",,,3739.0
217670,11,6,6100102.0,2021,11,21,2,3,5,7,2,0,1,0,1,0,0,0,"793741,3216","5820565,818","13,32391896","52,45611229",,,5852.0
217669,11,11,11300721.0,2021,10,0,1,1,5,2,2,0,1,0,0,0,1,0,"805132,5632","5830007,835","13,4996975","52,53449667",,,4344.0
217668,11,8,8401244.0,2021,10,20,7,3,2,6,2,0,1,0,0,0,0,0,"804905,3276","5815668,925","13,48325329","52,40610958",,,2851.0
217667,11,1,1401046.0,2021,11,11,4,3,5,2,0,0,1,0,0,1,0,0,"794616,7923","5829881,698","13,34500605","52,5391522",,,2851.0
217666,11,8,8100417.0,2021,11,12,7,3,2,6,0,0,1,0,1,0,0,0,"801693,2712","5822575,198","13,44241222","52,46979173",,,4140.0
217665,11,3,3601450.0,2021,10,4,2,3,0,1,2,0,0,0,1,0,0,1,"802660,5745","5829614,259","13,46300615","52,53234742",,,5058.0
217664,11,1,1100206.0,2021,10,10,4,3,1,7,0,0,1,0,1,0,0,0,"797849,142","5827164,61","13,39009166","52,51303986",,,5160.0
217663,11,1,1401049.0,2021,11,8,4,3,5,2,0,1,1,0,0,0,0,1,"795974,2724","5831978,077","13,36683149","52,55720856",,,4251.0
217662,11,7,7601341.0,2021,11,16,3,3,5,3,2,1,1,0,0,0,0,1,"798082,8894","5815053,762","13,38271249","52,40435201",,,4140.0
217661,11,7,7200307.0,2021,10,10,5,3,2,7,0,0,0,0,1,0,1,0,"794601,4334","5824197,53","13,33974795","52,48820568",,,4762.0
217660,11,11,11300620.0,2021,10,15,5,3,2,6,1,0,1,0,1,0,0,1,"803575,5764","5829718,564","13,47654925","52,53277345",,,6967.0
217659,11,7,7400823.0,2021,11,14,6,3,5,3,0,0,1,0,0,0,1,0,"797339,9776","5821869,735","13,37788635","52,46585479",,,3773.0
217658,11,10,10400938.0,2021,11,7,2,3,5,3,0,1,1,0,0,0,0,1,"815201,575","5829195,013","13,64688936","52,52148421",,,3335.0
217657,11,11,11200513.0,2021,11,8,4,3,6,4,0,1,0,1,0,0,0,0,"804615,8399","5831082,694","13,4930884","52,54441911",,,4451.0
217656,11,7,7601442.0,2021,11,13,2,3,5,3,0,0,1,0,0,0,1,0,"799280,8495","5816275,292","13,4013617","52,41464814",,,4622.0
217655,11,8,8200831.0,2021,10,10,7,3,2,6,0,0,1,0,0,0,0,0,"799589,0819","5816401,958","13,40599355","52,41561493",,,4251.0
217654,11,7,7300517.0,2021,10,9,4,3,5,3,0,0,0,0,0,0,1,0,"794243,1385","5822039,172","13,33258177","52,46905031",,,5453.0
217653,11,5,5300737.0,2021,10,3,1,2,8,1,2,0,1,0,0,0,0,0,"788028,5109","5829413,578","13,24772988","52,53847769",,,5350.0
217652,11,9,9300920.0,2021,11,7,2,2,6,4,0,0,0,1,0,0,1,0,"808474,7247","5816597,469","13,53641478","52,41243222",,,4760.0
217651,11,2,2400521.0,2021,11,14,5,3,3,6,0,0,1,0,1,0,0,0,"800602,1164","5828481,07","13,43172685","52,52332947",,,4150.0
217650,11,8,8100415.0,2021,11,16,7,3,5,2,2,1,1,0,0,0,0,0,"801453,94","5823631,826","13,43985456","52,47939464",,,3480.0
217649,11,3,3601141.0,2021,10,11,2,3,2,2,0,1,1,0,0,0,0,1,"799213,6688","5831806,169","13,41431752","52,55389755",,,4331.0
217648,11,7,7100101.0,2021,10,15,5,3,1,5,0,1,1,0,0,0,0,0,"794909,3075","5825060,291","13,3450327","52,49577354",,,2958.0
217647,11,2,2200208.0,2021,11,17,6,3,6,7,1,1,0,1,0,0,0,0,"797530,0145","5824951,072","13,383425","52,49337219",,,4571.0
217646,11,4,4500939.0,2021,11,16,4,3,2,7,2,0,1,0,0,0,0,1,"792426,3178","5824089,374","13,30771035","52,48840553",,,3352.0
217645,11,4,4200310.0,2021,10,10,5,3,1,5,0,1,1,0,0,0,0,0,"790018,1552","5826428,68","13,2743807","52,51066249",,,7750.0
217644,11,1,1100415.0,2021,10,20,4,3,6,7,2,0,1,1,0,0,0,0,"798316,8083","5829367,886","13,39893891","52,53253371",,,4762.0
217643,11,1,1400942.0,2021,10,10,7,3,2,6,0,0,1,0,0,0,1,1,"794660,2277","5830798,504","13,34645787","52,54734719",,,3152.0
217642,11,11,11300722.0,2021,10,7,6,3,3,6,0,0,1,0,0,1,0,0,"803915,2648","5828077,657","13,48004208","52,51787728",,,2851.0
217641,11,7,7100102.0,2021,11,11,3,3,0,3,0,1,1,0,0,0,0,0,"795381,8632","5824981,476","13,35190339","52,49481148",,,4863.0
217640,11,12,12100101.0,2021,11,17,5,3,6,4,2,0,0,1,0,0,1,1,"796652,8235","5832850,295","13,37759089","52,56465779",,,3234.0
217639,11,9,9100407.0,2021,11,19,3,2,0,1,2,0,1,0,0,0,0,0,"804897,3623","5821576,377","13,48852332","52,45906091",,,824.0
217638,11,12,12100102.0,2021,10,23,1,2,1,5,2,1,1,0,0,0,0,0,"796570,0109","5833685,567","13,37711955","52,57219016",,,2851.0