OBJECTID,LAND,BEZ,LOR_ab_2021,UJAHR,UMONAT,USTUNDE,UWOCHENTAG,UKATEGORIE,UART,UTYP1,ULICHTVERH,IstRad,IstPKW,IstFuss,IstKrad,IstGkfz,IstSonstige,USTRZUSTAND,LINREFX,LINREFY,XGCSWGS84,YGCSWGS84,LOR,STRASSE,quadrant
217637,11,7,7100102.0,2021,10,8,5,3,6,2,0,0,1,1,0,0,0,0,"795469,2197","5825556,735","13,35369669","52,49992095",,,4954.0
217636,11,1,1100207.0,2021,10,14,3,3,5,3,0,1,1,0,0,0,0,0,"797885,9236","5826675,655","13,39019445","52,50863689",,,4854.0
217635,11,2,2400625.0,2021,10,9,6,2,2,7,0,0,1,0,0,0,1,0,"800929,7924","5826872,358","13,43508703","52,5087295",,,4672.0
217634,11,2,2100102.0,2021,10,8,2,3,5,2,0,1,1,0,0,0,0,0,"798451,8002","5826533,729","13,39838032","52,50705543",,,5652.0
217633,11,8,8100206.0,2021,11,15,6,3,5,2,0,1,1,0,0,0,0,0,"800434,3059","5823706,843","13,42495357","52,48062893",,,5257.0
217632,11,5,5300737.0,2021,11,20,2,3,2,6,2,0,1,0,0,0,0,1,"787342,1638","5830122,106","13,23825089","52,54519236",,,3542.0
217631,11,1,1100308.0,2021,11,12,5,3,1,5,0,1,1,0,0,0,0,1,"797583,3425","5828529,56","13,38740747","52,52542008",,,5553.0
217630,11,1,1100102.0,2021,11,22,3,2,3,2,2,0,1,0,1,0,0,0,"795079,733","5827225,231","13,34945463","52,51508855",,,4754.0
217629,11,7,7601341.0,2021,10,11,7,3,6,4,0,1,0,1,0,0,0,0,"797845,7477","5815287,83","13,37944503","52,40657925",,,4239.0
217628,11,7,7501031.0,2021,10,12,5,3,2,6,0,0,1,0,0,0,0,0,"799035,9712","5819700,933","13,40083522","52,44548868",,,6451.0
217627,11,11,11300620.0,2021,10,10,2,3,6,2,0,0,1,1,0,0,0,0,"804247,1239","5828701,389","13,48548825","52,52328251",,,4623.0
217626,11,8,8100104.0,2021,10,11,1,3,2,6,0,1,1,0,0,0,0,0,"800261,2607","5822199,105","13,42105586","52,46720957",,,2749.0
217625,11,1,1100309.0,2021,11,17,4,3,5,2,2,0,1,0,0,0,1,0,"797642,364","5828614,616","13,38835101","52,52615028",,,2847.0
217624,11,7,7300618.0,2021,11,0,7,3,1,5,2,1,1,0,0,0,0,0,"794946,2157","5822532,9","13,34333848","52,47309715",,,4451.0
217623,11,1,1100205.0,2021,10,8,2,3,1,5,0,1,0,0,0,0,1,1,"797047,484","5826540,421","13,37775623","52,50788184",,,7850.0
217622,11,3,3601453.0,2021,10,11,5,3,5,2,0,0,1,0,0,0,1,1,"802555,5106","5828615,661","13,46055332","52,52345542",,,4569.0
217621,11,3,3100103.0,2021,10,4,4,3,0,1,2,0,0,0,1,0,0,1,"804357,0873","5840432,503","13,49787248","52,62836044",,,2250.0
217620,11,2,2100106.0,2021,11,18,5,3,2,6,2,0,1,0,0,0,0,0,"799852,8123","5825696,906","13,41820738","52,49878642",,,2951.0
217619,11,10,10300734.0,2021,11,1,3,3,9,1,2,0,1,0,0,0,0,0,"809578,5766","5825251,04","13,56061271","52,48936094",,,1827.0
217618,11,10,10100311.0,2021,10,13,5,3,5,2,0,1,1,0,0,0,0,0,"806821,4281","5830312,467","13,52479973","52,53627875",,,2647.0
217617,11,3,3501038.0,2021,10,14,6,3,5,2,0,0,0,0,0,1,1,1,"803613,1319","5832012,588","13,4791978","52,55331308",,,5446.0
217616,11,12,12500926.0,2021,10,8,6,3,0,4,0,0,0,1,1,0,0,0,"793612,7823","5836128,098","13,335774","52,59568913",,,4330.0
217615,11,1,1100102.0,2021,11,6,3,3,2,6,1,0,1,0,0,0,0,0,"795191,8738","5827240,137","13,35111563","52,51516149",,,2847.0
217614,11,2,2300419.0,2021,11,18,5,3,1,5,2,1,1,0,0,0,0,1,"801714,07","5825847,935","13,44567964","52,4991143",,,5852.0
217613,11,3,3601141.0,2021,11,18,3,3,2,6,2,0,1,0,0,0,0,0,"798803,1957","5831788,89","13,40826573","52,55396802",,,4140.0
217612,11,11,11400929.0,2021,10,17,1,2,5,2,0,1,0,0,1,0,0,0,"804577,6529","5826365,802","13,48820744","52,50216514",,,3842.0
217611,11,3,3601142.0,2021,10,8,5,3,5,3,0,1,1,0,0,0,0,0,"799178,0636","5831224,174","13,41326952","52,54870044",,,2848.0
217610,11,2,2400521.0,2021,10,18,2,3,1,5,2,1,1,0,0,0,0,0,"801080,5599","5828002,557","13,43832435","52,5187765",,,4960.0
217609,11,4,4501042.0,2021,10,19,2,3,5,2,1,0,1,0,1,0,0,0,"793933,9043","5826060,96","13,33158955","52,50527022",,,4067.0
217608,11,5,5200528.0,2021,11,18,2,3,5,2,2,1,1,0,0,0,0,1,"783922,8123","5826614,916","13,18496766","52,51553923",,,6236.0
217607,11,3,3601450.0,2021,11,9,5,3,6,2,0,0,1,1,0,0,0,0,"802189,9931","5829405,043","13,45589963","52,53073331",,,3843.0
217606,11,1,1100415.0,2021,11,21,1,2,0,1,2,1,0,0,0,0,0,1,"798300,0997","5829371,235","13,39869632","52,53257287",,,4332.0
217605,11,6,6100209.0,2021,10,19,3,3,0,7,2,0,1,0,1,0,0,1,"794340,4713","5821633,018","13,33365222","52,4653569",,,4343.0
217604,11,8,8100520.0,2021,10,18,2,3,6,2,2,0,1,1,0,0,0,0,"803194,34","5822726,506","13,46458015","52,4703169",,,4754.0
217603,11,1,1300733.0,2021,11,18,7,3,6,4,2,0,0,1,1,0,0,1,"797115,9217","5831791,73","13,38345521","52,55491653",,,3045.0
217602,11,4,4300621.0,2021,11,14,2,3,6,7,0,0,1,1,0,0,0,0,"792158,5611","5827225,533","13,30652985","52,51666392",,,3843.0
217601,11,7,4501153.0,2021,11,15,2,3,0,1,1,1,0,0,0,0,0,1,"793902,9657","5822964,088","13,32840339","52,4775249",,,1225.0
217600,11,10,10200630.0,2021,10,7,6,3,5,2,0,1,1,0,0,0,0,0,"811561,006","5828996,093","13,59322011","52,52179381",,,4059.0
217599,11,1,1100312.0,2021,10,12,6,3,5,3,0,0,1,0,1,0,0,0,"799684,7945","5827210,079","13,41710177","52,51244199",,,4341.0
217598,11,5,5200528.0,2021,10,23,6,2,0,6,2,0,1,0,0,0,0,0,"783659,2617","5825416,451","13,18007276","52,50493066",,,3151.0
217597,11,5,5100104.0,2021,11,7,4,2,5,2,0,0,1,0,1,0,0,0,"785842,9887","5831731,015","13,21758886","52,5604061",,,5752.0
217596,11,1,1100308.0,2021,11,8,5,3,2,6,0,1,1,0,0,0,0,0,"797031,8573","5828963,166","13,37968987","52,5296076",,,4439.0
217595,11,3,3400721.0,2021,10,1,7,2,0,1,2,0,0,0,0,0,1,0,"797891,5783","5833071,64","13,39601109","52,56596548",,,2946.0
217594,11,5,5100313.0,2021,10,1,2,2,1,7,2,0,1,0,0,0,1,1,"785222,7195","5830952,369","13,20779457","52,55375015",,,2648.0
217593,11,2,2100102.0,2021,10,18,3,3,0,1,2,0,0,0,1,0,0,1,"798095,4588","5825498,857","13,39221915","52,49797391",,,5158.0
217592,11,7,7501029.0,2021,10,14,2,3,2,6,0,0,0,0,1,0,1,0,"797411,7998","5818684,226","13,3761038","52,43726075",,,4760.0
217591,11,8,8200624.0,2021,11,20,3,2,5,3,2,0,1,0,0,0,0,1,"801182,5908","5820607,225","13,43314131","52,45243393",,,5553.0
217590,11,1,1400939.0,2021,10,21,4,3,5,3,2,0,1,0,0,0,1,0,"794235,2325","5831837,308","13,34112905","52,55688905",,,4539.0
217589,11,7,7501030.0,2021,10,18,4,3,2,6,2,0,1,0,0,0,0,0,"797857,9301","5820148,969","13,38395299","52,45014787",,,5059.0
217588,11,7,7501031.0,2021,11,16,1,3,2,2,2,0,1,0,0,0,0,1,"798376,6832","5819792,42","13,39124533","52,44666893",,,6865.0
217587,11,4,4400728.0,2021,11,16,4,3,5,2,1,1,1,0,0,0,0,0,"789646,15","5823293,614","13,26618832","52,4827535",,,4856.0
217586,11,12,12601235.0,2021,11,16,7,3,5,2,2,0,1,0,0,0,0,0,"795279,246","5836365,42","13,36051697","52,59691423",,,4160.0
217585,11,7,7400826.0,2021,10,13,1,3,5,3,0,0,1,0,1,0,0,0,"796169,86","5820559,844","13,35955021","52,45474819",,,2429.0
217584,11,2,2200210.0,2021,10,20,7,3,5,3,2,0,1,0,0,0,0,0,"798902,0795","5825248,94","13,40384177","52,49529257",,,4571.0
217583,11,1,1401048.0,2021,11,18,5,3,4,6,1,1,0,0,0,0,1,1,"795359,253","5831474,906","13,3573383","52,553032",,,2851.0
217582,11,7,7300619.0,2021,11,15,6,3,5,3,0,0,1,0,0,0,0,0,"795302,4044","5821653,823","13,34778921","52,46502436",,,5069.0
217581,11,11,11400929.0,2021,10,7,2,3,6,4,0,1,0,1,0,0,0,1,"805002,2219","5826582,484","13,49464139","52,50387002",,,2958.0
217580,11,6,6300528.0,2021,10,14,4,3,2,6,0,0,1,0,0,0,0,0,"790081,0432","5815799,589","13,26606639","52,41533645",,,4160.0
217579,11,7,7300517.0,2021,11,14,5,3,0,7,0,0,1,0,0,0,0,0,"794227,6931","5822043,216","13,33235862","52,46909488",,,4761.0
217578,11,4,4501044.0,2021,11,8,4,3,5,2,0,1,1,0,0,0,0,1,"793207,1286","5824549,012","13,3195814","52,49210723",,,4334.0
217577,11,6,6300525.0,2021,10,16,5,3,5,3,0,0,1,0,0,0,0,0,"790244,9159","5814894,175","13,26768412","52,40713221",,,5349.0
217576,11,2,2400521.0,2021,10,17,5,3,5,2,0,1,1,0,0,0,0,1,"801247,6344","5827817,247","13,44061142","52,51702327",,,4860.0
217575,11,2,2500836.0,2021,10,15,6,2,0,7,0,1,0,0,0,0,0,0,"803155,4037","5825742,064","13,46675101","52,49736666",,,5534.0
217574,11,10,10400835.0,2021,11,11,1,3,8,1,0,0,1,0,0,0,0,1,"812035,6468","5829714,196","13,60086681","52,52795746",,,3945.0
217573,11,1,1100310.0,2021,11,16,5,3,3,6,2,0,0,0,1,0,1,1,"799570,9657","5828237,159","13,41635424","52,5217107",,,4956.0
217572,11,12,12601235.0,2021,11,18,3,3,2,2,1,0,1,0,0,0,0,0,"795448,6174","5836390,603","13,36303273","52,59704798",,,3046.0
217571,11,5,5100317.0,2021,10,17,7,3,5,2,0,1,1,0,0,0,0,0,"788108,4916","5827861,977","13,24756105","52,52452466",,,4251.0
217570,11,2,2400520.0,2021,10,11,5,3,5,3,0,1,1,0,0,0,0,0,"800158,7737","5828921,196","13,42560919","52,5275187",,,3752.0
217569,11,2,2200208.0,2021,10,6,2,3,5,2,1,1,0,0,0,0,1,0,"797942,073","5825259,243","13,38975201","52,49590982",,,2831.0
217568,11,7,9100306.0,2021,11,10,2,3,2,6,0,0,1,0,0,0,0,0,"802844,5517","5821408,299","13,45825024","52,45869581",,,5160.0
217567,11,9,9100407.0,2021,11,12,5,3,6,3,0,0,1,1,0,0,0,0,"806202,3708","5820381,725","13,50657515","52,44762434",,,4160.0
217566,11,1,1100103.0,2021,11,23,7,3,5,7,2,0,1,0,1,0,0,0,"795943,3363","5825629,806","13,36072569","52,50031905",,,3442.0
217565,11,6,6300634.0,2021,10,16,2,2,6,4,0,0,1,1,0,0,0,0,"792088,6255","5818851,757","13,29816673","52,44163155",,,2849.0
217564,11,11,11401135.0,2021,10,15,3,3,5,3,0,1,1,0,0,0,0,1,"805525,1333","5825983,06","13,50177149","52,49820518",,,7850.0
217563,11,1,1100310.0,2021,10,13,5,3,3,6,0,0,0,0,1,0,1,1,"799535,5773","5828192,711","13,41579419","52,52133172",,,2932.0
217562,11,8,8100311.0,2021,11,14,6,2,0,6,0,0,1,0,0,0,1,0,"800531,8852","5824457,65","13,42706299","52,487305",,,3051.0
217561,11,5,5300737.0,2021,10,19,5,2,0,3,0,0,1,0,1,0,0,0,"786959,4961","5829439,545","13,23203373","52,5392745",,,3243.0
217560,11,10,10200629.0,2021,10,15,6,3,5,3,0,1,1,0,0,0,0,1,"810492,8158","5827963,165","13,57656296","52,51314652",,,5437.0
217559,11,4,4100101.0,2021,10,17,7,3,5,2,0,0,1,0,0,0,0,0,"793341,4394","5829716,114","13,32610937","52,53835585",,,1025.0
217558,11,1,1100102.0,2021,10,14,6,3,5,3,0,1,1,0,0,0,0,0,"796701,2086","5827974,224","13,37394759","52,52092284",,,3944.0
217557,11,10,10100205.0,2021,11,14,3,3,0,7,0,0,0,0,1,1,0,1,"807651,9997","5830816,496","13,53747341","52,54032763",,,6334.0
217556,11,1,1401045.0,2021,11,7,6,3,2,6,0,0,1,0,0,0,1,1,"797029,9404","5831894,572","13,38228275","52,55588528",,,3252.0
217555,11,12,12500928.0,2021,11,7,5,3,6,4,0,0,1,1,0,0,0,1,"792033,7511","5837425,011","13,31367264","52,60816562",,,6128.0
217554,11,6,6300632.0,2021,10,10,1,3,5,3,0,1,1,0,0,0,0,0,"791635,762","5816259,787","13,28926249","52,41863603",,,3046.0
217553,11,1,1100103.0,2021,10,10,5,3,2,6,0,0,1,0,1,0,0,0,"795264,2174","5826017,545","13,35109407","52,50416273",,,542.0
217552,11,1,1200628.0,2021,10,0,2,3,5,3,2,0,1,0,0,0,1,0,"796149,2022","5828343,07","13,36616409","52,52452927",,,3841.0
217551,11,7,7200409.0,2021,10,9,3,3,1,5,0,0,1,0,0,0,1,1,"795832,9298","5824515,496","13,3581144","52,49039005",,,4863.0
217550,11,8,8200832.0,2021,11,17,2,3,5,2,2,0,1,0,0,0,0,1,"800307,955","5816744,853","13,41683949","52,41829458",,,4157.0
217549,11,8,8100102.0,2021,11,12,7,3,3,6,0,0,1,0,1,0,0,0,"800028,224","5823616,12","13,41891028","52,48003899",,,4954.0
217548,11,11,11401136.0,2021,11,21,2,3,1,5,2,0,1,0,0,0,1,0,"805921,5165","5826022,053","13,50762821","52,4983326",,,5453.0
217547,11,3,3601243.0,2021,10,14,3,3,5,3,0,0,1,0,0,0,0,1,"799519,4013","5831529,211","13,41856358","52,55124703",,,6251.0
217546,11,6,6100101.0,2021,11,16,7,3,5,3,2,0,1,0,0,0,0,1,"793396,9205","5820360,753","13,31868479","52,45445892",,,4855.0
217545,11,12,12100101.0,2021,11,0,2,3,3,6,2,0,1,0,0,0,1,1,"795788,0202","5832580,62","13,36462923","52,56271096",,,4957.0
217544,11,11,11300721.0,2021,11,7,3,2,6,4,0,0,1,1,0,0,0,1,"804944,6282","5829955,082","13,49688696","52,53412905",,,2947.0
217543,11,2,2500833.0,2021,11,2,7,3,5,3,2,0,1,0,1,0,0,0,"802520,771","5827279,593","13,45882798","52,51149961",,,4855.0
217542,11,4,4300414.0,2021,10,16,6,3,3,6,0,1,1,0,0,0,1,0,"791170,3719","5826589,824","13,29145177","52,51149333",,,4253.0
217541,11,5,5100104.0,2021,10,15,1,2,0,7,0,1,0,0,0,0,0,0,"785629,4534","5831545,508","13,21428777","52,55885494",,,4675.0
217540,11,2,2500833.0,2021,10,2,1,3,0,1,2,0,0,0,0,0,1,0,"802233,3761","5827122,103","13,45446299","52,51024734",,,3241.0
217539,11,11,11100205.0,2021,11,17,3,3,5,3,2,1,1,0,0,0,0,0,"805804,5133","5833786,076","13,51305281","52,56798157",,,5652.0
217538,11,1,1300732.0,2021,11,16,5,3,2,4,2,0,1,1,1,0,0,1,"797778,8208","5832025,008","13,39341324","52,55664552",,,6335.0
217537,11,1,1400940.0,2021,10,12,7,3,0,7,0,0,0,0,1,0,0,0,"795279,6849","5832284,069","13,35688797","52,56032856",,,4570.0
217536,11,3,3400831.0,2021,10,11,6,3,2,6,0,1,1,0,0,0,0,0,"799092,2746","5833226,493","13,41381244","52,56669519",,,3252.0
217535,11,9,9501939.0,2021,10,6,3,2,6,2,2,0,1,1,0,0,0,0,"810999,7098","5821744,103","13,57820641","52,45712584",,,5666.0
217534,11,9,9200613.0,2021,10,11,4,2,5,3,0,0,1,0,0,0,0,0,"805913,493","5821828,024","13,5036627","52,46074847",,,1225.0
217533,11,1,1200520.0,2021,10,16,2,3,5,2,0,1,0,0,0,0,1,0,"794584,3055","5828544,52","13,34334331","52,52718291",,,7850.0
217532,11,3,3300516.0,2021,11,12,3,3,5,3,0,0,1,0,0,0,0,1,"800939,9932","5833548,048","13,44128282","52,56855908",,,1752.0
217531,11,4,4501045.0,2021,10,8,4,3,1,5,0,1,1,0,0,0,0,1,"793583,2653","5825239,103","13,32571375","52,49809143",,,2751.0
217530,11,7,7300517.0,2021,10,9,4,2,5,3,0,1,1,0,0,0,0,0,"794211,1016","5822738,666","13,33272845","52,47533819",,,3059.0
217529,11,2,2300418.0,2021,11,17,6,3,0,6,1,1,1,0,0,0,0,0,"800969,1198","5825491,657","13,43441683","52,49633223",,,4754.0
217528,11,6,6200317.0,2021,11,10,1,2,0,3,0,1,1,0,0,0,0,1,"796016,9684","5816658,409","13,35385171","52,41985739",,,4351.0
217527,11,1,1200517.0,2021,11,8,4,3,2,2,0,1,1,0,0,0,0,0,"793528,0701","5828172,277","13,32748998","52,52441566",,,4333.0
217526,11,1,1400940.0,2021,11,17,7,2,6,4,1,0,1,1,0,0,0,0,"795166,4813","5832148,897","13,35510266","52,55917824",,,5356.0
217525,11,9,9100101.0,2021,11,15,3,3,3,6,0,1,1,0,0,0,0,0,"802329,2035","5824729,129","13,45369849","52,48874599",,,6951.0
217524,11,1,1401045.0,2021,11,3,7,3,2,6,2,0,1,0,0,0,0,0,"796626,393","5831742,888","13,3762123","52,55474556",,,5353.0
217523,11,8,8100419.0,2021,11,20,1,2,5,3,2,0,1,0,1,0,0,1,"802276,9271","5823896,553","13,45217592","52,48131252",,,4160.0
217522,11,1,1300835.0,2021,10,15,3,3,5,2,0,1,1,0,0,0,0,0,"797542,482","5829416,146","13,38760043","52,53338954",,,4163.0
217521,11,1,1100313.0,2021,10,20,2,3,5,2,2,1,1,0,0,0,0,0,"800081,8818","5826457,271","13,42225691","52,50547597",,,5059.0
217520,11,7,7100205.0,2021,11,18,7,3,5,2,2,1,1,0,0,0,0,1,"796419,83","5824874,48","13,36705253","52,49328964",,,4813.0
217519,11,4,4501042.0,2021,11,9,2,3,3,6,0,1,1,0,0,0,0,1,"793523,8806","5825788,119","13,32532538","52,50304506",,,3870.0
217518,11,7,7400823.0,2021,11,19,3,3,5,2,2,1,1,0,0,0,0,0,"797315,413","5822178,133","13,37780061","52,46863264",,,4754.0
217517,11,12,12500930.0,2021,11,10,6,3,2,6,0,0,1,0,0,0,0,1,"793377,3939","5835176,886","13,33146636","52,58728918",,,6235.0
217516,11,4,4501043.0,2021,10,14,6,3,3,6,0,1,1,0,0,0,0,0,"792679,0652","5825314,686","13,31249857","52,49925468",,,4428.0
217515,11,11,11300721.0,2021,10,15,6,3,2,6,0,0,1,0,0,0,0,1,"804484,0582","5829889,528","13,49005777","52,533799",,,5349.0
217514,11,3,3601141.0,2021,10,19,6,3,2,7,2,0,1,0,0,0,0,0,"798853,3246","5831816,941","13,40902815","52,55419194",,,4668.0
217513,11,3,3500936.0,2021,11,15,4,3,6,4,0,0,1,1,0,0,0,0,"802705,3762","5831819,485","13,46567392","52,55208759",,,5752.0
217512,11,1,1100310.0,2021,11,11,5,3,2,6,0,0,1,0,0,0,0,0,"799278,8488","5828514,269","13,41231101","52,52435497",,,4065.0
217511,11,11,11401136.0,2021,10,16,6,3,5,3,0,1,1,0,0,0,0,0,"805668,8371","5825959,544","13,50386022","52,49791396",,,5446.0
217510,11,12,12100103.0,2021,10,16,6,3,5,3,0,1,1,0,0,0,0,0,"795601,1007","5833255,665","13,36248124","52,56886359",,,5183.0
217509,11,8,8401243.0,2021,10,19,3,3,2,2,2,0,1,0,0,0,0,0,"805546,2863","5818550,314","13,49527723","52,43157719",,,5453.0
217508,11,9,9200715.0,2021,10,18,3,3,2,6,2,0,1,0,1,0,0,1,"808768,1166","5819044,377","13,54297296","52,43419615",,,4539.0
217507,11,5,5200423.0,2021,11,7,3,3,6,4,0,0,1,1,0,0,0,1,"782092,2608","5828083,528","13,15930889","52,52965743",,,2749.0
217506,11,2,2200208.0,2021,10,22,4,3,2,6,2,1,1,0,0,0,0,0,"797535,1286","5824986,801","13,38353201","52,49368968",,,3144.0
217505,11,2,2500833.0,2021,10,23,4,3,5,3,2,0,1,0,0,0,1,0,"802036,5928","5827168,11","13,45161397","52,51076869",,,2751.0
217504,11,6,6100205.0,2021,11,11,7,3,6,4,0,0,1,1,0,0,0,0,"794983,5146","5820025,88","13,3416704","52,45060305",,,5381.0
217503,11,1,1300733.0,2021,11,9,1,3,0,6,0,0,1,0,1,0,0,1,"797384,1716","5831191,815","13,38686285","52,54939264",,,2877.0
217502,11,1,1401046.0,2021,11,7,4,3,5,7,0,0,1,0,1,0,0,0,"794628,5084","5829879,802","13,34517661","52,53912887",,,3244.0
217501,11,9,9100407.0,2021,11,23,7,3,9,1,2,0,1,0,0,0,0,0,"806391,8222","5821054,859","13,50997151","52,45355111",,,4753.0
217500,11,12,12500929.0,2021,10,18,7,3,1,5,2,0,1,0,0,0,1,0,"794556,8116","5838557,852","13,35183335","52,6169592",,,1453.0
217499,11,2,2100104.0,2021,10,0,7,3,2,6,2,0,1,0,0,0,0,0,"799261,8834","5826226,906","13,41000461","52,50386147",,,3841.0
217498,11,4,4300517.0,2021,11,18,5,3,3,6,1,0,0,0,1,0,1,0,"791424,6598","5828602,153","13,29695124","52,52939781",,,2946.0
217497,11,11,11300721.0,2021,11,20,5,2,2,6,2,0,1,0,1,0,1,1,"804564,5288","5829902,497","13,49125234","52,53387028",,,3046.0
217496,11,8,8100207.0,2021,10,18,7,3,0,3,1,0,0,0,1,0,1,0,"800857,1332","5823454,302","13,43093312","52,47813254",,,5237.0
217495,11,5,5100316.0,2021,10,13,4,3,0,6,0,0,0,0,0,0,1,0,"784814,5231","5828981,356","13,2001","52,53629177",,,2857.0
217494,11,1,1100310.0,2021,11,22,5,3,1,5,2,0,1,0,0,0,1,0,"798943,8287","5827809,397","13,40675415","52,5182206",,,3163.0
217493,11,10,10400835.0,2021,11,15,3,3,5,3,0,0,1,0,0,0,0,1,"811906,8705","5829738,712","13,59899769","52,52825085",,,5840.0
217492,11,6,6200421.0,2021,10,17,5,3,2,6,0,0,1,0,0,0,0,0,"793344,9218","5817703,876","13,31558935","52,43066859",,,3144.0
217491,11,5,5200629.0,2021,10,15,5,3,5,3,0,1,1,0,0,0,0,1,"784451,491","5828665,447","13,19449165","52,53364893",,,3921.0
217490,11,11,11100101.0,2021,10,7,6,3,5,3,0,0,1,0,0,0,0,0,"806094,9247","5834574,408","13,51805179","52,5748835",,,3542.0
217489,11,7,7501133.0,2021,11,6,2,3,5,2,2,0,1,0,0,0,1,1,"798365,9447","5818414,757","13,38985787","52,4343256",,,5546.0
217488,11,12,12400720.0,2021,11,16,5,2,5,3,2,1,1,0,0,0,0,1,"789641,7935","5839723,212","13,28046123","52,63004866",,,3970.0
217487,11,7,7400721.0,2021,11,12,3,3,3,6,0,0,1,0,1,0,0,0,"798266,6729","5823970,523","13,39336576","52,48418075",,,4041.0
217486,11,9,9100306.0,2021,10,7,6,3,6,7,1,0,0,1,0,0,1,0,"804294,2863","5820116,452","13,47834448","52,44631203",,,3058.0
217485,11,10,10100311.0,2021,10,11,5,3,2,1,0,0,1,0,0,0,0,0,"806488,3372","5829477,297","13,51913411","52,52898123",,,3162.0
217484,11,8,8100314.0,2021,10,18,2,3,5,2,2,0,0,0,1,0,0,0,"800354,4046","5824333,67","13,42434531","52,48629139",,,4673.0
217483,11,5,5100315.0,2021,10,15,1,3,2,6,0,0,1,0,0,0,1,0,"784333,593","5830127,742","13,19400969","52,54682145",,,5059.0
217482,11,1,1300733.0,2021,11,1,5,3,5,2,2,0,1,0,0,0,0,0,"797170,1409","5831905,071","13,38435404","52,55590292",,,5752.0
217481,11,1,1100416.0,2021,11,13,1,3,5,3,0,0,1,0,0,0,0,1,"798931,1762","5829608,377","13,40818547","52,53435278",,,7051.0
217480,11,4,4501042.0,2021,10,17,2,2,5,2,0,1,1,0,0,0,0,0,"793968,9948","5826164,308","13,33219632","52,50617777",,,4153.0
217479,11,6,6200311.0,2021,10,17,3,3,2,6,0,0,1,0,0,0,0,1,"796602,1964","5818373,827","13,36395349","52,43491792",,,5237.0
217478,11,1,1100102.0,2021,11,18,5,3,2,6,2,0,1,0,1,0,0,0,"795237,9283","5826689,143","13,35130351","52,51019733",,,2847.0
217477,11,4,4100101.0,2021,10,8,5,3,5,2,0,1,1,0,0,0,0,0,"793355,7609","5829670,942","13,32628004","52,5379432",,,4654.0
217476,11,10,10100312.0,2021,10,16,6,2,5,3,0,0,1,0,0,0,0,1,"807841,2039","5829077,774","13,53864424","52,5246385",,,4067.0
217475,11,1,1100101.0,2021,10,10,7,3,5,3,0,0,1,0,0,0,1,0,"795324,7405","5826262,234","13,35220021","52,50632342",,,4229.0
217474,11,1,1100308.0,2021,10,15,6,3,0,2,0,1,1,0,0,0,0,0,"797013,7313","5828942,383","13,37940488","52,52943118",,,5059.0
217473,11,6,6400737.0,2021,11,19,2,3,5,2,2,0,0,0,0,1,1,1,"784819,1199","5815922,887","13,18901364","52,41920553",,,4960.0
217472,11,10,10400837.0,2021,11,16,5,3,2,2,1,1,1,0,0,0,0,1,"810306,174","5826003,977","13,57199561","52,49569537",,,7849.0
217471,11,9,9301025.0,2021,11,10,4,3,6,7,0,0,1,1,0,0,0,0,"811296,4728","5816172,077","13,57737269","52,40702284",,,3268.0
217470,11,4,4501043.0,2021,10,2,1,3,1,5,2,0,1,0,0,0,1,0,"792470,3158","5825282,621","13,30940404","52,49907915",,,1626.0
217469,11,1,1200520.0,2021,10,8,2,2,0,1,0,1,0,0,0,0,0,1,"794543,6998","5829042,897","13,34318804","52,53167245",,,2857.0
217468,11,7,7400927.0,2021,10,3,4,3,5,3,2,1,1,0,0,0,0,0,"798476,5658","5821909,468","13,39460309","52,46559125",,,1025.0
217467,11,10,10200421.0,2021,11,11,6,3,5,2,0,0,1,0,0,0,0,1,"812195,2044","5830919,408","13,60434311","52,53866616",,,5463.0
217466,11,5,5100101.0,2021,11,12,2,3,6,7,0,0,0,1,0,0,1,1,"785331,2205","5832501,649","13,21072273","52,56758388",,,4150.0
217465,11,11,11100203.0,2021,10,23,3,2,9,7,2,0,1,0,0,0,0,1,"807728,3831","5833693,874","13,54126303","52,56607121",,,5446.0
217464,11,4,4200311.0,2021,11,19,7,2,6,4,2,0,1,1,0,0,0,1,"789925,1236","5825062,24","13,2718238","52,49846156",,,4163.0
217463,11,1,1300733.0,2021,11,19,1,3,5,2,1,1,1,0,0,0,0,1,"797164,2442","5831923,911","13,38428419","52,55607501",,,3046.0
217462,11,11,11501341.0,2021,11,15,4,2,0,1,0,1,0,0,0,0,0,0,"806358,3083","5824417,427","13,51256724","52,48370645",,,7849.0
217461,11,7,7100103.0,2021,11,14,6,3,6,7,0,1,0,1,0,0,0,0,"795662,5829","5824973,103","13,35601886","52,49458443",,,3059.0
217460,11,8,8301036.0,2021,10,16,6,3,0,5,0,0,1,0,0,0,1,0,"803562,7757","5817816,557","13,46552583","52,42610478",,,3145.0
217459,11,4,4300623.0,2021,10,14,7,2,0,1,0,1,0,0,0,0,0,0,"792649,47","5826097,044","13,31275145","52,50628417",,,2855.0
217458,11,9,9300922.0,2021,10,21,7,3,5,3,2,0,1,0,0,0,0,0,"808176,3678","5815758,559","13,53126996","52,40508178",,,4618.0