OBJECTID,LAND,BEZ,LOR_ab_2021,UJAHR,UMONAT,USTUNDE,UWOCHENTAG,UKATEGORIE,UART,UTYP1,ULICHTVERH,IstRad,IstPKW,IstFuss,IstKrad,IstGkfz,IstSonstige,USTRZUSTAND,LINREFX,LINREFY,XGCSWGS84,YGCSWGS84,LOR,STRASSE,quadrant
217457,11,2,2200208.0,2021,11,20,3,3,5,3,2,1,0,0,0,0,1,0,"797831,7117","5824902,564","13,3878123","52,49277285",,,3046.0
217456,11,9,9200511.0,2021,11,19,5,3,6,2,2,0,1,1,0,0,0,1,"806623,6038","5822055,382","13,51429061","52,46238818",,,4448.0
217455,11,8,8100104.0,2021,10,13,7,3,2,6,0,1,1,0,0,0,0,0,"800823,2679","5822596,951","13,42966273","52,47046646",,,4248.0
217454,11,4,4300415.0,2021,10,15,6,2,4,2,0,1,1,0,0,0,0,0,"790787,1613","5826106,985","13,28539912","52,50736909",,,5547.0
217453,11,6,6200313.0,2021,10,14,4,3,2,6,0,0,1,0,0,0,0,0,"795383,3709","5818429,033","13,34612564","52,43607237",,,3051.0
217452,11,9,9401329.0,2021,10,12,3,2,3,6,0,1,0,0,0,0,1,0,"813703,0807","5818872,649","13,61516734","52,42984967",,,2854.0
217451,11,5,5100313.0,2021,11,17,4,3,2,6,2,0,1,0,0,1,0,0,"785349,3009","5830145,067","13,20896272","52,5464457",,,4330.0
217450,11,5,5100104.0,2021,11,15,3,3,5,2,1,0,1,0,1,0,0,1,"785204,3796","5831256,454","13,20778607","52,55648614",,,4430.0
217449,11,10,10400939.0,2021,10,12,4,3,5,3,0,0,1,0,0,0,0,0,"812270,9006","5827750,853","13,60248054","52,51022899",,,4957.0
217448,11,9,9501736.0,2021,10,18,4,2,5,3,1,1,1,0,0,0,0,0,"812506,469","5821294,466","13,5998891","52,45223713",,,3060.0
217447,11,8,8100311.0,2021,11,20,6,3,1,5,2,1,1,0,0,0,0,1,"800551,9008","5824572,015","13,42746001","52,48831908",,,5352.0
217446,11,1,1100206.0,2021,11,3,7,2,0,7,2,0,1,0,0,0,0,0,"797527,3616","5827550,12","13,38570865","52,51667112",,,4336.0
217445,11,3,3300514.0,2021,11,15,4,3,1,5,0,1,0,0,0,0,1,1,"801610,8423","5836203,854","13,4535673","52,59199158",,,5752.0
217444,11,12,12200308.0,2021,11,17,1,3,5,3,2,0,1,0,0,0,0,0,"792576,291","5833283,27","13,31800399","52,57074527",,,4960.0
217443,11,9,9100408.0,2021,10,9,7,2,0,3,0,1,0,0,0,0,1,0,"806625,7374","5820410,953","13,51281196","52,44764903",,,4448.0
217442,11,8,8401241.0,2021,10,12,5,3,2,6,0,0,1,0,0,0,0,0,"804039,4188","5819189,79","13,47376289","52,43814827",,,23.0
217441,11,5,5100312.0,2021,10,15,2,3,5,2,0,0,1,0,0,0,1,0,"784605,3116","5830949,821","13,19871059","52,5540503",,,3033.0
217440,11,4,4200206.0,2021,10,15,1,3,0,6,0,1,1,0,0,0,0,0,"785811,5614","5825560,539","13,21182052","52,50509928",,,3945.0
217439,11,10,10100315.0,2021,11,9,5,3,5,3,0,1,1,0,0,0,0,0,"809921,5604","5831425,786","13,57139954","52,54450181",,,3152.0
217438,11,2,2100104.0,2021,11,13,6,3,2,6,0,0,1,0,0,0,0,1,"799063,2577","5826452,391","13,40728956","52,50599152",,,4652.0
217437,11,7,7501029.0,2021,10,15,1,2,5,2,0,0,1,0,1,0,0,0,"797567,4749","5819724,343","13,37931331","52,4464997",,,4343.0
217436,11,8,8100102.0,2021,10,17,5,3,0,4,0,1,0,1,0,0,0,1,"800481,8592","5823566,988","13,42552566","52,4793492",,,5548.0
217435,11,4,4200308.0,2021,11,15,5,2,5,7,0,0,1,0,0,0,0,0,"790302,3738","5827712,922","13,27967749","52,52202464",,,3742.0
217434,11,6,6400842.0,2021,11,8,4,3,5,3,0,0,1,0,0,0,1,0,"789616,7247","5819794,879","13,2627194","52,45140179",,,4160.0
217433,11,11,11300721.0,2021,10,9,5,3,2,6,0,0,1,0,0,0,0,0,"804164,006","5829854,544","13,48532184","52,53366415",,,3921.0
217432,11,12,12500926.0,2021,10,14,5,3,5,3,0,0,1,0,1,0,0,1,"793432,049","5836093,955","13,33308317","52,59548061",,,3152.0
217431,11,1,1200517.0,2021,10,10,6,3,5,3,0,1,1,0,0,0,0,0,"793522,9213","5829121,3","13,32825216","52,53292594",,,4059.0
217430,11,11,11501341.0,2021,11,3,2,2,0,1,2,0,0,0,1,0,0,1,"807230,8513","5824132,037","13,52511307","52,48065852",,,4448.0
217429,11,6,6400737.0,2021,11,14,5,3,5,3,0,0,1,0,0,0,0,1,"786980,967","5817343,545","13,22193481","52,43081364",,,4571.0
217428,11,1,1100207.0,2021,11,9,3,3,0,6,0,1,1,0,0,0,0,0,"798887,7606","5826816,385","13,40503839","52,50935039",,,4140.0
217427,11,10,10400837.0,2021,10,12,1,3,5,3,0,1,1,0,0,0,0,0,"810625,4379","5825649,902","13,57635319","52,49234074",,,6235.0
217426,11,9,9100306.0,2021,10,7,5,2,5,3,0,0,1,0,0,0,0,0,"803092,139","5820939,82","13,46145778","52,45435959",,,4046.0
217425,11,4,4200309.0,2021,10,15,3,3,5,2,0,0,1,0,1,0,0,0,"789001,2995","5826835,346","13,25979222","52,51484808",,,5652.0
217424,11,8,8200832.0,2021,11,15,3,2,5,2,0,0,1,0,0,0,0,0,"800308,5856","5816747,852","13,41685143","52,41832111",,,4956.0
217423,11,5,5200631.0,2021,11,13,5,3,6,7,0,0,0,1,0,0,1,1,"784923,1964","5827541,283","13,20046364","52,52332331",,,4335.0
217422,11,1,1100313.0,2021,11,16,1,3,5,3,1,1,1,0,0,0,0,1,"799894,6463","5826511,669","13,41955557","52,50606651",,,4445.0
217421,11,1,1100206.0,2021,10,22,2,3,0,4,2,0,0,1,0,0,1,0,"797685,2449","5827905,76","13,38834675","52,51977285",,,5354.0
217420,11,7,7100205.0,2021,10,10,5,3,5,3,0,1,1,0,0,0,0,0,"796286,2593","5825323,78","13,3654905","52,49738973",,,4058.0
217419,11,10,10200524.0,2021,10,11,2,1,6,7,0,0,0,1,0,0,1,0,"812421,9804","5830373,551","13,6071628","52,53364474",,,3381.0
217418,11,4,4500937.0,2021,11,8,2,2,5,2,0,0,1,0,0,0,0,0,"790959,8834","5824829,839","13,2868209","52,49582737",,,5354.0
217417,11,1,1300836.0,2021,11,17,4,3,1,5,1,1,1,0,0,0,0,0,"796521,8269","5829892,919","13,37302284","52,53821953",,,4676.0
217416,11,12,12200412.0,2021,11,8,6,3,0,1,0,0,0,0,1,0,0,1,"789269,644","5833658,856","13,26967846","52,57587984",,,5362.0
217415,11,12,12400723.0,2021,10,17,2,3,5,3,0,1,1,0,0,0,0,1,"791424,0861","5838766,246","13,30587649","52,62051649",,,4163.0
217414,11,11,11501340.0,2021,10,7,4,3,5,2,0,1,1,0,0,0,0,0,"807321,4363","5824797,328","13,52705605","52,48656998",,,3560.0
217413,11,12,12500824.0,2021,11,13,4,3,6,4,0,0,0,1,1,0,0,1,"791394,5991","5835538,379","13,30260012","52,5915956",,,4160.0
217412,11,1,1100312.0,2021,11,17,3,3,5,2,2,1,1,0,0,0,0,1,"799212,9045","5826986,872","13,40996824","52,51070032",,,4339.0
217411,11,1,1200627.0,2021,10,21,4,2,0,1,2,0,0,0,0,0,1,0,"795642,8211","5828488,41","13,35885116","52,52610694",,,2848.0
217410,11,5,5100208.0,2021,10,5,5,3,2,6,2,0,1,0,0,0,0,1,"781165,3738","5830801,745","13,14798209","52,55450941",,,6335.0
217409,11,1,1200628.0,2021,10,15,6,3,0,2,0,0,1,0,0,0,1,0,"796254,54","5828498,282","13,36785047","52,52586337",,,4956.0
217408,11,4,4200308.0,2021,11,8,2,3,0,1,0,0,0,0,1,0,0,1,"790223,0393","5828155,924","13,27889808","52,52603842",,,3944.0
217407,11,12,12601236.0,2021,11,18,5,3,6,2,2,0,1,1,0,0,0,1,"794411,2819","5836222,837","13,34761279","52,59610669",,,4865.0
217406,11,11,11300722.0,2021,11,17,2,3,1,5,2,1,1,0,0,0,0,0,"803980,6651","5828400,4","13,48129786","52,52073347",,,1827.0
217405,11,10,10100205.0,2021,10,9,6,3,0,2,0,1,1,0,0,0,0,0,"807609,3662","5832375,49","13,53829067","52,55432327",,,4856.0
217404,11,9,9300920.0,2021,10,9,5,3,5,3,0,1,0,0,0,1,0,0,"807565,9618","5815411,138","13,5220062","52,40231126",,,3921.0
217403,11,3,3200308.0,2021,10,22,2,3,5,3,2,1,1,0,0,0,0,0,"799064,1495","5837540,484","13,41729228","52,60537847",,,5088.0
217402,11,5,5300736.0,2021,11,14,2,3,5,2,0,1,1,0,0,0,0,1,"786104,2451","5829154,47","13,21921239","52,53716831",,,6227.0
217401,11,2,2500833.0,2021,11,22,6,3,5,3,2,0,1,0,0,0,0,0,"802847,5366","5826942,46","13,46332154","52,50829662",,,3384.0
217400,11,4,4300624.0,2021,11,23,7,3,0,5,2,0,1,0,0,0,1,0,"792810,0349","5826091,964","13,31510593","52,50615248",,,6084.0
217399,11,7,7400720.0,2021,10,4,3,3,1,7,2,0,1,0,0,0,0,0,"796662,3631","5823539,967","13,36942653","52,48119524",,,4860.0
217398,11,10,10200421.0,2021,10,8,4,3,3,6,0,0,1,0,0,1,0,0,"812216,5672","5830895,141","13,60463427","52,53843646",,,5237.0
217397,11,11,11300722.0,2021,10,15,1,3,5,2,0,0,1,0,0,0,0,0,"804248,7531","5828690,781","13,48550249","52,52318653",,,4344.0
217396,11,7,7601339.0,2021,11,11,6,3,1,5,0,0,1,0,0,0,0,0,"795612,9446","5816073,925","13,34741156","52,4148362",,,4229.0
217395,11,5,5100314.0,2021,10,15,5,3,6,4,0,0,1,1,0,0,0,0,"785187,3616","5829672,823","13,20617561","52,54229641",,,3652.0
217394,11,8,8200833.0,2021,10,15,6,2,5,3,0,1,1,0,0,0,0,1,"802523,8982","5816823,147","13,44939541","52,41777603",,,3381.0
217393,11,8,8200726.0,2021,10,14,6,3,5,3,0,0,1,0,0,0,0,1,"801266,031","5819825,029","13,43366003","52,44537687",,,4960.0
217392,11,9,9200510.0,2021,10,15,6,3,0,1,0,1,0,0,0,0,0,0,"805654,1836","5824202,802","13,50203374","52,48217748",,,5872.0
217391,11,4,4500938.0,2021,11,16,2,3,0,4,0,1,0,1,0,0,0,0,"791839,1752","5824923,85","13,29981862","52,4962007",,,4239.0
217390,11,9,9100407.0,2021,11,9,5,2,0,7,0,0,0,0,0,0,1,0,"806385,6512","5821047,171","13,50987393","52,45348566",,,4229.0
217389,11,2,2100104.0,2021,11,10,5,3,5,2,0,1,1,0,0,0,0,1,"799293,1206","5826222,582","13,41045956","52,50380558",,,5446.0
217388,11,12,12200309.0,2021,10,14,1,2,5,3,0,1,1,0,0,0,0,0,"793232,5482","5832405,46","13,32688346","52,56252305",,,3134.0
217387,11,9,9100306.0,2021,10,18,3,3,2,2,2,0,1,0,0,0,0,0,"804496,4049","5819983,815","13,48118834","52,44501071",,,3452.0
217386,11,1,1100102.0,2021,10,11,4,3,5,5,0,1,1,0,0,0,0,0,"796341,8805","5826794,059","13,36761603","52,51053921",,,3480.0
217385,11,7,7601238.0,2021,11,14,2,3,6,2,0,0,1,1,0,0,0,0,"797385,0328","5817460,101","13,37462248","52,42630215",,,3842.0
217384,11,5,5300840.0,2021,10,8,3,3,5,3,0,0,1,0,1,0,0,1,"788946,8395","5829017,855","13,2608883","52,53444377",,,4163.0
217383,11,6,6300630.0,2021,11,16,7,3,2,7,1,0,1,0,0,0,0,0,"793317,0997","5818155,113","13,31557716","52,43472875",,,3046.0
217382,11,8,8100103.0,2021,11,12,2,3,5,3,0,0,1,0,0,0,1,0,"800615,7216","5823134,508","13,42710095","52,47539904",,,4229.0
217381,11,2,2200213.0,2021,11,10,3,3,5,7,0,1,1,0,0,0,0,1,"799833,5929","5824983,359","13,41728287","52,49240112",,,5158.0
217380,11,7,7601339.0,2021,11,16,1,3,5,2,1,0,1,0,0,0,0,0,"795809,1168","5816026,344","13,35024548","52,41430368",,,4340.0
217379,11,7,7601443.0,2021,10,12,7,3,5,3,0,0,1,0,0,0,0,0,"799944,2112","5815843,747","13,41069939","52,41041683",,,2851.0
217378,11,3,3701554.0,2021,10,2,1,3,0,7,2,1,0,0,0,0,0,0,"799190,4572","5830048,402","13,41239279","52,53815466",,,4855.0
217377,11,8,8100417.0,2021,11,14,3,3,5,3,0,0,1,0,0,0,1,0,"802247,3942","5823049,667","13,4509748","52,47373815",,,4864.0
217376,11,5,5100312.0,2021,11,16,5,3,6,2,2,0,1,1,0,0,0,1,"784612,6459","5830966,648","13,1988329","52,55419733",,,3772.0
217375,11,12,12400723.0,2021,10,23,1,2,1,1,2,0,1,0,0,0,0,0,"791939,7626","5839008,22","13,31368593","52,62240885",,,5054.0
217374,11,2,2300316.0,2021,10,14,6,3,5,2,0,1,1,0,0,0,0,0,"800733,107","5826532,251","13,43189047","52,50578948",,,4160.0
217373,11,8,8200730.0,2021,10,8,4,3,5,2,0,1,1,0,0,0,0,1,"801398,5931","5819152,925","13,43499839","52,43927952",,,3152.0
217372,11,3,3601449.0,2021,10,15,3,3,3,6,0,1,0,0,0,0,0,0,"801211,3119","5830364,016","13,44238496","52,53987036",,,7450.0
217371,11,4,4501153.0,2021,11,15,4,3,5,3,0,1,1,0,0,0,0,1,"794188,4024","5823674,999","13,33322134","52,48374419",,,4654.0
217370,11,1,1400938.0,2021,11,11,3,3,2,6,0,0,1,0,0,0,0,1,"794787,8813","5831345,088","13,34882019","52,55217783",,,5059.0
217369,11,6,6300629.0,2021,10,9,4,3,2,2,0,0,1,1,0,0,0,0,"791750,377","5819297,245","13,29359348","52,44580593",,,3870.0
217368,11,2,2300315.0,2021,10,12,6,3,3,5,0,1,1,0,0,0,0,1,"800314,5749","5825823,779","13,42510363","52,49966973",,,2851.0
217367,11,1,1300835.0,2021,11,13,6,3,5,3,0,0,1,0,0,0,0,1,"797153,3202","5830368,225","13,38273144","52,54213611",,,6967.0
217366,11,8,8100209.0,2021,11,9,2,3,0,3,0,1,1,0,0,0,0,0,"801750,5076","5822054,743","13,44278161","52,46509517",,,3152.0
217365,11,4,4501043.0,2021,11,10,5,3,5,2,0,1,1,0,0,0,0,1,"792870,4637","5824336,863","13,31445041","52,49038611",,,3145.0
217364,11,1,1100310.0,2021,11,8,2,3,5,2,0,1,0,0,1,0,0,0,"798655,2745","5828142,33","13,40281311","52,52136298",,,2529.0
217363,11,6,6300631.0,2021,10,15,6,3,5,2,0,1,1,0,0,0,0,0,"791485,6249","5816162,411","13,28697622","52,41784302",,,2853.0
217362,11,3,3400829.0,2021,10,12,5,3,5,3,0,1,1,0,0,0,0,0,"799767,0416","5832816,615","13,42336766","52,56265021",,,3342.0
217361,11,9,9502043.0,2021,10,7,2,3,5,3,1,1,1,0,0,0,0,1,"811617,8012","5823212,548","13,5886446","52,46993315",,,3046.0
217360,11,6,6100210.0,2021,11,8,2,3,5,3,0,0,1,0,1,0,0,0,"795124,2674","5821277,195","13,34484162","52,46174437",,,5289.0
217359,11,7,7601546.0,2021,11,17,4,3,0,1,2,0,0,0,1,0,0,0,"798543,5282","5814420,561","13,38889937","52,39842508",,,4483.0
217358,11,1,1200522.0,2021,11,19,6,3,5,2,2,1,1,0,0,0,0,0,"794554,5093","5828335,867","13,34272054","52,52532858",,,3944.0
217357,11,1,1100308.0,2021,10,12,2,3,6,4,0,0,1,1,0,0,0,0,"796685,1219","5828762,897","13,3744148","52,52800122",,,4065.0
217356,11,2,2200210.0,2021,10,19,5,3,2,6,2,0,1,0,0,0,0,1,"798307,989","5825465,621","13,39531085","52,49755986",,,3944.0
217355,11,10,10100312.0,2021,11,6,6,3,5,2,1,0,1,0,0,0,0,0,"807669,9773","5830165,947","13,53713536","52,5344873",,,3752.0
217354,11,5,5100315.0,2021,11,13,4,3,5,2,0,0,1,0,0,0,1,1,"784357,7545","5830002,224","13,19425757","52,54568344",,,6658.0
217353,11,3,3701556.0,2021,10,18,4,3,6,4,0,0,1,1,0,0,0,0,"799358,9407","5829198,52","13,41410405","52,53044426",,,3145.0
217352,11,5,5200420.0,2021,10,14,6,3,5,3,0,0,1,0,0,0,1,1,"782825,6588","5828572,346","13,1705073","52,53366029",,,1151.0
217351,11,8,8100311.0,2021,10,20,5,3,1,5,2,0,1,0,1,0,0,0,"800861,3655","5824540,501","13,43197551","52,48786616",,,3152.0
217350,11,6,6100205.0,2021,11,18,2,2,5,2,2,0,1,0,1,0,0,0,"795328,7472","5819981,051","13,34669615","52,45001478",,,4066.0
217349,11,1,1401043.0,2021,11,18,5,3,6,2,2,0,1,1,0,0,0,1,"795671,3477","5830924,29","13,36143774","52,54792692",,,6967.0
217348,11,1,1401048.0,2021,11,10,4,3,5,2,0,1,0,0,0,1,0,0,"795503,5533","5831613,014","13,35958335","52,55419174",,,5262.0
217347,11,2,2500833.0,2021,10,20,7,3,5,3,2,0,1,0,1,0,0,0,"802847,0633","5826941,074","13,46331332","52,50828445",,,7150.0
217346,11,7,7400720.0,2021,10,5,5,3,5,2,2,0,0,0,1,0,1,0,"797301,669","5822601,781","13,37797642","52,47243769",,,5068.0
217345,11,1,1200520.0,2021,10,11,3,3,1,6,0,0,1,0,1,0,0,0,"794548,2604","5828949,154","13,34317201","52,53082965",,,3466.0
217344,11,4,4501148.0,2021,11,14,2,3,5,2,0,0,1,0,0,0,0,1,"793347,4853","5823073,35","13,32034406","52,47880304",,,4161.0
217343,11,9,9401534.0,2021,11,15,5,3,5,2,1,1,1,0,0,0,0,0,"811350,5421","5819942,821","13,58167423","52,4407839",,,5652.0
217342,11,10,10200629.0,2021,11,16,7,3,5,2,2,0,1,0,0,0,0,0,"811312,0858","5828506,006","13,58910456","52,51754415",,,4937.0
217341,11,5,5200632.0,2021,10,15,3,3,0,1,0,0,0,0,1,0,0,1,"785073,3101","5828380,205","13,2033895","52,53076658",,,2831.0
217340,11,8,8100310.0,2021,11,18,7,3,6,2,2,0,1,1,0,0,0,1,"801062,0665","5824921,818","13,4352669","52,49117337",,,5852.0
217339,11,1,1100102.0,2021,11,13,1,2,6,4,0,0,1,1,0,0,0,1,"795651,4871","5826679,854","13,35737127","52,50989007",,,4551.0
217338,11,2,2300314.0,2021,10,17,5,3,3,5,0,1,1,0,0,0,0,0,"799729,4679","5826074,203","13,41673538","52,50223606",,,2951.0
217337,11,8,8100312.0,2021,10,16,6,3,2,6,0,0,1,0,0,0,0,1,"801075,4064","5824915,783","13,43545733","52,49111191",,,4125.0
217336,11,10,10100206.0,2021,10,16,2,2,6,4,0,0,1,1,0,0,0,0,"809338,2855","5832705,917","13,56401832","52,55630527",,,5437.0
217335,11,9,9200512.0,2021,10,17,6,3,1,5,0,0,1,0,0,0,0,0,"809265,5747","5821525,335","13,55256345","52,45614923",,,4070.0
217334,11,8,8401242.0,2021,11,11,4,3,5,3,0,0,1,0,0,0,0,0,"805253,3894","5817246,666","13,48979277","52,42005651",,,3542.0
217333,11,7,7501029.0,2021,11,19,5,3,2,2,2,0,1,0,0,0,0,1,"797348,1111","5818665,438","13,37515294","52,43712696",,,3578.0
217332,11,2,2100106.0,2021,10,22,6,3,5,3,2,0,1,0,0,0,0,0,"799575,5867","5825656,53","13,41409943","52,49857675",,,5349.0
217331,11,7,7400927.0,2021,10,10,3,3,0,6,0,0,1,0,1,0,0,0,"798903,2183","5821691,358","13,40066943","52,46340294",,,4760.0
217330,11,7,7300619.0,2021,10,21,3,3,5,3,2,1,1,0,0,0,0,0,"794713,0289","5821827,176","13,33929188","52,46689659",,,4149.0
217329,11,10,10100311.0,2021,10,17,2,2,5,2,0,1,1,0,0,0,0,0,"806301,1727","5830198,03","13,51704782","52,53554578",,,5058.0
217328,11,1,1100312.0,2021,11,14,2,3,6,4,0,1,0,1,0,0,0,0,"799517,0952","5826712,623","13,41419034","52,50807516",,,4447.0
217327,11,2,2100105.0,2021,10,15,4,3,6,7,0,0,1,1,0,0,0,0,"798921,8829","5825819,617","13,40464476","52,50039706",,,4067.0
217326,11,2,2100102.0,2021,10,14,4,3,6,2,0,0,1,1,0,0,0,0,"798321,8598","5825554,252","13,39559396","52,49834675",,,2529.0
217325,11,5,5100316.0,2021,11,15,1,3,2,6,0,0,1,0,0,0,0,1,"784811,0821","5828950,543","13,200023","52,5360173",,,4448.0
217324,11,10,10300734.0,2021,11,22,3,3,5,3,2,0,1,0,0,0,1,0,"809589,8209","5823521,447","13,5591718","52,47385441",,,2951.0
217323,11,10,10400940.0,2021,11,9,2,3,5,2,0,0,1,0,0,0,1,0,"812396,179","5824671,618","13,60143294","52,48256369",,,3841.0
217322,11,7,7400824.0,2021,10,11,7,3,5,3,0,0,1,0,0,0,1,0,"797853,6033","5821887,507","13,38544054","52,46573434",,,2848.0
217321,11,8,8100418.0,2021,11,17,7,2,5,2,2,0,1,0,0,0,1,1,"802502,7258","5823372,37","13,45501523","52,47648921",,,4754.0
217320,11,6,6400844.0,2021,10,17,5,3,1,5,0,0,1,0,0,0,1,0,"791220,6075","5820788,873","13,28712151","52,45946095",,,4719.0
217319,11,5,5300737.0,2021,10,1,7,3,0,1,2,0,0,0,0,0,1,1,"787297,8673","5830208,939","13,23767458","52,54599422",,,4957.0
217318,11,11,11200514.0,2021,10,18,6,3,0,7,1,0,1,0,1,0,0,1,"803376,0863","5830092,692","13,4739588","52,53623772",,,2951.0
217317,11,1,1100310.0,2021,10,19,6,3,6,7,2,0,0,1,0,0,1,0,"798895,1339","5827905,53","13,40612501","52,51910899",,,2851.0
217316,11,4,4100102.0,2021,11,21,2,3,3,6,2,0,1,0,1,0,0,1,"791207,979","5829136,238","13,29423401","52,53430162",,,4754.0
217315,11,6,6100101.0,2021,11,14,3,3,0,7,0,0,1,0,0,0,0,0,"793004,8924","5821441,065","13,31388027","52,46435396",,,5262.0
217314,11,2,2200213.0,2021,10,4,7,3,0,1,2,0,0,0,0,0,1,0,"799565,4391","5824901,115","13,4132711","52,49181115",,,4160.0
217313,11,4,4200308.0,2021,10,14,3,2,2,6,0,0,1,0,1,0,0,0,"790388,0342","5827325,441","13,2805982","52,51850524",,,5350.0
217312,11,10,10100314.0,2021,10,13,3,3,3,6,0,1,1,0,0,0,0,0,"808475,6431","5830187,557","13,54899573","52,5342256",,,4862.0
217311,11,10,10200629.0,2021,11,15,2,3,2,2,0,0,1,0,0,0,0,0,"810958,4415","5828198,919","13,58362258","52,51499397",,,2529.0
217310,11,4,4200311.0,2021,10,5,3,3,2,6,2,0,1,0,0,0,0,1,"790146,6526","5825357,566","13,27533529","52,50099147",,,6967.0
217309,11,1,1400937.0,2021,10,8,5,3,2,6,0,0,1,0,0,0,0,1,"793662,924","5832271,047","13,33309531","52,56108617",,,2150.0
217308,11,6,6200312.0,2021,10,18,1,3,2,6,1,0,1,0,0,0,0,0,"795013,636","5819125,707","13,34131745","52,44251723",,,3170.0
217307,11,5,5200528.0,2021,11,16,7,3,6,4,2,0,1,1,0,0,0,0,"783647,9614","5825208,333","13,17972941","52,50307049",,,4675.0
217306,11,2,2200210.0,2021,11,21,3,3,5,3,2,1,1,0,0,0,0,0,"798942,2813","5824805,321","13,40403413","52,49129411",,,5054.0
217305,11,7,7400822.0,2021,11,11,7,3,0,3,0,0,1,0,1,0,0,0,"796831,1819","5820797,727","13,36946548","52,45652187",,,3265.0
217304,11,2,2200210.0,2021,10,12,7,3,2,2,0,1,1,0,0,0,0,0,"798292,2618","5824817,268","13,39449934","52,49175679",,,6851.0
217303,11,1,1401047.0,2021,10,14,7,3,5,2,0,1,1,0,0,0,0,0,"795254,8784","5830458,712","13,35489984","52,54397929",,,2529.0
217302,11,1,1100206.0,2021,11,23,4,3,8,1,2,0,0,0,0,0,1,0,"798152,1802","5828005,533","13,39529754","52,52041209",,,2946.0
217301,11,2,2200211.0,2021,11,13,5,3,1,5,0,1,1,0,0,0,0,0,"798323,6004","5824189,908","13,39439795","52,48611616",,,4048.0
217300,11,4,4200311.0,2021,10,16,1,3,2,2,0,0,1,0,0,0,0,0,"790427,9904","5825939,538","13,2799759","52,50605924",,,5063.0
217299,11,2,2500835.0,2021,10,7,4,3,0,3,1,0,1,0,1,0,0,1,"803058,2961","5825890,561","13,46546005","52,49875155",,,4040.0
217298,11,1,1100309.0,2021,10,11,3,3,0,1,0,0,0,0,1,0,0,1,"798471,225","5828267,693","13,40022102","52,52258746",,,1626.0
217297,11,12,12200309.0,2021,11,17,4,3,2,6,2,0,1,0,0,0,0,1,"793321,2015","5832569,529","13,32833259","52,56394609",,,3676.0
217296,11,1,1300733.0,2021,11,15,3,3,6,7,0,1,0,1,0,0,0,1,"797126,274","5831779,98","13,38359693","52,55480556",,,3480.0
217295,11,5,5100313.0,2021,10,14,4,3,0,1,0,0,0,0,0,0,1,0,"785384,739","5830271,478","13,20959254","52,54756051",,,1827.0
217294,11,4,4100101.0,2021,10,15,5,3,5,2,0,1,1,0,0,0,0,1,"791212,7803","5829730,983","13,2948258","52,53963087",,,5349.0
217293,11,8,8200725.0,2021,10,14,2,3,0,1,0,0,0,0,1,0,0,0,"801183,7538","5819632,785","13,43227983","52,44369904",,,5068.0
217292,11,8,8300935.0,2021,11,1,7,2,5,2,2,0,1,0,0,0,0,0,"802291,5104","5817836,084","13,44690395","52,42698361",,,123.0
217291,11,6,6400840.0,2021,11,13,2,3,5,3,0,0,1,0,0,0,0,0,"788839,4487","5819604,166","13,25114838","52,45010322",,,4333.0
217290,11,10,10100311.0,2021,11,13,4,3,0,4,0,0,0,1,0,0,1,0,"807484,5801","5829175,549","13,53349467","52,52571598",,,3442.0
217289,11,4,4501040.0,2021,11,10,3,3,6,7,0,0,1,1,0,0,0,0,"792436,7684","5825397,241","13,3090119","52,50012467",,,4553.0
217288,11,9,9401534.0,2021,10,11,7,3,2,3,0,0,1,0,0,0,0,0,"811255,6734","5820202,724","13,58052509","52,44316703",,,3542.0
217287,11,12,12400618.0,2021,10,14,4,3,2,1,0,0,1,0,0,0,0,0,"786315,7412","5838907,998","13,23074777","52,62450344",,,3870.0
217286,11,4,4300412.0,2021,10,2,2,3,0,7,2,1,0,0,0,0,0,0,"790647,002","5828050,129","13,28503731","52,52486412",,,2857.0
217285,11,2,2300419.0,2021,10,16,1,3,5,3,0,1,1,0,0,0,1,0,"801591,5529","5825953,985","13,44397632","52,50013256",,,5159.0
217284,11,1,1100207.0,2021,11,18,5,3,1,5,2,0,1,0,1,0,0,1,"797965,0704","5826580,926","13,39127238","52,50774454",,,5354.0
217283,11,7,7601236.0,2021,11,10,7,2,6,4,0,0,1,1,0,0,0,0,"796547,9615","5816297,745","13,36131747","52,41633683",,,2831.0
217282,11,6,6200313.0,2021,10,17,3,3,1,1,0,0,1,0,0,0,1,1,"795211,7556","5818295,898","13,34349088","52,43497154",,,5454.0
217281,11,2,2400623.0,2021,10,20,4,3,5,2,2,1,1,0,0,0,0,0,"800602,4253","5827107,927","13,43049074","52,51102145",,,5453.0
217280,11,2,2400521.0,2021,11,19,5,3,6,4,2,0,1,1,0,0,0,0,"800781,7193","5828477,366","13,43436274","52,52319722",,,4160.0
217279,11,12,12400618.0,2021,11,10,4,3,5,2,0,1,1,0,0,0,0,0,"787463,6227","5837745,19","13,24664808","52,61347232",,,3342.0