OBJECTID,LAND,BEZ,LOR_ab_2021,UJAHR,UMONAT,USTUNDE,UWOCHENTAG,UKATEGORIE,UART,UTYP1,ULICHTVERH,IstRad,IstPKW,IstFuss,IstKrad,IstGkfz,IstSonstige,USTRZUSTAND,LINREFX,LINREFY,XGCSWGS84,YGCSWGS84,LOR,STRASSE,quadrant
217278,11,5,5300840.0,2021,10,8,6,3,2,2,0,0,1,0,0,0,0,0,"788054,2604","5829195,974","13,24791985","52,53651317",,,5873.0
217277,11,2,2500833.0,2021,10,8,5,3,5,3,0,0,1,0,0,0,0,0,"802713,2095","5826985,042","13,46138709","52,50875283",,,4066.0
217276,11,11,11200410.0,2021,10,13,6,3,5,7,0,0,0,0,0,1,1,1,"804622,3549","5832781,044","13,49474233","52,55963684",,,4855.0
217275,11,1,1401046.0,2021,10,20,1,3,2,2,2,0,1,0,0,0,0,1,"794899,3816","5830249,136","13,34948677","52,54229314",,,6657.0
217274,11,7,7601339.0,2021,10,13,6,3,2,6,0,0,1,0,1,0,0,0,"795796,1402","5816025,762","13,35005473","52,41430548",,,4864.0
217273,11,8,8100102.0,2021,11,16,2,3,5,2,2,0,1,0,1,0,0,1,"800520,9032","5823439,072","13,42598355","52,47818115",,,3870.0
217272,11,11,11501339.0,2021,11,13,5,3,5,2,0,0,1,0,0,0,1,1,"807269,8354","5825414,732","13,52686776","52,49213228",,,5939.0
217271,11,7,7400927.0,2021,11,20,3,3,5,2,2,0,1,0,0,0,0,0,"799074,228","5821704,817","13,40319114","52,46343",,,5752.0
217270,11,2,2100101.0,2021,10,11,1,3,2,6,0,1,0,0,0,0,0,0,"797859,9638","5825618,695","13,38886754","52,4991767",,,5547.0
217269,11,11,11501238.0,2021,10,18,5,2,5,7,2,0,1,0,0,0,1,0,"805086,6667","5824976,959","13,49441121","52,48943326",,,6751.0
217268,11,2,2500835.0,2021,10,9,3,3,5,3,0,0,1,0,0,0,0,0,"803112,0884","5826174,709","13,46650865","52,50126846",,,4067.0
217267,11,2,2400623.0,2021,11,11,2,3,0,1,0,0,0,0,1,0,0,1,"800356,7547","5827187,109","13,42695308","52,5118665",,,3152.0
217266,11,4,4501041.0,2021,11,11,7,3,0,2,0,1,1,0,0,0,0,1,"793127,9151","5825592,73","13,31933651","52,50150633",,,4860.0
217265,11,9,9401329.0,2021,11,8,2,3,6,4,0,0,1,1,0,0,0,0,"812024,8535","5819633,722","13,59127395","52,43762965",,,4046.0
217264,11,5,5300735.0,2021,10,21,3,3,5,2,2,0,1,0,0,0,0,0,"786567,6912","5830553,726","13,22723383","52,54947005",,,4153.0
217263,11,7,7601443.0,2021,11,17,7,3,6,4,2,0,1,1,0,0,0,1,"800130,3571","5814987,837","13,41266076","52,40264272",,,2857.0
217262,11,4,4501042.0,2021,11,2,1,3,1,5,2,0,1,0,0,0,1,1,"793929,1919","5825958,431","13,3314298","52,50435364",,,2957.0
217261,11,2,2200209.0,2021,11,7,3,3,5,7,0,0,1,0,1,0,0,0,"797245,5609","5824001,831","13,37840084","52,48501823",,,7849.0
217260,11,7,7400721.0,2021,10,13,6,3,5,5,0,0,0,0,1,0,1,0,"798920,882","5823917,026","13,40292319","52,48334347",,,5356.0
217259,11,11,11501339.0,2021,10,18,6,3,6,3,1,0,1,1,0,0,0,1,"806760,6646","5824811,745","13,5188367","52,48701454",,,1530.0
217258,11,1,1100207.0,2021,10,15,2,3,2,2,0,0,1,0,1,0,0,0,"798358,6738","5826645,574","13,39711252","52,50810891",,,5349.0
217257,11,11,11300617.0,2021,10,12,6,3,0,3,0,0,1,0,0,0,1,0,"803679,3116","5829031,289","13,4774461","52,52655584",,,6659.0
217256,11,2,2500834.0,2021,11,19,3,3,5,3,2,1,0,0,1,0,0,0,"802389,2458","5826828,213","13,45648575","52,50752684",,,5553.0
217255,11,4,4501146.0,2021,11,8,5,3,5,2,0,1,1,0,0,0,0,1,"792851,7675","5823936,717","13,3138242","52,48680895",,,4251.0
217254,11,5,5200527.0,2021,10,11,7,2,6,2,0,0,1,1,0,0,0,0,"782959,8898","5827073,543","13,17120541","52,52015189",,,4428.0
217253,11,11,11300721.0,2021,10,11,3,3,9,1,0,0,1,0,0,0,0,0,"805124,6863","5829991,941","13,49956714","52,53435863",,,4153.0
217252,11,7,7601339.0,2021,10,19,3,3,5,7,2,0,1,0,0,0,0,1,"795786,025","5815830,684","13,34973406","52,41256219",,,5070.0
217251,11,4,4501040.0,2021,10,9,2,3,1,5,0,0,1,0,1,0,0,0,"792709,1025","5825529,52","13,31312862","52,5011645",,,1225.0
217250,11,6,6200317.0,2021,11,18,3,3,5,3,0,0,1,0,0,0,0,1,"795908,5744","5816505,208","13,35212695","52,41854265",,,5652.0
217249,11,1,1100415.0,2021,10,12,4,3,0,1,0,1,0,0,0,0,0,0,"798285,2992","5829367,679","13,39847558","52,5325491",,,4348.0
217248,11,5,5100316.0,2021,10,13,4,3,2,6,0,0,1,0,1,0,0,0,"784203,9289","5828958,292","13,19110218","52,53640375",,,2847.0
217247,11,10,10200421.0,2021,11,15,6,3,5,2,0,0,1,0,0,0,1,0,"812238,536","5830684,591","13,60475931","52,53653712",,,5453.0
217246,11,7,7100101.0,2021,11,16,7,3,3,6,0,0,1,0,1,0,0,0,"794640,556","5825744,794","13,34169097","52,50205483",,,4453.0
217245,11,4,4100101.0,2021,11,13,5,2,5,3,0,0,1,0,0,1,0,1,"792256,366","5830683,005","13,31100702","52,54760673",,,5160.0
217244,11,1,1300836.0,2021,11,17,7,3,5,3,0,0,1,0,1,0,0,0,"796806,0576","5831280,303","13,37844099","52,55050113",,,3675.0
217243,11,9,9401534.0,2021,10,16,1,3,5,7,0,1,1,0,0,0,0,0,"811057,8251","5820651,782","13,57804165","52,44730387",,,4956.0
217242,11,8,8100521.0,2021,10,20,7,3,6,2,2,0,1,1,0,0,0,0,"802954,2674","5822471,914","13,46082552","52,46816818",,,1353.0
217241,11,7,7601238.0,2021,11,15,4,3,5,3,1,0,1,0,0,0,0,0,"798396,6822","5815926,438","13,38808921","52,41200374",,,6863.0
217240,11,1,1100102.0,2021,11,16,6,3,2,6,2,0,1,0,0,0,0,0,"795543,0648","5826363,525","13,35549748","52,50711319",,,5852.0
217239,11,2,2500834.0,2021,10,3,1,2,5,3,2,1,0,0,0,0,1,0,"802350,1204","5827078,45","13,45613832","52,50979138",,,4348.0
217238,11,1,1200627.0,2021,10,9,4,3,0,7,0,1,0,0,0,0,0,0,"795768,783","5828585,067","13,36078843","52,52690506",,,4672.0
217237,11,12,12100204.0,2021,11,18,4,3,1,5,2,0,1,0,0,0,1,1,"795204,5045","5832480,341","13,35595677","52,56212873",,,4228.0
217236,11,2,2500830.0,2021,11,8,3,3,0,1,0,1,0,0,0,0,0,1,"802566,2042","5827388,714","13,45959461","52,51245246",,,4526.0
217235,11,7,7601340.0,2021,10,16,5,3,6,2,0,0,1,1,0,0,0,0,"796568,3496","5815882,494","13,36124844","52,41260336",,,5952.0
217234,11,7,7400822.0,2021,10,17,5,3,5,5,1,0,1,0,0,0,0,1,"796744,3826","5820708,14","13,36811218","52,45576593",,,2947.0
217233,11,4,4100101.0,2021,10,11,2,3,5,2,0,0,1,0,1,0,0,0,"790680,1011","5829758,107","13,28701747","52,54015844",,,4229.0
217232,11,4,4300622.0,2021,10,13,6,3,2,6,0,0,1,0,1,0,0,0,"793253,59","5826900,807","13,32233499","52,51316519",,,5058.0
217231,11,11,11200411.0,2021,11,9,2,3,2,6,0,0,1,0,0,0,1,1,"805842,4035","5831852,748","13,51182852","52,5506334",,,4047.0
217230,11,2,2300315.0,2021,11,18,5,3,5,2,2,1,0,0,0,1,0,1,"800435,653","5825770,831","13,42683416","52,49912849",,,6335.0
217229,11,10,10300731.0,2021,11,10,3,3,5,2,0,0,1,0,0,1,0,0,"809654,9734","5830268,351","13,56640231","52,53428095",,,3162.0
217228,11,7,7601341.0,2021,10,1,7,3,8,7,2,0,1,0,0,0,0,0,"797927,7508","5815750,634","13,38105876","52,41068323",,,4229.0
217227,11,1,1300731.0,2021,10,2,5,3,0,7,2,1,0,0,0,0,0,0,"797235,3279","5833191,814","13,38646532","52,56740138",,,1525.0
217226,11,2,2200209.0,2021,10,3,1,3,0,1,2,0,0,0,0,0,1,1,"797106,088","5824484,722","13,37678339","52,48942277",,,3970.0
217225,11,8,8200832.0,2021,11,10,2,3,5,3,0,0,1,0,0,0,0,0,"801209,6802","5817467,977","13,43070981","52,42428075",,,4761.0
217224,11,1,1300835.0,2021,11,5,5,3,6,2,2,0,1,1,0,0,0,1,"796999,486","5830511,11","13,38059749","52,54350078",,,2853.0
217223,11,7,7400721.0,2021,11,0,1,3,5,3,2,0,1,0,0,0,0,0,"797310,986","5823515,228","13,37892752","52,48062073",,,4715.0
217222,11,6,6200315.0,2021,10,8,2,3,0,7,0,1,0,0,0,0,0,0,"795216,4734","5817274,559","13,34265841","52,42581325",,,2973.0
217221,11,1,1100416.0,2021,10,1,6,3,5,3,2,1,1,0,0,0,0,1,"798675,9758","5829455,541","13,40429691","52,53312272",,,4249.0
217220,11,6,6200313.0,2021,11,7,6,3,3,6,1,1,1,0,0,0,0,0,"795100,7851","5818279,343","13,34184864","52,43488301",,,3552.0
217219,11,9,9200511.0,2021,10,17,7,3,6,4,0,0,0,1,1,0,0,0,"806656,2315","5822044,987","13,51475981","52,46227671",,,3676.0
217218,11,2,2500835.0,2021,11,19,4,2,6,4,2,0,1,1,0,0,0,0,"803156,142","5826337,412","13,46730378","52,50270227",,,4065.0
217217,11,7,7200412.0,2021,11,19,6,3,5,2,2,1,1,0,0,0,0,1,"796270,3102","5822947,88","13,36314427","52,47610054",,,5752.0
217216,11,1,1200518.0,2021,10,15,7,2,6,7,0,0,0,1,0,0,1,0,"793576,299","5828667,969","13,32863647","52,52883332",,,4855.0
217215,11,2,2100106.0,2021,10,19,4,3,5,3,2,1,1,0,0,0,0,1,"798598,3379","5825578,661","13,39967654","52,49841434",,,5652.0
217214,11,5,5400943.0,2021,11,18,4,3,5,2,2,1,1,0,0,0,0,1,"780521,5972","5820704,618","13,1300011","52,46430286",,,3942.0
217213,11,1,1100102.0,2021,11,18,3,3,5,3,2,1,1,0,0,0,0,1,"796122,0986","5826295,436","13,36394343","52,50618886",,,5453.0
217212,11,1,1100206.0,2021,10,14,5,3,3,6,0,1,1,0,0,0,0,0,"798240,4523","5827674,536","13,39629793","52,51739687",,,2857.0
217211,11,1,1100313.0,2021,10,14,5,3,5,2,0,1,1,0,0,0,0,1,"799982,0252","5826940,922","13,42122594","52,50986604",,,5548.0
217210,11,1,1400938.0,2021,10,14,2,3,5,7,0,0,1,0,1,0,0,0,"794263,5244","5831249,125","13,34102379","52,55160112",,,3843.0
217209,11,5,5200629.0,2021,11,11,7,3,2,7,0,1,0,0,0,0,1,0,"784653,059","5828081,211","13,19695499","52,52830542",,,3480.0
217208,11,4,4400728.0,2021,11,10,2,3,2,6,0,0,1,0,0,0,0,1,"790673,0826","5822971,14","13,28098704","52,47931678",,,2630.0
217207,11,12,12500927.0,2021,11,11,5,3,5,3,0,0,1,0,0,0,0,1,"792460,5357","5835351,199","13,31812548","52,58934551",,,4755.0
217206,11,9,9200819.0,2021,11,18,3,3,5,2,1,1,0,0,0,0,1,0,"810046,3063","5819411,654","13,56205527","52,43676466",,,4766.0
217205,11,2,2500834.0,2021,10,12,7,2,5,3,0,0,1,0,1,0,0,0,"801950,2338","5826799,265","13,45001074","52,50751052",,,5282.0
217204,11,7,7300619.0,2021,10,18,4,3,5,2,1,1,1,0,0,0,0,0,"794631,3","5821815,842","13,33808226","52,46683907",,,2342.0
217203,11,2,2300314.0,2021,10,8,2,3,5,3,0,0,1,0,0,0,0,0,"799718,0326","5826304,884","13,41677506","52,50431004",,,4153.0
217202,11,1,1100416.0,2021,10,16,1,2,0,1,1,1,0,0,0,0,0,0,"798618,6268","5829344,35","13,40335406","52,53215748",,,2851.0
217201,11,9,9200818.0,2021,11,13,5,3,2,6,0,0,1,0,0,0,0,0,"809709,7439","5821026,536","13,55861683","52,45142761",,,4960.0
217200,11,4,4200308.0,2021,11,18,7,3,1,5,2,0,1,0,0,0,0,1,"788669,9612","5827671,213","13,25564838","52,5225174",,,5869.0
217199,11,7,7100102.0,2021,10,18,3,3,5,2,2,0,1,0,0,0,1,1,"795229,829","5824951,602","13,34964399","52,49462594",,,4448.0
217198,11,5,5200524.0,2021,10,20,4,3,2,6,2,0,1,0,0,0,0,1,"780039,8882","5827865,709","13,12894991","52,52876259",,,3381.0
217197,11,10,10400940.0,2021,11,16,7,3,6,4,2,0,1,1,0,0,0,1,"812376,2878","5824036,619","13,60054613","52,4768847",,,4860.0
217196,11,1,1400938.0,2021,10,18,5,3,0,1,0,0,0,0,1,0,0,0,"793972,6273","5830138,779","13,33576297","52,54180466",,,4766.0
217195,11,12,12100205.0,2021,10,12,4,2,2,6,0,0,1,0,0,0,0,0,"795744,1882","5834129,213","13,36536533","52,57661633",,,7250.0
217194,11,11,11300618.0,2021,10,12,7,3,5,2,0,1,1,0,0,0,0,0,"802437,235","5828898,674","13,45907271","52,52605765",,,4330.0
217193,11,11,11300620.0,2021,10,12,6,3,5,2,0,0,1,0,0,0,1,0,"803671,2605","5829503,375","13,47775896","52,53079148",,,3442.0
217192,11,5,5300839.0,2021,11,18,2,2,0,1,2,1,0,0,0,0,0,0,"789057,575","5829677,534","13,26309017","52,54029923",,,5282.0
217191,11,1,1401043.0,2021,11,18,5,3,6,2,2,0,0,1,0,0,1,1,"795690,7296","5830925,987","13,36172425","52,54793161",,,5356.0
217190,11,2,2200210.0,2021,11,19,4,3,5,2,1,1,1,0,0,0,0,0,"798694,6944","5824675,867","13,40028232","52,49026926",,,2748.0
217189,11,5,5100105.0,2021,10,16,1,3,6,4,0,0,0,1,1,0,0,0,"784603,622","5831094,386","13,19880968","52,55534734",,,4353.0
217188,11,7,7400721.0,2021,10,15,5,3,5,7,0,0,1,0,1,0,0,0,"798881,0428","5823924,761","13,4023452","52,48343461",,,2851.0
217187,11,3,3400725.0,2021,10,15,3,3,5,3,0,0,1,0,1,0,0,0,"800009,6905","5835428,824","13,4293","52,58593037",,,4333.0
217186,11,9,9501939.0,2021,11,15,3,3,2,6,0,0,1,0,0,0,0,0,"809733,7822","5821530,043","13,55943641","52,45592631",,,4652.0
217185,11,2,2200209.0,2021,11,16,6,3,2,6,1,0,1,0,0,0,0,0,"797152,0377","5824493,538","13,37746601","52,48947678",,,3942.0
217184,11,3,3300516.0,2021,11,6,2,3,0,7,1,0,1,0,1,0,0,1,"801014,113","5833739,004","13,44254641","52,57022964",,,4448.0
217183,11,4,4400830.0,2021,10,10,3,3,6,4,0,0,1,1,0,0,0,1,"791657,7575","5822982,898","13,29545527","52,4788972",,,2849.0
217182,11,1,1300733.0,2021,10,0,1,3,2,6,2,0,1,0,0,0,0,0,"797140,3884","5831389,753","13,38345525","52,55129994",,,2037.0
217181,11,12,12100205.0,2021,11,16,7,2,6,2,2,0,1,1,0,0,0,1,"794843,1684","5833042,787","13,35114157","52,56736638",,,4160.0
217180,11,1,1100309.0,2021,11,16,2,2,0,1,2,1,0,0,0,0,0,1,"797655,0577","5828602,989","13,38852716","52,52603913",,,4526.0
217179,11,3,3701556.0,2021,11,18,3,3,3,6,2,1,0,0,0,0,0,0,"799786,8672","5829563,365","13,42072255","52,53347934",,,5653.0
217178,11,3,3500933.0,2021,11,9,6,3,5,3,0,0,1,0,0,0,0,1,"801981,0942","5832211,342","13,45538052","52,55600179",,,3479.0
217177,11,5,5200423.0,2021,10,17,6,3,5,3,0,1,1,0,0,0,0,0,"781306,3797","5828364,29","13,14799212","52,53258105",,,5349.0
217176,11,4,4400835.0,2021,10,11,6,3,0,1,0,0,0,0,0,0,1,1,"792838,1738","5821864,54","13,31180487","52,46823969",,,6851.0
217175,11,9,9300920.0,2021,10,23,6,3,5,3,2,0,1,0,0,0,0,0,"808499,3399","5816658,178","13,53683149","52,41296244",,,4331.0
217174,11,10,10400941.0,2021,11,12,3,2,5,3,0,1,1,0,0,0,0,0,"812497,1962","5823775,403","13,60207584","52,47447473",,,4753.0
217173,11,12,12500927.0,2021,11,7,5,3,5,2,0,0,1,0,0,0,0,1,"792761,833","5836307,458","13,32340559","52,59775576",,,4451.0
217172,11,9,9200613.0,2021,10,13,6,3,0,1,0,0,0,0,1,0,0,0,"807020,574","5821146,997","13,51927997","52,4540241",,,4253.0
217171,11,2,2300419.0,2021,10,18,6,3,1,5,2,1,1,0,0,0,0,0,"801297,5236","5825870,992","13,43958283","52,4995511",,,5930.0
217170,11,10,10100312.0,2021,10,7,3,3,5,3,0,0,1,0,0,0,0,0,"807842,4558","5829078,327","13,53866315","52,52464275",,,4960.0
217169,11,4,4501149.0,2021,10,18,3,3,3,6,2,1,1,0,0,0,0,1,"793664,751","5824474,311","13,32623648","52,49119157",,,6761.0
217168,11,5,5100208.0,2021,10,14,2,3,5,2,0,0,1,0,0,0,0,0,"781547,642","5830703,526","13,15352222","52,55343124",,,1851.0
217167,11,8,8100209.0,2021,11,10,3,2,8,1,0,0,1,0,0,0,0,1,"801810,3259","5821967,497","13,44358056","52,46428013",,,4125.0
217166,11,1,1100309.0,2021,10,1,4,3,8,1,2,0,0,0,0,0,1,0,"798649,6866","5828493,839","13,40304663","52,52451683",,,5652.0
217165,11,7,7601340.0,2021,10,16,4,2,5,2,0,1,1,0,0,0,0,0,"796157,5259","5815930,839","13,35526872","52,41325916",,,3061.0
217164,11,7,7400826.0,2021,11,18,6,3,5,2,1,0,1,0,1,0,0,0,"796514,3676","5819854,799","13,36397938","52,44824127",,,4348.0
217163,11,4,4200309.0,2021,11,15,7,3,5,3,0,0,1,0,0,0,0,0,"788997,4516","5826983,433","13,2598643","52,51617776",,,3843.0
217162,11,1,1300834.0,2021,11,8,4,3,5,2,0,1,1,0,0,0,0,0,"798070,104","5829987,907","13,39586876","52,53822634",,,5872.0
217161,11,1,1100308.0,2021,11,15,7,3,1,5,0,1,1,0,0,0,0,0,"797087,2695","5828994,557","13,38053237","52,52985879",,,3578.0
217160,11,8,8100415.0,2021,10,14,4,3,5,3,0,1,1,0,0,0,0,0,"801499,7848","5823646,866","13,44054116","52,47950414",,,4856.0
217159,11,6,6400839.0,2021,10,10,2,2,5,2,0,1,1,0,0,0,0,0,"788218,6532","5818683,097","13,24124407","52,44217291",,,4737.0
217158,11,11,11300723.0,2021,11,12,2,3,0,2,0,1,1,0,0,0,0,1,"804348,1409","5828422,456","13,48671735","52,52072618",,,5237.0
217157,11,1,1100310.0,2021,11,11,4,3,0,1,0,1,0,0,0,0,0,0,"798585,9528","5828098,874","13,40175543","52,52101142",,,3970.0
217156,11,6,6200316.0,2021,11,10,6,2,4,6,0,1,0,0,0,0,0,1,"796281,8255","5818009,698","13,35893197","52,4318274",,,2150.0
217155,11,8,8401244.0,2021,10,23,1,3,1,5,2,1,1,0,0,0,0,0,"806025,1955","5815815,08","13,4997981","52,40679479",,,4041.0
217154,11,3,3200308.0,2021,10,16,4,3,2,6,0,1,0,0,0,1,0,0,"800168,886","5836563,402","13,43267077","52,59601194",,,4668.0
217153,11,5,5100313.0,2021,11,16,5,3,6,2,2,0,1,1,0,0,0,0,"785404,0197","5830308,455","13,20990788","52,54788194",,,3459.0
217152,11,4,4200308.0,2021,11,15,3,3,5,3,0,1,1,0,0,0,0,1,"790112,0989","5826844,859","13,2761239","52,51434363",,,4637.0
217151,11,2,2500726.0,2021,10,19,4,3,5,2,2,0,1,0,1,0,0,0,"801760,5248","5828659,903","13,44891149","52,52429251",,,5070.0
217150,11,7,7501134.0,2021,10,8,6,3,5,3,0,0,1,0,1,0,0,0,"798775,5769","5819075,996","13,39645656","52,44002923",,,5453.0
217149,11,4,4300412.0,2021,10,15,6,2,5,2,0,0,1,0,0,0,1,0,"790798,479","5827375,53","13,28667395","52,51873557",,,2551.0
217148,11,2,2100102.0,2021,11,19,2,3,5,3,2,1,1,0,0,0,0,0,"798335,2046","5825631,103","13,39585879","52,49902832",,,5153.0
217147,11,7,7601544.0,2021,11,17,5,3,0,1,2,0,0,0,1,0,0,1,"799269,1169","5813287,421","13,39852033","52,3878718",,,2851.0
217146,11,10,10400941.0,2021,11,15,3,3,5,3,0,1,1,0,0,0,0,0,"812398,3351","5824300,767","13,60111714","52,47923918",,,2848.0
217145,11,5,5300839.0,2021,10,20,7,2,0,1,2,0,0,0,0,0,1,0,"788998,4173","5829833,159","13,2623557","52,54172582",,,4837.0
217144,11,6,6200420.0,2021,10,16,5,2,3,6,0,0,1,0,0,0,1,0,"792714,5973","5816204,895","13,30503302","52,41756799",,,5059.0
217143,11,8,8200832.0,2021,10,14,3,3,2,6,0,0,1,0,0,0,0,1,"801036,4509","5817379,615","13,42809041","52,42358404",,,4954.0
217142,11,10,10400940.0,2021,11,16,2,3,5,2,2,1,1,0,0,0,0,1,"812434,6437","5824757,683","13,60207818","52,48331294",,,4754.0
217141,11,11,11300722.0,2021,11,17,5,2,5,2,2,0,1,0,1,0,0,0,"803425,1724","5828617,623","13,47333406","52,52298975",,,5453.0
217140,11,4,4501148.0,2021,11,16,7,3,5,2,2,0,1,0,0,0,0,1,"793339,8174","5823068,434","13,32022715","52,47876309",,,4341.0
217139,11,9,9501838.0,2021,10,15,3,3,5,3,0,0,1,0,1,0,0,1,"819873,9256","5819717,096","13,70643064","52,43384325",,,4251.0
217138,11,1,1200522.0,2021,11,17,6,3,5,3,2,1,0,0,0,0,1,0,"794351,8805","5828182,549","13,33960672","52,52406361",,,3252.0
217137,11,2,2500836.0,2021,10,18,5,3,0,1,2,0,1,0,1,0,0,0,"803319,5723","5825583,937","13,46901793","52,49585818",,,1453.0
217136,11,7,7300619.0,2021,10,20,6,3,5,5,2,0,1,0,1,0,0,1,"794905,7204","5821904,782","13,34218877","52,46748831",,,6851.0
217135,11,4,4300416.0,2021,10,20,7,3,6,7,0,0,1,1,0,0,0,0,"791749,1247","5826019,323","13,29945567","52,50606963",,,3944.0
217134,11,8,8100418.0,2021,10,17,6,3,5,3,2,0,1,0,0,0,0,0,"801660,6212","5823963,219","13,44318847","52,48225085",,,4160.0
217133,11,4,4501045.0,2021,11,19,2,3,6,4,2,1,0,1,0,0,0,1,"793660,5533","5825394,14","13,3269857","52,49943968",,,5752.0
217132,11,3,3601243.0,2021,11,8,6,3,5,2,0,1,1,0,0,0,0,1,"799498,024","5831776,17","13,41847201","52,55347237",,,3352.0
217131,11,3,3601450.0,2021,11,16,4,3,0,2,2,0,1,0,0,0,1,1,"802346,9592","5829203,754","13,45802349","52,52884213",,,5160.0
217130,11,11,11300722.0,2021,10,16,1,3,5,2,0,0,1,0,0,0,0,0,"803885,3294","5827895,012","13,47943545","52,51625698",,,4240.0
217129,11,2,2400521.0,2021,10,11,3,3,3,6,0,1,1,0,0,0,0,0,"800732,6699","5828441,542","13,43360957","52,52290318",,,6651.0
217128,11,12,12500824.0,2021,10,13,4,2,6,4,0,0,1,1,0,0,0,0,"791080,4716","5835474,838","13,29792022","52,59119417",,,4348.0
217127,11,3,3200205.0,2021,11,6,2,3,5,3,2,0,1,0,0,0,0,0,"798161,9748","5836391,452","13,40297487","52,5955747",,,2854.0
217126,11,5,5100105.0,2021,10,7,4,3,2,3,0,1,1,0,0,0,0,1,"784556,2455","5831108,326","13,19812472","52,55549708",,,7069.0
217125,11,10,10300733.0,2021,11,18,7,3,5,2,2,0,1,0,0,0,0,1,"809513,7086","5827233,118","13,56150217","52,50716052",,,5063.0
217124,11,7,7400720.0,2021,11,13,2,3,5,3,0,0,1,0,0,0,0,0,"796526,4571","5822786,951","13,36676155","52,47451894",,,5652.0
217123,11,9,9100101.0,2021,11,11,4,3,5,3,0,1,0,0,1,0,0,0,"802244,0871","5824856,767","13,45256449","52,48993715",,,5362.0
217122,11,5,5200629.0,2021,11,12,6,3,5,2,0,0,1,0,0,0,0,1,"784521,2176","5828650,38","13,19550394","52,53347744",,,5337.0
217121,11,12,12200412.0,2021,10,14,1,2,1,5,0,0,1,0,1,0,0,0,"789267,4354","5833658,76","13,26964588","52,57588016",,,4863.0
217120,11,7,7501135.0,2021,10,1,1,3,1,5,2,1,1,0,0,0,0,0,"798605,0041","5817011,761","13,3921113","52,42161887",,,4954.0
217119,11,3,3601245.0,2021,11,9,4,3,5,3,0,1,1,0,0,0,0,0,"800972,2937","5831228,348","13,43965445","52,54774954",,,1324.0
217118,11,5,5200423.0,2021,11,10,5,2,5,3,0,0,1,0,0,0,0,0,"780879,6077","5828331,389","13,14168924","52,53250614",,,4067.0
217117,11,12,12200412.0,2021,10,17,6,3,5,2,0,0,1,0,0,0,0,0,"791167,2706","5834021,577","13,29792098","52,57811959",,,5452.0
217116,11,9,9301227.0,2021,10,15,6,3,1,5,0,1,1,0,0,0,0,0,"815736,0737","5814531,681","13,64087694","52,38978173",,,4638.0
217115,11,1,1400938.0,2021,10,8,6,2,5,3,0,1,1,0,0,0,0,0,"793880,8666","5830059,636","13,33434381","52,54114469",,,5446.0
217114,11,1,1300733.0,2021,10,18,6,3,6,2,1,0,1,1,0,0,0,1,"797152,8273","5831919,828","13,38411262","52,55604464",,,4160.0
217113,11,2,2200209.0,2021,10,8,7,3,5,3,0,1,0,0,0,0,0,1,"797742,0047","5824596,285","13,38622122","52,49007634",,,4766.0
217112,11,3,3400619.0,2021,10,16,6,3,5,3,0,1,1,0,0,0,0,0,"795956,8804","5835567,551","13,36977934","52,58939386",,,2351.0
217111,11,3,3400725.0,2021,11,17,3,3,5,2,2,0,1,0,1,0,0,0,"800014,5276","5835462,768","13,42940192","52,58623194",,,4160.0
217110,11,4,4501043.0,2021,11,19,5,3,5,2,2,1,1,0,0,0,0,1,"792836,033","5824337,245","13,31394509","52,49040801",,,6037.0
217109,11,1,1100416.0,2021,11,8,3,3,5,7,0,1,1,0,0,0,0,0,"798708,6987","5830059,937","13,40532113","52,53852233",,,5667.0
217108,11,4,4300621.0,2021,10,18,1,3,5,7,1,0,1,0,0,0,1,0,"792386,628","5826848,846","13,30955031","52,5131648",,,4251.0
217107,11,1,1300732.0,2021,10,20,5,3,5,2,2,1,0,0,0,0,1,0,"797700,1045","5832902,061","13,39304236","52,56455017",,,4654.0
217106,11,2,2500727.0,2021,10,14,3,3,0,1,0,1,0,0,0,0,0,0,"802201,069","5828112,967","13,45488828","52,51914635",,,4448.0
217105,11,4,4300621.0,2021,11,10,2,3,1,5,0,1,0,0,0,0,1,0,"791985,0407","5826791,059","13,30359868","52,51286188",,,4067.0
217104,11,4,4400835.0,2021,11,17,6,3,6,7,1,0,1,1,0,0,0,0,"792854,7291","5821890,591","13,31207075","52,46846437",,,2853.0
217103,11,12,12400723.0,2021,11,16,2,3,0,7,2,0,0,0,1,0,0,1,"792482,2022","5839252,095","13,32189195","52,62430329",,,4153.0
217102,11,5,5100317.0,2021,10,7,3,3,0,1,2,0,0,0,1,0,0,1,"787970,4447","5827900,044","13,24556487","52,52493887",,,5058.0
217101,11,6,6400838.0,2021,11,19,7,3,6,2,2,0,1,1,0,0,0,1,"788156,5465","5818728,365","13,24037191","52,44261149",,,2351.0
217100,11,10,10300731.0,2021,11,16,2,3,6,2,1,0,1,1,0,0,0,1,"809154,9324","5829964,521","13,55877115","52,53184197",,,4571.0