OBJECTID,LAND,BEZ,LOR_ab_2021,UJAHR,UMONAT,USTUNDE,UWOCHENTAG,UKATEGORIE,UART,UTYP1,ULICHTVERH,IstRad,IstPKW,IstFuss,IstKrad,IstGkfz,IstSonstige,USTRZUSTAND,LINREFX,LINREFY,XGCSWGS84,YGCSWGS84,LOR,STRASSE,quadrant
217099,11,6,6100207.0,2021,11,12,4,3,5,2,0,0,1,0,1,0,0,0,"793425,539","5819938,291","13,31873355","52,45065631",,,5058.0
217098,11,7,7100206.0,2021,11,17,6,3,6,7,2,0,1,1,0,0,0,0,"796025,1551","5824631,99","13,36104079","52,49133012",,,3051.0
217097,11,8,8100310.0,2021,10,15,6,3,6,7,0,1,1,1,0,0,0,0,"800793,0149","5825040,604","13,43142333","52,49238639",,,4767.0
217096,11,4,4200310.0,2021,10,16,7,3,5,2,0,0,1,0,1,0,0,0,"789438,3927","5826654,398","13,26605805","52,51299404",,,4755.0
217095,11,4,4300412.0,2021,10,12,7,3,2,6,0,0,1,0,0,0,0,0,"791656,4528","5827566,553","13,29945023","52,51998987",,,5353.0
217094,11,2,2200209.0,2021,11,12,3,2,1,5,0,1,0,0,0,0,1,1,"797505,4568","5824775,024","13,38290715","52,4918075",,,3435.0
217093,11,1,1100313.0,2021,11,17,5,3,5,3,1,0,1,0,0,0,0,1,"799772,2893","5826562,447","13,41780394","52,50658889",,,3676.0
217092,11,4,4501040.0,2021,10,11,7,3,5,7,0,1,1,0,0,0,0,0,"792286,4812","5825909,342","13,30725375","52,50479605",,,4065.0
217091,11,10,10300732.0,2021,10,16,6,3,6,6,2,0,1,1,0,0,0,0,"810282,8031","5829976,414","13,5753562","52,53130774",,,3942.0
217090,11,10,10200524.0,2021,10,8,2,3,5,3,0,1,1,0,0,0,0,0,"813719,8281","5829973,3","13,62585628","52,52931276",,,5852.0
217089,11,4,4300622.0,2021,10,11,4,3,6,4,0,0,0,1,1,0,0,0,"793698,6198","5826395,075","13,32842778","52,5083921",,,6659.0
217088,11,4,4501150.0,2021,10,17,3,3,5,7,1,0,1,0,1,0,0,0,"793439,6535","5823835,344","13,322368","52,48558452",,,4343.0
217087,11,4,4501042.0,2021,11,10,3,3,2,6,0,0,1,0,1,0,0,1,"794064,1439","5825946,838","13,33340208","52,50417699",,,6761.0
217086,11,7,7601442.0,2021,10,11,4,2,6,2,0,0,0,1,0,1,0,0,"799248,6827","5816259,532","13,40087607","52,41452446",,,4960.0
217085,11,11,11300721.0,2021,10,13,4,3,3,6,0,0,1,0,0,1,0,0,"805532,163","5830048,844","13,50560819","52,53464035",,,5446.0
217084,11,1,1200626.0,2021,11,15,6,2,5,3,0,0,1,0,0,0,0,0,"795322,1997","5828222,514","13,35390274","52,52389717",,,3970.0
217083,11,6,6100208.0,2021,11,2,7,3,6,4,2,0,0,1,0,0,1,0,"794058,5363","5820612,578","13,32861513","52,4563609",,,6451.0
217082,11,1,1300730.0,2021,11,14,4,3,5,3,0,0,1,0,1,0,0,0,"796223,801","5832160,315","13,37066407","52,55870646",,,4956.0
217081,11,12,12200309.0,2021,11,23,2,3,5,3,2,1,1,0,0,0,0,0,"793231,5531","5832405,496","13,32686885","52,56252391",,,2958.0
217080,11,7,7300618.0,2021,10,14,4,3,5,3,0,1,1,0,0,0,0,0,"794418,6757","5822074,367","13,33518949","52,46927124",,,3840.0
217079,11,6,6300528.0,2021,10,11,2,3,5,3,0,0,1,0,1,0,0,0,"788965,9082","5816398,339","13,25023283","52,42129445",,,5652.0
217078,11,10,10200420.0,2021,10,14,1,3,5,2,0,0,1,0,0,0,0,0,"812011,184","5830586,154","13,60132576","52,53578521",,,4623.0
217077,11,4,4100102.0,2021,11,13,4,3,5,2,0,0,1,0,0,0,0,0,"791429,789","5829183,339","13,29753619","52,53460531",,,5381.0
217076,11,1,1100206.0,2021,11,21,6,3,6,2,2,0,1,1,0,0,0,0,"797897,3474","5827372,244","13,39098579","52,51487471",,,4761.0
217075,11,3,3601348.0,2021,10,15,1,3,5,7,0,1,0,0,0,0,0,0,"799907,4955","5830645,501","13,42347227","52,54311252",,,4022.0
217074,11,9,9301227.0,2021,10,18,4,3,5,3,2,1,1,0,0,0,0,1,"815060,8409","5815053,335","13,63147753","52,39484495",,,5744.0
217073,11,2,2100102.0,2021,11,12,6,3,5,3,0,0,1,0,0,0,0,0,"798213,1783","5826240,744","13,39461248","52,50455968",,,4065.0
217072,11,8,8100312.0,2021,11,15,3,3,6,2,0,0,1,1,0,0,0,0,"801100,6809","5824355,235","13,43532201","52,48607363",,,5160.0
217071,11,10,10400835.0,2021,10,12,5,3,5,3,0,1,1,0,0,0,0,0,"812828,5734","5828985,475","13,61183172","52,520973",,,7350.0
217070,11,11,11300723.0,2021,10,18,5,2,0,1,0,1,0,0,0,0,0,1,"805207,4482","5828548,621","13,49945868","52,52137667",,,2958.0
217069,11,5,5100314.0,2021,10,18,5,3,0,5,2,0,1,0,1,0,0,0,"785311,8643","5829919,216","13,20821813","52,54444036",,,4053.0
217068,11,6,6300633.0,2021,11,8,2,3,6,2,0,0,1,1,0,0,0,1,"793275,3272","5819097,035","13,31579097","52,44319527",,,4041.0
217067,11,5,5100208.0,2021,11,12,5,2,2,6,0,0,1,0,0,1,0,1,"782387,4625","5830501,943","13,16570464","52,55118898",,,2751.0
217066,11,9,9301025.0,2021,11,9,3,3,6,7,0,0,1,1,0,0,0,0,"810375,7395","5814095,747","13,5619573","52,3889378",,,5436.0
217065,11,3,3500934.0,2021,10,15,1,3,5,3,0,0,0,0,1,0,0,0,"801238,5819","5831800,101","13,44408832","52,55272702",,,4767.0
217064,11,3,3400828.0,2021,10,10,5,3,1,5,0,1,1,0,0,0,0,0,"799945,4728","5832575,008","13,42577367","52,56038635",,,4654.0
217063,11,7,7400721.0,2021,10,13,2,3,2,6,0,0,1,0,0,0,0,0,"798360,866","5823947,956","13,39472856","52,483927",,,3843.0
217062,11,11,11200514.0,2021,11,8,2,3,2,6,0,1,0,0,0,0,0,0,"803500,043","5830163,722","13,47584562","52,53680533",,,7069.0
217061,11,1,1100310.0,2021,11,9,5,3,2,6,0,0,1,0,0,0,0,0,"799730,7981","5828690,692","13,41911166","52,52568806",,,4448.0
217060,11,3,3300516.0,2021,11,0,1,3,0,1,2,0,0,0,0,0,1,0,"801096,7965","5834818,257","13,44474275","52,57985728",,,5349.0
217059,11,10,10300732.0,2021,10,12,2,3,9,1,0,0,1,0,0,0,0,0,"809840,4873","5830081,694","13,5689546","52,53250279",,,3675.0
217058,11,9,9200510.0,2021,11,17,7,3,5,3,2,1,1,0,0,0,0,1,"806410,9663","5822970,362","13,51201073","52,47070783",,,6038.0
217057,11,9,9501939.0,2021,10,19,5,3,1,5,2,1,1,0,0,0,0,0,"810710,8401","5821398,156","13,5736468","52,45418988",,,5356.0
217056,11,1,1100309.0,2021,10,18,6,3,6,2,2,0,1,1,0,0,0,1,"798524,3901","5829056,4","13,40171035","52,52962803",,,2651.0
217055,11,12,12100205.0,2021,10,14,6,3,5,3,0,0,1,0,0,0,0,1,"794799,112","5834244,398","13,35156167","52,57816165",,,4160.0
217054,11,10,10200526.0,2021,10,18,6,3,9,1,2,0,0,0,1,0,0,0,"812097,6384","5830187,207","13,60222168","52,5321607",,,4160.0
217053,11,4,4300622.0,2021,11,16,3,3,2,6,2,0,1,0,1,0,0,0,"792781,8778","5827039,549","13,31552583","52,51466238",,,5065.0
217052,11,1,1400937.0,2021,11,7,6,3,5,3,0,0,1,0,0,0,0,1,"793793,9944","5832188,293","13,33495002","52,56027363",,,2976.0
217051,11,7,7100102.0,2021,11,17,4,3,5,3,2,0,1,0,1,0,0,0,"794957,23","5825403,897","13,34604083","52,49882784",,,6235.0
217050,11,5,5100315.0,2021,10,17,6,2,5,3,0,0,1,0,0,0,1,0,"784376,083","5830006,752","13,194531","52,54571447",,,4040.0
217049,11,9,9200715.0,2021,10,15,3,2,5,2,0,0,1,0,0,0,1,0,"807699,2114","5818374,488","13,5266829","52,42879475",,,4754.0
217048,11,5,5200629.0,2021,10,23,3,2,5,3,2,0,1,0,0,0,0,0,"784025,5502","5828512,591","13,1880984","52,53250055",,,3773.0
217047,11,4,4300619.0,2021,10,16,2,3,5,2,0,1,1,0,0,0,0,0,"792763,989","5827029,207","13,31525387","52,51457927",,,4863.0
217046,11,8,8401244.0,2021,11,0,3,2,9,1,2,0,1,0,0,0,0,0,"806411,4734","5816143,258","13,50575919","52,40952007",,,5448.0
217045,11,6,6100103.0,2021,10,12,3,3,5,2,0,0,1,0,0,0,0,1,"793585,0137","5821271,931","13,32224619","52,46252633",,,5453.0
217044,11,2,2400625.0,2021,10,17,4,3,2,6,0,0,1,0,0,0,0,0,"801750,9847","5826253,041","13,44658885","52,5027249",,,4227.0
217043,11,2,2500833.0,2021,11,10,1,3,0,1,0,1,0,0,0,0,0,1,"802390,8684","5827079,315","13,45673769","52,50977655",,,1353.0
217042,11,1,1100309.0,2021,11,10,2,3,5,3,0,1,1,0,0,0,0,1,"798245,6345","5828939,305","13,39750825","52,52873101",,,2150.0
217041,11,9,9401534.0,2021,11,20,3,3,9,1,2,0,0,0,0,0,1,0,"811257,0365","5820202,016","13,58054443","52,44315991",,,4140.0
217040,11,6,6200313.0,2021,11,9,2,3,2,6,0,0,1,0,0,0,0,0,"795469,4084","5818365,714","13,34733163","52,43545828",,,6235.0
217039,11,12,12400618.0,2021,10,14,7,2,0,7,0,0,0,0,1,0,0,1,"787176,0939","5838992,721","13,24349651","52,62480889",,,5752.0
217038,11,7,7400721.0,2021,10,0,7,2,2,1,2,0,1,0,0,0,0,0,"797797,6938","5823274,496","13,38585817","52,47819764",,,3944.0
217037,11,9,9200819.0,2021,11,17,3,3,5,2,1,1,1,0,0,0,0,0,"810495,4327","5820304,004","13,56946997","52,44450685",,,6660.0
217036,11,1,1100308.0,2021,11,8,5,3,2,6,0,1,1,0,0,0,0,1,"796934,616","5828135,29","13,37752135","52,52223958",,,3843.0
217035,11,1,1200628.0,2021,10,19,7,3,1,5,2,1,1,0,0,0,0,0,"796297,4808","5828240,272","13,36825168","52,52352723",,,5535.0
217034,11,3,3400619.0,2021,10,7,4,3,0,2,0,1,1,0,0,0,0,1,"795367,463","5835565,85","13,36110256","52,58969898",,,7350.0
217033,11,8,8200831.0,2021,10,14,3,3,0,5,0,0,1,0,0,0,0,0,"799693,3955","5817627,063","13,40862008","52,4265393",,,3552.0
217032,11,7,7200413.0,2021,11,14,5,3,5,7,0,0,1,0,0,0,0,1,"796117,9697","5823308,023","13,36122763","52,47941153",,,4761.0
217031,11,7,7501133.0,2021,11,8,3,3,0,2,0,1,1,0,0,0,0,1,"797908,8313","5818355,008","13,3831005","52,43403915",,,5237.0
217030,11,1,1100310.0,2021,10,15,4,3,5,7,0,0,1,0,1,0,0,0,"799080,0996","5828410,707","13,40929712","52,52353575",,,5068.0
217029,11,4,4200308.0,2021,10,6,6,2,4,6,2,0,1,0,0,1,0,0,"789722,7386","5828388,387","13,27174677","52,52838859",,,7250.0
217028,11,3,3500934.0,2021,11,18,6,3,1,5,1,1,1,0,0,0,0,0,"800511,3184","5831788,055","13,43338326","52,55302078",,,2951.0
217027,11,10,10400941.0,2021,11,12,2,2,5,3,0,1,1,0,0,0,0,1,"812566,4968","5824277,355","13,60356326","52,47893317",,,5564.0
217026,11,3,3400620.0,2021,11,6,5,3,5,3,2,1,1,0,0,0,0,0,"797411,7617","5833971,81","13,38976021","52,57429667",,,5261.0
217025,11,2,2500835.0,2021,11,10,3,2,0,1,0,0,0,0,1,0,0,0,"803113,5799","5826306,229","13,46665027","52,50244643",,,3970.0
217024,11,11,11501238.0,2021,10,11,7,3,5,2,0,0,1,0,1,0,0,0,"804082,3955","5825989,88","13,48059043","52,49907208",,,4428.0
217023,11,1,1100310.0,2021,10,15,4,3,0,2,0,1,1,0,0,0,0,0,"799492,8929","5828852,927","13,41576152","52,52727298",,,5548.0
217022,11,11,11300722.0,2021,10,14,2,3,5,2,0,1,1,0,0,0,0,0,"803738,6371","5828638,533","13,47795918","52,52300265",,,4527.0
217021,11,7,7601339.0,2021,10,12,1,3,0,2,0,0,1,0,1,0,0,0,"795400,2446","5815723,373","13,34398391","52,41180851",,,4049.0
217020,11,4,4501042.0,2021,11,15,4,3,0,2,0,0,1,0,0,0,1,0,"793996,5473","5826165,011","13,33260171","52,50616923",,,2751.0
217019,11,5,5200525.0,2021,11,14,6,2,6,4,0,0,1,1,0,0,0,1,"781207,2309","5827399,412","13,14571815","52,52398053",,,4150.0
217018,11,11,11200513.0,2021,10,17,2,3,5,2,0,1,1,0,0,0,0,0,"803853,4647","5830396,553","13,48125326","52,53869518",,,2451.0
217017,11,8,8100417.0,2021,10,13,5,2,5,3,0,1,1,0,0,0,0,1,"802074,3311","5822683,037","13,44810258","52,47054774",,,5752.0
217016,11,8,8100418.0,2021,11,14,6,3,6,4,0,0,1,1,0,0,0,0,"802068,4145","5823584,307","13,44883197","52,4786292",,,3841.0
217015,11,9,9501737.0,2021,11,7,4,3,1,5,0,1,1,0,0,0,0,1,"815059,2731","5821052,942","13,6371038","52,44860768",,,6863.0
217014,11,1,1300834.0,2021,10,9,5,3,0,2,0,1,1,0,0,0,0,0,"798351,5399","5830138,989","13,40014167","52,53942658",,,4162.0
217013,11,4,4501152.0,2021,10,13,4,3,0,7,0,1,0,0,0,1,0,1,"793965,4876","5824887,998","13,33101817","52,49473819",,,4343.0
217012,11,4,4100101.0,2021,10,6,3,2,2,7,2,0,1,0,1,0,0,1,"792496,5863","5830685,571","13,3145418","52,54750081",,,6136.0
217011,11,11,11300620.0,2021,11,18,4,3,5,2,2,0,1,0,0,0,0,0,"803730,4885","5829786,211","13,47888783","52,53329345",,,5350.0
217010,11,11,11501341.0,2021,11,18,3,3,0,7,2,0,1,0,0,0,0,1,"806453,2558","5824373,678","13,51392086","52,48326108",,,5744.0
217009,11,5,5100317.0,2021,10,2,4,2,0,7,2,0,0,0,0,0,1,1,"788104,7869","5827881,934","13,24752389","52,52470553",,,4067.0
217008,11,4,4400729.0,2021,10,17,4,3,0,1,0,1,0,0,0,0,0,0,"789341,7147","5822872,843","13,26135261","52,47914255",,,4864.0
217007,11,8,8200832.0,2021,11,10,6,2,6,4,0,0,1,1,0,0,0,1,"801533,9182","5817359,897","13,43536634","52,42313341",,,4526.0
217006,11,12,12500824.0,2021,11,15,7,3,5,2,0,1,1,0,0,0,0,1,"790208,55","5835827,334","13,28539402","52,59482019",,,4668.0
217005,11,10,10100208.0,2021,11,19,4,3,2,7,2,1,1,0,0,0,0,1,"809066,3797","5832252,283","13,55959809","52,55239434",,,5446.0
217004,11,8,8401242.0,2021,11,21,7,3,5,3,2,0,1,0,0,0,0,0,"804819,2133","5816776,748","13,48299994","52,41608672",,,1353.0
217003,11,6,6400735.0,2021,10,10,7,2,5,3,0,0,1,0,0,0,0,0,"782949,4337","5815892,095","13,16156795","52,41989932",,,5262.0
217002,11,3,3501038.0,2021,10,20,4,3,5,7,2,1,1,0,0,0,0,0,"803004,6805","5832010,834","13,47024945","52,55363618",,,6235.0
217001,11,2,2100106.0,2021,10,17,1,3,5,2,0,1,1,0,0,0,0,0,"799071,9435","5825610,953","13,40666144","52,49844446",,,4332.0
217000,11,12,12200309.0,2021,11,12,2,2,5,3,0,0,1,0,1,0,0,1,"793561,9581","5832369,066","13,33169687","52,5620193",,,3282.0
216999,11,4,4300621.0,2021,11,10,4,3,1,5,0,1,1,0,0,0,0,0,"792086,9019","5826762,902","13,3050707","52,51255492",,,6167.0
216998,11,8,8200623.0,2021,11,13,7,3,3,6,0,0,1,0,0,0,0,0,"801995,5496","5820644,831","13,44510229","52,45232249",,,3825.0
216997,11,8,8100102.0,2021,10,23,7,3,6,7,2,0,1,1,0,0,0,0,"800406,933","5823337,386","13,42421887","52,4773324",,,4538.0
216996,11,7,7200307.0,2021,10,22,4,3,0,1,2,0,0,0,0,0,1,0,"794636,7209","5824532,079","13,34056195","52,49118567",,,3335.0
216995,11,9,9100407.0,2021,11,10,6,2,0,7,0,1,0,0,0,0,0,0,"805933,7771","5820317,184","13,50257624","52,44719625",,,6866.0
216994,11,4,4501042.0,2021,11,16,3,3,6,4,2,0,1,1,0,0,0,1,"793521,7789","5825707,235","13,3252232","52,5023211",,,6858.0
216993,11,12,12601031.0,2021,10,22,4,3,5,3,2,0,1,0,0,0,1,0,"793487,4223","5836483,428","13,33424351","52,59894209",,,4265.0
216992,11,3,3400828.0,2021,10,16,6,3,5,3,0,0,1,0,0,0,0,1,"800125,1321","5831772,903","13,42769074","52,5530979",,,3442.0
216991,11,2,2500833.0,2021,10,22,1,2,6,2,2,0,1,1,0,0,0,0,"802996,8814","5826892,541","13,46546986","52,50776627",,,4654.0
216990,11,12,12500928.0,2021,10,8,6,3,2,6,0,0,1,0,0,0,0,0,"791769,4669","5836885,957","13,30930566","52,60347515",,,4343.0
216989,11,10,10200418.0,2021,11,18,2,3,5,2,1,0,1,0,0,0,1,1,"811292,9025","5831567,052","13,59168902","52,544986",,,3963.0
216988,11,4,4300416.0,2021,11,21,5,3,5,7,2,0,1,0,1,0,0,1,"791780,3073","5825924,672","13,29983085","52,50520442",,,3947.0
216987,11,7,7400823.0,2021,11,8,3,2,5,3,0,0,0,0,1,0,1,0,"797277,7713","5821223,797","13,37639803","52,46009845",,,4674.0
216986,11,9,9200715.0,2021,10,12,2,3,6,2,0,0,1,1,0,0,0,1,"808176,9043","5818868,989","13,53414227","52,43295769",,,1255.0
216985,11,4,4100102.0,2021,10,5,5,3,2,2,2,0,1,0,0,0,1,0,"791203,7474","5829140,204","13,29417528","52,53433944",,,3738.0
216984,11,5,5200420.0,2021,10,20,2,2,2,2,2,0,1,0,1,0,1,0,"781884,2671","5829131,224","13,15713954","52,53915916",,,4261.0
216983,11,3,3400831.0,2021,11,13,2,3,6,4,0,0,0,1,0,0,1,1,"799940,1747","5833850,57","13,42684901","52,57182246",,,7355.0
216982,11,8,8300934.0,2021,11,20,6,3,0,2,2,1,1,0,0,0,0,0,"803155,4197","5818426,131","13,46010575","52,43179426",,,5826.0
216981,11,1,1100205.0,2021,11,19,1,3,5,2,2,1,1,0,0,0,0,1,"796952,633","5826789,541","13,37658503","52,51016658",,,3730.0
216980,11,1,1300733.0,2021,10,16,2,3,2,6,0,0,1,0,0,0,1,0,"797668,339","5831881,096","13,39165935","52,55541594",,,4872.0
216979,11,10,10400836.0,2021,10,11,2,3,5,3,0,1,1,0,0,0,0,0,"811155,1","5827124,658","13,58550709","52,50525497",,,5668.0
216978,11,12,12601235.0,2021,11,2,7,3,2,7,2,0,1,0,0,0,0,0,"794432,4646","5836240,152","13,34794001","52,59625044",,,2659.0
216977,11,1,1100311.0,2021,11,14,1,3,1,7,0,0,1,0,0,0,0,1,"799882,9852","5827832,076","13,42057406","52,51790827",,,3057.0
216976,11,11,11200513.0,2021,10,7,5,2,0,2,1,0,1,0,0,0,1,0,"804372,5135","5830844,997","13,48929353","52,54242473",,,4848.0
216975,11,12,12200309.0,2021,10,14,6,3,0,6,0,0,1,0,1,0,0,0,"793543,8508","5832384,229","13,33144393","52,56216499",,,3861.0
216974,11,9,9501737.0,2021,10,16,2,3,5,3,0,1,1,0,0,0,0,0,"815033,2326","5821296,513","13,6369516","52,45080528",,,3569.0
216973,11,9,9100304.0,2021,10,14,6,3,0,4,0,0,0,1,1,0,0,0,"804604,2134","5822063,884","13,48466697","52,46359376",,,5136.0
216972,11,1,1200519.0,2021,11,12,4,3,0,5,0,1,1,0,0,0,0,1,"793857,2091","5829136,377","13,33317954","52,53288097",,,5352.0
216971,11,10,10200421.0,2021,11,15,5,3,5,2,0,1,1,0,0,0,0,0,"812063,1643","5830615,118","13,60211684","52,536015",,,4453.0
216970,11,2,2300315.0,2021,10,12,6,3,5,2,0,1,1,0,0,0,0,0,"800461,8925","5825774,294","13,42722266","52,49914508",,,5249.0
216969,11,1,1100416.0,2021,10,7,3,3,5,3,0,1,1,0,0,0,0,0,"798590,4818","5829516,136","13,40309469","52,53371271",,,4550.0
216968,11,6,6300526.0,2021,10,13,4,3,2,3,0,0,1,0,1,0,0,0,"789407,7417","5817968,418","13,25807074","52,43513747",,,6861.0
216967,11,2,2400521.0,2021,10,12,2,2,5,3,0,0,1,0,1,0,0,0,"801250,445","5827841,258","13,44067446","52,51723693",,,3847.0
216966,11,5,5100104.0,2021,11,9,1,3,5,3,0,0,1,0,0,0,0,1,"785763,6115","5831744,42","13,21643265","52,56056795",,,3284.0
216965,11,2,2300315.0,2021,10,17,4,3,5,3,0,1,0,0,0,0,1,0,"800597,6807","5826214,523","13,42961433","52,50301622",,,3749.0
216964,11,9,9100101.0,2021,10,15,4,3,1,5,0,1,1,0,0,0,0,0,"801668,9235","5824894,733","13,44415345","52,49059558",,,5656.0
216963,11,6,7300619.0,2021,11,13,7,3,0,7,0,0,0,0,1,0,0,1,"794819,6902","5821586,192","13,34064454","52,46467876",,,1568.0
216962,11,8,8100314.0,2021,11,19,3,3,2,6,2,0,1,0,0,0,0,0,"800343,4956","5824377,491","13,42422462","52,48669018",,,4227.0
216961,11,1,1401043.0,2021,11,12,7,3,2,2,0,0,1,0,1,0,0,0,"795682,3529","5830937,161","13,36161102","52,54803632",,,1658.0
216960,11,5,5200631.0,2021,10,12,1,3,2,6,0,0,1,0,1,0,0,0,"785074,5643","5827586,476","13,20272739","52,52364939",,,3343.0
216959,11,4,4501041.0,2021,10,13,7,3,5,7,0,0,1,0,0,0,0,0,"793140,1744","5825596,609","13,31952001","52,50153453",,,7134.0
216958,11,1,1200624.0,2021,11,18,4,3,5,2,2,1,1,0,0,0,0,0,"795668,8498","5829732,424","13,36034021","52,5372443",,,3130.0
216957,11,6,6100103.0,2021,11,6,5,3,6,4,2,0,0,1,0,0,1,0,"793946,9981","5821464,575","13,3277286","52,4640587",,,3536.0
216956,11,6,6400838.0,2021,10,18,7,3,2,6,0,0,1,0,0,0,0,0,"788442,5045","5821531,317","13,24698873","52,46759078",,,3853.0
216955,11,3,3701554.0,2021,10,10,4,3,5,5,0,0,1,0,0,0,1,0,"798943,5147","5829969,41","13,40869159","52,53758213",,,3145.0
216954,11,10,10100315.0,2021,11,17,4,2,2,7,2,0,1,0,0,0,0,0,"809783,0025","5830680,889","13,56866832","52,53790517",,,5439.0
216953,11,12,12500824.0,2021,11,16,3,3,1,5,1,0,1,0,0,1,1,1,"791140,7708","5836676,613","13,29986444","52,60193548",,,3536.0
216952,11,9,9401329.0,2021,10,10,5,3,2,6,0,0,1,0,0,0,0,0,"812399,5438","5819581,993","13,59671971","52,43695222",,,4062.0
216951,11,1,1100102.0,2021,10,3,5,3,9,1,2,0,0,0,1,0,0,0,"795142,3508","5827068,305","13,35023554","52,51364795",,,5554.0
216950,11,7,7400721.0,2021,10,15,2,3,5,3,0,0,1,0,1,0,0,0,"797827,9656","5822536,161","13,38564328","52,47156279",,,4361.0
216949,11,6,6100205.0,2021,11,11,6,2,0,1,0,0,0,0,1,0,0,1,"795238,1313","5819621,85","13,34504914","52,4468437",,,2325.0
216948,11,4,4200311.0,2021,11,18,1,2,5,2,2,0,1,0,0,0,0,1,"790449,35","5825976,206","13,28032171","52,5063766",,,3250.0
216947,11,8,8100103.0,2021,11,12,5,3,2,6,0,0,1,0,0,0,0,1,"800688,7622","5822945,878","13,42800306","52,47366808",,,5261.0
216946,11,6,6100101.0,2021,11,16,2,3,1,5,1,1,1,0,0,0,0,0,"793230,167","5820597,14","13,3164454","52,45666755",,,4369.0
216945,11,2,2100106.0,2021,10,19,7,3,5,2,2,1,1,0,0,0,0,0,"798578,3304","5825563,167","13,39936879","52,4982864",,,4654.0
216944,11,3,3400724.0,2021,10,16,4,3,2,6,1,0,1,0,0,0,0,0,"800004,8158","5834937,114","13,42878314","52,58152576",,,3756.0
216943,11,9,9501939.0,2021,10,9,2,3,5,2,0,1,0,0,0,0,1,0,"810936,7101","5821596,922","13,57714515","52,4558427",,,3580.0
216942,11,9,9502043.0,2021,11,9,2,3,5,3,0,0,1,0,0,0,0,0,"809221,3936","5823026,352","13,55330587","52,46962613",,,6365.0
216941,11,7,7601341.0,2021,11,13,5,3,5,2,0,1,0,0,0,0,1,0,"798077,2823","5814312,488","13,3819707","52,39771026",,,3757.0
216940,11,6,6200317.0,2021,11,11,7,2,6,4,0,0,1,1,0,0,0,0,"796244,3686","5817025,442","13,35751082","52,42302453",,,2652.0
216939,11,11,11300722.0,2021,10,17,3,3,5,2,0,1,1,0,0,0,0,0,"804253,6095","5827663,143","13,48463403","52,51397351",,,2941.0
216938,11,9,9501940.0,2021,10,21,5,3,5,2,2,1,0,0,0,0,1,1,"811170,2551","5821573,338","13,58054915","52,45549845",,,4044.0
216937,11,12,12601032.0,2021,11,7,6,3,1,5,0,0,1,0,0,0,1,0,"793507,3156","5837540,939","13,3354741","52,60841119",,,7431.0
216936,11,10,10200629.0,2021,11,15,4,3,6,2,1,0,1,1,0,0,0,1,"811027,0006","5828904,114","13,5852889","52,52127439",,,2844.0
216935,11,1,1200627.0,2021,10,22,5,3,3,6,2,0,1,0,0,0,0,0,"795510,8513","5828358,126","13,35679578","52,5250106",,,6337.0
216934,11,12,12200309.0,2021,10,0,5,3,5,7,2,0,1,0,0,0,1,0,"793342,5928","5832794,325","13,32884603","52,56594973",,,3948.0
216933,11,11,11200513.0,2021,10,8,7,3,5,3,0,0,1,0,0,0,0,1,"804488,497","5830804,369","13,49096126","52,5419958",,,7354.0
216932,11,2,2200208.0,2021,10,3,6,2,0,1,2,0,0,0,0,0,1,0,"797302,6188","5824832,171","13,37997938","52,49243028",,,2335.0
216931,11,6,6300524.0,2021,11,15,2,3,5,2,0,1,0,0,0,1,0,1,"787536,9182","5817032,408","13,22982201","52,42773211",,,2737.0
216930,11,10,10100210.0,2021,11,16,5,2,6,4,2,0,1,1,0,0,0,1,"808860,977","5831777,699","13,55613683","52,54825778",,,3962.0
216929,11,4,4300619.0,2021,11,12,3,3,2,6,0,0,1,0,0,0,0,0,"791833,2122","5827445,502","13,30194174","52,5188101",,,1163.0
216928,11,7,7400822.0,2021,10,3,1,3,5,3,2,1,1,0,0,0,0,0,"796418,1847","5820706,298","13,363324","52,45592642",,,5044.0
216927,11,1,1100312.0,2021,10,19,5,2,4,6,2,1,1,0,0,0,1,0,"799468,9296","5826591,191","13,41337354","52,50701314",,,3760.0
216926,11,2,2200212.0,2021,10,14,3,3,2,6,0,0,1,0,0,0,0,0,"799623,8838","5824499,909","13,41376861","52,48818286",,,4077.0
216925,11,4,4501153.0,2021,11,17,3,3,5,2,2,1,1,0,0,0,0,0,"793883,9112","5823108,59","13,32825099","52,47883054",,,5243.0
216924,11,4,4300624.0,2021,11,8,6,3,6,4,0,0,1,1,0,0,0,1,"792862,9297","5826217,874","13,31599379","52,50725282",,,5764.0
216923,11,2,2300315.0,2021,11,22,1,2,6,2,2,0,1,1,0,0,0,0,"800588,5588","5825975,064","13,4292642","52,5008749",,,637.0
216922,11,3,3500934.0,2021,10,7,3,3,6,4,0,0,0,1,0,0,1,1,"800917,9337","5832080,97","13,43962792","52,55542172",,,5457.0
216921,11,1,1100309.0,2021,10,8,4,3,5,3,0,1,1,0,0,0,0,0,"797948,6778","5828786,066","13,39300642","52,5275198",,,3480.0