OBJECTID,LAND,BEZ,LOR_ab_2021,UJAHR,UMONAT,USTUNDE,UWOCHENTAG,UKATEGORIE,UART,UTYP1,ULICHTVERH,IstRad,IstPKW,IstFuss,IstKrad,IstGkfz,IstSonstige,USTRZUSTAND,LINREFX,LINREFY,XGCSWGS84,YGCSWGS84,LOR,STRASSE,quadrant
216920,11,1,1100313.0,2021,10,15,1,3,1,5,0,0,1,0,1,0,0,0,"799912,6304","5826953,806","13,42021809","52,51001968",,,3333.0
216919,11,7,7601340.0,2021,11,17,7,3,6,4,2,0,1,1,0,0,0,1,"795825,4139","5816018,405","13,35047739","52,41422371",,,5449.0
216918,11,1,1100207.0,2021,11,10,1,3,5,3,0,0,1,0,0,0,0,0,"798024,3327","5826692,031","13,39224245","52,50870809",,,4251.0
216917,11,9,9401330.0,2021,11,12,4,3,6,2,0,0,1,1,0,0,0,0,"811900,2127","5817887,213","13,58781749","52,42204947",,,4470.0
216916,11,10,10400938.0,2021,11,16,6,3,6,7,1,0,1,1,0,0,0,0,"813416,0678","5829584,877","13,62102702","52,52600686",,,3132.0
216915,11,3,3501038.0,2021,10,13,6,3,6,7,0,0,0,1,0,0,1,0,"803721,3771","5831992,814","13,48077134","52,55307551",,,3348.0
216914,11,1,1100205.0,2021,10,17,6,3,6,4,1,0,1,1,0,0,0,1,"797013,8682","5826727,899","13,37742967","52,50958069",,,6544.0
216913,11,3,3500932.0,2021,10,6,2,3,5,2,2,0,0,0,0,0,1,0,"802058,8954","5832780,239","13,45704236","52,56105761",,,1056.0
216912,11,5,5300737.0,2021,10,14,6,3,2,6,0,0,1,0,0,0,0,0,"787356,2466","5830054,244","13,23839928","52,54457651",,,4264.0
216911,11,6,6200422.0,2021,11,1,3,2,8,1,2,0,1,0,0,0,0,1,"794118,6358","5817425,461","13,32669191","52,42775726",,,4177.0
216910,11,6,6200312.0,2021,11,7,5,3,2,6,2,0,1,0,0,0,0,1,"794288,5111","5819314,779","13,33084643","52,44460291",,,6544.0
216909,11,1,1100103.0,2021,10,17,6,3,3,2,0,0,1,0,1,0,0,0,"795271,5508","5826057,543","13,35123727","52,50451731",,,2621.0
216908,11,1,1300733.0,2021,10,9,6,3,0,1,0,1,0,0,0,0,0,0,"797189,7327","5831917,16","13,384653","52,55600058",,,6467.0
216907,11,1,1300834.0,2021,10,14,3,3,5,3,0,0,1,0,0,0,1,0,"797836,4476","5830459,573","13,39285668","52,54258196",,,4644.0
216906,11,4,4300623.0,2021,10,17,3,3,1,5,0,1,1,0,0,0,0,0,"791950,7527","5826452,004","13,30279742","52,50984068",,,5454.0
216905,11,11,11400931.0,2021,10,19,2,3,6,4,1,1,0,1,0,0,0,1,"805678,5726","5827215,643","13,50515629","52,50916616",,,3963.0
216904,11,4,4200206.0,2021,10,17,7,2,5,3,1,1,1,0,0,0,0,0,"787834,8322","5825830,603","13,24178119","52,50645689",,,3345.0
216903,11,3,3400725.0,2021,10,13,6,3,2,6,0,0,1,0,0,0,1,0,"799993,8024","5835316,402","13,42896441","52,58493146",,,3154.0
216902,11,6,6200312.0,2021,11,19,2,3,2,2,2,0,1,0,0,0,0,0,"794314,3425","5819252,125","13,3311702","52,44402734",,,5048.0
216901,11,4,4501150.0,2021,11,17,5,3,1,5,2,0,1,0,0,0,0,1,"793621,2775","5823945,515","13,3251321","52,48647451",,,2628.0
216900,11,6,6400842.0,2021,11,17,3,3,1,5,2,0,1,0,0,0,0,0,"789943,666","5819779,136","13,26750332","52,45108733",,,3371.0
216899,11,1,1100206.0,2021,10,23,7,3,5,3,2,1,1,0,0,0,0,0,"797882,3012","5828175,552","13,39148401","52,52208359",,,3466.0
216898,11,12,12500825.0,2021,10,14,5,3,2,2,0,0,1,0,0,1,0,0,"791562,698","5834401,34","13,30407403","52,58131232",,,3650.0
216897,11,1,1300733.0,2021,10,14,3,3,6,7,0,0,1,1,0,0,0,0,"797159,69","5831388,356","13,38373783","52,55127689",,,4557.0
216896,11,7,7501029.0,2021,11,13,2,3,5,3,0,0,1,0,0,0,0,1,"797538,7739","5819909,738","13,37905738","52,4481772",,,3323.0
216895,11,4,4501149.0,2021,11,9,5,3,5,7,0,1,0,0,0,0,1,0,"793461,2992","5824570,633","13,32333336","52,49216447",,,3454.0
216894,11,4,4501042.0,2021,11,14,7,3,0,5,0,1,0,0,0,0,1,1,"793581,9981","5825453,983","13,32588455","52,50001841",,,4160.0
216893,11,7,7400927.0,2021,10,8,3,2,5,7,0,0,1,0,0,0,0,1,"798897,2462","5821310,369","13,40024062","52,45999112",,,3353.0
216892,11,4,4501043.0,2021,11,17,7,2,6,2,2,0,1,1,0,0,0,1,"792833,3402","5824335,7","13,31390418","52,4903956",,,4931.0
216891,11,5,5200632.0,2021,11,18,2,2,1,1,1,0,1,0,0,1,0,1,"785271,6458","5827745,904","13,20576114","52,52497573",,,1858.0
216890,11,4,4501041.0,2021,10,14,5,3,5,2,0,1,1,0,0,0,0,0,"793508,594","5825732,312","13,32505162","52,50255299",,,3075.0
216889,11,7,7100206.0,2021,10,11,6,3,0,2,0,0,1,0,0,1,1,1,"796006,918","5824629,578","13,36077082","52,49131838",,,6459.0
216888,11,4,4300620.0,2021,10,19,2,3,5,3,1,1,1,0,0,0,0,1,"794161,275","5826991,393","13,33575209","52,51348847",,,4548.0
216887,11,4,4200310.0,2021,10,20,6,3,5,7,2,0,1,0,0,0,0,0,"789287,5368","5826790,634","13,2639597","52,51429547",,,8033.0
216886,11,4,4300412.0,2021,11,19,3,3,2,6,2,0,1,0,0,0,0,0,"791334,5556","5827466,973","13,29463226","52,51926922",,,4458.0
216885,11,8,8100311.0,2021,11,19,5,3,5,2,2,1,1,0,0,0,0,1,"800648,4708","5824399,048","13,42872195","52,48671554",,,2362.0
216884,11,1,1100309.0,2021,10,18,6,3,1,5,1,1,0,0,0,0,1,0,"798981,8662","5828819,329","13,40822092","52,52725232",,,5154.0
216883,11,6,6200422.0,2021,10,14,3,3,3,2,0,0,1,0,1,0,0,0,"794106,6691","5817427,502","13,32651821","52,427782",,,4854.0
216882,11,6,6400841.0,2021,10,14,3,3,0,6,0,0,0,0,0,0,1,0,"789858,1979","5818759,929","13,26536484","52,44199511",,,2624.0
216881,11,2,2100105.0,2021,10,16,2,3,5,3,0,0,1,0,0,0,1,0,"799592,1036","5825837,826","13,4145051","52,50019274",,,3676.0
216880,11,1,1300835.0,2021,11,7,3,3,1,7,0,0,0,0,0,1,1,1,"797045,909","5830249,1","13,38104575","52,54112687",,,3944.0
216879,11,11,11300616.0,2021,10,16,4,3,5,2,0,0,1,0,1,0,0,0,"802947,675","5829805,57","13,46740009","52,53390261",,,4065.0
216878,11,1,1100309.0,2021,10,20,4,3,5,2,2,1,0,1,0,0,1,0,"797942,056","5828782,642","13,39290603","52,52749272",,,3760.0
216877,11,7,7501031.0,2021,11,11,7,2,5,3,0,0,0,0,1,0,0,0,"799173,0668","5819951,615","13,40307084","52,44766074",,,4852.0
216876,11,7,7400927.0,2021,11,13,3,3,0,1,0,0,0,0,1,0,0,1,"798182,8691","5820934,416","13,38942163","52,45701138",,,4942.0
216875,11,2,2300419.0,2021,11,18,7,3,6,7,2,0,0,1,0,0,1,0,"801263,4841","5825678,703","13,43890897","52,49784636",,,4942.0
216874,11,3,3200207.0,2021,10,11,1,2,5,3,0,0,1,0,1,0,0,0,"798503,6078","5835385,178","13,4070968","52,58636762",,,4859.0
216873,11,5,5200630.0,2021,10,13,7,3,5,3,0,1,1,0,0,0,0,0,"784504,1331","5827381,094","13,19416659","52,52210589",,,6353.0
216872,11,5,5100208.0,2021,11,17,4,3,5,2,2,0,1,0,0,0,1,0,"781547,642","5830703,526","13,15352222","52,55343124",,,1462.0
216871,11,11,11400931.0,2021,11,12,6,3,5,2,0,0,1,0,0,0,0,0,"806695,5862","5826907,301","13,5198106","52,50583195",,,3332.0
216870,11,5,5100101.0,2021,10,5,2,3,1,1,2,0,1,0,0,0,0,1,"784923,6398","5832224,094","13,20448715","52,56530885",,,7163.0
216869,11,5,5100316.0,2021,10,15,4,3,6,4,0,0,1,1,0,0,0,0,"785164,232","5829375,472","13,20558023","52,5396425",,,4068.0
216868,11,1,1100310.0,2021,11,15,5,3,2,2,0,0,1,0,0,0,0,0,"799114,672","5828969,657","13,41030796","52,52852694",,,4638.0
216867,11,8,8200726.0,2021,11,17,4,3,2,6,1,0,1,0,0,0,0,1,"801498,9186","5820450,152","13,43764042","52,45085167",,,556.0
216866,11,1,1401048.0,2021,10,14,5,3,5,2,0,1,1,0,0,0,0,0,"795297,9049","5831409,834","13,35637821","52,55248195",,,4257.0
216865,11,3,3601347.0,2021,10,8,5,3,1,5,0,1,1,0,0,0,0,1,"799490,6145","5830409,636","13,41713075","52,54122768",,,3368.0
216864,11,2,2500835.0,2021,10,13,2,3,1,5,0,0,1,0,0,0,0,0,"803017,6474","5826053,037","13,4650109","52,50023037",,,5551.0
216863,11,3,3200309.0,2021,11,6,6,3,6,4,1,0,1,1,0,0,0,1,"800362,8646","5836347,477","13,43533014","52,59396949",,,6468.0
216862,11,1,1401045.0,2021,11,10,2,3,0,1,0,1,0,0,0,0,0,1,"796441,6708","5831935,327","13,37366753","52,55657113",,,7554.0
216861,11,7,7501029.0,2021,11,17,4,2,2,6,2,0,1,0,0,0,0,0,"797514,6244","5820073,757","13,37884917","52,44966061",,,3162.0
216860,11,8,8301037.0,2021,11,18,2,3,1,5,2,0,1,0,0,0,0,0,"804589,9715","5817455,027","13,48025704","52,42229363",,,3044.0
216859,11,3,3601245.0,2021,10,20,7,3,5,2,2,1,1,0,0,0,0,0,"800193,0477","5830930,861","13,42792824","52,54551304",,,4067.0
216858,11,7,7100206.0,2021,10,14,4,3,5,2,0,1,0,0,0,0,1,0,"796555,8954","5824856,211","13,36903454","52,49305197",,,5248.0
216857,11,1,1100205.0,2021,10,8,2,3,2,6,0,0,1,0,0,0,0,0,"796955,6821","5826749,357","13,37659398","52,50980472",,,4748.0
216856,11,10,10100313.0,2021,11,6,2,2,5,2,1,1,1,0,0,0,0,0,"808514,3391","5831162,12","13,55046922","52,54293752",,,3049.0
216855,11,11,11100102.0,2021,11,14,5,3,2,6,0,0,1,0,0,0,0,0,"807995,9333","5833888,478","13,54537854","52,56766392",,,2954.0
216854,11,9,9501737.0,2021,11,9,1,2,8,1,0,0,0,0,1,0,0,1,"815871,7337","5821217,539","13,64917469","52,44961383",,,3834.0
216853,11,5,5300735.0,2021,10,19,3,3,5,2,2,0,1,0,0,0,0,1,"786568,6339","5830554,345","13,22724823","52,5494751",,,3967.0
216852,11,3,3500933.0,2021,10,15,5,3,5,2,0,0,1,0,0,0,0,1,"802411,9609","5832569,021","13,4620424","52,55896854",,,6068.0
216851,11,1,1100309.0,2021,11,22,6,3,1,5,2,1,1,0,0,0,0,0,"798556,2446","5828956,995","13,40208927","52,52871956",,,6250.0
216850,11,8,8100312.0,2021,10,19,5,3,1,5,2,0,1,0,0,1,0,0,"800934,8749","5824238,235","13,43278194","52,48511634",,,964.0
216849,11,3,3701660.0,2021,10,12,6,3,1,7,0,1,1,0,0,0,0,0,"800807,3501","5829515,752","13,4356788","52,53249035",,,5341.0
216848,11,5,5200420.0,2021,10,10,7,3,5,3,0,0,1,0,0,0,0,0,"782152,6743","5827887,775","13,16003096","52,52787096",,,4945.0
216847,11,5,5400944.0,2021,10,14,6,2,5,2,0,0,1,0,1,0,0,0,"781887,1925","5820011,31","13,14946353","52,45738337",,,4363.0
216846,11,5,5100101.0,2021,11,14,3,2,8,1,0,0,1,0,0,0,0,0,"784978,158","5834359,977","13,20712514","52,58443029",,,1759.0
216845,11,7,7200308.0,2021,11,7,6,3,2,6,0,0,1,0,0,0,0,1,"795008,2153","5823325,314","13,3449496","52,48016716",,,5339.0
216844,11,1,1100309.0,2021,11,23,5,3,6,6,2,0,1,1,0,0,0,1,"798631,4004","5828439,313","13,40272894","52,5240381",,,2841.0
216843,11,4,4501153.0,2021,10,14,1,2,1,5,0,0,1,0,1,0,0,0,"794092,4912","5823927,744","13,33203601","52,48606158",,,7236.0
216842,11,3,3501037.0,2021,10,14,5,3,1,5,0,0,1,0,0,0,1,0,"803056,1681","5832648,584","13,47158879","52,55932351",,,3448.0
216841,11,4,4501043.0,2021,10,17,3,3,5,2,0,1,1,0,0,0,0,0,"792939,0802","5825266,704","13,31627577","52,49868503",,,5358.0
216840,11,8,8100206.0,2021,11,14,2,3,5,3,0,1,0,0,0,0,1,1,"800699,3132","5823542,353","13,42869573","52,47900869",,,7936.0
216839,11,5,5300735.0,2021,11,11,7,3,4,6,0,0,1,0,1,0,0,0,"786706,3845","5831195,628","13,22982801","52,5551521",,,3850.0
216838,11,2,2300315.0,2021,11,15,2,3,5,3,0,0,1,0,0,0,0,0,"800788,8448","5825815,705","13,43206196","52,49933615",,,1063.0
216837,11,11,11200410.0,2021,10,6,3,2,0,1,0,0,0,0,1,0,0,1,"805002,0398","5833004,651","13,50053136","52,56142836",,,5557.0
216836,11,4,4200308.0,2021,11,14,7,3,2,6,0,0,1,0,0,0,0,1,"790325,3196","5827297,26","13,27965194","52,51828599",,,3679.0
216835,11,3,3601245.0,2021,11,17,2,3,5,2,2,1,0,0,0,1,0,1,"800191,135","5830951,57","13,42791883","52,54569971",,,3959.0
216834,11,1,1300731.0,2021,11,21,3,3,1,5,2,1,1,0,0,0,0,1,"797409,8288","5833146,425","13,38899162","52,56689922",,,3848.0
216833,11,4,4300518.0,2021,11,6,6,3,1,5,1,1,1,0,0,0,0,1,"791424,4864","5828733,681","13,29706399","52,53057703",,,2754.0
216832,11,9,9501737.0,2021,10,19,6,3,5,2,2,0,1,0,1,0,0,0,"814717,269","5821936,671","13,63292072","52,45672363",,,4234.0
216831,11,7,7400720.0,2021,10,15,1,3,5,3,0,0,1,0,1,0,0,0,"796837,3596","5822819,062","13,37135413","52,47463792",,,5723.0
216830,11,7,7501134.0,2021,10,19,7,3,1,5,2,0,1,0,0,0,0,0,"798286,1524","5818960,924","13,38917499","52,4392649",,,758.0
216829,11,3,3100103.0,2021,11,22,3,2,0,1,2,0,0,0,1,0,0,1,"804128,6478","5841215,889","13,49522878","52,63550934",,,4056.0
216828,11,2,2200208.0,2021,11,14,5,3,5,2,0,1,1,0,0,0,0,1,"797909,8182","5825272,649","13,38929028","52,4960476",,,5038.0
216827,11,1,1100309.0,2021,10,11,7,3,0,1,0,1,0,0,0,0,0,0,"798500,4491","5828387,033","13,40075759","52,52364119",,,5058.0
216826,11,2,2300316.0,2021,10,16,6,3,5,3,0,1,1,0,0,0,0,0,"800733,9316","5826517,516","13,43188928","52,50565695",,,3352.0
216825,11,2,2100102.0,2021,10,12,3,3,2,6,0,0,1,0,0,0,0,0,"798301,041","5826138,752","13,39581175","52,50359743",,,5256.0
216824,11,8,8200832.0,2021,10,6,4,3,5,2,2,0,1,0,1,0,0,0,"801024,9517","5817071,556","13,42764463","52,42082909",,,4453.0
216823,11,10,10300734.0,2021,10,17,2,3,5,2,1,1,1,0,0,0,0,0,"808798,212","5826345,182","13,55017018","52,49960842",,,3032.0
216822,11,8,8200726.0,2021,11,10,3,3,5,2,0,0,1,0,0,0,0,1,"802369,5057","5819918,144","13,44993079","52,44560238",,,5139.0
216821,11,12,12100102.0,2021,10,13,4,3,2,6,0,0,1,0,1,0,0,0,"796736,7098","5833528,851","13,37943185","52,57069453",,,2841.0
216820,11,1,1300835.0,2021,10,19,1,3,8,1,2,0,1,0,0,0,0,1,"797884,4212","5829876,09","13,39303887","52,53732558",,,6357.0
216819,11,4,4500937.0,2021,11,16,6,3,2,6,1,0,1,0,0,0,0,1,"791493,582","5825068,611","13,29486905","52,49768317",,,3451.0
216818,11,1,1401044.0,2021,11,6,7,3,1,7,2,0,1,0,0,0,0,0,"796571,6862","5831633,132","13,3753097","52,55379151",,,4723.0
216817,11,2,2100104.0,2021,11,12,4,3,5,2,0,1,0,0,1,0,0,0,"799189,005","5826254,487","13,4089589","52,50414866",,,2622.0
216816,11,4,4501043.0,2021,11,7,1,3,1,5,0,0,1,0,0,0,1,0,"793066,3511","5824819,16","13,31775148","52,49460461",,,6051.0
216815,11,1,1401048.0,2021,10,13,5,3,1,5,0,0,1,0,0,1,0,0,"795311,5226","5831476,743","13,35663799","52,55307434",,,3087.0
216814,11,8,8100417.0,2021,10,15,2,3,3,6,0,0,1,0,0,0,0,0,"802440,154","5823196,183","13,45393697","52,47494469",,,3540.0
216813,11,8,8100102.0,2021,11,8,2,3,3,6,0,1,1,0,0,0,0,0,"800541,3602","5823354,37","13,42620752","52,47741067",,,3733.0
216812,11,6,6100207.0,2021,11,12,4,3,5,3,0,1,0,0,1,0,0,0,"793560,7826","5819655,66","13,32046957","52,44805",,,6023.0
216811,11,9,9200715.0,2021,11,8,6,3,2,6,0,0,1,0,0,0,0,1,"809060,1816","5818759,006","13,54699172","52,43147373",,,2056.0
216810,11,7,7501029.0,2021,10,16,2,3,0,2,0,1,1,0,0,0,0,0,"797565,8782","5818730,979","13,37840534","52,43759604",,,4650.0
216809,11,2,2500726.0,2021,10,19,3,3,0,2,1,1,1,0,0,0,0,1,"801961,4864","5828236,66","13,45148034","52,52038771",,,4155.0
216808,11,4,4501040.0,2021,11,22,4,3,3,2,2,0,1,0,0,0,0,0,"792715,297","5825462,421","13,31316064","52,50055965",,,4951.0
216807,11,7,7501135.0,2021,11,7,4,3,0,2,0,0,1,0,0,0,1,1,"799055,1002","5816810,464","13,39853058","52,41956871",,,4161.0
216806,11,9,9100203.0,2021,10,11,5,2,6,7,0,0,1,1,0,0,0,0,"803843,108","5823840,784","13,47511683","52,47994351",,,4044.0
216805,11,12,12500824.0,2021,10,23,5,3,0,1,2,1,0,0,0,0,0,0,"791243,2034","5835513,001","13,30034921","52,59144918",,,5249.0
216804,11,8,8100417.0,2021,10,15,6,3,3,6,0,0,1,0,0,0,1,0,"802542,2633","5823108,749","13,45535646","52,47410447",,,3743.0
216803,11,8,8100103.0,2021,11,18,1,3,1,5,2,1,1,0,0,0,0,1,"800677,0196","5822974,958","13,42785691","52,4739352",,,4717.0
216802,11,1,1401048.0,2021,11,21,5,3,5,3,2,1,0,0,0,0,1,1,"795185,7576","5831355,917","13,35468102","52,55205942",,,4353.0
216801,11,8,8100312.0,2021,11,9,2,3,5,7,0,0,1,0,1,0,0,0,"801298,7717","5824792,11","13,43862541","52,48988017",,,3756.0
216800,11,10,10100101.0,2021,10,9,7,3,6,4,0,0,1,1,0,0,0,0,"808662,9431","5833991,614","13,5552844","52,56821043",,,3936.0
216799,11,3,3200309.0,2021,11,12,3,3,0,6,0,0,0,0,0,0,1,0,"800071,8367","5837471,074","13,43206493","52,60420109",,,2359.0
216798,11,9,9200819.0,2021,10,22,4,3,5,2,2,1,1,0,0,0,0,0,"809791,5175","5820491,161","13,55931983","52,44658336",,,1158.0
216797,11,1,1100207.0,2021,10,6,4,2,5,2,1,0,1,0,0,0,0,0,"798901,676","5827344,785","13,40571738","52,51407912",,,3058.0
216796,11,6,6200313.0,2021,10,19,1,3,6,2,2,0,1,1,0,0,0,0,"795163,1233","5818244,128","13,34273187","52,4345337",,,4386.0
216795,11,7,7300619.0,2021,11,11,7,3,2,2,0,1,1,0,0,0,0,0,"795418,4409","5820974,111","13,34889069","52,45886847",,,5133.0
216794,11,8,8100209.0,2021,11,15,7,3,2,3,0,1,1,0,0,0,0,0,"801577,8823","5822298,004","13,44046812","52,46737088",,,4447.0
216793,11,7,7200307.0,2021,11,13,4,3,6,7,0,0,1,1,0,0,0,0,"794474,1257","5824197,834","13,3378787","52,48827708",,,2534.0
216792,11,4,4501042.0,2021,11,14,7,3,0,2,0,0,1,0,0,0,1,0,"793979,1724","5826176,796","13,33235686","52,50628423",,,3559.0
216791,11,12,12200310.0,2021,10,12,1,3,5,2,0,0,1,0,0,0,0,0,"792212,2418","5833125,354","13,31250857","52,56952518",,,5074.0
216790,11,8,8401242.0,2021,10,12,7,3,5,3,0,0,1,0,0,0,0,0,"804556,4727","5816548,139","13,4789406","52,41418399",,,5053.0
216789,11,10,10200629.0,2021,11,8,5,3,2,6,0,0,1,0,0,0,0,0,"810617,9926","5827983,233","13,57842036","52,51325509",,,3449.0
216788,11,2,2300314.0,2021,11,18,6,3,6,2,2,0,1,1,0,0,0,1,"799630,0993","5826155,538","13,41534903","52,50301969",,,5758.0
216787,11,4,4400834.0,2021,10,8,2,3,0,7,0,0,0,0,1,0,0,1,"792653,6312","5822308,925","13,30948581","52,4723224",,,4352.0
216786,11,9,9301228.0,2021,10,15,4,3,8,1,0,0,1,0,0,0,0,1,"818793,2995","5812578,06","13,68379492","52,37050652",,,3868.0
216785,11,2,2200208.0,2021,11,8,4,3,5,2,0,0,0,0,0,1,1,1,"797266,1927","5824842,404","13,37945357","52,49254185",,,4651.0
216784,11,10,10400835.0,2021,11,11,4,3,5,3,0,0,1,0,0,0,0,1,"812712,8498","5829639,034","13,61074617","52,52689593",,,7531.0
216783,11,3,3601449.0,2021,10,16,5,3,5,2,1,1,1,0,0,0,0,0,"801077,4765","5830447,998","13,44049365","52,54069706",,,1756.0
216782,11,10,10300733.0,2021,10,12,5,3,3,6,0,0,1,0,0,0,1,1,"809248,0822","5827232,066","13,55759995","52,50730171",,,2025.0
216781,11,7,7400824.0,2021,10,10,2,3,1,5,0,1,1,0,0,0,0,0,"797841,6307","5822041,686","13,38540244","52,46712292",,,7857.0
216780,11,10,10300731.0,2021,10,9,6,3,5,7,0,1,0,0,0,0,0,0,"809642,9517","5829666,425","13,56566499","52,52889357",,,6954.0
216779,11,8,8100313.0,2021,11,7,2,3,6,2,0,0,1,1,0,0,0,1,"801851,45","5824433,236","13,44641562","52,48635823",,,3255.0
216778,11,1,1300836.0,2021,11,16,5,3,5,2,2,0,1,0,0,0,0,1,"796299,887","5830669,29","13,37045251","52,54529961",,,4652.0
216777,11,1,1100312.0,2021,11,9,3,3,5,3,0,1,0,0,1,0,0,0,"798918,0203","5826697,14","13,40537584","52,50826494",,,5659.0
216776,11,11,11400927.0,2021,10,19,7,3,0,7,2,1,0,0,0,0,0,0,"803664,0395","5826382,315","13,47480431","52,50282232",,,1764.0
216775,11,2,2300316.0,2021,10,13,5,3,5,2,0,1,1,0,0,0,0,0,"801473,0178","5826030,28","13,44230446","52,5008819",,,4156.0
216774,11,4,4400833.0,2021,10,8,2,3,0,2,0,0,1,0,1,0,0,0,"792540,4203","5822320,654","13,30783413","52,4724882",,,4948.0
216773,11,4,4100101.0,2021,10,22,1,3,5,2,2,0,1,0,1,0,0,0,"793340,975","5829718,481","13,32610463","52,53837732",,,5649.0
216772,11,2,2200213.0,2021,11,16,5,3,0,3,0,1,1,0,0,0,0,0,"800012,4825","5824708,459","13,41966232","52,48983879",,,7355.0
216771,11,9,9200715.0,2021,11,17,1,3,2,6,1,0,1,0,0,0,0,1,"807265,8791","5818122,947","13,52009845","52,4267839",,,4781.0
216770,11,9,9200512.0,2021,10,11,2,3,2,6,0,0,1,0,0,0,0,1,"808392,5267","5821744,867","13,53995833","52,45860996",,,3745.0
216769,11,8,8301037.0,2021,11,17,7,3,6,2,1,0,1,1,0,0,0,1,"804131,1941","5817819,83","13,47386282","52,42581847",,,5155.0
216768,11,6,6100209.0,2021,10,9,6,3,3,2,0,0,1,0,1,0,0,0,"794693,467","5821671,401","13,33886718","52,46551071",,,3640.0
216767,11,4,4501041.0,2021,10,16,6,3,5,7,0,1,1,0,0,0,0,1,"792839,9838","5825508,654","13,31503289","52,50090722",,,4853.0
216766,11,10,10200421.0,2021,10,16,7,3,3,6,0,0,1,0,0,0,0,0,"812218,0868","5830886,973","13,60464893","52,5383624",,,3846.0
216765,11,1,1100206.0,2021,10,16,6,3,2,2,0,1,1,0,0,0,0,0,"797404,9666","5827566,596","13,38392496","52,51688557",,,7054.0
216764,11,10,10400939.0,2021,11,15,3,3,5,3,0,0,1,0,1,0,0,0,"812934,104","5827906,149","13,61236695","52,51124058",,,4551.0
216763,11,5,5100208.0,2021,11,12,5,3,2,6,0,0,1,0,0,1,0,1,"782387,3616","5830501,968","13,16570317","52,55118926",,,5527.0
216762,11,11,11400929.0,2021,11,20,4,3,6,4,2,0,1,1,0,0,0,1,"805268,8441","5827324,554","13,49923775","52,51037168",,,3064.0
216761,11,7,7601442.0,2021,10,21,1,2,6,2,2,0,0,1,0,0,1,1,"799277,6289","5816273,905","13,40131325","52,41463747",,,4150.0
216760,11,2,2100102.0,2021,10,20,5,3,5,3,2,0,1,0,0,0,0,0,"798367,4582","5826334,185","13,39696249","52,50531291",,,5252.0
216759,11,2,2400625.0,2021,10,13,3,3,1,5,0,1,1,0,0,0,0,0,"801311,1747","5826466,869","13,44032249","52,50488452",,,3759.0
216758,11,1,1200520.0,2021,11,19,6,3,1,5,2,0,1,0,0,0,1,0,"794583,3443","5828565,359","13,34334765","52,52737023",,,3955.0
216757,11,3,3501038.0,2021,11,13,2,3,5,3,0,1,1,0,0,0,0,0,"803407,2083","5831677,995","13,47586414","52,55042898",,,3250.0
216756,11,10,10300733.0,2021,10,7,4,3,0,1,0,1,0,0,0,0,0,0,"809003,675","5826683,035","13,55350079","52,50251989",,,7326.0
216755,11,11,11501340.0,2021,10,12,1,3,2,6,0,0,1,0,0,0,0,0,"807990,2326","5823866,093","13,53601411","52,47784738",,,3538.0
216754,11,7,7400721.0,2021,11,17,7,3,6,4,2,0,0,1,0,0,1,1,"797835,007","5823840,055","13,38691116","52,48324688",,,7169.0
216753,11,12,12100102.0,2021,11,15,7,3,1,5,0,1,1,0,0,0,0,0,"796116,499","5833292,703","13,37009652","52,56891547",,,6368.0
216752,11,6,6300524.0,2021,11,21,3,3,0,2,2,0,1,0,1,0,0,0,"788747,7948","5817002,2","13,24755555","52,42682355",,,6089.0
216751,11,3,3400619.0,2021,11,6,6,2,5,2,2,1,0,0,0,0,1,1,"795961,8571","5835565,521","13,36985077","52,58937295",,,4065.0
216750,11,5,5100209.0,2021,10,15,6,1,6,4,0,0,0,1,1,0,0,0,"783575,2","5830201,053","13,1829182","52,54787408",,,4365.0
216749,11,10,10100315.0,2021,10,13,7,3,2,6,0,0,1,0,0,0,0,0,"809499,5315","5831431,297","13,56520116","52,54479108",,,4450.0
216748,11,12,12200412.0,2021,10,12,7,3,2,6,0,0,1,0,0,0,1,0,"790646,5996","5833703,343","13,28997981","52,57554501",,,5239.0
216747,11,7,7300516.0,2021,11,15,4,3,6,7,0,1,0,1,0,0,0,0,"793960,9836","5821818,031","13,32824523","52,46721977",,,5939.0
216746,11,1,1300733.0,2021,11,19,5,2,6,2,2,0,1,1,0,0,0,1,"797177,2889","5831924,824","13,38447685","52,55607608",,,4354.0
216745,11,10,10300734.0,2021,10,13,7,3,2,2,0,0,1,0,1,0,0,0,"809627,0015","5825731,996","13,56177053","52,49364367",,,5255.0
216744,11,3,3100103.0,2021,10,11,6,3,6,4,0,0,1,1,0,0,0,0,"803982,8218","5841302,519","13,49316029","52,63636739",,,3152.0
216743,11,2,2500835.0,2021,10,16,4,3,2,6,0,0,0,0,1,0,1,1,"803259,5883","5826318,016","13,46880546","52,50247095",,,4357.0
216742,11,1,1100416.0,2021,10,14,4,2,1,5,0,1,0,0,0,0,1,0,"798562,8706","5829228,789","13,40243074","52,53115218",,,3729.0
216741,11,4,4500937.0,2021,10,13,3,3,2,6,0,1,0,0,0,0,0,0,"791392,526","5825036,44","13,29335649","52,49744872",,,3548.0