OBJECTID,LAND,BEZ,LOR_ab_2021,UJAHR,UMONAT,USTUNDE,UWOCHENTAG,UKATEGORIE,UART,UTYP1,ULICHTVERH,IstRad,IstPKW,IstFuss,IstKrad,IstGkfz,IstSonstige,USTRZUSTAND,LINREFX,LINREFY,XGCSWGS84,YGCSWGS84,LOR,STRASSE,quadrant
216740,11,4,4100102.0,2021,11,15,4,2,5,3,0,0,1,0,0,0,0,1,"791195,9022","5829044,268","13,29397589","52,53348357",,,2947.0
216739,11,11,11501340.0,2021,11,14,3,2,3,6,0,1,0,0,0,1,0,1,"807347,0071","5825133,567","13,52774151","52,489569",,,2622.0
216738,11,6,6300634.0,2021,10,10,4,2,5,2,0,1,1,0,0,0,0,0,"791690,8589","5818804,158","13,29228978","52,44141714",,,3556.0
216737,11,9,9200715.0,2021,10,17,4,3,5,2,1,1,0,0,0,0,1,0,"807882,9003","5818476,61","13,52947007","52,42960666",,,4033.0
216736,11,5,5100105.0,2021,10,8,2,3,1,5,0,0,0,0,0,0,1,0,"784996,8761","5831734,042","13,20514375","52,56087677",,,4515.0
216735,11,6,6200314.0,2021,11,23,6,2,0,1,2,0,0,0,0,0,1,1,"795066,8315","5818143,628","13,34123085","52,43368472",,,3444.0
216734,11,1,1200628.0,2021,11,13,7,3,2,2,0,0,1,0,0,0,0,0,"796266,52","5828505,217","13,36803271","52,52591902",,,4226.0
216733,11,3,3601451.0,2021,11,7,4,3,1,5,0,1,1,0,0,0,0,0,"800890,6203","5829942,04","13,4372886","52,53626528",,,3648.0
216732,11,11,11200514.0,2021,11,10,1,2,0,6,0,0,1,0,0,0,1,0,"803523,3769","5829768,035","13,47582724","52,53324591",,,2742.0
216731,11,1,1401046.0,2021,10,14,7,3,0,6,0,0,1,0,0,0,1,0,"795081,932","5830338,074","13,35224978","52,54299156",,,6427.0
216730,11,12,12200307.0,2021,10,13,5,3,0,6,0,1,1,0,0,0,0,0,"793506,0966","5833965,537","13,3322879","52,57636079",,,5334.0
216729,11,2,2400625.0,2021,10,9,2,3,8,1,0,0,1,0,0,0,0,1,"801133,3632","5826596,158","13,43782762","52,50614152",,,6969.0
216728,11,2,2500830.0,2021,11,13,2,3,0,1,0,1,0,0,1,0,0,1,"802475,8278","5827408,817","13,45828519","52,51268276",,,5824.0
216727,11,5,5200423.0,2021,11,13,5,3,5,3,0,0,1,0,0,0,0,0,"780879,6893","5828331,401","13,14169045","52,5325062",,,4261.0
216726,11,12,12500825.0,2021,11,14,6,3,5,2,0,1,1,0,0,0,0,0,"792277,6702","5835009,213","13,31513214","52,58637805",,,4756.0
216725,11,1,1300733.0,2021,10,17,7,3,5,2,0,1,1,0,0,0,0,0,"797707,1837","5831731,061","13,39209606","52,55404984",,,5063.0
216724,11,1,1100312.0,2021,10,9,5,3,0,7,0,1,0,0,0,0,0,0,"799703,3891","5827271,027","13,41742984","52,51297807",,,4156.0
216723,11,3,3601452.0,2021,11,15,6,3,2,6,0,0,1,0,0,0,0,0,"802220,5052","5829149,763","13,45611601","52,52842833",,,2057.0
216722,11,1,1100102.0,2021,11,16,4,3,2,6,2,0,1,0,0,0,0,1,"795567,9576","5826665,45","13,35613128","52,50980622",,,5753.0
216721,11,1,1100312.0,2021,10,16,4,3,0,1,0,1,1,0,0,0,0,0,"799238,2336","5827184,51","13,41051805","52,51245795",,,2081.0
216720,11,2,2500727.0,2021,10,8,5,3,0,7,0,0,0,0,1,0,1,1,"802255,118","5827998,067","13,45557803","52,51808654",,,2852.0
216719,11,9,9200510.0,2021,10,12,6,3,5,2,0,1,1,0,0,0,0,0,"806607,2126","5822049,731","13,51404492","52,46234673",,,1455.0
216718,11,3,3501037.0,2021,11,7,2,3,5,2,0,1,1,0,0,0,0,1,"802207,9477","5832985,692","13,45942158","52,56281635",,,3453.0
216717,11,1,1100310.0,2021,11,16,5,3,5,2,1,1,0,0,0,0,1,1,"799109,5697","5828466,018","13,40977994","52,52401536",,,4938.0
216716,11,11,11400927.0,2021,11,7,3,3,5,3,0,1,1,0,0,0,0,0,"803619,6314","5826582,287","13,47433443","52,50463933",,,4962.0
216715,11,1,1100102.0,2021,10,22,7,3,2,6,2,0,1,0,0,0,0,0,"796429,7975","5826616,921","13,36874994","52,50890357",,,3824.0
216714,11,5,5100209.0,2021,10,14,5,3,4,6,0,1,0,0,0,0,1,0,"783626,6873","5830180,311","13,18365776","52,5476613",,,2729.0
216713,11,12,12500824.0,2021,10,15,2,3,3,6,0,0,0,0,1,0,1,0,"790453,9109","5835950,285","13,28911397","52,59579144",,,6362.0
216712,11,12,12500930.0,2021,11,12,2,3,0,7,0,0,0,1,0,0,1,0,"793599,4529","5834642,449","13,33426115","52,58237851",,,4423.0
216711,11,1,1100310.0,2021,11,17,5,3,5,3,2,0,0,0,0,0,1,1,"799142,9934","5828910,134","13,41067065","52,52797787",,,5162.0
216710,11,2,2500836.0,2021,11,15,1,3,6,4,0,0,1,1,0,0,0,1,"803221,9129","5825577,538","13,46757797","52,49585509",,,7858.0
216709,11,3,3400830.0,2021,10,15,2,3,4,6,0,1,0,0,0,0,0,0,"800014,8695","5833422,202","13,42756038","52,56794173",,,4069.0
216708,11,12,12200309.0,2021,10,17,1,3,2,6,0,0,1,0,0,0,0,0,"793501,3947","5832403,154","13,33083615","52,56235753",,,3439.0
216707,11,4,4300517.0,2021,11,21,7,3,1,5,2,0,1,0,0,0,1,1,"791441,7278","5828497,999","13,29711083","52,52845497",,,5045.0
216706,11,12,12400722.0,2021,10,7,6,3,2,6,0,0,1,0,0,0,0,0,"790586,8428","5837296,152","13,29225239","52,60778586",,,4464.0
216705,11,6,6100209.0,2021,10,14,7,3,5,2,0,0,1,0,0,0,1,0,"794772,612","5820910,217","13,33935659","52,45864442",,,4454.0
216704,11,8,8100104.0,2021,10,21,6,3,3,6,2,1,1,0,0,0,0,1,"800900,9467","5822401,95","13,43062699","52,46867582",,,1767.0
216703,11,6,6400838.0,2021,10,18,6,3,1,5,2,0,1,0,0,0,0,0,"788216,1962","5818867,424","13,24136702","52,44382681",,,1154.0
216702,11,4,4501041.0,2021,11,11,3,3,2,6,0,1,1,0,0,0,0,0,"793014,0169","5825575,151","13,3176479","52,50140992",,,6357.0
216701,11,5,5100104.0,2021,11,18,5,3,5,7,1,1,1,0,0,0,0,1,"785216,7949","5831829,623","13,20846131","52,56161857",,,2454.0
216700,11,1,1300835.0,2021,10,9,7,3,1,6,0,1,1,0,0,0,1,0,"797121,6921","5829928,1","13,38187285","52,53820816",,,4527.0
216699,11,1,1200623.0,2021,10,5,3,3,6,2,2,0,0,1,0,0,1,0,"795488,5981","5829571,781","13,35754749","52,53590203",,,4230.0
216698,11,4,4500936.0,2021,10,1,4,3,0,1,2,0,0,0,0,0,1,0,"792158,4317","5825651,85","13,30514661","52,50255628",,,2151.0
216697,11,7,7200307.0,2021,11,16,1,3,0,6,2,1,0,0,0,0,0,1,"794950,6772","5824641,212","13,34526929","52,49199442",,,7160.0
216696,11,8,8100416.0,2021,10,8,3,3,0,7,0,0,0,0,0,0,1,0,"801475,3323","5823244,27","13,43981824","52,47590909",,,3169.0
216695,11,8,8300935.0,2021,10,13,5,3,6,4,0,0,1,1,0,0,0,0,"802845,1191","5817477,526","13,45469658","52,42346367",,,3548.0
216694,11,12,12500926.0,2021,10,11,3,3,6,4,0,0,1,1,0,0,0,0,"793567,9958","5836121,347","13,33510872","52,5956528",,,2560.0
216693,11,1,1100101.0,2021,11,18,2,3,5,2,2,1,1,0,0,0,0,1,"795258,3068","5826614,093","13,35153634","52,50951353",,,2875.0
216692,11,4,4300624.0,2021,11,14,5,3,2,6,0,1,1,0,0,0,0,0,"792931,0804","5826747,175","13,31746088","52,51196124",,,5357.0
216691,11,8,8401241.0,2021,11,13,7,3,5,3,0,0,1,0,0,0,0,0,"803955,9498","5819035,235","13,47239822","52,43680941",,,5143.0
216690,11,6,6100209.0,2021,10,18,3,3,2,6,1,0,1,0,0,0,0,0,"794366,0237","5820851,343","13,33333789","52,45833579",,,5551.0
216689,11,11,11200513.0,2021,11,7,6,3,5,3,1,1,1,0,0,0,0,0,"804727,1298","5831202,469","13,49483432","52,54543035",,,5164.0
216688,11,11,11200411.0,2021,10,17,5,2,5,3,0,1,1,0,0,0,0,0,"805607,4635","5831775,939","13,50830363","52,55007688",,,4970.0
216687,11,2,2300314.0,2021,10,20,6,3,4,6,2,0,1,0,0,0,0,1,"800016,7421","5826277,619","13,42113818","52,50390149",,,4755.0
216686,11,10,10100205.0,2021,10,15,6,2,0,3,0,0,1,0,1,0,0,1,"807945,9279","5832318,658","13,54318643","52,55362377",,,5250.0
216685,11,1,1100415.0,2021,10,23,6,2,5,3,2,0,1,0,0,0,0,0,"797960,9758","5829307,389","13,3936544","52,53218607",,,5161.0
216684,11,12,12500930.0,2021,11,5,3,3,5,2,2,1,1,0,0,0,0,1,"792857,8355","5835156,672","13,32380143","52,58738793",,,3429.0
216683,11,2,2500830.0,2021,11,8,6,3,0,1,0,0,0,0,1,0,0,1,"802147,4071","5827549,949","13,45358853","52,51412975",,,3976.0
216682,11,5,5100317.0,2021,11,6,4,3,2,6,1,0,1,0,0,0,0,1,"786834,5324","5828205,349","13,2291311","52,52827494",,,5440.0
216681,11,8,8100521.0,2021,10,22,1,3,6,7,2,0,1,1,0,0,0,0,"803372,0131","5822551,269","13,46702844","52,46864763",,,2852.0
216680,11,2,2500832.0,2021,10,14,2,2,5,3,0,0,1,0,1,0,0,0,"803122,8406","5827106,617","13,46751502","52,50961503",,,1163.0
216679,11,11,11200411.0,2021,10,5,3,3,5,3,2,1,1,0,0,0,0,0,"805842,2526","5831854,626","13,51182803","52,55065032",,,4551.0
216678,11,8,8100417.0,2021,11,16,2,3,6,2,0,1,0,1,0,1,0,0,"802575,9132","5823076,939","13,45582152","52,47380072",,,3550.0
216677,11,6,6100208.0,2021,10,12,3,3,2,6,0,0,1,0,0,0,0,1,"794767,8829","5820678,48","13,33908259","52,45656957",,,2163.0
216676,11,1,1401046.0,2021,10,9,4,3,5,3,0,1,1,0,0,0,0,0,"795216,8019","5830200,132","13,35411019","52,54168197",,,4351.0
216675,11,1,1300834.0,2021,11,18,7,3,6,2,2,0,1,1,0,0,0,1,"798079,2108","5830005,099","13,39601806","52,53837546",,,5143.0
216674,11,3,3400619.0,2021,11,18,2,3,0,3,2,0,1,0,1,0,0,1,"795862,8541","5835595,234","13,36842016","52,58969315",,,6727.0
216673,11,1,1200520.0,2021,11,11,3,3,2,3,0,1,1,0,0,0,0,1,"794238,6755","5828867,179","13,3385488","52,53026199",,,3758.0
216672,11,6,6400842.0,2021,11,14,6,3,6,4,0,1,0,1,0,0,0,0,"789858,5129","5819874,835","13,26633684","52,45199047",,,3851.0
216671,11,5,5200423.0,2021,10,13,7,3,6,7,0,0,1,1,0,0,0,0,"781828,869","5828449,732","13,15574691","52,53307724",,,3148.0
216670,11,11,11401033.0,2021,10,11,7,3,6,4,0,0,0,1,0,0,1,0,"807526,1261","5827735,412","13,53277387","52,51278604",,,5724.0
216669,11,2,2100101.0,2021,11,17,3,3,5,2,2,0,1,0,0,0,1,0,"797848,7634","5825634,402","13,38871708","52,4993236",,,3671.0
216668,11,6,6400838.0,2021,11,13,5,3,6,4,0,0,0,1,0,0,1,0,"788152,3272","5818746,963","13,24032604","52,44278047",,,4322.0
216667,11,5,5100105.0,2021,10,15,6,3,2,6,0,0,1,0,0,0,0,0,"784751,559","5831112,039","13,20100099","52,55542828",,,3953.0
216666,11,5,5100315.0,2021,10,11,6,2,2,4,0,0,1,1,0,0,0,0,"784681,5205","5829700,833","13,19876085","52,54281209",,,4623.0
216665,11,2,2400521.0,2021,10,21,3,3,5,2,2,0,1,0,0,0,1,1,"800481,5358","5828456,061","13,42993233","52,52317177",,,3828.0
216664,11,12,12500928.0,2021,10,18,3,3,0,3,2,0,1,0,1,0,0,0,"791964,6303","5837017,495","13,31229529","52,60454956",,,3648.0
216663,11,11,11501238.0,2021,11,9,4,3,5,3,0,1,1,0,0,0,0,0,"804409,1663","5825663,873","13,48509138","52,49596802",,,4332.0
216662,11,12,12200309.0,2021,11,18,3,3,2,2,1,0,1,0,1,0,0,1,"793161,611","5832632,956","13,32604097","52,56460063",,,5161.0
216661,11,1,1300834.0,2021,10,13,4,3,2,2,0,0,1,0,1,0,0,0,"797568,1559","5830936,875","13,3893398","52,54700696",,,4654.0
216660,11,1,1200627.0,2021,10,9,6,3,0,7,0,0,1,0,1,0,0,0,"796059,894","5828502,605","13,36499359","52,52600785",,,5340.0
216659,11,12,12200309.0,2021,10,0,2,3,1,1,2,0,1,0,0,0,0,1,"793335,4812","5832828,357","13,32877151","52,56625864",,,4239.0
216658,11,4,4300517.0,2021,11,13,6,3,3,6,0,0,1,0,0,0,0,1,"791461,8762","5828332,68","13,29726208","52,52696213",,,2952.0
216657,11,6,6200313.0,2021,11,18,1,3,6,2,2,0,1,1,0,0,0,1,"795364,5635","5818443,486","13,34586255","52,43621209",,,7236.0
216656,11,8,8100208.0,2021,11,17,4,2,0,4,2,1,0,1,0,0,0,0,"801148,3834","5822855,622","13,43466805","52,47260589",,,6829.0
216655,11,12,12500824.0,2021,11,13,3,2,6,4,0,0,1,1,0,0,0,0,"790628,8588","5835888,788","13,29163557","52,59514666",,,4332.0
216654,11,7,7601339.0,2021,10,12,6,3,5,2,0,1,1,0,0,0,0,0,"795799,8707","5816024,836","13,3501086","52,41429517",,,6660.0
216653,11,12,12200412.0,2021,10,13,5,3,5,7,0,0,1,0,1,0,0,0,"789848,4217","5833676,072","13,27821052","52,57572623",,,2450.0
216652,11,6,6400735.0,2021,10,15,1,3,5,7,0,1,1,0,0,0,0,0,"780397,4982","5816677,716","13,12479917","52,42825754",,,6087.0
216651,11,5,5100317.0,2021,10,6,1,3,2,6,0,0,1,0,0,0,0,0,"786750,5777","5828206,921","13,22789828","52,52833321",,,5050.0
216650,11,4,4200311.0,2021,11,10,4,3,2,6,0,0,1,0,0,0,0,0,"790561,9563","5825417,516","13,28148858","52,50130795",,,1661.0
216649,11,11,11401136.0,2021,11,10,6,3,5,2,0,0,1,0,0,0,1,0,"805399,6415","5826058,917","13,49999818","52,49895528",,,4755.0
216648,11,1,1100310.0,2021,10,16,3,3,6,4,0,1,0,1,0,0,0,1,"799179,9906","5827748,823","13,41016975","52,51754814",,,5042.0
216647,11,9,9100101.0,2021,10,9,5,3,5,3,0,1,0,0,0,0,0,0,"801416,4212","5824802,363","13,4403622","52,48990713",,,4715.0
216646,11,4,4400728.0,2021,11,9,6,3,5,7,0,0,1,0,1,0,0,0,"790673,3631","5822855,732","13,28089055","52,47828198",,,3927.0
216645,11,5,5300840.0,2021,11,20,4,3,2,6,2,0,1,0,0,0,0,0,"789333,4062","5828941,123","13,26650475","52,53355077",,,4041.0
216644,11,12,12200310.0,2021,10,18,4,2,0,1,0,0,0,0,1,0,0,0,"792155,1271","5832942,068","13,31150682","52,56791275",,,1653.0
216643,11,7,7400721.0,2021,10,5,7,3,9,1,2,0,0,0,1,0,0,1,"797217,0342","5823369,907","13,3774186","52,47936922",,,5362.0
216642,11,4,4500937.0,2021,10,12,6,3,1,5,0,1,1,0,0,0,0,0,"790908,6126","5825037,954","13,28624956","52,49772046",,,3580.0
216641,11,1,1100310.0,2021,11,9,3,2,5,3,0,1,0,0,0,0,1,1,"799230,0732","5828937,485","13,41197506","52,52817524",,,4955.0
216640,11,1,1300835.0,2021,11,17,5,3,6,4,1,0,1,1,0,0,0,1,"797173,4126","5830359,55","13,38301909","52,5420474",,,5853.0
216639,11,6,6400844.0,2021,11,13,3,3,3,6,0,0,1,0,0,0,1,0,"792693,3316","5821729,767","13,30956052","52,4671091",,,4375.0
216638,11,4,4501045.0,2021,10,21,7,3,0,3,0,0,1,0,0,0,1,0,"793975,188","5824964,16","13,33122785","52,49541572",,,5441.0
216637,11,11,11501341.0,2021,10,14,5,3,5,3,0,0,1,0,1,0,0,0,"807139,4063","5823921,605","13,52357693","52,47882402",,,3149.0
216636,11,12,12601235.0,2021,10,7,3,3,5,2,2,1,1,0,0,0,0,0,"795280,9343","5836353,89","13,36053154","52,59680995",,,7355.0
216635,11,7,7100205.0,2021,11,16,2,3,2,6,1,0,1,0,0,0,0,1,"796333,6392","5825114,651","13,36600035","52,49548936",,,3676.0
216634,11,1,1300730.0,2021,11,8,5,3,0,2,0,1,1,0,0,0,0,0,"796220,4654","5832199,576","13,37065005","52,55906021",,,964.0
216633,11,1,1100313.0,2021,11,19,1,3,5,2,2,1,1,0,0,0,0,1,"799969,9895","5826933,14","13,42104211","52,50980291",,,4151.0
216632,11,1,1100205.0,2021,10,6,3,3,5,3,0,0,1,0,0,0,1,1,"797405,6141","5826969,978","13,38340124","52,51153722",,,4646.0
216631,11,11,11400929.0,2021,11,17,7,3,5,2,2,0,1,0,1,0,0,1,"805342,1987","5827362,508","13,50035009","52,5106708",,,5731.0
216630,11,6,6400843.0,2021,11,9,2,3,5,3,0,0,1,0,0,0,0,1,"791207,9823","5819689,265","13,28597725","52,44960959",,,3025.0
216629,11,3,3100103.0,2021,10,8,5,3,1,5,0,0,1,0,0,1,0,0,"804311,1992","5840454,118","13,4972165","52,62857987",,,3962.0
216628,11,12,12200307.0,2021,10,17,6,3,5,2,1,0,1,0,0,0,0,1,"793432,3554","5833373,918","13,33067929","52,57109706",,,2355.0
216627,11,8,8100209.0,2021,10,15,2,3,5,2,0,1,1,0,0,0,0,0,"801719,2083","5822127,913","13,44238844","52,46576829",,,6444.0
216626,11,8,8100104.0,2021,10,13,6,3,4,6,0,1,0,0,0,0,1,0,"800225,5666","5822383,837","13,42069821","52,46888503",,,3245.0
216625,11,5,5300737.0,2021,11,8,4,3,5,3,0,1,1,0,0,0,0,0,"787583,068","5829933,474","13,24163029","52,54337407",,,6634.0
216624,11,10,10400938.0,2021,11,9,5,3,5,3,0,1,0,0,0,0,1,0,"813629,8441","5829140,4","13,62374866","52,52190103",,,3848.0
216623,11,10,10300733.0,2021,10,17,6,3,2,6,0,0,1,0,0,0,0,0,"809518,147","5827233,136","13,56156737","52,50715815",,,4824.0
216622,11,5,5300840.0,2021,10,15,3,3,4,6,0,0,1,0,0,0,1,0,"789129,382","5829478,833","13,2639731","52,53847974",,,4638.0
216621,11,7,7601236.0,2021,10,18,3,3,5,3,2,0,1,0,0,0,0,1,"796457,8117","5816468,636","13,36014719","52,41791758",,,7662.0
216620,11,1,1300835.0,2021,10,8,2,3,5,2,0,1,1,0,0,0,0,0,"797774,2035","5829746,023","13,39130208","52,53621992",,,3847.0
216619,11,1,1300835.0,2021,11,8,2,3,5,2,0,1,1,0,0,0,0,0,"797418,1723","5830530,983","13,38677104","52,54345054",,,4023.0
216618,11,4,4300517.0,2021,10,15,4,3,5,3,0,1,1,0,0,0,0,0,"791712,4075","5828471,092","13,301066","52,52806897",,,3351.0
216617,11,1,1400942.0,2021,10,15,4,3,5,2,0,0,1,0,0,0,0,0,"794495,7058","5830686,308","13,34393914","52,54643041",,,3847.0
216616,11,1,1401043.0,2021,11,18,7,3,0,1,2,1,0,0,0,0,0,0,"795831,9193","5830975,652","13,36384461","52,54830015",,,1658.0
216615,11,1,1401047.0,2021,11,9,3,3,5,3,0,1,1,0,0,0,0,1,"795353,8292","5830378,598","13,35628351","52,54320751",,,4363.0
216614,11,3,3200207.0,2021,11,21,7,3,1,5,2,0,1,0,1,0,0,0,"798464,9872","5835863,245","13,40695911","52,59067393",,,4451.0
216613,11,9,9200715.0,2021,10,11,1,3,2,2,0,0,1,0,0,0,0,0,"807716,3288","5818115,271","13,52669539","52,42646196",,,4573.0
216612,11,8,8200730.0,2021,10,13,7,2,1,5,0,0,0,0,1,0,1,0,"801780,0207","5818302,746","13,43982525","52,43144879",,,1658.0
216611,11,8,8100314.0,2021,11,22,5,3,5,3,2,0,1,0,0,0,0,1,"801071,6524","5823987,328","13,43456352","52,482792",,,5527.0
216610,11,9,9200613.0,2021,11,19,5,3,2,6,2,0,1,0,0,0,0,0,"807677,6918","5820991,536","13,52877662","52,45226137",,,4567.0
216609,11,3,3701659.0,2021,10,9,2,3,6,7,0,0,1,1,0,0,0,0,"800042,3022","5829518,599","13,42443664","52,53293753",,,6443.0
216608,11,11,11300722.0,2021,10,7,4,3,5,2,0,1,1,0,0,0,0,0,"803886,8349","5827888,421","13,47945155","52,51619707",,,3756.0
216607,11,2,2400623.0,2021,11,11,5,3,5,2,0,1,1,0,0,0,0,0,"801068,6989","5827113,233","13,43734543","52,51081187",,,7233.0
216606,11,4,4400835.0,2021,11,11,3,3,5,2,0,0,1,0,1,0,0,1,"793036,507","5822008,492","13,31484261","52,46942384",,,7162.0
216605,11,6,6200317.0,2021,10,13,5,3,5,3,0,0,1,0,0,0,1,0,"795894,7704","5816508,393","13,35192738","52,41857866",,,4854.0
216604,11,3,3400721.0,2021,10,15,5,3,1,5,0,1,1,0,0,0,0,1,"798259,97","5833397,704","13,40172322","52,56868647",,,6262.0
216603,11,1,1100312.0,2021,10,15,2,3,1,5,0,1,1,0,0,0,0,0,"799712,4594","5827312,969","13,41760087","52,51334903",,,2643.0
216602,11,5,5100314.0,2021,11,14,6,3,5,3,0,0,1,0,1,0,0,1,"784900,2106","5830497,765","13,20266052","52,54984301",,,2622.0
216601,11,4,4501043.0,2021,11,7,2,3,1,5,0,0,1,0,1,0,0,1,"792604,8729","5824929,312","13,31107019","52,49583969",,,3836.0
216600,11,7,7601341.0,2021,11,13,5,2,6,4,0,0,1,1,0,0,0,1,"798081,6462","5814499,868","13,38220136","52,39938756",,,1555.0
216599,11,6,6400838.0,2021,11,8,2,3,5,3,0,0,1,0,0,0,0,1,"788489,0957","5821521,05","13,2476638","52,46747413",,,3929.0
216598,11,3,3400724.0,2021,10,12,7,3,2,6,0,1,1,0,0,0,0,0,"800002,2602","5834961,477","13,42876759","52,58174554",,,5354.0
216597,11,10,10300734.0,2021,10,12,5,3,5,2,0,0,1,0,0,0,0,0,"809581,6716","5824943,404","13,5603724","52,48660223",,,3452.0
216596,11,5,5100314.0,2021,10,10,2,3,2,6,0,0,1,0,0,0,0,0,"785149,549","5829617,599","13,20557215","52,54182107",,,5162.0
216595,11,5,5300736.0,2021,10,21,4,3,5,2,2,0,1,0,0,0,0,0,"785975,4481","5829217,791","13,21737309","52,53780364",,,4946.0
216594,11,4,4501149.0,2021,11,13,7,3,5,2,0,1,1,0,0,0,0,0,"793453,1353","5824404,532","13,32306717","52,49067983",,,4450.0
216593,11,9,9200715.0,2021,11,9,2,3,5,3,0,1,1,0,0,0,0,1,"809308,7729","5818515,674","13,5504115","52,42915252",,,2941.0
216592,11,11,11300620.0,2021,11,19,3,3,5,2,2,0,1,0,0,0,0,0,"803554,9732","5829754,264","13,47627905","52,53310489",,,3248.0
216591,11,1,1200517.0,2021,11,16,2,3,5,3,0,0,1,0,0,0,0,0,"794421,3958","5829388,612","13,34169647","52,53483763",,,7249.0
216590,11,5,5400944.0,2021,10,8,7,3,7,7,0,1,0,0,0,0,0,0,"781504,2149","5819762,596","13,1436323","52,45535062",,,4454.0
216589,11,1,1100207.0,2021,10,11,7,2,5,2,0,0,1,0,1,0,0,0,"797983,873","5826889,55","13,39182489","52,5105007",,,2974.0
216588,11,5,5100209.0,2021,11,20,3,3,5,3,2,1,1,0,0,0,0,1,"782816,8934","5830408,905","13,17194199","52,55013197",,,5552.0
216587,11,8,2200212.0,2021,11,19,5,3,0,6,2,0,1,0,1,0,0,1,"800295,8944","5824360,358","13,42351026","52,48656279",,,3349.0
216586,11,2,2200209.0,2021,10,5,1,3,9,7,2,0,1,0,0,0,0,0,"797739,0156","5824295,407","13,38590851","52,48738095",,,6527.0
216585,11,4,4200311.0,2021,10,7,4,3,5,2,0,0,1,0,0,0,0,0,"790479,8249","5826698,569","13,28139989","52,51283641",,,3178.0
216584,11,4,4100101.0,2021,10,12,3,3,5,2,0,0,1,0,0,0,0,0,"793341,673","5829714,923","13,32611175","52,53834505",,,4748.0
216583,11,3,3300412.0,2021,11,10,5,3,1,5,0,1,1,0,0,0,0,0,"802844,9702","5838284,528","13,47363336","52,60995417",,,6444.0
216582,11,6,6400844.0,2021,11,7,3,3,1,5,0,1,1,0,0,0,0,1,"792415,541","5821550,262","13,30532563","52,46564862",,,2553.0
216581,11,6,6300528.0,2021,10,10,4,3,5,3,0,1,1,0,0,0,0,0,"788955,3974","5816391,083","13,25007242","52,42123494",,,6447.0
216580,11,4,4200310.0,2021,10,10,5,3,2,7,0,0,1,0,1,0,0,1,"789520,0986","5826790,653","13,26737724","52,51417224",,,3744.0
216579,11,1,1100101.0,2021,11,20,7,3,5,2,2,0,1,0,0,0,1,0,"794920,9211","5825979,127","13,34601696","52,50400401",,,1761.0
216578,11,10,10300734.0,2021,11,22,1,3,4,6,2,0,1,0,0,0,0,1,"809554,3123","5826626,742","13,56153478","52,50170333",,,4147.0
216577,11,2,2200211.0,2021,11,16,4,3,6,4,1,0,0,1,0,0,1,0,"798326,1194","5824330,392","13,39456068","52,48737405",,,4238.0
216576,11,8,8100417.0,2021,11,17,3,3,1,5,1,1,0,0,0,0,1,0,"802259,5954","5823029,504","13,45113562","52,47355068",,,6249.0
216575,11,1,1300834.0,2021,10,15,7,3,6,4,0,1,0,1,0,0,0,0,"797694,797","5830704,218","13,39099336","52,5448523",,,4047.0
216574,11,9,9200716.0,2021,10,14,4,2,0,3,0,1,1,0,0,0,0,0,"809225,1386","5819304,099","13,54991445","52,43626561",,,2875.0
216573,11,5,5400943.0,2021,10,6,1,2,8,1,2,0,1,0,0,0,0,0,"781372,4831","5819763,385","13,14169943","52,45542553",,,3054.0
216572,11,3,3501037.0,2021,10,15,1,3,2,1,0,1,0,0,0,0,0,0,"802284,9262","5833102,527","13,46066018","52,5638208",,,5557.0
216571,11,12,12100204.0,2021,11,7,4,3,2,3,0,0,1,0,0,0,1,0,"795642,8683","5833008,348","13,36287528","52,56662396",,,7542.0
216570,11,3,3601142.0,2021,11,18,5,3,5,2,2,1,0,0,1,0,0,1,"799182,821","5831110,198","13,4132368","52,54767621",,,6525.0
216569,11,5,5300735.0,2021,10,15,2,3,5,3,0,0,1,0,0,0,1,0,"786552,9863","5830544,311","13,22700943","52,54939337",,,5048.0
216568,11,2,2500830.0,2021,10,20,4,3,5,2,2,1,1,0,0,0,0,0,"802435,142","5827419,528","13,45769721","52,51280133",,,3669.0
216567,11,6,6200312.0,2021,11,17,6,2,6,4,1,0,1,1,0,0,0,0,"795148,6928","5818816,722","13,34302581","52,43967448",,,7434.0
216566,11,1,1401049.0,2021,11,9,4,3,5,3,0,1,1,0,0,0,0,1,"795963,617","5831986,757","13,36668252","52,55729216",,,7331.0
216565,11,5,5100315.0,2021,10,18,4,3,6,4,1,0,1,1,0,0,0,0,"784614,052","5830325,818","13,19830424","52,54845094",,,3922.0
216564,11,1,1100310.0,2021,10,23,5,3,5,3,2,0,1,0,0,0,0,0,"799334,9445","5827578,404","13,41229322","52,51593556",,,4518.0
216563,11,8,8200729.0,2021,10,21,6,3,1,7,2,0,1,0,0,0,0,1,"801181,2838","5819239,205","13,43188888","52,4401726",,,1553.0
216562,11,9,9200717.0,2021,10,21,1,3,5,2,2,1,1,0,0,0,0,1,"809598,3906","5818911,171","13,55502377","52,43253311",,,937.0