OBJECTID,LAND,BEZ,LOR_ab_2021,UJAHR,UMONAT,USTUNDE,UWOCHENTAG,UKATEGORIE,UART,UTYP1,ULICHTVERH,IstRad,IstPKW,IstFuss,IstKrad,IstGkfz,IstSonstige,USTRZUSTAND,LINREFX,LINREFY,XGCSWGS84,YGCSWGS84,LOR,STRASSE,quadrant
216561,11,7,7601341.0,2021,10,12,6,3,2,6,0,0,1,0,1,0,0,0,"797958,6481","5815768,729","13,38152777","52,41082862",,,5043.0
216560,11,4,4400833.0,2021,11,18,2,2,6,2,2,0,1,1,0,0,0,0,"791978,8517","5822378,659","13,29964078","52,47330867",,,3440.0
216559,11,11,11400931.0,2021,11,14,5,3,0,3,0,0,1,0,1,0,0,1,"806440,5459","5826889,172","13,51604804","52,50581277",,,1556.0
216558,11,3,3501038.0,2021,11,14,4,3,5,2,0,0,1,0,0,0,1,0,"803012,3562","5832020,517","13,47037116","52,5537187",,,6168.0
216557,11,3,3200204.0,2021,10,18,1,3,2,2,1,0,1,0,1,0,0,0,"798058,7291","5837199,096","13,40218218","52,60287061",,,4431.0
216556,11,9,9501737.0,2021,10,15,5,3,1,5,0,0,1,0,0,0,0,0,"813926,3656","5820763,858","13,62021678","52,44666884",,,4265.0
216555,11,1,1100310.0,2021,10,7,3,3,5,3,0,1,1,0,0,0,0,0,"799495,5852","5828134,949","13,41515451","52,52083594",,,4453.0
216554,11,8,8100419.0,2021,11,13,2,3,6,4,0,0,1,1,0,0,0,1,"802334,9508","5824074,354","13,45318897","52,48287403",,,6170.0
216553,11,6,6100206.0,2021,11,11,7,2,5,7,0,1,1,0,0,0,0,0,"794865,5692","5819702,531","13,33965441","52,44776802",,,5035.0
216552,11,6,6200313.0,2021,11,7,2,3,2,6,0,0,1,0,0,0,0,1,"795789,25","5818422,221","13,35207282","52,43579196",,,7435.0
216551,11,9,9301024.0,2021,10,11,3,3,2,7,0,0,1,0,0,0,1,0,"810722,7638","5815929,952","13,56874123","52,40517883",,,5954.0
216550,11,2,2300315.0,2021,11,18,7,3,5,3,2,1,1,0,0,0,0,1,"800678,1981","5825795,319","13,43041849","52,4992144",,,5451.0
216549,11,11,11200411.0,2021,11,22,2,2,6,6,2,1,0,1,0,0,0,1,"805605,2246","5831213,828","13,50775348","52,54504034",,,4716.0
216548,11,4,4500939.0,2021,11,15,2,3,6,4,0,0,1,1,0,0,0,1,"792760,1314","5824273,021","13,31277395","52,48987297",,,5267.0
216547,11,1,1100206.0,2021,10,14,6,3,6,2,0,0,1,1,0,0,0,0,"797404,4857","5827569,64","13,38392061","52,51691312",,,5151.0
216546,11,2,2100101.0,2021,10,17,6,3,5,2,0,1,0,0,0,0,1,1,"797665,6338","5826298,123","13,38662062","52,505373",,,6222.0
216545,11,11,11200410.0,2021,10,12,2,3,5,2,0,0,1,0,0,0,0,0,"805049,0342","5832926,902","13,50115101","52,56070522",,,3567.0
216544,11,7,7400927.0,2021,10,16,6,3,5,2,0,0,1,0,1,0,0,0,"798447,2798","5821056,973","13,39341104","52,45796564",,,3548.0
216543,11,3,3601450.0,2021,11,17,3,2,6,7,2,0,1,1,0,0,0,0,"801874,3437","5829865,77","13,45167896","52,53503769",,,6346.0
216542,11,6,6100207.0,2021,11,16,5,2,5,3,1,1,1,0,0,0,0,1,"794082,2019","5820369,672","13,32874848","52,45417061",,,4265.0
216541,11,9,9301025.0,2021,10,9,7,2,6,4,0,0,1,1,0,0,0,0,"808600,2957","5814981,51","13,53676615","52,39787901",,,3742.0
216540,11,3,3300516.0,2021,10,15,3,2,2,6,0,0,1,0,0,0,1,0,"801167,9309","5833191,459","13,444312","52,5652369",,,3575.0
216539,11,12,12400619.0,2021,10,17,3,2,4,6,0,1,0,0,0,0,0,0,"789537,3747","5836087,287","13,27574038","52,59750842",,,5240.0
216538,11,7,7200307.0,2021,10,21,2,3,5,3,2,1,1,0,0,0,0,1,"794530,5715","5824651,844","13,33910891","52,49231657",,,5330.0
216537,11,11,11401137.0,2021,11,18,3,3,3,6,1,0,1,0,0,0,0,0,"807109,9719","5825794,035","13,52487018","52,49562162",,,5653.0
216536,11,5,5200629.0,2021,10,15,4,2,6,4,0,0,1,1,0,0,0,0,"784569,9591","5828183,936","13,19582126","52,52926985",,,3770.0
216535,11,4,4200309.0,2021,10,16,4,3,2,6,0,0,1,0,1,0,0,0,"788828,6433","5827261,117","13,25762459","52,51875672",,,3744.0
216534,11,6,6100207.0,2021,11,10,6,3,5,3,0,0,1,0,0,0,0,1,"793966,0498","5819627,911","13,32639121","52,44758348",,,4863.0
216533,11,3,3601245.0,2021,11,17,1,2,5,3,2,0,1,0,1,0,0,1,"800611,1333","5830988,276","13,43412702","52,54579714",,,3063.0
216532,11,1,1200623.0,2021,11,9,5,3,5,2,0,0,1,0,0,0,0,1,"795039,0507","5829169,897","13,35058208","52,53254301",,,7162.0
216531,11,1,1200629.0,2021,11,12,7,3,5,2,0,1,1,0,0,0,0,0,"794497,2645","5827802,455","13,34140687","52,52057782",,,7554.0
216530,11,1,1100308.0,2021,10,16,1,3,9,1,1,0,1,0,0,0,0,0,"797002,835","5828944,464","13,37924659","52,52945577",,,3264.0
216529,11,9,9501941.0,2021,10,19,7,3,4,6,2,1,0,0,0,0,0,0,"812074,8367","5821030,198","13,59331104","52,4501155",,,4946.0
216528,11,5,5400943.0,2021,11,12,5,3,2,7,0,0,1,0,0,0,0,0,"781159,4003","5819723,019","13,13853782","52,45517324",,,4966.0
216527,11,4,4200308.0,2021,11,9,6,3,5,3,0,0,1,0,0,0,0,0,"790366,531","5827304,099","13,28026355","52,51832536",,,5234.0
216526,11,6,6200312.0,2021,10,21,7,3,1,7,2,0,1,0,0,0,1,0,"794460,6429","5818800,339","13,33291839","52,43989851",,,3734.0
216525,11,9,9200512.0,2021,10,18,4,3,5,2,1,1,1,0,0,0,0,0,"808150,6809","5821877,506","13,53653258","52,45993509",,,4546.0
216524,11,12,12500825.0,2021,11,16,5,3,2,6,1,0,1,0,0,0,0,0,"792749,2601","5835170,031","13,32221517","52,58756612",,,4755.0
216523,11,3,3400724.0,2021,11,8,3,2,5,2,0,1,1,0,0,0,0,1,"800027,0981","5834546,18","13,42875718","52,57800946",,,3632.0
216522,11,8,8401243.0,2021,10,15,5,3,5,3,0,0,1,0,0,0,0,0,"805349,693","5817310,434","13,49126271","52,42057431",,,3450.0
216521,11,3,3601450.0,2021,10,10,5,3,0,1,0,0,0,0,1,0,0,1,"802634,2819","5829556,023","13,4625667","52,53184005",,,4265.0
216520,11,4,4400830.0,2021,10,15,6,3,0,1,0,0,0,0,1,0,0,1,"791210,6728","5822720,45","13,28866158","52,47678293",,,5651.0
216519,11,9,9501736.0,2021,11,23,1,2,9,1,2,0,1,0,0,0,0,1,"812397,583","5821325,209","13,59832073","52,45257485",,,2027.0
216518,11,7,7400822.0,2021,11,18,5,3,2,6,2,0,1,0,0,0,0,1,"796818,7093","5821758,629","13,3701369","52,46514225",,,1563.0
216517,11,1,1300732.0,2021,11,17,3,3,0,3,1,1,1,0,0,0,0,0,"797591,9365","5832772,584","13,39133514","52,56344871",,,5053.0
216516,11,8,8100207.0,2021,10,15,6,3,5,7,0,0,1,0,0,0,0,0,"800716,8372","5823418,821","13,42884159","52,47789178",,,4967.0
216515,11,4,4501146.0,2021,10,11,5,3,3,6,0,1,1,0,0,0,0,0,"793309,5801","5823814,716","13,32043979","52,48546949",,,4135.0
216514,11,11,11100204.0,2021,10,7,2,3,6,4,1,0,1,1,0,0,0,0,"805806,4908","5833600,605","13,51291092","52,56631824",,,5563.0
216513,11,10,10200422.0,2021,10,14,1,3,5,3,0,1,0,0,0,0,0,0,"812448,0358","5831418,542","13,6085282","52,54299402",,,6359.0
216512,11,7,7501029.0,2021,11,22,5,3,2,6,2,0,1,0,0,0,1,1,"797537,2614","5819920,01","13,37904434","52,4482701",,,4266.0
216511,11,5,5300736.0,2021,11,4,7,3,0,1,2,0,0,0,0,0,1,0,"786778,9699","5830244,928","13,23007456","52,54659029",,,6444.0
216510,11,6,6200422.0,2021,10,10,2,3,2,6,0,0,1,0,0,1,0,0,"794084,497","5817433,745","13,32619854","52,42784988",,,3536.0
216509,11,7,7400822.0,2021,10,9,5,3,5,2,0,0,1,0,1,0,0,0,"796815,0175","5822356,35","13,37061442","52,47050228",,,4857.0
216508,11,1,1200519.0,2021,11,0,6,3,0,7,2,1,0,0,0,0,0,1,"793913,8261","5828577,902","13,33351806","52,52784405",,,4166.0
216507,11,1,1401045.0,2021,10,1,5,3,8,1,2,0,1,0,0,0,0,0,"796626,2426","5831921,983","13,37637012","52,55635102",,,3861.0
216506,11,6,6400737.0,2021,10,19,6,3,5,7,2,0,1,0,0,0,0,1,"787126,24","5817225,66","13,22396448","52,42968047",,,3147.0
216505,11,3,3701554.0,2021,10,13,7,2,6,4,0,1,0,1,0,0,0,0,"799026,9657","5829786,052","13,40975334","52,53589281",,,3445.0
216504,11,8,8100311.0,2021,10,17,7,3,6,7,0,0,0,1,0,0,1,0,"800889,2706","5824595,312","13,43243473","52,48834206",,,4368.0
216503,11,3,3601346.0,2021,11,17,2,3,2,6,2,1,1,0,0,0,1,1,"799423,2596","5831054,606","13,41672193","52,54704581",,,4979.0
216502,11,4,4501147.0,2021,11,9,6,3,6,4,0,1,0,1,0,0,0,1,"793376,4889","5824125,938","13,32169626","52,48822353",,,3746.0
216501,11,4,4200311.0,2021,11,7,4,3,5,2,0,0,1,0,0,0,0,1,"790501,4279","5826496,112","13,2815406","52,51100987",,,4755.0
216500,11,4,4300517.0,2021,10,2,1,3,8,1,2,0,1,0,0,0,1,0,"791693,3316","5827870,479","13,30025875","52,52269479",,,4749.0
216499,11,8,8100104.0,2021,10,7,5,3,2,6,0,0,0,0,0,0,1,1,"800858,5133","5822531,696","13,4301212","52,46986215",,,3747.0
216498,11,3,3500933.0,2021,10,9,3,3,2,7,0,0,1,0,1,0,0,0,"801945,2773","5832567,943","13,45517822","52,55921784",,,6861.0
216497,11,7,7100206.0,2021,11,13,2,3,1,5,0,1,1,0,0,0,0,1,"796831,8052","5824298,087","13,37258938","52,48789897",,,5126.0
216496,11,1,1401047.0,2021,11,14,7,3,5,2,0,0,1,0,0,0,1,0,"795523,4997","5830731,026","13,35909173","52,54627471",,,7644.0
216495,11,12,12500929.0,2021,11,10,2,3,2,2,0,0,1,0,0,0,0,1,"795288,629","5837671,484","13,36182016","52,60861667",,,6139.0
216494,11,12,12601031.0,2021,10,7,4,3,2,2,0,0,1,0,0,0,0,1,"792927,309","5837087,05","13,32653152","52,60465522",,,1163.0
216493,11,5,5100208.0,2021,11,19,7,2,6,2,2,0,1,1,0,0,0,1,"782372,2307","5830489,502","13,16547","52,55108533",,,3964.0
216492,11,1,1100310.0,2021,11,20,1,3,5,2,2,0,1,0,0,0,0,1,"799248,351","5828469,191","13,41182226","52,52396765",,,4066.0
216491,11,8,8100209.0,2021,11,16,4,3,5,2,0,1,1,0,0,0,0,0,"801290,6271","5822290,201","13,43624528","52,46745943",,,4959.0
216490,11,4,4500938.0,2021,11,4,6,3,8,1,2,0,1,0,0,0,0,1,"791160,5848","5824745,162","13,28969489","52,49496121",,,5149.0
216489,11,4,4300416.0,2021,11,7,2,3,5,2,1,0,0,0,1,0,1,0,"791863,8541","5826441,684","13,30151157","52,50979466",,,9627.0
216488,11,9,9200715.0,2021,11,10,5,3,2,7,0,0,1,0,0,0,0,2,"809506,4965","5818326,496","13,55313529","52,42734531",,,3756.0
216487,11,1,1401046.0,2021,11,22,7,3,6,2,2,0,1,1,0,0,0,0,"794893,882","5830255,095","13,3494112","52,54234954",,,1462.0
216486,11,9,9200819.0,2021,10,18,2,3,0,7,0,0,0,0,0,0,1,0,"809846,241","5820474,626","13,56010712","52,44640416",,,5038.0
216485,11,5,5100314.0,2021,10,12,5,3,6,4,0,0,1,1,0,0,0,1,"785150,7684","5829619,73","13,20559191","52,54183953",,,6054.0
216484,11,9,9200510.0,2021,11,10,7,3,5,3,0,1,1,0,0,0,0,0,"806552,0436","5822297,33","13,51346283","52,46459675",,,3654.0
216483,11,6,6100210.0,2021,10,14,5,3,0,7,0,0,0,0,0,1,1,0,"795265,6634","5820983,098","13,34665661","52,45903159",,,5528.0
216482,11,12,12100205.0,2021,10,7,5,3,5,3,0,1,0,0,0,0,1,1,"794804,5494","5834234,427","13,35163281","52,57806933",,,3436.0
216481,11,9,9501737.0,2021,10,14,7,2,4,1,0,0,1,0,0,0,0,0,"815262,0786","5824467,34","13,64330312","52,4790863",,,5552.0
216480,11,4,4300412.0,2021,10,5,1,2,5,3,2,1,1,0,0,0,0,0,"791660,735","5827541,028","13,29949078","52,51975876",,,4752.0
216479,11,1,1100206.0,2021,10,11,6,3,2,6,0,0,1,0,1,0,0,0,"797398,2009","5827737,342","13,38397818","52,51841979",,,4261.0
216478,11,6,6100101.0,2021,11,14,2,2,6,4,0,0,0,1,0,1,0,0,"793490,0427","5820651,948","13,32030723","52,4570194",,,2929.0
216477,11,4,4300620.0,2021,11,17,5,3,6,4,2,0,1,1,0,0,0,1,"793540,0672","5827905,997","13,32743128","52,52202214",,,4451.0
216476,11,7,7501031.0,2021,11,15,4,3,1,4,0,0,1,1,0,0,0,0,"798042,1075","5820208,02","13,38670783","52,45057682",,,4339.0
216475,11,2,2200209.0,2021,10,16,1,3,3,6,0,0,1,0,1,0,0,0,"796853,8211","5823981,32","13,37263054","52,48504749",,,4550.0
216474,11,6,6400841.0,2021,10,19,5,3,5,3,2,0,1,0,0,0,0,0,"790190,0755","5818819,251","13,27028533","52,44235094",,,3729.0
216473,11,2,2500835.0,2021,10,14,3,3,6,4,0,0,1,1,0,0,0,0,"803058,248","5826186,663","13,46572878","52,5014055",,,3544.0
216472,11,1,1300733.0,2021,11,16,3,3,2,6,1,0,1,0,0,0,0,0,"797157,9969","5831907,354","13,38417749","52,55593",,,3658.0
216471,11,11,11300619.0,2021,11,1,7,3,9,1,2,0,1,0,0,0,0,0,"803009,4899","5828694,293","13,46729585","52,52390809",,,5961.0
216470,11,1,1100207.0,2021,11,11,2,3,5,3,0,1,1,0,0,0,0,0,"797864,9741","5826764,483","13,38996617","52,50944457",,,4165.0
216469,11,5,5200629.0,2021,10,15,3,2,1,5,0,1,0,0,0,0,1,1,"784471,9725","5828460,572","13,19461744","52,53180133",,,2555.0
216468,11,11,11300722.0,2021,11,12,7,2,4,6,0,0,1,0,0,0,0,0,"803940,2823","5828664,768","13,48094609","52,52312542",,,2976.0
216467,11,3,3500932.0,2021,11,20,1,3,2,6,2,0,1,0,0,0,0,1,"802058,8968","5832762,495","13,45702623","52,56089858",,,2360.0
216466,11,9,9501939.0,2021,11,14,3,3,6,4,0,1,0,1,0,0,0,1,"811030,0237","5821829,475","13,57873063","52,45787365",,,3265.0
216465,11,1,1400940.0,2021,11,18,6,3,3,6,1,1,1,0,0,0,0,1,"795022,1672","5832177,86","13,35300578","52,55951608",,,3254.0
216464,11,10,10100311.0,2021,10,10,6,3,5,3,0,0,1,0,0,0,0,0,"806820,6083","5830314,432","13,5247895","52,53629682",,,4550.0
216463,11,5,5100208.0,2021,10,16,6,3,3,1,0,1,1,0,0,0,0,1,"781678,7671","5830480,223","13,15526165","52,5513612",,,3228.0
216462,11,6,6400844.0,2021,10,17,7,2,6,4,1,0,1,1,0,0,0,0,"791257,8469","5821407,072","13,28820751","52,46498329",,,3183.0
216461,11,9,9200510.0,2021,11,15,4,3,6,4,0,1,0,1,0,0,0,0,"806595,0403","5822109,026","13,51392078","52,46288498",,,3446.0
216460,11,11,11400927.0,2021,11,9,5,3,5,3,0,0,1,0,0,0,0,1,"803409,3717","5826631,222","13,47129075","52,50519489",,,3863.0
216459,11,3,3601451.0,2021,10,9,6,3,1,5,0,1,1,0,0,0,0,0,"801048,258","5829879,775","13,43954933","52,53562014",,,4854.0
216458,11,3,3500936.0,2021,10,16,6,3,0,7,0,0,1,0,0,0,0,0,"801589,6857","5831143,579","13,44865484","52,54664832",,,5426.0
216457,11,4,4300619.0,2021,10,13,3,3,5,2,0,0,1,0,1,0,0,0,"792138,957","5827439,564","13,30642972","52,51859316",,,5341.0
216456,11,8,8100104.0,2021,10,11,4,3,1,5,0,1,1,0,0,1,0,0,"800782,4092","5822704,381","13,4291599","52,47145189",,,7260.0
216455,11,12,12601235.0,2021,10,11,2,3,5,3,0,0,1,0,0,0,0,0,"795272,4958","5836364,431","13,36041672","52,59690903",,,6167.0
216454,11,6,6100205.0,2021,11,15,3,3,2,2,0,0,1,0,1,0,0,1,"795531,7","5819952,234","13,3496484","52,44964678",,,5051.0
216453,11,12,12500930.0,2021,10,14,4,3,5,2,0,0,1,0,0,0,1,0,"792353,105","5834071,089","13,31541487","52,57792765",,,3452.0
216452,11,8,8200622.0,2021,11,23,6,3,5,3,1,0,1,0,0,0,1,1,"801652,924","5821573,341","13,44091446","52,46083413",,,3739.0
216451,11,4,4200203.0,2021,11,13,7,3,5,3,0,1,1,0,0,0,0,0,"788310,7919","5826875,737","13,2496798","52,51557566",,,3432.0
216450,11,5,5300735.0,2021,11,18,4,3,5,2,1,0,1,0,0,0,0,0,"786567,6912","5830553,726","13,22723383","52,54947005",,,2659.0
216449,11,3,3400724.0,2021,11,15,1,2,6,4,0,0,1,1,0,0,0,0,"799953,7824","5834418,827","13,42756324","52,57690838",,,6087.0
216448,11,5,5200420.0,2021,10,13,7,3,2,6,0,0,1,0,0,0,0,0,"783126,0221","5828609,154","13,174955","52,53383438",,,7753.0
216447,11,6,6200421.0,2021,10,15,7,3,1,1,0,1,1,0,0,0,0,1,"793946,9837","5818443,335","13,32506945","52,43697443",,,5045.0
216446,11,2,2200210.0,2021,11,19,4,3,5,3,2,0,1,0,0,0,0,0,"798943,3559","5825242,189","13,4044419","52,49520945",,,4623.0
216445,11,8,8100417.0,2021,11,14,6,3,5,3,0,1,1,0,0,0,0,0,"802020,0114","5822909,205","13,44751009","52,47260494",,,3536.0
216444,11,3,3200205.0,2021,10,18,7,3,5,2,1,1,1,0,0,0,0,0,"798198,357","5835280,402","13,40251027","52,58559586",,,3128.0
216443,11,6,6200313.0,2021,10,22,3,3,6,4,2,0,1,1,0,0,0,1,"795366,2865","5818469,253","13,34591059","52,43644214",,,4329.0
216442,11,11,11300721.0,2021,11,13,5,3,5,3,0,1,1,0,0,0,0,0,"804919,7201","5829937,537","13,49650479","52,53398574",,,4045.0
216441,11,6,6100102.0,2021,11,2,4,3,8,1,2,0,1,0,0,0,0,1,"793793,6785","5820806,758","13,3248993","52,45824408",,,5330.0
216440,11,3,3601453.0,2021,10,10,5,3,5,3,0,1,1,0,0,0,0,0,"802881,6657","5828633,522","13,4653622","52,52343443",,,3360.0
216439,11,2,2300417.0,2021,10,19,5,3,5,3,1,1,1,0,0,0,0,1,"800510,645","5825448,053","13,42764435","52,49619403",,,1866.0
216438,11,1,1200628.0,2021,10,21,6,3,9,1,2,0,0,0,1,0,0,0,"796612,9963","5828721,212","13,37331754","52,52766681",,,5630.0
216437,11,10,10200419.0,2021,11,6,2,3,6,2,1,0,1,1,0,0,0,1,"811830,5982","5831480,786","13,59951151","52,54390549",,,2430.0
216436,11,9,9200613.0,2021,11,16,5,3,5,3,1,1,1,0,0,0,0,1,"805824,7548","5821876,437","13,50240504","52,46123204",,,7462.0
216435,11,6,6300632.0,2021,11,16,2,3,2,6,2,0,1,0,0,0,0,0,"792816,2933","5817558,724","13,30770913","52,42965053",,,3730.0
216434,11,8,8100105.0,2021,10,15,7,3,6,4,0,0,1,1,0,0,0,0,"800447,3096","5822013,439","13,42361922","52,46544309",,,6537.0
216433,11,6,6100206.0,2021,10,18,5,2,5,3,2,1,1,0,0,0,0,0,"794238,0953","5819389,236","13,33017236","52,44529752",,,2132.0
216432,11,1,1401046.0,2021,10,15,3,3,5,7,0,1,1,0,0,0,0,0,"795050,835","5829941,619","13,35144046","52,53945451",,,6028.0
216431,11,1,1100312.0,2021,11,15,2,3,1,5,0,1,1,0,0,0,0,1,"799147,793","5826948,686","13,40897735","52,51039374",,,4161.0
216430,11,5,5200524.0,2021,11,9,5,3,5,3,0,0,1,0,0,0,1,0,"780345,6741","5827611,941","13,13323173","52,52632993",,,2850.0
216429,11,1,1100206.0,2021,11,1,1,3,5,3,2,0,1,0,0,0,0,0,"797878,0887","5827467,419","13,39078803","52,51573836",,,3054.0
216428,11,10,10100311.0,2021,10,10,3,3,2,6,0,0,1,0,0,0,0,1,"806330,6357","5830178,518","13,51746286","52,53535435",,,3632.0
216427,11,6,6400843.0,2021,11,11,5,3,2,2,0,0,1,0,0,0,0,0,"791712,7072","5819389,167","13,29312106","52,44665011",,,6831.0
216426,11,10,10100311.0,2021,10,14,5,3,5,2,0,1,1,0,0,0,0,0,"807203,9153","5829146,089","13,52934344","52,52561018",,,3762.0
216425,11,1,1100416.0,2021,10,9,6,3,5,3,0,1,1,0,0,0,0,0,"798755,9685","5829618,285","13,40561898","52,53453765",,,7849.0
216424,11,1,1401046.0,2021,10,23,7,3,5,2,2,0,1,0,0,0,0,0,"794900,2109","5830245,536","13,34949577","52,54226042",,,3444.0
216423,11,1,1300733.0,2021,10,16,6,2,6,7,0,1,0,1,0,0,0,0,"797282,0498","5831910,379","13,3860046","52,55588942",,,2359.0
216422,11,3,3601244.0,2021,11,10,3,3,5,3,0,1,1,0,0,0,0,0,"800084,3778","5831671,474","13,42699977","52,55221122",,,6658.0
216421,11,10,10200524.0,2021,11,7,6,2,6,7,0,0,1,1,0,0,0,1,"813242,0184","5831053,498","13,61985376","52,53926706",,,7050.0
216420,11,1,1100206.0,2021,11,13,4,3,5,2,0,1,1,0,0,0,0,0,"798034,5078","5827395,429","13,39302184","52,51500761",,,5737.0
216419,11,4,4400830.0,2021,10,22,1,3,6,4,2,0,1,1,0,0,0,0,"792542,0606","5823083,697","13,30852754","52,47932785",,,3051.0
216418,11,7,7200308.0,2021,10,17,3,3,5,5,0,0,0,0,1,0,1,0,"794842,8803","5823753,204","13,34290054","52,48409223",,,3060.0
216417,11,7,7400927.0,2021,10,12,4,3,6,7,0,0,0,1,0,0,1,0,"797842,8234","5820909,781","13,38440991","52,45697597",,,3764.0
216416,11,11,11100204.0,2021,11,15,2,3,2,6,0,0,1,0,0,0,0,0,"805784,804","5833555,425","13,51255032","52,56592551",,,3868.0
216415,11,5,5200631.0,2021,10,7,3,3,0,7,1,0,1,0,0,0,0,1,"784737,0397","5827496,108","13,19768857","52,52301553",,,3248.0
216414,11,1,1100102.0,2021,10,17,1,3,5,2,0,1,1,0,0,0,0,0,"796117,8949","5826716,957","13,36425665","52,50996969",,,3664.0
216413,11,1,1100206.0,2021,11,9,7,3,5,3,0,0,1,0,0,1,0,0,"798030,4797","5827394,75","13,39296204","52,51500372",,,5650.0
216412,11,5,5100105.0,2021,11,9,2,3,5,3,0,0,1,0,1,0,0,1,"784295,3398","5831099,184","13,1942789","52,55555138",,,4967.0
216411,11,4,4501042.0,2021,11,9,3,3,0,7,0,1,0,0,0,0,0,0,"794246,2492","5826080,785","13,33619566","52,50527957",,,4944.0
216410,11,8,8100417.0,2021,11,16,6,3,6,7,2,0,0,1,0,0,1,1,"802128,8592","5823185,035","13,44935756","52,47501705",,,2325.0
216409,11,8,8100314.0,2021,10,22,7,3,5,3,2,0,1,0,0,0,0,1,"801069,2014","5824002,293","13,43454105","52,48292748",,,3733.0
216408,11,11,11401136.0,2021,10,9,1,3,5,2,0,1,1,0,0,0,0,0,"805888,9095","5825854,825","13,5069958","52,49685213",,,2660.0
216407,11,11,11401137.0,2021,11,12,4,3,6,4,0,0,0,1,0,0,1,0,"806717,7468","5826848,384","13,5200818","52,50529147",,,4332.0
216406,11,11,11400929.0,2021,11,18,5,3,6,4,2,0,1,1,0,0,0,1,"804994,1716","5826578,327","13,49451935","52,50383726",,,4359.0
216405,11,2,2500831.0,2021,10,18,7,3,0,3,0,0,1,0,1,0,0,0,"803051,4016","5827141,725","13,46649757","52,50996939",,,2987.0
216404,11,5,5200629.0,2021,10,15,6,3,6,7,0,0,0,1,0,0,1,0,"784679,3863","5828618,962","13,19780256","52,53311315",,,3641.0
216403,11,7,7601236.0,2021,10,11,4,3,5,2,0,1,1,0,0,0,0,0,"796517,6104","5816370,495","13,36093695","52,41700543",,,9527.0
216402,11,10,10100205.0,2021,10,16,3,3,5,7,0,0,1,0,0,0,0,0,"808405,1193","5833058,021","13,5506247","52,55998995",,,3148.0
216401,11,4,4501149.0,2021,11,17,5,3,1,5,2,1,1,0,0,0,0,1,"793683,0007","5824444,585","13,3264783","52,49091527",,,3956.0
216400,11,4,4501043.0,2021,11,7,3,3,0,2,2,0,1,0,1,0,0,1,"792690,9697","5825315,546","13,31267419","52,49925601",,,4556.0
216399,11,9,9501941.0,2021,10,7,4,3,2,2,1,0,1,0,0,0,0,0,"812053,6698","5821202,972","13,59316199","52,45167587",,,1766.0
216398,11,7,7501133.0,2021,10,10,4,3,5,2,0,1,1,0,0,0,0,0,"797864,2274","5818822,378","13,38286278","52,43825294",,,1959.0
216397,11,1,1401045.0,2021,10,8,2,3,0,6,0,0,1,0,1,0,0,0,"796513,3301","5831964,114","13,37474715","52,55679016",,,1459.0
216396,11,5,5300736.0,2021,11,17,6,3,2,6,1,0,1,0,1,0,0,1,"786622,6382","5829252,732","13,22691936","52,53777689",,,5142.0
216395,11,11,11200512.0,2021,11,9,7,3,0,1,0,1,0,0,0,0,0,1,"803066,2957","5830638,516","13,46990318","52,54130217",,,3148.0
216394,11,2,2200208.0,2021,11,14,4,3,4,6,0,1,0,0,0,0,0,0,"797780,6663","5824941,871","13,3870978","52,49315304",,,4265.0
216393,11,6,6400844.0,2021,11,20,2,2,0,1,2,0,0,0,1,0,0,0,"790559,0963","5821428,641","13,27796973","52,4655487",,,5243.0
216392,11,5,5300736.0,2021,10,16,7,3,2,6,0,0,1,0,1,0,0,0,"785946,239","5829213,412","13,21693984","52,5377797",,,3253.0
216391,11,4,4501041.0,2021,10,12,5,3,2,6,0,0,1,0,0,0,0,0,"793109,3371","5825604,627","13,31907408","52,50162296",,,5175.0
216390,11,12,12500930.0,2021,10,11,2,3,5,2,0,1,1,0,0,0,0,0,"792341,5262","5834069,251","13,31524287","52,5779174",,,3853.0
216389,11,4,4200308.0,2021,10,20,1,3,1,5,2,0,1,0,0,0,0,0,"790150,2626","5827330,851","13,27710855","52,51868031",,,4531.0
216388,11,10,10200526.0,2021,11,13,4,3,2,6,0,1,1,0,0,0,0,0,"812041,4078","5830308,574","13,60150933","52,53328047",,,1766.0
216387,11,7,7300517.0,2021,11,15,6,3,0,1,0,0,0,0,1,0,0,1,"794717,3373","5822789,136","13,34020497","52,4755177",,,2722.0
216386,11,3,3400722.0,2021,10,16,2,2,5,7,0,1,1,0,0,0,0,0,"798659,2472","5833891,303","13,40804131","52,57289193",,,2928.0
216385,11,1,1100313.0,2021,9,7,4,3,3,6,0,1,1,0,0,0,0,0,"800470,5651","5826677,472","13,42816503","52,50723579",,,2878.0
216384,11,10,10400941.0,2021,9,16,2,3,6,4,0,0,1,1,0,0,0,0,"812484,9325","5824288,71","13,60237681","52,4790816",,,3247.0
216383,11,4,4400835.0,2021,9,7,3,3,5,2,0,1,0,0,0,0,1,0,"792983,2153","5822380,533","13,31438708","52,47278767",,,4518.0