OBJECTID,LAND,BEZ,LOR_ab_2021,UJAHR,UMONAT,USTUNDE,UWOCHENTAG,UKATEGORIE,UART,UTYP1,ULICHTVERH,IstRad,IstPKW,IstFuss,IstKrad,IstGkfz,IstSonstige,USTRZUSTAND,LINREFX,LINREFY,XGCSWGS84,YGCSWGS84,LOR,STRASSE,quadrant
216382,11,1,1100103.0,2021,9,20,2,3,1,5,1,1,1,0,0,0,0,0,"795807,8734","5825682,91","13,35878309","52,50086854",,,6167.0
216381,11,1,1401048.0,2021,9,12,6,3,6,7,0,1,0,1,0,0,0,0,"795215,493","5831127,977","13,35491565","52,55000002",,,4752.0
216380,11,4,4501153.0,2021,9,16,4,3,0,1,0,1,0,0,0,0,0,0,"793861,7066","5823208,941","13,32801343","52,4797421",,,4167.0
216379,11,4,4300413.0,2021,8,20,2,3,0,3,2,0,1,0,1,0,0,1,"790936,6158","5826821,097","13,28821921","52,51369142",,,5126.0
216378,11,2,2300316.0,2021,8,14,6,3,5,2,0,1,1,0,0,0,0,0,"800743,2511","5826526,047","13,43203388","52,50572828",,,5641.0
216377,11,4,4400832.0,2021,9,15,2,3,1,5,0,1,1,0,0,0,0,0,"791343,9004","5822414,572","13,29035045","52,47396967",,,4755.0
216376,11,10,10300732.0,2021,9,12,7,3,5,3,0,0,1,0,0,1,0,0,"809961,6799","5830038,8","13,57069555","52,5320495",,,4966.0
216375,11,8,8100312.0,2021,9,16,7,3,3,6,0,1,0,0,0,0,1,0,"801153,9972","5824103,709","13,43587758","52,48378974",,,4634.0
216374,11,6,6200423.0,2021,10,14,6,3,5,2,0,1,1,0,0,0,0,0,"793370,8957","5816219,837","13,3146688","52,41735055",,,4265.0
216373,11,7,7300517.0,2021,9,19,3,3,6,4,2,0,0,1,0,0,1,0,"794402,9477","5822423,081","13,33526636","52,47240576",,,1462.0
216372,11,2,2200210.0,2021,9,14,3,2,5,3,0,1,0,0,0,0,1,0,"798988,7915","5824762,965","13,40467912","52,49088898",,,5250.0
216371,11,5,5100316.0,2021,8,12,5,3,2,2,0,0,1,0,1,0,0,1,"784786,0883","5828826,12","13,19954887","52,53491479",,,3148.0
216370,11,10,10100316.0,2021,8,13,3,3,5,2,0,1,1,0,0,0,0,0,"810051,5781","5831661,128","13,57353036","52,54653685",,,5041.0
216369,11,11,11401137.0,2021,9,20,6,3,0,7,2,0,0,0,0,0,1,0,"806830,7919","5826250,176","13,52119091","52,49986665",,,2634.0
216368,11,5,5100316.0,2021,9,8,5,3,6,4,0,1,0,1,0,0,0,0,"783966,6029","5829270,093","13,18787902","52,53932311",,,2947.0
216367,11,3,3400619.0,2021,9,17,3,3,5,2,0,1,1,0,0,0,0,0,"795817,8747","5835211,417","13,36741544","52,58627711",,,5282.0
216366,11,1,1200623.0,2021,9,17,7,3,5,7,0,1,1,0,0,0,0,0,"795291,2922","5828737,182","13,35390555","52,52852749",,,4347.0
216365,11,7,7100101.0,2021,9,1,4,2,5,3,2,0,1,0,0,0,0,0,"794602,1954","5825490,819","13,34090279","52,49979881",,,6029.0
216364,11,1,1300835.0,2021,9,19,7,3,3,7,1,1,0,0,0,0,0,0,"797726,6677","5830159,291","13,39097358","52,53995031",,,4970.0
216363,11,2,2200210.0,2021,8,23,7,3,5,3,2,0,1,0,0,0,0,0,"798430,808","5824775,733","13,3964967","52,49130876",,,4451.0
216362,11,1,1200626.0,2021,9,9,5,2,3,5,0,1,0,0,1,0,0,0,"794896,2855","5828295,176","13,34770763","52,52477906",,,4239.0
216361,11,1,1100104.0,2021,9,16,5,3,6,7,0,0,1,1,0,0,0,0,"796425,9921","5825905,97","13,36806102","52,50253264",,,3629.0
216360,11,1,1100308.0,2021,9,12,4,3,5,3,0,0,1,0,0,0,0,0,"797003,1836","5828603,436","13,37894708","52,52639864",,,3650.0
216359,11,3,3300411.0,2021,9,12,4,3,4,6,0,1,0,0,0,0,0,0,"803752,3255","5839284,523","13,48791037","52,61841028",,,7232.0
216358,11,1,1100207.0,2021,8,9,6,3,0,1,0,0,0,0,1,0,0,1,"798738,7492","5827650,01","13,40359764","52,5169043",,,3062.0
216357,11,3,3200308.0,2021,8,17,4,2,5,2,0,0,1,0,1,0,0,0,"800179,3503","5836542,467","13,43280582","52,59581852",,,6456.0
216356,11,1,1401044.0,2021,9,17,7,3,0,1,0,0,0,0,0,0,1,0,"796375,033","5831051,473","13,37189847","52,5486846",,,3640.0
216355,11,5,5400944.0,2021,9,8,6,3,2,1,0,0,1,0,0,0,0,0,"781655,8501","5819776,319","13,14586954","52,45539555",,,3949.0
216354,11,2,2300314.0,2021,9,12,3,3,6,2,0,0,1,1,0,0,0,0,"799912,4055","5825986,197","13,41934314","52,50134672",,,3836.0
216353,11,6,6400737.0,2021,9,7,3,2,5,3,0,1,1,0,0,0,0,0,"786291,9431","5817653,391","13,21209329","52,43395276",,,5143.0
216352,11,4,4300412.0,2021,9,10,5,3,3,6,0,1,0,0,1,0,0,0,"790955,9003","5827408,634","13,28901639","52,51894838",,,5077.0
216351,11,8,8100206.0,2021,9,13,3,3,2,6,0,0,1,0,0,0,0,0,"800426,0981","5823802,913","13,42491964","52,48149456",,,6660.0
216350,11,4,4501150.0,2021,9,15,3,3,6,7,0,0,1,1,0,0,0,0,"793519,3894","5823937,435","13,32362878","52,48645686",,,5041.0
216349,11,3,3601450.0,2021,8,22,1,3,1,1,2,0,1,0,0,0,1,0,"802081,9708","5830188,296","13,45502391","52,53781345",,,3136.0
216348,11,2,2200210.0,2021,9,15,6,3,5,2,0,1,1,0,0,0,0,1,"798483,5327","5825209,721","13,39765976","52,49517007",,,4952.0
216347,11,9,9100305.0,2021,9,14,7,3,5,2,0,0,1,0,0,0,0,0,"805020,938","5822710,208","13,49137268","52,46915405",,,3531.0
216346,11,2,2200210.0,2021,9,6,5,3,4,6,0,1,0,0,0,0,0,1,"798894,2043","5825094,68","13,40358771","52,49391415",,,3853.0
216345,11,6,6200421.0,2021,9,10,5,3,6,6,0,0,0,1,0,0,1,0,"793266,1949","5816375,325","13,31326995","52,41880059",,,4851.0
216344,11,10,10200629.0,2021,8,12,7,3,5,2,0,0,1,0,0,0,1,0,"811212,859","5828861,259","13,58797926","52,52078431",,,2750.0
216343,11,10,10100206.0,2021,8,7,4,3,2,6,0,0,1,0,0,1,1,0,"809663,5987","5833230,269","13,56929065","52,56081939",,,4243.0
216342,11,6,6100101.0,2021,9,15,2,3,6,2,0,0,1,1,0,0,0,0,"793400,6283","5820700,192","13,31903747","52,4574999",,,5748.0
216341,11,2,2500834.0,2021,9,12,1,2,5,2,0,1,1,0,0,0,0,0,"802013,7122","5826918,946","13,45105177","52,50854809",,,5649.0
216340,11,6,6100206.0,2021,8,22,3,3,2,6,2,0,1,0,0,0,0,0,"794317,1386","5820236,47","13,33207851","52,45285006",,,7332.0
216339,11,4,4400830.0,2021,9,13,6,3,0,1,0,1,0,0,0,0,0,0,"791679,1252","5823565,835","13,29627901","52,48411178",,,3478.0
216338,11,10,10200420.0,2021,9,7,5,3,2,6,0,0,1,0,0,0,0,0,"811817,763","5830483,533","13,59838703","52,53497629",,,5650.0
216337,11,9,9502042.0,2021,9,16,3,3,5,3,0,1,1,0,0,0,0,0,"811372,1659","5822557,225","13,58442868","52,46420055",,,8133.0
216336,11,2,2400625.0,2021,9,16,3,3,5,2,0,1,1,0,0,0,0,0,"801748,401","5826252,945","13,44655082","52,50272547",,,5627.0
216335,11,2,2500835.0,2021,9,18,3,3,1,5,1,1,1,0,0,0,0,0,"802628,7294","5826117,366","13,45935746","52,50102276",,,6528.0
216334,11,2,2400623.0,2021,8,15,2,2,5,3,0,1,1,0,0,0,0,1,"800279,0341","5827621,859","13,42620357","52,5158061",,,4536.0
216333,11,1,1401046.0,2021,9,7,6,3,2,7,0,0,1,0,1,0,0,0,"794804,0653","5830117,15","13,34796822","52,54116157",,,3547.0
216332,11,8,8100207.0,2021,8,17,2,3,5,3,0,0,1,0,0,0,0,1,"801265,8285","5823074,232","13,43658934","52,47450059",,,3450.0
216331,11,2,2200213.0,2021,8,12,2,3,0,1,0,0,0,0,0,0,1,1,"799063,8477","5825061,047","13,40604884","52,49351976",,,5858.0
216330,11,1,1200522.0,2021,8,16,6,3,8,1,0,0,0,0,0,0,1,0,"794427,2083","5828359,711","13,34087066","52,52561108",,,5237.0
216329,11,9,9200715.0,2021,9,14,2,3,5,3,0,0,1,0,0,0,0,0,"808480,8412","5818421,25","13,53818579","52,42877371",,,1529.0
216328,11,12,12500824.0,2021,9,12,6,3,5,3,0,0,1,0,0,0,0,0,"790692,543","5835382,176","13,29212847","52,59057094",,,7268.0
216327,11,3,3601141.0,2021,8,17,3,3,5,2,0,1,0,0,0,0,1,0,"799248,2708","5831804,026","13,41482442","52,55385933",,,718.0
216326,11,3,3400619.0,2021,9,14,1,3,5,2,0,1,1,0,0,0,0,0,"796025,183","5835715,12","13,37091649","52,59067948",,,6967.0
216325,11,1,1100205.0,2021,8,18,6,3,5,3,0,0,1,0,1,0,0,0,"796960,45","5826706,064","13,3766254","52,50941404",,,5137.0
216324,11,8,8200833.0,2021,9,18,5,3,6,4,0,0,1,1,0,0,0,0,"801781,3035","5816747,388","13,43844094","52,41750692",,,6629.0
216323,11,3,3601243.0,2021,9,11,6,3,0,1,0,0,0,0,1,0,0,0,"799676,7609","5831259,486","13,42063405","52,54874285",,,6624.0
216322,11,9,9100409.0,2021,9,7,4,3,5,2,0,1,1,0,0,0,0,0,"807230,1369","5819787,277","13,52110381","52,44172019",,,4144.0
216321,11,9,9100101.0,2021,9,22,4,3,5,3,2,0,1,0,1,0,0,0,"802306,3083","5824783,489","13,45341163","52,4892459",,,1055.0
216320,11,4,4100101.0,2021,8,15,5,3,5,3,0,0,1,0,0,0,0,0,"792783,6044","5830574,048","13,31866415","52,54634687",,,6028.0
216319,11,9,9501939.0,2021,8,17,3,3,6,4,0,1,0,1,0,0,0,0,"811049,8965","5821871,508","13,57906133","52,45823902",,,5445.0
216318,11,1,1100310.0,2021,9,15,7,2,1,5,0,0,1,0,1,0,0,0,"798833,8193","5827721,695","13,40505892","52,51749477",,,4452.0
216317,11,5,5300737.0,2021,9,14,4,3,0,3,0,1,1,0,0,0,0,0,"787034,593","5829473,197","13,23316704","52,53953665",,,4047.0
216316,11,7,7601341.0,2021,9,14,3,3,2,6,0,0,1,0,0,0,0,0,"797946,2124","5815186,364","13,38082728","52,40561504",,,5562.0
216315,11,1,1300733.0,2021,9,19,1,3,5,2,1,1,1,0,0,0,0,0,"797158,9651","5831919,41","13,38420252","52,55603754",,,4664.0
216314,11,11,11100204.0,2021,9,15,5,2,4,6,0,0,1,0,0,0,1,0,"806667,1911","5832891,724","13,52491448","52,55948108",,,3049.0
216313,11,11,11501340.0,2021,9,21,2,2,1,5,2,1,1,0,0,0,0,0,"808139,851","5825647,411","13,53985684","52,49372715",,,5668.0
216312,11,1,1100310.0,2021,9,15,5,3,0,7,0,1,0,0,0,0,0,0,"799200,7972","5827692,941","13,41042522","52,51703583",,,6033.0
216311,11,4,4501042.0,2021,9,17,1,3,5,2,0,1,0,0,0,0,1,0,"794276,8984","5826064,398","13,33663144","52,50511614",,,6235.0
216310,11,2,2400625.0,2021,8,14,6,2,3,6,0,1,0,0,0,0,0,0,"801685,0902","5826128,488","13,44550817","52,50164496",,,4953.0
216309,11,3,3601245.0,2021,9,6,5,3,5,2,0,1,0,0,0,0,1,0,"800146,0809","5830861,071","13,42717465","52,54491337",,,4980.0
216308,11,4,4400830.0,2021,9,15,6,2,5,2,0,1,1,0,0,0,0,0,"792349,4406","5823119,114","13,30573041","52,47974851",,,3547.0
216307,11,6,6100205.0,2021,9,16,4,3,6,2,0,0,1,1,0,0,0,1,"795354,8214","5819976,934","13,34707507","52,44996379",,,4258.0
216306,11,12,12400617.0,2021,9,14,4,3,0,7,0,1,1,0,0,0,0,0,"786085,1305","5837657,066","13,22626806","52,61340966",,,5939.0
216305,11,2,2100106.0,2021,8,10,6,3,2,2,0,1,0,0,0,1,0,1,"798586,6454","5825559,38","13,39948752","52,49824791",,,3054.0
216304,11,7,7300619.0,2021,8,11,4,3,5,2,0,1,1,0,0,0,0,0,"795412,8491","5822242,8","13,34993167","52,47024444",,,3356.0
216303,11,6,6400737.0,2021,9,15,7,3,0,3,0,0,0,0,1,0,0,0,"784742,9505","5817540,59","13,18927386","52,43374993",,,1462.0
216302,11,7,7400927.0,2021,8,15,2,3,0,6,0,0,1,0,0,0,1,1,"797844,5703","5820785,456","13,38432464","52,45586058",,,4423.0
216301,11,1,1401047.0,2021,9,13,6,2,6,4,0,0,1,1,0,0,0,0,"795861,9693","5830448,23","13,36381666","52,543556",,,3876.0
216300,11,7,7200409.0,2021,9,10,4,3,5,3,0,0,1,0,1,0,0,0,"795133,8745","5824094,497","13,34747555","52,48699447",,,5244.0
216299,11,1,1401047.0,2021,9,8,2,3,1,5,0,0,1,0,0,0,0,0,"795647,752","5830636,862","13,36083491","52,5453632",,,3031.0
216298,11,2,2200210.0,2021,9,13,5,3,3,6,0,0,1,0,1,0,0,0,"798234,4354","5825461,801","13,39422715","52,49756583",,,4547.0
216297,11,9,9200715.0,2021,9,8,3,3,5,2,0,1,1,0,0,0,0,0,"808669,8751","5818583,083","13,54110662","52,43011745",,,3451.0
216296,11,1,1100313.0,2021,9,16,7,3,1,5,0,0,0,0,0,0,1,1,"799968,2946","5826489,001","13,42061699","52,50582284",,,3444.0
216295,11,6,6200423.0,2021,8,19,3,3,3,6,2,1,1,0,0,0,0,0,"794254,9212","5815041,529","13,32659443","52,40631284",,,5044.0
216294,11,1,1300733.0,2021,9,10,2,3,6,7,0,1,0,1,0,0,0,0,"797405,6984","5831868,311","13,38778537","52,55544482",,,3638.0
216293,11,10,10200423.0,2021,9,15,5,3,3,6,0,1,1,0,0,0,0,0,"814203,0189","5831041,455","13,6339654","52,53860595",,,4967.0
216292,11,11,11200410.0,2021,9,18,1,3,5,2,1,0,1,0,0,0,1,0,"804625,4736","5832765,139","13,4947736","52,55949254",,,4746.0
216291,11,6,6400735.0,2021,8,14,7,2,5,3,0,1,0,0,0,0,0,0,"782022,9803","5815658,589","13,14778386","52,41828377",,,3549.0
216290,11,8,8301037.0,2021,9,9,6,3,5,3,0,0,1,0,1,0,0,0,"804312,2389","5817802,982","13,47650189","52,42556681",,,4439.0
216289,11,7,7601442.0,2021,9,4,7,3,5,3,2,0,1,0,0,0,0,0,"798713,7934","5816005,963","13,3928086","52,41254365",,,5256.0
216288,11,2,2400625.0,2021,9,18,4,3,0,1,0,0,1,0,1,0,0,1,"801701,1488","5826151,76","13,44576511","52,50184467",,,4948.0
216287,11,8,8100105.0,2021,9,21,4,3,5,2,2,1,1,0,0,0,0,1,"801038,5171","5821949,04","13,43223748","52,46454045",,,3528.0
216286,11,5,5100316.0,2021,8,9,6,3,3,6,0,0,1,0,1,0,0,1,"785010,7172","5829496,265","13,20342646","52,54080584",,,5132.0
216285,11,8,8100208.0,2021,8,22,4,3,6,2,2,0,1,1,0,0,0,1,"801652,2526","5822564,011","13,44180008","52,4697141",,,4664.0
216284,11,3,3400620.0,2021,9,2,7,2,5,3,2,1,1,0,0,0,0,0,"797411,7617","5833971,81","13,38976021","52,57429667",,,4560.0
216283,11,1,1300834.0,2021,9,16,5,3,5,2,0,1,1,0,0,0,0,0,"798080,7656","5830002,285","13,39603839","52,53834939",,,3352.0
216282,11,4,4501043.0,2021,9,12,6,3,3,6,0,0,1,0,0,0,0,0,"792388,942","5825011,514","13,30797072","52,49669234",,,6058.0
216281,11,5,5200629.0,2021,9,12,4,3,2,6,0,0,1,0,1,0,0,0,"784774,5248","5828778,191","13,19933778","52,5344911",,,5260.0
216280,11,7,7601442.0,2021,9,11,2,3,0,6,0,0,1,0,0,0,1,0,"799236,7105","5816241,139","13,40068412","52,41436613",,,2738.0
216279,11,11,11401137.0,2021,8,17,1,3,2,6,1,0,1,0,1,0,0,1,"807104,7193","5825756,536","13,52475848","52,4952885",,,3536.0
216278,11,6,6200317.0,2021,9,18,3,3,5,3,1,1,1,0,0,0,0,0,"796703,6099","5817503,185","13,36466838","52,42705831",,,4931.0
216277,11,7,7601340.0,2021,9,10,3,3,4,1,0,0,1,0,0,0,0,1,"796508,4207","5815897,272","13,360383","52,4127683",,,7542.0
216276,11,12,12100101.0,2021,8,10,2,3,5,3,0,0,1,0,0,0,0,0,"796706,8109","5833006,257","13,37852452","52,5660264",,,3876.0
216275,11,5,5100316.0,2021,9,11,6,3,0,2,0,0,1,0,0,0,1,0,"784850,7758","5829235,987","13,20085133","52,53855584",,,4072.0
216274,11,4,4501045.0,2021,9,12,7,3,5,7,0,1,1,0,0,0,0,0,"793533,818","5824898,886","13,32468763","52,49506812",,,5235.0
216273,11,2,2200210.0,2021,9,16,5,3,5,3,0,0,1,0,0,0,1,0,"797991,5882","5825255,98","13,39047629","52,49585353",,,5923.0
216272,11,4,4501146.0,2021,8,16,2,2,5,3,0,0,1,0,0,0,0,1,"792955,3903","5824118,744","13,31550591","52,48838517",,,5342.0
216271,11,8,8100415.0,2021,8,21,1,3,4,6,2,1,1,0,0,0,0,1,"801643,3086","5823756,571","13,44274735","52,4804082",,,5428.0
216270,11,2,2500831.0,2021,9,23,5,3,5,3,2,0,1,0,0,0,0,1,"802865,4196","5827469,12","13,46406346","52,51300708",,,6056.0
216269,11,8,8100206.0,2021,8,22,6,3,6,4,2,0,1,1,0,0,0,0,"800416,0905","5823885,988","13,42484757","52,4822447",,,3349.0
216268,11,2,2500831.0,2021,9,17,7,3,6,4,0,0,1,1,0,0,0,0,"803020,8266","5827017,452","13,4659353","52,50887254",,,4857.0
216267,11,9,9301126.0,2021,9,9,7,3,2,6,0,1,0,0,0,0,0,1,"811025,7763","5818097,153","13,57519493","52,42442854",,,2854.0
216266,11,1,1100416.0,2021,8,7,3,3,0,1,0,0,0,0,0,0,1,1,"798655,6429","5830200,597","13,40466762","52,53981223",,,2874.0
216265,11,4,4200311.0,2021,9,3,7,3,4,6,2,0,1,0,0,0,0,0,"790085,4802","5825305,142","13,27439096","52,500554",,,2634.0
216264,11,6,6200421.0,2021,10,6,6,3,3,6,2,1,1,0,0,0,0,0,"793195,8862","5816473,098","13,31232472","52,41971477",,,4648.0
216263,11,1,1401045.0,2021,9,16,3,3,6,7,0,0,0,1,0,0,1,0,"796985,1808","5831939,184","13,3816644","52,55630959",,,6660.0
216262,11,2,2500830.0,2021,9,17,3,3,5,3,0,1,0,0,0,0,0,0,"802422,8863","5827425,496","13,45752259","52,51286161",,,7460.0
216261,11,6,6100205.0,2021,9,7,3,3,5,3,0,1,1,0,0,0,0,0,"795775,6129","5819929,295","13,35320676","52,44930924",,,5939.0
216260,11,5,5100317.0,2021,8,23,2,2,2,6,2,0,1,0,0,0,0,0,"786717,7835","5828229,749","13,22743588","52,52855512",,,4062.0
216259,11,11,11401034.0,2021,9,10,6,3,1,5,0,1,1,0,0,0,0,0,"806878,2252","5827031,143","13,52260721","52,50683915",,,3253.0
216258,11,5,5200419.0,2021,8,16,2,3,5,3,0,0,1,0,0,0,1,1,"780917,7473","5829126,982","13,1429226","52,53962027",,,6552.0
216257,11,4,4400727.0,2021,9,7,3,3,2,6,0,0,1,0,0,0,0,0,"791548,0073","5823599,713","13,29438324","52,48448552",,,6140.0
216256,11,4,4400835.0,2021,9,9,7,3,0,6,0,1,0,0,0,0,1,1,"793088,5232","5822047,281","13,31564025","52,46974367",,,3046.0
216255,11,12,12500929.0,2021,9,14,4,3,5,3,0,1,1,0,0,0,0,0,"794728,5576","5838692,389","13,35448267","52,61807207",,,4236.0
216254,11,10,10100209.0,2021,9,12,7,3,2,6,0,0,1,0,0,0,0,0,"809955,1395","5831926,73","13,5723606","52,5489719",,,4836.0
216253,11,1,1400938.0,2021,8,15,1,2,9,1,0,0,0,0,1,0,0,1,"794327,0878","5830522,325","13,3413144","52,54505153",,,4375.0
216252,11,9,9501838.0,2021,9,15,4,3,3,6,0,1,0,0,1,0,0,0,"818403,8672","5820637,604","13,68575658","52,4429488",,,4077.0
216251,11,7,7300517.0,2021,9,16,5,3,5,7,0,1,1,0,0,0,0,0,"794210,3147","5822753,666","13,33273013","52,47547308",,,2130.0
216250,11,8,8100313.0,2021,9,15,4,3,5,3,0,1,1,0,0,0,0,1,"801748,3872","5824286,206","13,44476932","52,48509734",,,6426.0
216249,11,10,10200422.0,2021,9,11,4,3,5,3,0,0,1,0,0,0,0,0,"812722,4912","5830987,181","13,6121561","52,53897116",,,5224.0
216248,11,8,8100418.0,2021,8,17,5,3,0,7,0,0,0,0,1,0,0,1,"802423,224","5823723,619","13,45416677","52,4796815",,,4558.0
216247,11,9,9100304.0,2021,8,15,3,3,1,7,0,0,1,0,0,0,0,0,"804280,1088","5822169,295","13,48000715","52,46471909",,,7141.0
216246,11,4,4300414.0,2021,9,17,6,3,5,2,1,1,1,0,0,0,0,0,"790847,7681","5826735,521","13,28683884","52,51297162",,,4044.0
216245,11,7,7400720.0,2021,9,15,4,3,6,4,0,0,1,1,0,0,0,0,"796518,3176","5822810,126","13,36666266","52,47473111",,,7651.0
216244,11,6,6100103.0,2021,9,20,3,3,0,3,1,1,0,0,0,0,0,0,"793894,3449","5820976,41","13,32652596","52,45971082",,,2750.0
216243,11,4,4200203.0,2021,9,9,1,3,5,2,0,0,1,0,0,0,0,0,"788298,0781","5826885,676","13,24950157","52,51567149",,,5431.0
216242,11,1,1401048.0,2021,9,14,5,2,5,2,0,1,1,0,0,0,0,0,"795595,3939","5831749,545","13,36105558","52,55536577",,,4948.0
216241,11,9,9401534.0,2021,9,10,2,3,5,2,0,0,1,0,0,0,1,0,"810873,043","5820660,766","13,57533986","52,44748947",,,4944.0
216240,11,3,3300413.0,2021,9,15,1,3,6,4,0,0,1,1,0,0,0,0,"803486,8094","5838539,797","13,48331722","52,61188405",,,5137.0
216239,11,5,5100314.0,2021,8,4,1,3,0,1,2,0,0,0,0,0,1,0,"784897,6588","5830130,023","13,20230749","52,5465472",,,3250.0
216238,11,1,1300836.0,2021,9,7,6,3,5,7,0,1,0,0,0,0,1,0,"796472,9599","5830876,023","13,37318181","52,5470586",,,4455.0
216237,11,1,1100207.0,2021,9,19,6,3,3,6,2,0,0,0,1,0,1,0,"798528,6646","5826764,086","13,39971605","52,50907822",,,3136.0
216236,11,1,1100416.0,2021,9,17,4,3,5,3,1,0,1,0,0,0,0,1,"798241,1206","5829625,144","13,39805724","52,53488109",,,3559.0
216235,11,5,5100315.0,2021,8,15,2,2,0,6,0,0,1,0,1,0,0,1,"784363,2472","5829997,774","13,19433454","52,54564068",,,4855.0
216234,11,4,4400830.0,2021,9,22,5,3,0,5,2,0,1,0,1,0,0,1,"791044,1258","5822916,096","13,28638706","52,47862569",,,563.0
216233,11,8,8100102.0,2021,8,20,6,3,5,2,1,0,1,0,0,0,0,0,"800175,9315","5823648,836","13,42110818","52,48025107",,,2953.0
216232,11,5,5400942.0,2021,8,13,4,3,4,5,0,0,1,0,0,0,1,0,"782495,5796","5820656,184","13,15893934","52,46285152",,,4463.0
216231,11,2,2100106.0,2021,9,12,1,3,2,6,0,0,1,0,0,0,0,0,"799101,5862","5825616,196","13,40710151","52,49847521",,,4259.0
216230,11,1,1300836.0,2021,8,8,2,3,2,6,0,1,0,0,0,0,1,0,"796511,8198","5830921,011","13,37379338","52,54744072",,,3737.0
216229,11,10,10300734.0,2021,9,13,6,2,5,2,0,1,1,0,0,0,0,0,"809565,608","5826554,818","13,5616338","52,50105236",,,2662.0
216228,11,4,4300623.0,2021,9,17,4,3,0,6,0,1,0,0,0,0,1,0,"792432,6152","5826118,344","13,30958422","52,5065914",,,3253.0
216227,11,7,7300619.0,2021,9,20,2,2,5,2,2,0,1,0,0,0,0,0,"795241,6371","5822271,061","13,34744348","52,47059034",,,4459.0
216226,11,1,1300730.0,2021,8,6,2,3,1,5,1,0,1,0,1,0,1,1,"796813,6824","5832277,496","13,37944472","52,55943565",,,5627.0
216225,11,7,7200308.0,2021,9,14,3,2,5,2,0,0,1,0,1,0,0,0,"795008,7359","5823310,32","13,34494398","52,48003247",,,4067.0
216224,11,4,4400727.0,2021,9,13,3,3,2,6,0,0,1,0,0,1,0,1,"791276,3487","5823347,608","13,29017372","52,48237039",,,3666.0
216223,11,5,5200629.0,2021,8,8,3,3,0,1,0,0,1,0,1,0,0,0,"784787,0883","5828757,317","13,19950462","52,53429738",,,3368.0
216222,11,5,5300839.0,2021,9,20,6,3,1,5,1,1,1,0,0,0,0,0,"789106,0197","5829729,792","13,26384797","52,54074203",,,3756.0
216221,11,7,7200413.0,2021,9,18,4,3,3,6,0,1,1,0,0,0,0,0,"796035,1332","5823592,755","13,36026426","52,48200883",,,5062.0
216220,11,2,2100106.0,2021,8,23,6,3,2,6,2,0,1,0,1,0,0,0,"799957,3886","5825463,399","13,419533","52,49663592",,,7635.0
216219,11,3,3400830.0,2021,9,18,2,3,0,7,0,1,0,0,0,0,0,0,"799589,1986","5833109,215","13,4210161","52,56537076",,,7328.0
216218,11,4,4200308.0,2021,9,14,7,3,5,3,0,0,1,0,0,0,0,1,"790572,6423","5827337,306","13,2833216","52,51851328",,,3633.0
216217,11,3,3300516.0,2021,8,20,3,2,0,4,1,1,0,1,0,0,0,0,"800760,6959","5833324,147","13,43844237","52,56665132",,,2754.0
216216,11,4,4501042.0,2021,9,19,5,3,4,2,1,1,0,0,1,0,0,0,"793940,1997","5826070,528","13,33169048","52,50535259",,,3047.0
216215,11,12,12400723.0,2021,9,16,6,3,6,4,0,0,1,1,0,0,0,0,"791402,8457","5839489,614","13,3062012","52,62701259",,,457.0
216214,11,2,2200210.0,2021,10,10,6,3,5,3,0,0,1,0,0,0,0,0,"798634,8948","5825135,968","13,39981658","52,49442618",,,1260.0
216213,11,11,11300723.0,2021,9,7,3,2,6,4,0,0,1,1,0,0,0,0,"804997,0187","5828428,797","13,49625698","52,52042048",,,4025.0
216212,11,2,2300316.0,2021,9,9,4,3,5,3,0,1,1,0,0,0,0,0,"801132,5899","5826287,746","13,43753732","52,50337759",,,4547.0
216211,11,6,6400842.0,2021,9,11,3,3,5,7,0,0,1,0,0,0,1,1,"790127,445","5819663,95","13,27010004","52,44995715",,,3147.0
216210,11,3,3200308.0,2021,8,7,5,3,5,3,0,1,1,0,0,0,0,1,"799695,4417","5837328,577","13,42639461","52,60313147",,,5727.0
216209,11,10,10200629.0,2021,8,18,3,3,3,6,0,1,0,0,0,0,1,0,"810635,2473","5829345,17","13,57994549","52,52545017",,,5040.0
216208,11,9,9100407.0,2021,9,18,6,3,3,6,1,0,1,0,1,0,0,0,"805627,8614","5821654,484","13,49931284","52,45935293",,,4850.0
216207,11,9,9501736.0,2021,9,16,3,3,5,3,0,1,1,0,0,0,0,0,"813361,8117","5821568,062","13,61269165","52,45419925",,,5048.0
216206,11,12,12200412.0,2021,8,12,1,3,5,2,0,0,1,0,0,0,0,1,"791168,2241","5834029,154","13,29794167","52,57818701",,,4332.0
216205,11,7,7501134.0,2021,9,14,3,2,0,1,0,0,0,0,1,0,0,0,"798774,05","5819086,222","13,39644331","52,44012172",,,4745.0
216204,11,6,6300634.0,2021,9,16,3,3,2,6,0,0,1,0,0,0,0,0,"792392,2281","5818456,409","13,30227478","52,43792503",,,5826.0
216203,11,3,3601140.0,2021,8,17,2,2,3,6,0,1,0,0,0,0,0,0,"798280,66","5831806,905","13,40059764","52,55441591",,,4362.0
216202,11,6,6100209.0,2021,9,18,6,3,5,2,0,1,1,0,0,0,0,1,"794207,6605","5821448,59","13,33154029","52,46377512",,,3671.0