OBJECTID,LAND,BEZ,LOR_ab_2021,UJAHR,UMONAT,USTUNDE,UWOCHENTAG,UKATEGORIE,UART,UTYP1,ULICHTVERH,IstRad,IstPKW,IstFuss,IstKrad,IstGkfz,IstSonstige,USTRZUSTAND,LINREFX,LINREFY,XGCSWGS84,YGCSWGS84,LOR,STRASSE,quadrant
215298,11,10,10200630.0,2021,8,19,1,3,5,3,2,0,1,0,0,0,0,1,"811776,1478","5829322,219","13,59668647","52,52459333",,,6053.0
215297,11,8,8100417.0,2021,9,8,3,3,5,2,0,1,1,0,0,0,0,0,"802489,755","5823165,467","13,45463718","52,47464192",,,1660.0
215296,11,3,3400721.0,2021,9,18,2,3,1,5,1,1,1,0,0,0,0,0,"798026,0671","5833398,159","13,39828275","52,56881866",,,7749.0
215295,11,11,11501238.0,2021,8,5,2,3,2,6,1,0,1,0,0,0,0,1,"804071,7518","5825992,036","13,48043609","52,49909733",,,3963.0
215294,11,1,1200628.0,2021,9,12,6,2,5,2,0,1,1,0,0,0,0,0,"795704,2147","5828178,002","13,35947746","52,5232911",,,2621.0
215293,11,5,5200631.0,2021,9,15,7,3,5,3,0,0,1,0,1,0,0,1,"785065,487","5827598,676","13,20260442","52,52376352",,,3977.0
215292,11,2,2200210.0,2021,9,2,5,2,0,7,2,1,0,0,0,0,0,1,"798583,7839","5825147,584","13,39907638","52,49455826",,,5238.0
215291,11,4,4501042.0,2021,8,20,1,3,6,2,2,0,1,1,0,0,0,1,"794487,3023","5825868,481","13,33954912","52,50324634",,,3250.0
215290,11,9,9100407.0,2021,10,12,6,2,6,4,0,0,1,1,0,0,0,0,"805798,5601","5819535,418","13,49987743","52,44026528",,,6523.0
215289,11,1,1401045.0,2021,8,3,1,3,9,1,2,0,1,0,0,0,0,1,"796828,2094","5831551,426","13,37900911","52,55291936",,,2856.0
215288,11,9,9300920.0,2021,9,16,2,3,5,2,0,1,1,0,0,0,0,0,"807697,6704","5817815,323","13,52614594","52,42378425",,,4363.0
215287,11,7,7601339.0,2021,9,21,1,2,1,5,2,0,1,0,0,0,1,0,"795598,3628","5815077,377","13,3463179","52,40591057",,,4761.0
215286,11,5,5200629.0,2021,8,17,3,2,6,4,0,0,0,1,0,0,1,0,"784678,3333","5828526,003","13,19770746","52,53228023",,,5069.0
215285,11,4,4501149.0,2021,9,10,6,3,5,2,0,1,1,0,0,0,0,0,"793483,0773","5824039,788","13,32318568","52,48739394",,,4954.0
215284,11,3,3200310.0,2021,9,6,5,3,6,4,1,0,1,1,0,0,0,0,"799904,332","5838067,948","13,43013981","52,60964338",,,1358.0
215283,11,5,5100211.0,2021,9,17,3,3,5,2,0,1,1,0,0,0,0,0,"781904,4675","5829560,757","13,15780108","52,5430001",,,1555.0
215282,11,8,8100311.0,2021,9,16,3,3,6,4,0,0,0,1,0,0,1,0,"800972,7531","5824759,62","13,43380891","52,48976879",,,4848.0
215281,11,9,9100101.0,2021,9,10,4,3,6,4,0,0,1,1,0,0,0,1,"802261,4509","5824838,949","13,45280329","52,48976783",,,2450.0
215280,11,8,8100520.0,2021,8,17,2,3,5,3,0,1,1,0,0,0,0,0,"803151,4103","5822964,606","13,46416645","52,47247479",,,3268.0
215279,11,7,7501029.0,2021,9,10,6,2,1,5,0,0,1,0,0,0,0,0,"797629,8584","5819185,832","13,37974882","52,44163853",,,4768.0
215278,11,2,2200213.0,2021,9,16,3,3,5,2,0,0,1,0,0,0,1,0,"799760,4121","5824819,42","13,41606073","52,49097185",,,2325.0
215277,11,1,1300835.0,2021,9,6,3,3,0,2,0,1,1,0,0,0,0,0,"797764,0978","5829743,991","13,3911517","52,53620723",,,4945.0
215276,11,6,6200313.0,2021,9,14,6,2,5,3,0,1,1,0,0,0,0,1,"794984,656","5818414,391","13,34026451","52,43615629",,,3324.0
215275,11,3,3601245.0,2021,9,13,4,2,3,6,0,0,1,0,1,0,0,0,"800216,8195","5830935,281","13,42828173","52,54553956",,,4870.0
215274,11,4,4501042.0,2021,9,11,5,3,6,7,0,0,1,1,0,0,0,0,"794195,9075","5825938,178","13,33533009","52,50402833",,,3961.0
215273,11,8,8100521.0,2021,9,20,7,3,6,2,2,0,1,1,0,0,0,0,"803391,7194","5822545,73","13,46731262","52,46858704",,,4365.0
215272,11,9,9501939.0,2021,8,15,7,3,0,6,0,0,1,0,0,0,1,0,"811010,4491","5821788,324","13,57840514","52,45751601",,,3848.0
215271,11,4,4501043.0,2021,9,16,5,3,5,2,0,1,1,0,0,0,0,0,"792588,358","5824842,484","13,31075136","52,49507015",,,4033.0
215270,11,7,7100102.0,2021,9,23,5,3,1,5,2,1,1,0,0,0,0,0,"795288,529","5825172,99","13,35070236","52,49657876",,,4755.0
215269,11,8,8300935.0,2021,9,7,4,3,0,2,0,1,1,0,0,0,0,0,"802306,8278","5817840,181","13,44713225","52,42701187",,,5665.0
215268,11,6,6200420.0,2021,9,13,4,3,1,5,0,0,1,0,0,0,0,1,"792605,5765","5815627,845","13,30293005","52,41245306",,,3253.0
215267,11,5,5200423.0,2021,8,7,6,3,6,2,0,0,1,1,0,0,0,1,"780870,5496","5828313,119","13,14154062","52,53234699",,,1252.0
215266,11,1,1100205.0,2021,8,12,3,3,7,7,0,0,0,0,1,0,0,0,"796977,836","5827282,26","13,377395","52,51456955",,,2953.0
215265,11,4,4300623.0,2021,9,21,6,2,4,6,2,1,0,0,0,0,1,0,"792432,5249","5826118,347","13,30958289","52,50659147",,,5662.0
215264,11,11,11400929.0,2021,9,19,4,3,6,4,2,0,1,1,0,0,0,0,"804783,925","5826427,79","13,49129363","52,50260554",,,3454.0
215263,11,6,6300634.0,2021,9,21,3,3,5,2,2,0,1,0,1,0,0,0,"792937,9441","5817752,375","13,30966292","52,43132145",,,5566.0
215262,11,3,3601346.0,2021,9,17,7,3,0,5,0,0,0,1,0,0,1,1,"799403,9362","5831080,196","13,41646088","52,54728581",,,3060.0
215261,11,1,1401045.0,2021,9,13,5,3,6,7,0,1,0,1,0,0,0,0,"796879,124","5831554,601","13,37976069","52,55292007",,,3944.0
215260,11,1,1200520.0,2021,9,17,2,3,2,6,0,0,1,0,0,0,0,0,"794233,6681","5828442,068","13,33809898","52,52645384",,,6929.0
215259,11,4,4300413.0,2021,9,3,1,3,0,1,2,0,0,0,0,0,1,0,"791345,8129","5826903,329","13,29430412","52,51421019",,,5155.0
215258,11,5,5100211.0,2021,8,7,2,3,0,1,0,0,0,0,1,0,0,1,"783295,7738","5829227,032","13,17797768","52,53928619",,,3958.0
215257,11,1,1100310.0,2021,9,9,5,3,2,6,0,0,1,0,0,0,1,0,"799582,0631","5828733,929","13,4169648","52,52615736",,,4352.0
215256,11,4,4300622.0,2021,9,9,6,3,6,4,0,1,0,1,0,0,0,0,"793493,6309","5826491,772","13,32550135","52,50936927",,,3869.0
215255,11,1,1100103.0,2021,9,17,4,3,2,7,0,0,0,0,0,0,1,1,"795439,2953","5825809,221","13,35348114","52,5022005",,,6024.0
215254,11,6,6400840.0,2021,9,12,5,2,6,7,0,1,1,1,0,0,0,0,"789273,6321","5819768,781","13,25766214","52,45134948",,,4360.0
215253,11,5,5300735.0,2021,8,19,6,3,5,2,0,0,1,0,0,0,0,0,"786567,827","5830553,815","13,22723591","52,54947077",,,1055.0
215252,11,6,6200313.0,2021,8,16,4,2,4,6,0,1,0,0,0,0,1,0,"795325,9907","5818490,934","13,3453387","52,43665826",,,4858.0
215251,11,11,11300617.0,2021,9,15,1,3,3,6,0,0,1,0,0,0,1,0,"803204,8563","5829587,923","13,47098152","52,53180889",,,3345.0
215250,11,9,8100521.0,2021,9,14,5,3,5,3,0,1,1,0,0,0,0,0,"804107,2908","5821880,153","13,47720769","52,46222378",,,6341.0
215249,11,3,3500932.0,2021,9,10,4,3,2,6,0,0,1,0,0,0,0,0,"801427,161","5833148,514","13,4480859","52,56470853",,,5352.0
215248,11,6,6200421.0,2021,9,20,2,3,5,2,1,1,0,0,0,0,1,0,"793462,3502","5817168,214","13,31684156","52,42580352",,,4969.0
215247,11,3,3500934.0,2021,9,14,3,3,2,2,0,0,1,0,0,0,0,0,"801153,7498","5831608,631","13,44266724","52,55105777",,,4251.0
215246,11,8,8401242.0,2021,9,14,3,3,5,3,0,0,1,0,1,0,0,1,"805040,752","5817542,549","13,48694538","52,42282699",,,5330.0
215245,11,7,7300517.0,2021,8,8,3,3,2,6,0,0,1,0,0,0,0,0,"793934,3499","5822611,856","13,32855372","52,4743504",,,4848.0
215244,11,11,11300620.0,2021,9,15,6,2,5,2,0,1,0,0,0,1,0,1,"803521,8757","5829743,09","13,4757824","52,53302318",,,4645.0
215243,11,4,4300619.0,2021,9,0,4,3,1,7,2,0,1,0,0,0,0,0,"792696,3267","5827077,456","13,31430206","52,51504812",,,4872.0
215242,11,3,3601140.0,2021,8,19,2,2,8,1,2,0,1,0,0,0,0,1,"798512,5354","5831485,584","13,40371866","52,5514087",,,2651.0
215241,11,12,12200515.0,2021,8,11,6,3,5,3,0,1,0,0,0,0,1,1,"790428,0431","5835178,609","13,28805651","52,58888729",,,3550.0
215240,11,2,2100104.0,2021,9,13,2,3,5,2,0,1,1,0,0,0,0,0,"799334,6625","5826190,594","13,41104101","52,50349606",,,1556.0
215239,11,10,10300733.0,2021,9,13,7,3,2,6,0,0,1,0,0,0,0,0,"809522,3368","5827546,383","13,56192017","52,50996299",,,3434.0
215238,11,7,7400823.0,2021,9,16,5,3,5,3,0,0,1,0,0,0,0,0,"797015,7715","5820706,469","13,37209294","52,45560354",,,3046.0
215237,11,1,1200624.0,2021,9,20,6,3,5,2,2,1,1,0,0,0,0,0,"795668,661","5829732,691","13,36033767","52,53724679",,,6629.0
215236,11,10,10200418.0,2021,9,18,3,2,5,2,0,0,1,0,1,0,0,0,"811141,445","5830926,595","13,58886296","52,53933319",,,3033.0
215235,11,2,2500830.0,2021,9,12,4,3,1,5,0,1,1,0,0,0,0,0,"802652,5246","5827370,627","13,46084627","52,51224246",,,4654.0
215234,11,5,5400942.0,2021,9,19,3,3,0,1,1,1,0,0,0,0,0,0,"783975,2896","5823289,07","13,18290274","52,48569168",,,2162.0
215233,11,1,1300835.0,2021,8,12,5,2,5,3,0,0,1,0,1,0,0,0,"797531,6258","5829418,038","13,38744255","52,53341242",,,7050.0
215232,11,3,3601245.0,2021,8,14,3,3,3,6,0,0,1,0,0,1,0,0,"800317,9363","5831581,561","13,43035283","52,55127659",,,4573.0
215231,11,8,8401139.0,2021,9,18,6,3,5,3,0,1,1,0,0,0,0,0,"803027,9492","5819382,278","13,45910324","52,44043489",,,7835.0
215230,11,12,12200414.0,2021,9,19,4,3,5,2,2,0,1,0,0,0,0,0,"791935,0096","5831497,212","13,30699723","52,55507817",,,4559.0
215229,11,6,6100204.0,2021,9,7,3,3,1,5,0,1,1,0,0,0,0,0,"795433,6171","5820410,809","13,34861498","52,45381062",,,5139.0
215228,11,1,1100103.0,2021,9,0,1,3,2,6,2,1,1,0,0,0,0,1,"795783,361","5825692,474","13,35843153","52,50096756",,,5555.0
215227,11,8,8100419.0,2021,9,16,4,3,2,2,0,0,1,0,1,0,0,0,"802408,2056","5824035,878","13,45422953","52,48248861",,,5144.0
215226,11,2,2200208.0,2021,9,13,1,3,5,2,0,1,1,0,0,0,0,0,"797938,672","5825259,618","13,38970239","52,49591504",,,3754.0
215225,11,6,6300527.0,2021,8,11,7,3,5,3,0,1,1,0,0,0,0,0,"790859,0538","5818559,233","13,27987357","52,43966441",,,3346.0
215224,11,12,12400720.0,2021,9,13,5,3,2,6,0,0,1,0,0,0,0,0,"789534,0192","5839712,947","13,27886433","52,63001409",,,1165.0
215223,11,3,3701658.0,2021,8,13,6,3,5,2,0,1,1,0,0,0,0,0,"800223,2243","5829890,634","13,42743193","52,53617257",,,7349.0
215222,11,6,6400843.0,2021,9,11,2,2,5,2,0,1,1,0,0,0,0,0,"791865,8446","5819886,211","13,2958022","52,45102438",,,7048.0
215221,11,8,8100419.0,2021,9,21,1,3,5,3,2,0,1,0,0,0,0,0,"802288,5521","5823895,133","13,45234529","52,48129335",,,5046.0
215220,11,2,2200209.0,2021,8,18,3,3,3,6,0,0,1,0,1,0,0,0,"797644,4409","5824022,699","13,38427626","52,484988",,,2751.0
215219,11,10,10100312.0,2021,9,17,5,3,0,1,0,1,0,0,0,0,0,0,"808290,6751","5829242,103","13,54540069","52,52585725",,,5035.0
215218,11,7,7200411.0,2021,9,16,6,3,5,2,0,1,1,0,0,0,0,0,"795987,906","5824524,272","13,36039807","52,49038472",,,2559.0
215217,11,6,6300631.0,2021,10,11,6,2,2,6,0,0,1,0,0,0,0,0,"792409,9457","5816538,525","13,30085769","52,42072182",,,5430.0
215216,11,1,1100308.0,2021,9,10,3,3,6,4,0,0,1,1,0,0,0,0,"796758,6936","5829659,101","13,37629621","52,53599467",,,2876.0
215215,11,1,1100309.0,2021,9,11,4,3,5,3,0,1,1,0,0,0,0,0,"797943,2785","5828779,813","13,39292146","52,5274667",,,4343.0
215214,11,11,11400928.0,2021,9,7,3,3,2,6,0,0,1,0,0,0,0,0,"804471,3881","5826361,116","13,48664247","52,50218244",,,3467.0
215213,11,8,8200623.0,2021,8,10,5,3,3,6,0,0,0,0,1,0,1,0,"802236,0988","5820665,536","13,44865011","52,45237514",,,5529.0
215212,11,1,1100207.0,2021,8,19,3,3,5,3,1,1,1,0,0,0,0,0,"798483,274","5826666,508","13,39896173","52,5082284",,,5658.0
215211,11,10,10100311.0,2021,9,18,6,3,5,2,0,1,1,0,0,0,0,0,"806569,3767","5829131,269","13,52000596","52,52583451",,,3855.0
215210,11,8,8100417.0,2021,9,12,3,3,5,7,0,0,1,0,1,0,0,0,"802579,9269","5823082,983","13,45588592","52,47385267",,,5856.0
215209,11,11,11300618.0,2021,9,16,3,3,6,2,0,0,1,1,0,0,0,0,"802434,0196","5828906,212","13,45903231","52,526127",,,4955.0
215208,11,1,1200623.0,2021,9,21,7,3,6,7,2,0,1,1,0,0,0,0,"795524,2898","5829510,73","13,35801789","52,53533541",,,3253.0
215207,11,5,5300736.0,2021,9,14,4,3,5,2,0,0,1,0,0,0,0,0,"786753,3995","5829276,351","13,22886241","52,53791985",,,5428.0
215206,11,1,2400623.0,2021,9,23,5,2,5,3,2,1,1,0,0,0,0,0,"800274,8756","5827632,203","13,42615181","52,51590111",,,4452.0
215205,11,8,8100521.0,2021,9,11,1,3,3,6,0,0,1,0,1,0,0,0,"803790,5373","5822146,925","13,47280256","52,464791",,,2874.0
215204,11,10,10200629.0,2021,8,13,7,3,5,2,0,1,1,0,0,0,0,0,"810911,9057","5829241,003","13,58391293","52,52435901",,,6057.0
215203,11,3,3400722.0,2021,9,17,5,3,0,3,0,1,1,0,0,0,0,0,"798626,3551","5834002,885","13,40765788","52,57391013",,,4445.0
215202,11,3,3601347.0,2021,9,23,5,3,1,7,2,1,1,0,0,0,0,0,"799547,5541","5830763,452","13,41828686","52,54436777",,,4667.0
215201,11,9,9100304.0,2021,9,10,4,3,5,3,0,1,1,0,0,0,0,0,"804562,6487","5822021,658","13,48401852","52,46323846",,,1163.0
215200,11,1,1100309.0,2021,9,17,4,3,5,2,0,1,1,0,0,0,0,1,"797944,5066","5828783,909","13,39294318","52,52750274",,,4942.0
215199,11,2,2400623.0,2021,8,0,6,2,0,1,2,0,0,0,0,0,1,1,"800498,2246","5827828,209","13,42961039","52,51753496",,,4845.0
215198,11,2,2300419.0,2021,8,16,4,3,5,3,0,0,1,0,0,0,1,0,"801590,7696","5825952,317","13,4439633","52,50011805",,,6655.0
215197,11,2,2500833.0,2021,9,15,7,3,5,7,0,0,1,0,1,0,0,0,"802350,3629","5827092,125","13,45615431","52,50991382",,,4757.0
215196,11,6,6200314.0,2021,9,9,5,3,3,2,0,1,1,0,0,0,0,0,"794563,5597","5817695,544","13,33345463","52,42993908",,,5451.0
215195,11,6,6200421.0,2021,9,13,3,3,2,6,0,0,1,0,0,0,0,0,"793670,9177","5817642,995","13,32031703","52,4299479",,,4047.0
215194,11,9,9200819.0,2021,9,14,1,2,0,6,0,0,1,0,1,0,0,0,"809824,9538","5820019,529","13,55937293","52,44233774",,,7531.0
215193,11,11,11100204.0,2021,9,21,4,2,0,4,2,0,0,1,0,0,1,0,"806479,6842","5833637,508","13,52284599","52,56627042",,,3756.0
215192,11,9,9100202.0,2021,9,14,2,2,5,2,0,0,0,0,1,0,0,0,"803080,8949","5824008,248","13,46407995","52,48186802",,,8931.0
215191,11,1,1100102.0,2021,9,8,2,2,5,3,0,1,0,0,0,1,0,0,"794947,9644","5827265,85","13,34755446","52,51552395",,,1760.0
215190,11,3,3601141.0,2021,8,7,2,3,0,7,0,0,0,1,0,0,1,1,"798973,4371","5831536,181","13,41054166","52,55160944",,,6360.0
215189,11,12,12500824.0,2021,9,7,6,3,1,5,0,0,1,0,0,0,0,0,"791099,3522","5836304,983","13,29892784","52,59862609",,,5127.0
215188,11,1,1100313.0,2021,9,7,6,3,5,3,0,0,1,0,1,0,0,0,"800085,4503","5826454,525","13,42230685","52,50544939",,,3639.0
215187,11,4,4200203.0,2021,9,17,4,3,5,3,0,0,1,0,0,0,0,1,"787712,8124","5826433,164","13,24050922","52,51192355",,,4257.0
215186,11,8,8100417.0,2021,9,19,5,2,5,2,2,0,1,0,1,0,0,0,"802580,7821","5823082,376","13,45589792","52,47384675",,,4856.0
215185,11,5,5100101.0,2021,8,14,7,2,5,2,0,0,1,0,1,0,0,0,"782911,9942","5831541,948","13,17430652","52,56024172",,,4242.0
215184,11,4,4200311.0,2021,8,15,4,3,4,6,0,1,0,0,0,0,1,0,"790275,9597","5826014,598","13,27780769","52,50681307",,,2737.0
215183,11,4,4400728.0,2021,9,23,7,3,8,1,2,0,1,0,0,0,0,0,"790673,554","5823382,015","13,28135219","52,48300007",,,5723.0
215182,11,2,2400623.0,2021,9,16,5,3,5,3,0,1,1,0,0,0,0,0,"800595,108","5827146,449","13,43041803","52,51137076",,,3549.0
215181,11,6,6200317.0,2021,9,10,7,3,2,6,0,0,1,0,0,0,0,0,"796704,4385","5817645,546","13,36480683","52,42833401",,,3868.0
215180,11,7,7100102.0,2021,9,17,4,2,0,7,0,1,0,0,0,0,0,0,"794984,5462","5825698,064","13,34670263","52,50145008",,,3353.0
215179,11,9,9200819.0,2021,9,18,3,3,2,6,0,1,0,0,0,0,1,0,"810365,3919","5820352,879","13,5676082","52,44501868",,,7354.0
215178,11,11,11501238.0,2021,9,15,3,3,5,3,0,1,0,0,1,0,0,0,"803804,8029","5826182,181","13,47668915","52,50095021",,,1076.0
215177,11,2,2100102.0,2021,9,22,2,3,1,5,2,0,1,0,0,0,1,0,"797896,4011","5826211,225","13,38993278","52,50446812",,,3761.0
215176,11,11,11200513.0,2021,8,7,3,3,3,6,1,0,1,0,1,0,0,0,"803691,4804","5830288,456","13,47877345","52,53781664",,,7462.0
215175,11,1,1100101.0,2021,9,15,6,3,6,4,0,0,1,1,0,0,0,1,"794714,5156","5826060,13","13,34305652","52,50484167",,,5549.0
215174,11,11,11300724.0,2021,9,16,4,3,4,6,0,1,0,0,0,0,0,0,"804603,699","5827475,729","13,48960553","52,5120984",,,3128.0
215173,11,3,3601348.0,2021,8,14,2,3,2,6,0,0,1,0,0,0,0,1,"799706,7812","5830520,868","13,42040899","52,54210583",,,3856.0
215172,11,10,10200417.0,2021,8,11,6,3,5,2,0,1,1,0,0,0,0,0,"811301,7778","5831643,282","13,59189092","52,54566404",,,2059.0
215171,11,8,8100313.0,2021,9,12,2,3,1,5,0,1,1,0,0,0,0,0,"801740,0556","5824514,004","13,44485321","52,48714374",,,5132.0
215170,11,2,2100104.0,2021,9,21,7,3,0,3,2,1,1,0,0,0,0,0,"798909,288","5826303,24","13,40489389","52,50473896",,,1450.0
215169,11,5,5200632.0,2021,8,7,3,3,6,7,0,0,0,1,0,0,1,0,"786136,6617","5827825,726","13,21854525","52,52523809",,,3748.0
215168,11,2,2300418.0,2021,9,16,5,2,5,2,0,1,0,0,0,0,0,0,"801086,0597","5824978,972","13,43567086","52,49167242",,,1061.0
215167,11,11,11300721.0,2021,9,14,1,3,1,5,0,1,0,0,0,0,1,0,"804548,5106","5829086,629","13,49026954","52,526567",,,5529.0
215166,11,5,5200420.0,2021,8,6,5,3,5,3,1,0,1,0,0,0,1,0,"783480,5041","5828650,154","13,18020203","52,53401772",,,1359.0
215165,11,6,6100209.0,2021,9,16,4,3,5,2,0,1,1,0,0,0,0,0,"794708,16","5821562,259","13,33898646","52,46452439",,,1154.0
215164,11,10,10200627.0,2021,9,15,6,3,5,2,0,1,1,0,0,0,0,0,"811308,4191","5829845,209","13,59030417","52,52954725",,,1557.0
215163,11,10,10200627.0,2021,9,15,4,3,6,4,0,0,0,1,0,1,0,1,"811372,1091","5830051,609","13,59143332","52,53136047",,,4339.0
215162,11,3,3100102.0,2021,9,11,4,1,0,7,0,1,0,0,0,0,0,1,"804591,6408","5841473,57","13,50228673","52,63755925",,,5961.0
215161,11,7,7501029.0,2021,8,17,5,3,5,3,0,1,0,0,0,1,0,1,"797455,7999","5820330,204","13,37821452","52,45199142",,,4749.0
215160,11,3,3400724.0,2021,8,19,3,2,3,6,0,1,0,0,0,0,1,0,"800022,2182","5834693,528","13,42881873","52,57933285",,,3731.0
215159,11,1,1100104.0,2021,9,16,6,3,6,7,0,1,0,1,0,0,0,0,"796236,6251","5825547,796","13,36496074","52,49942478",,,3248.0
215158,11,8,8100209.0,2021,9,21,5,3,1,5,2,1,1,0,0,0,0,1,"801813,9054","5821962,258","13,44362836","52,46423119",,,4657.0
215157,11,4,4300619.0,2021,9,16,3,2,6,4,0,0,1,1,0,0,0,0,"792521,4518","5827374,907","13,31199389","52,5178085",,,4745.0
215156,11,2,2300315.0,2021,9,18,7,3,3,2,0,0,1,0,1,0,0,1,"800686,1182","5825801,147","13,43054008","52,49926228",,,1347.0
215155,11,12,12200307.0,2021,8,15,3,2,6,4,0,1,0,1,0,0,0,0,"793512,4176","5834012,51","13,3324225","52,57677846",,,1274.0
215154,11,8,8100209.0,2021,9,16,2,3,5,2,0,0,1,0,0,0,1,0,"801345,6528","5822037,203","13,43682438","52,46516139",,,5137.0
215153,11,8,8401244.0,2021,9,18,1,3,5,3,0,0,1,0,0,0,0,0,"805917,4915","5816208,899","13,49857952","52,41038462",,,3048.0
215152,11,1,1100102.0,2021,8,15,1,3,5,7,0,0,1,0,1,0,0,1,"795421,0914","5827463,946","13,35468241","52,51704365",,,3850.0
215151,11,10,10200418.0,2021,9,6,6,3,2,2,0,0,1,0,1,0,0,0,"811133,4644","5830925,106","13,58874428","52,53932441",,,4354.0
215150,11,5,5100103.0,2021,9,14,7,3,1,5,0,0,1,0,0,0,1,0,"785227,1911","5831924,802","13,20869608","52,56246649",,,3349.0
215149,11,12,12200309.0,2021,9,8,5,3,5,7,0,1,1,0,0,0,0,0,"792533,1974","5833079,839","13,31719052","52,56894477",,,3954.0
215148,11,4,4100101.0,2021,9,17,4,3,2,2,0,0,1,0,0,0,0,1,"790179,4974","5829492,004","13,27942445","52,53803964",,,3536.0
215147,11,11,11200411.0,2021,8,15,6,2,0,1,0,0,0,0,1,0,0,1,"805077,2606","5831529,547","13,500282","52,54816581",,,3058.0
215146,11,4,4501041.0,2021,8,17,4,3,1,5,0,0,1,0,0,0,1,0,"793496,551","5825728,438","13,32487129","52,50252474",,,3643.0
215145,11,12,12200309.0,2021,9,12,6,3,2,6,0,0,1,0,0,0,0,0,"792206,0149","5832945,691","13,31225868","52,56791791",,,6835.0
215144,11,7,7300619.0,2021,9,8,5,3,0,1,0,0,0,0,0,0,1,0,"794966,81","5822317,61","13,34345043","52,47115609",,,3350.0
215143,11,2,2200208.0,2021,9,15,6,3,5,2,0,1,1,0,0,0,0,0,"797562,1051","5825158,059","13,38408115","52,49521011",,,5953.0
215142,11,10,10200417.0,2021,9,13,4,3,6,4,0,0,1,1,0,0,0,0,"810941,5846","5831989,389","13,58692039","52,54897129",,,4655.0
215141,11,2,2500835.0,2021,9,8,2,2,2,6,0,0,1,0,0,1,0,0,"803116,359","5826155,384","13,46655378","52,50109288",,,1881.0
215140,11,10,10200417.0,2021,9,12,5,3,5,2,0,1,1,0,0,0,0,0,"811305,0629","5831663,736","13,59195838","52,54584546",,,8156.0
215139,11,8,8200831.0,2021,9,8,3,3,5,3,0,1,1,0,0,0,0,0,"799666,8082","5816422,358","13,40715125","52,41575524",,,5075.0
215138,11,7,7100206.0,2021,9,17,3,3,6,4,0,0,1,1,0,0,0,0,"796730,6153","5824808,591","13,37155807","52,49253016",,,4352.0
215137,11,8,8200623.0,2021,8,19,2,3,5,2,0,0,1,0,0,0,0,0,"801547,1339","5820647,309","13,43852578","52,45259225",,,5249.0
215136,11,6,6400844.0,2021,9,17,6,3,5,2,0,1,1,0,0,0,0,1,"791416,8739","5820644,813","13,28987624","52,45806482",,,5248.0
215135,11,7,7400928.0,2021,9,11,1,3,1,2,0,0,1,0,0,0,1,0,"800234,7647","5821380,262","13,41993039","52,45988445",,,5249.0
215134,11,10,10200629.0,2021,9,14,5,3,5,2,0,1,1,0,0,0,0,0,"810538,8894","5827966,974","13,57724327","52,51315442",,,4948.0
215133,11,9,9200715.0,2021,9,7,5,3,5,2,1,1,1,0,0,0,0,0,"809399,3081","5818451,094","13,55167911","52,42852256",,,2059.0
215132,11,9,9100304.0,2021,8,11,7,3,6,4,0,0,1,1,0,0,0,0,"804910,5583","5822538,694","13,48959605","52,46767845",,,7751.0
215131,11,11,11100205.0,2021,9,15,1,3,6,4,0,0,1,1,0,0,0,0,"806106,1188","5834209,249","13,5178794","52,5716046",,,5244.0
215130,11,1,1300834.0,2021,9,17,1,3,2,6,0,1,1,0,0,0,0,0,"798045,2836","5830043,26","13,39555353","52,53873608",,,4453.0
215129,11,11,11200512.0,2021,9,12,5,3,2,2,0,0,1,0,1,0,0,0,"803161,6642","5830395,952","13,47108379","52,53907508",,,3228.0
215128,11,12,12400722.0,2021,9,8,4,3,5,3,0,0,1,0,0,0,0,0,"790554,1454","5837103,034","13,29160134","52,60607208",,,4447.0
215127,11,1,1100312.0,2021,9,18,4,2,5,3,0,1,1,0,0,0,0,0,"799636,7683","5827052,485","13,4162543","52,51105578",,,2979.0
215126,11,2,2500833.0,2021,8,9,6,3,5,3,0,1,1,0,0,0,0,1,"802478,9677","5827048,911","13,45800423","52,5094552",,,6523.0
215125,11,1,1100310.0,2021,8,22,4,2,6,4,2,0,1,1,0,0,0,1,"799330,2016","5827566,472","13,4122128","52,51583122",,,7249.0
215124,11,1,1100207.0,2021,9,17,7,3,5,2,0,1,1,0,0,0,0,0,"797984,6106","5826882,693","13,39182959","52,51043883",,,7235.0
215123,11,12,12500926.0,2021,9,21,5,3,6,2,2,0,1,1,0,0,0,1,"793531,5483","5835457,421","13,33398379","52,58972083",,,6420.0
215122,11,4,4400834.0,2021,9,7,3,3,5,2,0,1,1,0,0,0,0,0,"792642,762","5823046,236","13,30997322","52,47893806",,,4452.0
215121,11,1,1300834.0,2021,9,9,2,3,2,6,0,0,1,0,0,0,0,0,"797698,0076","5830698,313","13,39103527","52,54479761",,,2634.0
215120,11,5,5300736.0,2021,9,18,4,3,5,2,0,1,1,0,0,0,0,0,"785980,4417","5829215,19","13,21744428","52,53777769",,,4265.0
215119,11,4,4501042.0,2021,9,11,2,3,5,2,0,1,1,0,0,0,1,0,"793987,7892","5826151,75","13,33246134","52,50605507",,,4636.0
215118,11,8,8100415.0,2021,9,17,2,3,2,6,0,0,1,0,1,0,0,0,"801923,7585","5823546,921","13,44667461","52,47837409",,,3047.0