OBJECTID,LAND,BEZ,LOR_ab_2021,UJAHR,UMONAT,USTUNDE,UWOCHENTAG,UKATEGORIE,UART,UTYP1,ULICHTVERH,IstRad,IstPKW,IstFuss,IstKrad,IstGkfz,IstSonstige,USTRZUSTAND,LINREFX,LINREFY,XGCSWGS84,YGCSWGS84,LOR,STRASSE,quadrant
214756,11,12,12100102.0,2021,8,10,7,3,2,7,0,0,1,0,1,0,0,0,"796492,3744","5833299,165","13,3756319","52,5687688",,,4760.0
214755,11,1,1200520.0,2021,7,13,3,2,5,3,0,0,1,0,1,0,0,0,"794347,7034","5828631,398","13,33994265","52,52808951",,,4375.0
214754,11,8,8401243.0,2021,8,8,3,3,1,5,0,0,1,0,0,0,0,0,"806453,5906","5818000,038","13,50807671","52,42613787",,,4055.0
214753,11,9,9200819.0,2021,8,20,1,3,5,3,0,0,1,0,0,0,0,0,"810304,46","5819728,742","13,56613503","52,43945993",,,4329.0
214752,11,9,9401329.0,2021,7,10,6,3,5,3,0,0,1,0,0,0,1,0,"816420,1844","5817596,669","13,65379177","52,41685151",,,6153.0
214751,11,6,6300527.0,2021,7,20,7,3,1,5,0,0,1,0,1,0,0,0,"790861,0291","5818171,543","13,27956518","52,43618764",,,1459.0
214750,11,4,4400728.0,2021,8,13,5,3,5,3,0,0,1,0,0,0,0,0,"790030,6216","5823219,601","13,27176971","52,48188588",,,3665.0
214749,11,8,8200622.0,2021,7,17,5,3,5,7,0,0,1,0,1,0,0,0,"801285,2321","5821453,533","13,43541082","52,4599631",,,5055.0
214748,11,6,6300528.0,2021,8,11,6,3,2,2,0,0,1,0,0,0,0,0,"790157,9492","5815456,087","13,26689623","52,41221606",,,5044.0
214747,11,9,9200510.0,2021,7,15,3,3,5,2,0,1,1,0,0,0,0,0,"806229,3141","5822177,306","13,50861704","52,463702",,,3764.0
214746,11,5,5200630.0,2021,8,13,5,3,5,2,0,1,1,0,0,0,0,0,"783351,623","5827673,65","13,17747471","52,52532918",,,5138.0
214745,11,6,6200313.0,2021,8,13,3,3,5,2,0,0,1,0,1,0,0,1,"795190,949","5818762,052","13,34359737","52,43916158",,,7055.0
214744,11,2,2500833.0,2021,8,19,2,2,0,1,0,1,0,0,0,0,0,1,"802385,0489","5827081,402","13,4566541","52,50979849",,,3645.0
214743,11,7,7100206.0,2021,7,1,5,3,0,1,2,0,0,0,0,0,1,0,"796494,3385","5824318,799","13,36765233","52,48826801",,,2662.0
214742,11,12,12400617.0,2021,8,14,1,3,5,2,0,0,1,0,1,0,0,0,"785040,5175","5836438,763","13,20983219","52,60303556",,,3439.0
214741,11,3,3501037.0,2021,7,9,3,3,5,2,0,0,1,0,0,0,1,0,"802826,021","5832948,798","13,46847816","52,56214228",,,3480.0
214740,11,1,1200628.0,2021,7,15,2,3,0,1,0,1,0,0,0,0,0,0,"796322,2394","5828075,798","13,368469","52,52203943",,,3057.0
214739,11,1,1100308.0,2021,7,11,2,3,2,6,0,1,1,0,0,0,0,0,"797574,1935","5828584,204","13,38732191","52,52591489",,,3032.0
214738,11,9,9200614.0,2021,8,17,6,3,7,7,0,1,0,0,0,0,0,0,"807396,8215","5820682,829","13,52437232","52,44965267",,,3733.0
214737,11,12,12200411.0,2021,8,17,1,2,0,7,0,1,0,0,0,0,0,1,"793044,6888","5832193,79","13,32393309","52,56072668",,,5243.0
214736,11,9,9300920.0,2021,8,15,5,3,5,2,0,0,1,0,0,0,0,0,"807685,7156","5817728,977","13,52589128","52,42301711",,,4264.0
214735,11,4,4300622.0,2021,8,14,3,3,3,6,0,0,1,0,0,0,0,0,"793331,8257","5826657,961","13,32327051","52,51094611",,,5626.0
214734,11,10,10200420.0,2021,7,12,4,2,8,1,0,0,1,0,0,0,1,0,"811398,8818","5830686,479","13,59242151","52,53703441",,,4856.0
214733,11,10,10400940.0,2021,7,11,5,2,5,3,0,0,1,0,1,0,0,0,"811995,8325","5826854,346","13,59760045","52,50235257",,,4674.0
214732,11,8,8100314.0,2021,8,23,3,3,5,3,2,0,1,0,0,0,0,0,"801081,7988","5823993,529","13,43471808","52,48284198",,,3466.0
214731,11,2,2400625.0,2021,8,16,2,3,0,1,0,0,0,0,1,0,0,0,"801266,0743","5827425,264","13,44052745","52,51349968",,,3131.0
214730,11,1,1100313.0,2021,7,22,4,2,5,2,2,1,1,0,0,0,0,0,"799884,1766","5826481,38","13,41937449","52,50580077",,,5340.0
214729,11,8,8401244.0,2021,7,12,6,1,5,2,0,0,0,0,1,0,1,0,"806240,7892","5816372,873","13,50346773","52,4116735",,,4548.0
214728,11,5,5100104.0,2021,7,16,2,3,2,6,0,0,1,0,1,0,0,0,"785196,4927","5831543,843","13,20791701","52,55906695",,,4853.0
214727,11,12,12200412.0,2021,8,23,2,3,1,1,2,0,1,0,0,0,0,0,"791076,9592","5833586,377","13,29620988","52,57426643",,,4446.0
214726,11,1,1300834.0,2021,8,18,7,3,5,3,0,0,1,0,0,0,0,0,"797835,9966","5830459,337","13,39284984","52,5425801",,,1058.0
214725,11,7,7200409.0,2021,8,15,3,2,6,4,0,0,1,1,0,0,0,0,"795160,984","5823907,931","13,34770842","52,48530739",,,3154.0
214724,11,8,8200726.0,2021,8,22,6,2,5,3,2,1,0,0,0,0,1,1,"801403,0868","5820237,134","13,43604229","52,44899516",,,4250.0
214723,11,12,12601032.0,2021,7,11,2,2,2,6,0,0,1,0,1,0,0,0,"792976,2593","5837569,068","13,32767899","52,60894984",,,5958.0
214722,11,2,2200210.0,2021,8,9,6,3,5,3,0,1,1,0,0,0,0,0,"798538,0411","5825351,279","13,39858715","52,49640915",,,3150.0
214721,11,5,5300736.0,2021,8,7,2,3,2,6,0,0,1,0,0,0,0,0,"785457,2455","5829266,716","13,20979546","52,53851399",,,4756.0
214720,11,8,8401246.0,2021,8,9,6,3,5,3,0,0,1,0,1,0,0,0,"807340,167","5816536,62","13,51973062","52,412525",,,6660.0
214719,11,4,4300622.0,2021,7,15,2,3,2,6,0,0,1,0,0,0,0,0,"793834,6215","5826258,087","13,33030499","52,50709083",,,6354.0
214718,11,3,3701554.0,2021,8,19,4,3,5,3,0,0,1,0,0,0,1,0,"798829,8516","5830177,351","13,40720773","52,53950835",,,5134.0
214717,11,8,8401244.0,2021,7,12,4,3,3,2,0,0,1,0,0,0,1,0,"805757,3043","5816789,902","13,49676248","52,41568142",,,4656.0
214716,11,8,8100102.0,2021,7,17,5,3,2,1,0,0,1,0,0,0,1,0,"799917,6958","5823635,933","13,41730546","52,4802773",,,5125.0
214715,11,9,9401432.0,2021,8,11,2,3,0,3,0,1,1,0,0,0,0,0,"812357,3913","5820086,344","13,59657295","52,44149595",,,3749.0
214714,11,9,9200715.0,2021,7,15,2,3,5,2,0,0,1,0,0,0,0,0,"808643,2432","5819165,427","13,54125369","52,43535147",,,3542.0
214713,11,1,1100309.0,2021,8,14,6,3,5,3,0,1,1,0,0,0,0,0,"798252,4922","5829020,169","13,39768158","52,52945209",,,4918.0
214712,11,12,12400722.0,2021,8,19,3,3,5,2,0,0,1,0,0,0,0,0,"790411,071","5839296,422","13,29142034","52,62581181",,,3356.0
214711,11,1,1400937.0,2021,8,18,6,3,3,6,0,1,0,0,0,0,0,0,"792149,0993","5831134,843","13,30982716","52,55171485",,,4748.0
214710,11,6,6400844.0,2021,7,13,5,3,2,6,0,0,1,0,0,0,0,0,"792378,5798","5821172,98","13,30445258","52,46228612",,,4363.0
214709,11,12,12100101.0,2021,7,17,6,3,5,3,0,1,1,0,0,0,0,0,"796683,4053","5833002,302","13,37817668","52,56600369",,,3566.0
214708,11,2,2500833.0,2021,8,9,4,2,5,2,0,1,1,0,0,0,0,0,"802469,1577","5827053,415","13,45786422","52,50950102",,,4864.0
214707,11,2,2100102.0,2021,7,15,4,3,5,2,0,0,1,0,0,0,1,0,"798346,9791","5825558,204","13,39596643","52,49836844",,,5048.0
214706,11,3,3300516.0,2021,7,15,7,3,6,4,0,1,0,1,0,0,0,0,"800475,1117","5832369,901","13,43337752","52,55825595",,,6937.0
214705,11,7,7300516.0,2021,8,14,5,3,6,7,0,0,0,1,0,0,1,0,"793976,1161","5821701,911","13,32836504","52,46617066",,,5627.0
214704,11,12,12200515.0,2021,8,17,3,3,1,5,0,1,1,0,0,0,0,0,"789676,2529","5835211,762","13,27701929","52,58958538",,,3862.0
214703,11,6,6100208.0,2021,8,11,2,3,1,5,0,0,1,0,1,0,0,0,"794393,5577","5820220,85","13,33318607","52,45266889",,,6234.0
214702,11,2,2200213.0,2021,8,16,7,3,5,2,0,1,1,0,0,0,0,0,"799514,9924","5824907,613","13,41253614","52,49189708",,,4455.0
214701,11,6,6100209.0,2021,7,19,3,2,0,1,0,1,0,0,0,0,0,0,"794735,172","5821357,251","13,33920187","52,46267204",,,1456.0
214700,11,2,2200210.0,2021,8,16,3,3,0,1,0,0,0,0,0,0,1,0,"798102,9311","5824829,094","13,39172957","52,49196622",,,1459.0
214699,11,6,6400844.0,2021,8,21,7,3,5,2,2,1,1,0,0,0,0,1,"791444,979","5820645,556","13,29028936","52,45805649",,,3269.0
214698,11,2,2500830.0,2021,7,15,7,3,5,2,0,1,1,0,0,0,0,0,"802145,725","5827550,494","13,45356431","52,51413556",,,1559.0
214697,11,8,8301036.0,2021,7,19,7,2,2,4,1,0,1,1,0,0,0,0,"803860,0374","5817893,873","13,46995447","52,42663276",,,4456.0
214696,11,2,2400522.0,2021,8,9,5,3,5,2,0,1,1,0,0,0,0,0,"801632,1305","5827909,542","13,44634432","52,51763801",,,5249.0
214695,11,2,2100106.0,2021,7,15,5,3,0,7,0,1,0,0,0,0,0,0,"798922,7265","5825587,141","13,4044485","52,49831277",,,4559.0
214694,11,5,5400942.0,2021,8,12,6,3,5,3,0,1,1,0,0,0,0,0,"782489,483","5820626,738","13,15882492","52,46259064",,,3056.0
214693,11,10,10200629.0,2021,8,18,4,3,3,6,0,1,0,0,1,0,0,0,"810808,5758","5828827,65","13,58200854","52,5207137",,,3153.0
214692,11,8,8100206.0,2021,8,18,4,3,5,2,0,1,1,0,0,0,0,0,"800436,4689","5823707,391","13,42498582","52,48063265",,,2063.0
214691,11,6,6100210.0,2021,7,17,7,3,5,2,0,1,0,0,0,0,1,0,"795063,4096","5821308,554","13,34397618","52,46205835",,,3962.0
214690,11,3,3500933.0,2021,8,16,2,3,2,1,0,1,1,0,0,0,0,0,"801620,1672","5831816,38","13,44971409","52,55266176",,,4156.0
214689,11,6,6100209.0,2021,7,18,5,2,3,6,0,1,0,0,0,0,0,0,"794256,4767","5821459,696","13,33226656","52,46384839",,,6442.0
214688,11,3,3400618.0,2021,8,0,1,3,8,1,2,0,1,0,0,0,0,0,"796324,2622","5836460,774","13,37598564","52,59720054",,,5652.0
214687,11,12,12200310.0,2021,7,13,7,3,5,2,0,0,1,0,1,0,0,0,"792318,0421","5833773,429","13,31463645","52,5752781",,,3436.0
214686,11,5,5100206.0,2021,7,12,1,3,5,3,0,1,1,0,0,0,0,0,"781900,4016","5831955,904","13,15977524","52,56447809",,,4950.0
214685,11,1,1100205.0,2021,8,20,6,3,6,4,1,0,0,1,0,0,1,0,"797465,3648","5826813,251","13,38413901","52,51009976",,,5357.0
214684,11,11,11400929.0,2021,8,16,2,3,6,4,0,1,0,1,0,0,0,0,"805121,0662","5826992,037","13,49676221","52,50747419",,,4556.0
214683,11,2,2200209.0,2021,8,14,6,3,5,2,0,1,1,0,0,0,0,0,"797016,7033","5823990,284","13,37503017","52,48503927",,,1557.0
214682,11,12,12601236.0,2021,7,12,2,2,5,3,0,1,1,0,0,0,0,0,"794169,2838","5836201,028","13,34403097","52,59604216",,,7331.0
214681,11,4,4300517.0,2021,8,8,5,3,5,3,0,0,1,0,0,0,0,0,"791910,5598","5828199,156","13,3037399","52,52552505",,,6238.0
214680,11,1,1100205.0,2021,7,11,4,3,5,2,0,1,1,0,0,0,0,0,"796957,709","5826730,693","13,3766071","52,50963631",,,2561.0
214679,11,4,4300619.0,2021,7,15,5,3,1,5,0,1,1,0,0,0,0,0,"792862,8166","5827403,97","13,31703594","52,51788582",,,6151.0
214678,11,1,1100309.0,2021,8,13,4,3,3,6,0,1,1,0,0,0,0,0,"797808,7788","5828429,484","13,39063096","52,52439993",,,3268.0
214677,11,3,3100103.0,2021,8,23,2,2,5,2,2,0,1,0,1,0,0,0,"804450,9924","5840748,543","13,4995467","52,63114025",,,1658.0
214676,11,5,5300736.0,2021,7,14,3,3,3,6,0,0,1,0,0,0,0,0,"785741,6011","5829269,586","13,21397916","52,53839069",,,2952.0
214675,11,12,12400618.0,2021,7,9,3,3,0,2,0,0,0,0,0,0,1,0,"786593,9024","5838640,156","13,23461364","52,62195544",,,5065.0
214674,11,7,7400823.0,2021,8,6,2,3,5,2,0,0,1,0,1,0,0,0,"797273,5778","5822176,321","13,37718495","52,46863916",,,3862.0
214673,11,4,4501040.0,2021,8,14,7,3,5,2,0,0,1,0,1,0,0,0,"792314,8787","5825780,293","13,30755765","52,50362394",,,4050.0
214672,11,4,4300619.0,2021,7,18,2,2,5,3,0,0,1,0,0,0,0,0,"792430,3504","5827178,002","13,31048204","52,51609216",,,1632.0
214671,11,5,5100209.0,2021,8,13,2,2,5,3,0,0,1,0,0,0,1,0,"782817,0023","5830409,292","13,17194393","52,55013538",,,3075.0
214670,11,12,12500928.0,2021,8,10,7,3,2,6,0,0,1,0,0,0,0,0,"792060,2383","5837093,241","13,3137699","52,60517723",,,6962.0
214669,11,12,12200310.0,2021,7,11,5,3,0,2,0,1,1,0,0,0,0,0,"792192,4199","5832949,413","13,31206194","52,56795857",,,2652.0
214668,11,4,4501042.0,2021,7,13,6,2,2,6,0,1,1,0,0,0,0,0,"794148,0592","5825851,471","13,33455058","52,50327685",,,1458.0
214667,11,3,3400830.0,2021,8,7,4,3,1,5,0,1,1,0,0,0,0,0,"799541,3954","5833247,183","13,42043753","52,56663371",,,4446.0
214666,11,2,2400521.0,2021,7,12,4,3,5,3,0,1,0,0,0,0,0,0,"800770,0287","5828490,77","13,43420307","52,52332382",,,5925.0
214665,11,4,4400727.0,2021,8,11,5,3,2,6,0,0,1,0,0,0,0,0,"790956,4464","5823002,247","13,28517485","52,47944476",,,4657.0
214664,11,6,6400841.0,2021,8,12,4,3,5,3,0,1,1,0,0,0,0,0,"790010,4401","5819155,033","13,26794133","52,44545663",,,5327.0
214663,11,7,7400721.0,2021,8,8,3,2,0,7,0,0,0,0,1,0,0,1,"798326,4089","5823948,609","13,39422323","52,48395168",,,7236.0
214662,11,12,12500927.0,2021,8,19,1,2,1,6,1,0,1,0,0,0,0,0,"792686,8444","5835989,498","13,32202058","52,5949458",,,5748.0
214661,11,1,1100207.0,2021,7,14,3,3,5,3,0,0,1,0,0,0,0,0,"798524,8271","5826770,808","13,39966571","52,50914057",,,2748.0
214660,11,9,9501941.0,2021,8,8,3,3,2,2,0,0,1,0,0,0,0,0,"812053,6326",5821204,"13,5931624","52,4516851",,,4338.0
214659,11,1,1300733.0,2021,8,16,1,3,5,3,0,1,0,0,0,0,1,0,"797652,551","5831689,994","13,39125581","52,55371159",,,5143.0
214658,11,1,1300834.0,2021,7,21,6,3,3,6,2,0,0,0,1,0,1,1,"798220,2043","5830068,423","13,39814758","52,53886594",,,4353.0
214657,11,1,1200517.0,2021,7,14,5,2,6,4,0,0,1,1,0,1,0,0,"793520,45","5829273,704","13,32835042","52,53429349",,,2466.0
214656,11,5,5100315.0,2021,8,18,6,2,2,6,0,0,1,0,0,0,0,0,"784200,0359","5830054,64","13,19198285","52,5462357",,,7355.0
214655,11,7,7501029.0,2021,7,14,6,3,5,3,0,0,1,0,0,0,0,0,"797568,25","5818731,722","13,37844079","52,43760141",,,6729.0
214654,11,1,1100207.0,2021,7,19,6,2,5,3,0,0,1,0,0,0,0,0,"797865,6633","5826764,596","13,38997639","52,5094452",,,5724.0
214653,11,5,5300737.0,2021,8,8,5,3,1,7,0,0,1,0,0,0,0,0,"787204,4819","5829405,277","13,2356064","52,5388382",,,5140.0
214652,11,9,9200715.0,2021,7,14,5,3,5,2,0,1,1,0,0,0,0,0,"808983,2062","5818111,209","13,54526465","52,42571165",,,5071.0
214651,11,1,1100207.0,2021,8,13,5,3,5,3,0,1,1,0,0,0,0,0,"798898,209","5827349,037","13,40567026","52,51411913",,,4756.0
214650,11,6,6200421.0,2021,8,18,3,3,2,6,0,0,1,0,0,0,0,0,"793450,3865","5817171,502","13,316669","52,42583941",,,1055.0
214649,11,7,7200411.0,2021,8,16,3,2,5,3,0,0,1,0,1,0,0,1,"795974,3739","5824530,565","13,36020494","52,49044846",,,4854.0
214648,11,8,8100208.0,2021,8,20,1,3,5,3,1,0,1,0,0,0,1,0,"801244,086","5822462,394","13,43571769","52,4690285",,,3856.0
214647,11,4,4500937.0,2021,7,19,4,3,2,6,0,0,1,0,0,0,0,0,"790917,9548","5824785,743","13,28616651","52,4954544",,,756.0
214646,11,5,5100211.0,2021,8,16,3,2,0,7,0,1,1,0,0,0,0,0,"781900,9682","5829548,242","13,157739","52,5428897",,,1258.0
214645,11,1,1100206.0,2021,8,18,7,3,1,5,0,0,1,0,1,0,0,0,"797870,1602","5828174,704","13,39130484","52,52208262",,,6359.0
214644,11,5,5200423.0,2021,7,12,6,3,5,7,0,0,1,0,0,0,0,0,"781831,5822","5828436,051","13,1557752","52,53295317",,,4548.0
214643,11,4,4300518.0,2021,8,9,5,3,5,7,0,1,1,0,0,0,0,0,"792671,2954","5827808,767","13,31457762","52,52161751",,,1556.0
214642,11,1,1400937.0,2021,7,10,6,3,5,2,0,0,1,0,0,0,0,0,"793970,2564","5832017,357","13,33739126","52,55864618",,,7456.0
214641,11,4,4300517.0,2021,8,15,5,3,5,2,0,0,1,0,0,0,0,0,"791470,1404","5828283,692","13,29734061","52,52651854",,,3738.0
214640,11,1,1100205.0,2021,8,17,4,3,5,2,0,1,1,0,0,0,0,0,"797050,7992","5826550,944","13,37781432","52,50797437",,,4964.0
214639,11,2,2200213.0,2021,8,18,3,3,5,7,0,1,0,0,0,0,1,0,"800300,1887","5824577,491","13,42376896","52,48850668",,,3649.0
214638,11,1,1401045.0,2021,8,20,2,3,2,6,2,0,1,0,0,1,0,1,"796701,7839","5831920,282","13,37747959","52,55629462",,,7956.0
214637,11,4,4501040.0,2021,7,10,4,2,5,2,0,0,1,0,1,0,0,0,"792713,2066","5825479,109","13,3131446","52,50071038",,,4645.0
214636,11,10,10100311.0,2021,8,12,1,3,0,6,0,0,1,0,1,0,0,0,"806341,2919","5830125,879","13,51757096","52,5348766",,,5258.0
214635,11,2,2500835.0,2021,7,20,7,3,5,2,0,1,1,0,0,0,0,0,"802473,0508","5826374,695","13,45730475","52,50341551",,,2742.0
214634,11,6,6100204.0,2021,8,16,6,3,2,6,0,0,1,0,0,0,0,0,"795424,2798","5820707,819","13,34874075","52,45647818",,,2160.0
214633,11,8,8100415.0,2021,8,9,2,3,1,5,0,1,1,0,0,0,0,0,"801246,3099","5823693,87","13,43686257","52,48006533",,,3451.0
214632,11,4,4300623.0,2021,8,16,6,3,5,3,0,0,1,0,0,0,0,0,"792270,5892","5826005,539","13,30710473","52,50566695",,,4648.0
214631,11,8,8100209.0,2021,7,18,3,3,1,5,0,0,0,0,0,1,1,0,"801431,7695","5822268,008","13,43829666","52,46718265",,,4364.0
214630,11,10,10100315.0,2021,8,18,5,3,2,2,0,0,1,0,1,0,0,0,"809842,9995","5830997,392","13,56984522","52,54070743",,,4558.0
214629,11,11,11300722.0,2021,7,10,4,3,5,2,0,1,0,0,0,1,0,0,"803811,7858","5827754,484","13,47822666","52,51503844",,,1658.0
214628,11,4,4501042.0,2021,7,13,5,3,1,5,0,0,1,0,0,0,0,0,"794303,7172","5825806,498","13,33679746","52,50278975",,,4756.0
214627,11,6,6300528.0,2021,8,19,4,3,8,1,1,0,1,0,0,0,0,0,"790516,8093","5815559,318","13,2722471","52,41295123",,,2432.0
214626,11,2,2100104.0,2021,8,8,3,3,2,6,0,0,1,0,0,0,0,0,"799283,4469","5825964,919","13,41008589","52,50150131",,,3830.0
214625,11,5,5100208.0,2021,7,11,4,3,5,2,0,0,1,0,0,0,0,0,"782367,0195","5830503,443","13,16540521","52,55121303",,,5240.0
214624,11,6,6400737.0,2021,8,7,4,3,5,3,0,1,0,0,0,0,0,0,"784241,8703","5815910,034","13,1805373","52,41939041",,,4965.0
214623,11,3,3400828.0,2021,7,8,2,3,5,2,0,1,1,0,0,0,0,0,"799722,881","5832510,41","13,42244157","52,55992991",,,3551.0
214622,11,2,2100103.0,2021,8,21,2,3,5,3,2,0,1,0,0,0,0,1,"798549,3843","5826264,219","13,39957216","52,50458624",,,4658.0
214621,11,2,2300314.0,2021,8,2,7,3,0,1,2,0,0,0,1,0,0,0,"799955,3867","5826087,372","13,42006557","52,50222997",,,7032.0
214620,11,1,1100313.0,2021,7,21,3,3,0,2,2,1,1,0,0,0,0,0,"800472,6856","5826682,945","13,42820112","52,50728368",,,3362.0
214619,11,7,7601544.0,2021,8,16,3,3,6,4,0,0,1,1,0,0,0,0,"799883,4008","5813190,846","13,40743345","52,38667027",,,3849.0
214618,11,3,3400620.0,2021,8,14,7,3,0,7,0,0,1,0,0,0,0,0,"797727,776","5833788,402","13,39424496","52,57247988",,,3863.0
214617,11,12,12601235.0,2021,7,18,5,3,1,5,0,0,1,0,1,0,0,1,"794659,9501","5836273,579","13,35131855","52,59642687",,,2751.0
214616,11,7,7501135.0,2021,7,15,6,3,1,7,0,0,1,0,0,0,0,0,"798651,9687","5816979,958","13,3927715","52,42130816",,,2160.0
214615,11,6,6400844.0,2021,8,8,4,2,5,2,0,1,1,0,0,0,0,0,"791835,2215","5821376,206","13,29665531","52,46439849",,,5356.0
214614,11,8,8100103.0,2021,7,20,5,2,5,7,0,0,1,0,1,0,0,0,"800682,607","5822960,961","13,42792631","52,47380666",,,4234.0
214613,11,1,1100102.0,2021,8,11,5,3,1,6,0,1,1,0,0,0,0,0,"796111,109","5826639,456","13,364088","52,50927865",,,3745.0
214612,11,1,1100309.0,2021,8,13,5,3,5,2,0,1,1,0,0,0,0,0,"798867,767","5828555,395","13,40630682","52,5249491",,,4135.0
214611,11,1,1200517.0,2021,8,12,3,3,2,6,0,0,1,0,0,0,0,1,"793520,6146","5829272,243","13,32835155","52,53428031",,,4547.0
214610,11,1,1100311.0,2021,7,20,7,3,5,2,1,0,1,0,0,0,1,0,"800053,3457","5828509,404","13,4236882","52,5238857",,,3228.0
214609,11,9,9200819.0,2021,8,0,1,2,9,1,2,0,0,0,1,0,0,0,"810476,9524","5820285,15","13,56918142","52,44434839",,,718.0
214608,11,3,3300516.0,2021,7,15,4,3,1,5,0,0,1,0,0,0,1,0,"800278,1392","5832681,426","13,43076259","52,56115686",,,4328.0
214607,11,10,10100311.0,2021,8,13,2,3,2,6,0,0,0,0,1,1,0,0,"806357,2975","5830199,088","13,51787367","52,53552371",,,3674.0
214606,11,11,11200411.0,2021,7,14,7,3,5,3,0,0,1,0,0,0,1,0,"805621,2581","5831683,431","13,5084213","52,54924006",,,2454.0
214605,11,1,1100205.0,2021,7,18,5,2,5,2,1,0,1,0,1,0,0,0,"797300,228","5827233,905","13,38208869","52,51396047",,,3634.0
214604,11,12,12200515.0,2021,8,7,6,3,0,7,0,1,0,0,0,0,0,0,"790609,8927","5834443,477","13,29008853","52,58219982",,,4555.0
214603,11,1,1300834.0,2021,8,11,2,3,0,3,0,0,1,0,1,0,0,0,"797832,7177","5830453,039","13,39279598","52,54252543",,,4041.0
214602,11,1,1100311.0,2021,8,9,6,3,0,7,0,0,1,0,1,0,0,0,"800058,342","5827408,941","13,42276904","52,5140191",,,4534.0
214601,11,7,7501029.0,2021,8,14,3,3,2,6,0,0,1,0,0,0,0,0,"797755,0079","5819064,478","13,38147647","52,44048259",,,3546.0
214600,11,9,9401534.0,2021,7,9,5,3,2,2,0,0,1,0,0,0,1,0,"811005,0034","5820318,651","13,57695684","52,44434854",,,4651.0
214599,11,3,3601245.0,2021,7,14,5,3,0,7,0,0,0,0,0,0,1,0,"800465,7551","5831498,673","13,43245139","52,55045212",,,4036.0
214598,11,4,4400727.0,2021,8,13,3,2,5,2,0,1,1,0,0,0,0,0,"791122,5998","5823173,218","13,28776378","52,48088897",,,4256.0
214597,11,12,12100102.0,2021,7,13,4,3,0,5,0,0,1,0,0,0,1,0,"796613,3477","5833524,179","13,37761279","52,57071989",,,6656.0
214596,11,2,2100102.0,2021,7,14,7,3,2,6,0,0,1,0,0,0,1,0,"798329,7314","5825557,894","13,39571283","52,49837509",,,4462.0
214595,11,8,8100314.0,2021,8,13,6,3,2,6,0,0,1,0,0,0,0,0,"800666,8152","5824322,328","13,42892209","52,48601778",,,4538.0
214594,11,3,3601243.0,2021,8,20,2,3,0,1,0,1,0,0,0,0,0,0,"799862,895","5831584,993","13,42366483","52,55155803",,,7343.0
214593,11,10,10100208.0,2021,8,13,7,3,5,3,0,1,1,0,0,0,0,0,"809230,8588","5831992,501","13,56177434","52,54997292",,,4146.0
214592,11,4,4200311.0,2021,7,18,3,3,2,7,0,0,1,0,1,0,0,0,"790364,2497","5827256,362","13,28018836","52,5178986",,,3665.0
214591,11,4,4300620.0,2021,8,10,4,3,5,2,0,0,1,0,0,0,0,0,"793410,4781","5827392,602","13,32507392","52,51748954",,,5347.0
214590,11,12,12500825.0,2021,7,17,5,3,5,2,0,1,1,0,0,0,0,1,"792156,3111","5834913,11","13,3132612","52,58558172",,,3339.0
214589,11,4,4501148.0,2021,7,8,6,3,0,2,0,1,1,0,0,0,0,0,"793328,4986","5823397,967","13,32035088","52,48172332",,,4879.0
214588,11,9,9100306.0,2021,8,13,4,3,2,6,0,0,1,0,1,0,0,0,"803836,935","5820977,637","13,47241922","52,45428505",,,4453.0
214587,11,9,9200715.0,2021,8,15,2,3,5,2,0,0,1,0,0,0,0,0,"808469,3995","5819056,425","13,53860396","52,43447265",,,3750.0
214586,11,10,10300734.0,2021,8,12,6,3,5,3,0,1,1,0,0,0,0,0,"809576,8768","5825608,93","13,56092024","52,49256921",,,2846.0
214585,11,5,5300736.0,2021,8,17,4,2,0,3,0,0,1,0,1,0,0,0,"786320,9982","5829463,475","13,22266572","52,53982491",,,4173.0
214584,11,5,5200528.0,2021,8,18,2,3,5,2,0,0,1,0,0,0,0,1,"783895,4082","5826614,63","13,18456466","52,51555093",,,5435.0
214583,11,7,7200413.0,2021,7,16,4,3,0,3,0,1,1,0,0,0,0,0,"795942,8561","5823774,308","13,35907057","52,48368633",,,7835.0
214582,11,4,4300619.0,2021,8,23,1,3,0,1,2,0,0,0,0,0,1,0,"792407,646","5827207,506","13,31017433","52,51636883",,,3756.0
214581,11,4,4300517.0,2021,7,18,7,3,5,2,0,0,1,0,0,0,0,0,"791792,1853","5828226,49","13,302024","52,52583347",,,6444.0
214580,11,8,8200623.0,2021,8,15,6,3,5,2,0,1,1,0,0,0,0,0,"802800,5922","5820810,83","13,45706342","52,45336502",,,4623.0
214579,11,5,5100208.0,2021,8,16,3,2,6,4,0,0,1,1,0,0,0,0,"781278,5792","5830763,763","13,14961525","52,55411039",,,4446.0
214578,11,11,11200512.0,2021,8,6,7,3,5,2,0,0,1,0,0,0,0,0,"802881,4656","5831209,155","13,46770645","52,54651945",,,2553.0
214577,11,12,12500927.0,2021,7,12,2,3,5,3,0,1,0,0,0,0,0,0,"792754,1405","5836274,443","13,32326315","52,59746395",,,4236.0
214576,11,5,5100316.0,2021,8,13,4,3,5,2,0,0,1,0,1,0,0,0,"784843,3103","5829239,898","13,20074491","52,5385948",,,4656.0