OBJECTID,LAND,BEZ,LOR_ab_2021,UJAHR,UMONAT,USTUNDE,UWOCHENTAG,UKATEGORIE,UART,UTYP1,ULICHTVERH,IstRad,IstPKW,IstFuss,IstKrad,IstGkfz,IstSonstige,USTRZUSTAND,LINREFX,LINREFY,XGCSWGS84,YGCSWGS84,LOR,STRASSE,quadrant
214575,11,9,9501939.0,2021,7,5,4,3,0,6,0,0,1,0,0,0,1,1,"811026,5788","5821822,297","13,57867341","52,45781128",,,4160.0
214574,11,5,5100208.0,2021,7,14,5,2,2,2,0,0,1,0,1,0,0,0,"781686,361","5830662,778","13,15552824","52,55299415",,,1748.0
214573,11,10,10100102.0,2021,8,17,4,3,5,3,0,0,1,0,0,0,1,0,"809450,9369","5834611,829","13,56745225","52,57332116",,,2934.0
214572,11,1,1100309.0,2021,8,16,2,3,5,2,0,1,0,0,0,0,1,0,"798680,7464","5828664,115","13,40365602","52,5260261",,,5359.0
214571,11,4,4300412.0,2021,7,20,5,3,1,5,0,1,1,0,0,0,0,0,"791622,9054","5827530,844","13,29892589","52,51968769",,,7461.0
214570,11,4,4500936.0,2021,8,16,4,2,5,3,0,1,1,0,0,0,0,0,"792086,7129","5825777,003","13,30420282","52,50371665",,,5441.0
214569,11,2,2100104.0,2021,8,21,3,3,5,3,2,1,1,0,0,0,0,0,"799284,2209","5826218,753","13,4103254","52,50377613",,,5040.0
214568,11,1,1300836.0,2021,8,14,2,3,5,3,0,1,1,0,0,0,0,0,"796541,0812","5830342,351","13,37370703","52,54223773",,,3429.0
214567,11,1,1100102.0,2021,8,9,7,3,5,3,0,1,1,0,0,0,0,0,"796560,4901","5826867,607","13,37089335","52,51107969",,,1959.0
214566,11,4,4300517.0,2021,7,14,3,3,2,6,0,0,1,0,1,0,0,0,"791702,1456","5827824,303","13,30034779","52,52227611",,,2553.0
214565,11,4,4300412.0,2021,8,10,3,3,5,2,0,1,1,0,0,0,0,0,"791666,0043","5827509,944","13,29954096","52,51947728",,,4048.0
214564,11,8,8100312.0,2021,8,12,1,3,1,5,0,1,1,0,0,0,0,0,"801522,2144","5823981,407","13,44117297","52,48249032",,,4755.0
214563,11,5,5100104.0,2021,7,12,5,3,5,2,0,1,1,0,0,0,0,0,"785669,4179","5831760,654","13,21506089","52,56076293",,,3533.0
214562,11,10,10400938.0,2021,7,20,6,3,2,2,1,0,1,0,0,0,0,0,"813228,1847","5828956,591","13,61767496","52,52048479",,,3556.0
214561,11,12,12100204.0,2021,8,8,5,2,5,3,0,0,1,0,1,0,0,0,"794906,7752","5832890,901","13,35194227","52,56597039",,,6153.0
214560,11,7,7200410.0,2021,7,15,5,3,0,2,0,0,1,0,0,0,1,0,"795715,2343","5824029,317","13,35595459","52,48609561",,,3445.0
214559,11,1,1100309.0,2021,8,17,5,3,1,5,0,1,1,0,0,0,0,0,"798904,9961","5828632,617","13,40692335","52,52562087",,,3071.0
214558,11,2,2400624.0,2021,7,22,7,2,1,5,2,1,1,0,0,0,0,0,"802004,979","5827175,473","13,45115623","52,51085219",,,5450.0
214557,11,5,5100210.0,2021,8,9,5,3,1,5,0,0,1,0,0,0,1,0,"784127,5183","5830399,275","13,19121119","52,54936355",,,4069.0
214556,11,1,1100415.0,2021,8,10,3,3,5,3,0,1,1,0,0,0,0,0,"798296,6679","5829369,914","13,39864469","52,53256291",,,4558.0
214555,11,9,9200717.0,2021,8,12,1,3,2,6,0,1,1,0,0,0,0,0,"809448,3304","5818695,194","13,55262369","52,43068244",,,3149.0
214554,11,6,6300632.0,2021,7,19,4,3,1,5,0,1,1,0,0,0,0,0,"792081,9048","5817140,574","13,29657315","52,42629439",,,6231.0
214553,11,7,7200414.0,2021,8,22,1,3,0,1,2,0,1,0,0,0,0,1,"796533,8227","5823968,698","13,36792065","52,48510824",,,3368.0
214552,11,11,11200410.0,2021,7,0,1,3,6,4,2,0,0,1,0,0,1,0,"805859,2505","5832362,995","13,51254626","52,55519689",,,2283.0
214551,11,7,7501031.0,2021,8,13,5,3,1,7,0,0,1,0,0,0,1,0,"798205,158","5819912,863","13,38883653","52,44784215",,,4951.0
214550,11,12,12100205.0,2021,7,8,2,3,2,6,0,0,1,0,0,0,0,1,"794195,3132","5835426,23","13,34372597","52,58908262",,,5535.0
214549,11,9,9100101.0,2021,8,10,6,3,5,2,0,1,0,0,0,1,0,0,"802360,3822","5825339,234","13,4547099","52,49419712",,,4147.0
214548,11,8,8100311.0,2021,8,11,2,3,5,2,0,0,1,0,0,0,1,0,"800527,3112","5824459,954","13,42699791","52,48732817",,,3666.0
214547,11,5,5300840.0,2021,8,13,6,3,2,6,0,0,1,0,0,0,0,0,"789409,1821","5828668,419","13,26738134","52,5310657",,,2659.0
214546,11,2,2400521.0,2021,7,8,2,2,5,2,0,1,0,0,0,0,1,0,"800484,7835","5828469,214","13,42999194","52,52328788",,,4656.0
214545,11,11,11501238.0,2021,8,16,4,3,2,6,0,0,1,0,1,0,0,0,"803818,2156","5826158,094","13,47686416","52,50072687",,,3882.0
214544,11,2,2400625.0,2021,7,10,4,3,3,6,0,1,0,0,0,0,0,0,"801731,9069","5826196,335","13,44625726","52,50222719",,,5452.0
214543,11,9,9502042.0,2021,7,15,6,3,0,7,0,0,1,0,0,0,0,0,"811341,9464","5821981,044","13,5834479","52,45905434",,,3063.0
214542,11,2,2200209.0,2021,8,23,3,3,6,2,2,0,1,1,0,0,0,0,"797771,93","5824035,095","13,38615926","52,4850296",,,4056.0
214541,11,4,4200308.0,2021,7,22,6,3,5,2,2,0,1,0,0,0,0,0,"790354,7108","5827306,385","13,28009184","52,51835215",,,6437.0
214540,11,4,4501043.0,2021,7,0,2,2,0,1,2,0,0,0,0,0,1,0,"792725,5422","5824764,655","13,31269791","52,49429889",,,4334.0
214539,11,5,5100316.0,2021,8,16,6,2,5,2,0,1,1,0,0,0,0,0,"783781,1294","5829110,653","13,18501545","52,53799017",,,2874.0
214538,11,1,1100310.0,2021,8,7,2,3,1,7,0,1,1,0,0,0,0,0,"799113,2614","5828861,606","13,41019002","52,52755919",,,4558.0
214537,11,2,2100106.0,2021,8,23,6,3,5,7,2,0,1,0,0,0,0,1,"798589,104","5825565,765","13,39952936","52,4983038",,,3566.0
214536,11,4,4200311.0,2021,7,22,5,2,5,2,2,0,1,0,0,0,0,0,"790449,35","5825976,206","13,28032171","52,5063766",,,5072.0
214535,11,1,1100416.0,2021,7,11,6,3,5,3,0,1,1,0,0,0,0,0,"798528,2501","5830051,652","13,402661","52,53854694",,,7660.0
214534,11,1,1100310.0,2021,8,9,3,3,0,3,0,1,0,0,0,0,0,0,"799097,8864","5828925,685","13,4100217","52,528142",,,3370.0
214533,11,4,4300622.0,2021,8,16,3,3,5,3,0,0,1,0,0,0,0,0,"793900,9527","5826241,139","13,33126453","52,50690318",,,2127.0
214532,11,8,8100105.0,2021,7,13,5,2,5,3,0,1,1,0,0,0,0,0,"801173,8241","5821800,452","13,43408906","52,46313405",,,4553.0
214531,11,10,10200627.0,2021,8,15,5,3,5,3,0,1,1,0,0,0,0,0,"811307,1471","5829839,997","13,5902806","52,52950126",,,3634.0
214530,11,3,3601452.0,2021,8,11,4,2,5,2,0,0,1,0,0,0,0,0,"801602,3657","5829351,909","13,44721505","52,53058251",,,3649.0
214529,11,10,10400940.0,2021,8,13,2,3,6,4,0,0,1,1,0,0,0,0,"813075,6572","5826560,434","13,61318062","52,49910038",,,5065.0
214528,11,10,10100311.0,2021,8,11,7,3,5,2,0,1,1,0,0,0,0,0,"806351,5754","5830182,35","13,51777415","52,53537692",,,3445.0
214527,11,3,3601142.0,2021,7,18,4,3,5,2,0,1,1,0,0,0,0,0,"799170,5119","5830744,165","13,41272611","52,54440205",,,2759.0
214526,11,6,6300634.0,2021,8,11,3,3,3,6,0,1,1,0,0,0,0,0,"792925,3759","5817732,448","13,30946113","52,43114954",,,4941.0
214525,11,1,1200625.0,2021,8,14,7,3,5,2,0,0,1,0,0,0,0,0,"794717,4491","5828443,15","13,3452104","52,52620224",,,3242.0
214524,11,9,9100408.0,2021,7,11,6,3,5,2,0,0,1,0,1,0,0,0,"806744,3525","5820291,485","13,51444213","52,44651178",,,1058.0
214523,11,3,3601450.0,2021,7,5,7,3,0,1,1,0,1,0,0,0,0,0,"802387,3813","5829247,76","13,45865756","52,52921413",,,1557.0
214522,11,1,1100308.0,2021,8,8,4,3,1,5,0,1,1,0,0,0,0,0,"797553,8366","5828698,749","13,38712523","52,52695276",,,5738.0
214521,11,4,4300622.0,2021,7,15,5,3,3,6,0,0,1,0,0,0,0,0,"793414,5141","5826573,041","13,32441058","52,51014036",,,1154.0
214520,11,6,6100102.0,2021,8,11,5,3,2,6,0,0,1,0,1,0,0,0,"793771,2505","5821123,669","13,32484905","52,46109713",,,4455.0
214519,11,7,7200307.0,2021,8,12,5,3,5,2,0,0,1,0,0,0,0,0,"794947,35","5824323,662","13,34493935","52,48914959",,,5452.0
214518,11,12,12400617.0,2021,8,11,4,3,1,5,0,1,1,0,0,0,0,0,"785873,0017","5838582,631","13,22394365","52,62181951",,,6456.0
214517,11,12,12200412.0,2021,7,18,4,3,0,6,0,0,1,0,0,0,1,0,"791208,3911","5834071,657","13,2985701","52,57854655",,,3057.0
214516,11,1,1100415.0,2021,7,18,7,3,4,6,0,1,0,0,0,0,1,0,"797383,1888","5829151,575","13,38502226","52,53110491",,,5781.0
214515,11,3,3300516.0,2021,8,15,4,3,5,3,0,1,1,0,0,0,0,0,"801165,8157","5833191,795","13,44428119","52,56524109",,,4734.0
214514,11,9,9501737.0,2021,8,8,4,2,6,4,0,0,1,1,0,0,0,0,"814172,9906","5821924,747","13,6249256","52,45692989",,,4047.0
214513,11,4,4300414.0,2021,8,13,2,3,1,5,0,0,1,0,0,0,1,0,"791685,104","5827419,632","13,29974246","52,51865742",,,4153.0
214512,11,11,11401135.0,2021,8,16,7,3,2,6,0,0,1,0,1,0,0,0,"806002,1635","5825512,15","13,50834413","52,49371746",,,4454.0
214511,11,1,1300733.0,2021,7,15,3,3,2,6,0,1,1,0,0,0,0,0,"797396,9831","5831239,294","13,38709376","52,54981124",,,1558.0
214510,11,10,10100312.0,2021,8,11,3,2,0,7,0,0,1,0,0,0,0,0,"807681,8508","5830166,332","13,53731021","52,53448405",,,6628.0
214509,11,5,5100208.0,2021,7,8,3,3,0,7,0,0,1,0,0,0,1,0,"781533,3063","5830266,837","13,15294104","52,54952308",,,4757.0
214508,11,5,5200528.0,2021,8,14,1,3,6,7,0,1,0,1,0,0,0,0,"782638,962","5826825,329","13,16627721","52,51809275",,,4025.0
214507,11,4,4501040.0,2021,7,15,7,3,5,2,0,0,1,0,1,0,0,0,"792418,6555","5825410,99","13,3087579","52,50025763",,,4386.0
214506,11,2,2500830.0,2021,7,18,7,3,5,2,0,1,1,0,0,0,0,0,"802544,634","5827393,275","13,45928188","52,5125053",,,4735.0
214505,11,4,4500938.0,2021,8,17,5,3,5,2,0,1,1,0,0,0,0,0,"791572,9432","5824602,589","13,29562688","52,49346292",,,3768.0
214504,11,8,8300934.0,2021,7,11,6,3,5,3,0,0,1,0,0,0,0,0,"803272,7936","5818323,337","13,46173367","52,43080786",,,5755.0
214503,11,4,4300412.0,2021,8,16,5,2,2,7,0,1,1,0,0,0,0,0,"790790,5272","5827406,769","13,28658439","52,51901987",,,4257.0
214502,11,5,5200630.0,2021,7,13,7,2,2,2,0,0,1,0,0,0,0,0,"783395,9214","5827681,737","13,17813281","52,52537866",,,3155.0
214501,11,3,3601142.0,2021,8,8,5,3,5,2,0,1,1,0,0,0,0,0,"798877,4168","5831047,155","13,40868956","52,54727876",,,2854.0
214500,11,11,11300722.0,2021,8,14,3,3,5,2,0,1,1,0,0,0,0,0,"804254,8493","5827660,041","13,4846494","52,51394501",,,4863.0
214499,11,9,9501939.0,2021,8,19,1,3,0,1,0,0,0,0,1,0,0,0,"810420,9211","5821263,099","13,56926841","52,45314426",,,5638.0
214498,11,9,9100408.0,2021,7,11,4,2,5,2,0,0,1,0,1,0,0,0,"806736,1325","5820287,559","13,51431795","52,4464812",,,4435.0
214497,11,9,9401329.0,2021,8,22,1,2,5,3,2,0,1,0,0,0,0,1,"812185,173","5818670,125","13,59272507","52,428903",,,4243.0
214496,11,10,10300734.0,2021,7,13,7,3,2,6,0,0,1,0,0,0,0,0,"809659,7085","5826344,182","13,56281981","52,49911133",,,4068.0
214495,11,7,7400826.0,2021,7,7,2,3,2,6,0,1,1,0,0,0,0,0,"796375,887","5819730,898","13,36183777","52,44720568",,,5655.0
214494,11,8,8100521.0,2021,8,18,6,3,5,3,0,1,1,0,0,0,0,0,"802952,9866","5822470,626","13,46080555","52,46815734",,,4755.0
214493,11,12,12500825.0,2021,8,9,2,3,1,5,0,1,1,0,0,0,0,0,"791828,5708","5834818,999","13,30835459","52,58491395",,,5055.0
214492,11,7,7601341.0,2021,8,18,6,3,0,1,0,1,0,0,0,0,0,1,"798091,2792","5814994,03","13,38278229","52,403812",,,4875.0
214491,11,1,1100416.0,2021,7,16,2,3,5,3,0,1,0,0,0,0,0,0,"798573,7064","5829253,97","13,40261263","52,53137195",,,4245.0
214490,11,2,2100104.0,2021,8,16,4,3,3,6,0,1,0,0,1,0,0,0,"799280,7385","5826124,754","13,41018976","52,50293548",,,3445.0
214489,11,11,11200512.0,2021,7,11,5,2,5,7,0,0,1,0,0,0,1,0,"803026,8402","5830775,114","13,46944777","52,54254841",,,2876.0
214488,11,1,1100312.0,2021,7,8,5,3,5,2,0,1,1,0,0,0,0,0,"799517,7026","5826714,166","13,41420065","52,50808865",,,4419.0
214487,11,1,1300834.0,2021,8,17,4,3,6,7,0,1,0,1,0,0,0,0,"797534,7214","5830997,827","13,3889028","52,54757158",,,4870.0
214486,11,6,6200313.0,2021,8,19,3,3,5,3,0,1,1,0,0,0,0,0,"794988,2699","5818425,367","13,3403272","52,43625274",,,3928.0
214485,11,9,9200819.0,2021,7,14,3,3,5,3,0,0,1,0,0,0,1,0,"810496,8481","5820097,275","13,56929864","52,44265342",,,3945.0
214484,11,9,9200715.0,2021,7,8,2,3,5,2,0,1,0,0,0,0,1,0,"807718,4983","5818728,525","13,52729145","52,43195686",,,4749.0
214483,11,2,2400520.0,2021,8,7,2,3,5,2,0,1,1,0,0,0,0,0,"800327,2834","5828827,183","13,42800076","52,52658323",,,5756.0
214482,11,2,2500833.0,2021,8,14,7,3,5,2,0,1,1,0,0,0,0,0,"802523,1333","5827271,42","13,45885525","52,51142505",,,5956.0
214481,11,9,9100305.0,2021,8,6,3,3,6,4,0,0,0,1,1,0,0,0,"804964,5066","5822520,387","13,49037102","52,46748427",,,4757.0
214480,11,10,10100209.0,2021,8,14,7,3,2,6,0,0,1,0,0,0,0,0,"810001,5346","5832237,118","13,5733324","52,55172704",,,5429.0
214479,11,1,2100104.0,2021,7,16,5,3,5,3,0,1,1,0,0,0,0,1,"799366,1489","5826336,252","13,41163447","52,5047844",,,5282.0
214478,11,9,9100305.0,2021,7,8,6,3,6,2,0,0,1,1,0,0,0,0,"805020,4799","5822709,495","13,49136531","52,46914792",,,3264.0
214477,11,2,2400623.0,2021,8,5,5,3,5,3,0,1,1,0,0,0,0,0,"800357,801","5827846,593","13,42756374","52,51777709",,,4769.0
214476,11,3,3100103.0,2021,7,13,5,3,5,3,0,0,1,0,0,0,0,0,"804255,1964","5840479,651","13,49641515","52,62884008",,,7659.0
214475,11,4,4501042.0,2021,8,13,5,3,0,7,0,0,0,0,1,0,1,1,"793915,9473","5825563,629","13,33088675","52,50082157",,,7266.0
214474,11,6,6400844.0,2021,8,17,4,2,5,2,0,1,1,0,0,0,0,0,"792381,1402","5820930,835","13,30427805","52,46011395",,,1766.0
214473,11,7,7400928.0,2021,8,7,3,3,5,2,0,1,1,0,0,0,0,1,"800259,2952","5821588,251","13,42047743","52,46173528",,,4242.0
214472,11,7,7601236.0,2021,7,11,7,3,2,2,0,0,1,0,0,0,0,0,"797200,8871","5817146,33","13,37164343","52,42358953",,,4070.0
214471,11,6,6400843.0,2021,8,12,1,3,5,3,0,0,1,0,0,0,0,0,"791204,402","5819702,079","13,28593589","52,44972637",,,4244.0
214470,11,2,2500835.0,2021,7,12,4,3,5,3,0,0,1,0,0,0,1,0,"802110,476","5826375,166","13,45197974","52,5036206",,,3956.0
214469,11,9,9200717.0,2021,8,7,3,3,5,3,0,1,1,0,0,0,0,0,"809544,4352","5819798,764","13,55505453","52,44051813",,,5073.0
214468,11,1,1100309.0,2021,8,20,7,2,1,7,1,0,1,0,0,0,0,1,"798582,8085","5828911,913","13,4024392","52,52830091",,,5045.0
214467,11,2,2300314.0,2021,7,13,7,3,3,6,0,1,0,0,0,0,1,0,"800006,9656","5826250,754","13,42097037","52,50366607",,,3778.0
214466,11,1,1300732.0,2021,7,19,1,3,1,5,0,0,1,0,1,0,0,1,"797867,5534","5832593,292","13,39522825","52,56169089",,,4636.0
214465,11,1,1100309.0,2021,7,13,6,3,1,5,0,1,1,0,0,0,0,0,"798963,0228","5828947,594","13,40805932","52,52841236",,,3062.0
214464,11,4,4300416.0,2021,8,16,6,3,1,5,0,0,1,0,0,0,1,0,"791423,0088","5825884,502","13,29454642","52,50503526",,,223.0
214463,11,2,2300417.0,2021,7,16,3,3,5,3,0,1,1,0,0,0,0,0,"800293,6693","5825547,357","13,42454737","52,49720355",,,5463.0
214462,11,9,9100407.0,2021,8,15,5,3,5,3,0,1,1,0,0,0,0,0,"806271,1494","5820979,232","13,50813187","52,45294093",,,4763.0
214461,11,1,1100101.0,2021,8,19,4,3,2,6,0,0,1,0,0,0,1,0,"794893,3565","5825977,004","13,34561015","52,50399987",,,5233.0
214460,11,2,2200210.0,2021,8,6,2,3,5,2,0,1,1,0,0,0,0,0,"798341,8459","5825498,698","13,39583774","52,49783785",,,1554.0
214459,11,1,1200520.0,2021,7,17,4,3,3,6,0,1,0,0,0,0,0,0,"794564,49","5829157,656","13,34359534","52,53268995",,,4848.0
214458,11,2,2200209.0,2021,8,17,1,3,5,2,0,1,0,0,1,0,0,0,"797479,4993","5824554,786","13,38232934","52,48984746",,,3647.0
214457,11,12,12500928.0,2021,7,2,1,2,1,1,2,0,1,0,0,0,1,0,"791780,7889","5836929,459","13,30951071","52,60385905",,,3849.0
214456,11,9,9501736.0,2021,8,22,6,3,4,5,2,0,1,0,0,0,0,0,"813313,9689","5820891,169","13,61135494","52,44816094",,,4548.0
214455,11,2,2300315.0,2021,8,5,2,3,2,6,0,1,1,0,0,0,0,0,"800162,7743","5825745,641","13,42280368","52,49905285",,,5243.0
214454,11,1,1401045.0,2021,8,21,5,3,6,4,2,0,1,1,0,0,0,0,"796403,9516","5831937,836","13,37311502","52,55661415",,,1963.0
214453,11,6,6100204.0,2021,7,18,2,3,2,6,0,0,1,0,0,0,0,0,"795341,0832","5820001,972","13,34689564","52,45019566",,,5048.0
214452,11,5,5300736.0,2021,8,12,4,3,0,7,0,1,0,0,0,0,0,0,"785942,775","5829214,827","13,21689012","52,5377942",,,4056.0
214451,11,2,2200207.0,2021,7,17,4,3,5,2,0,1,1,0,0,0,0,0,"797089,366","5824711,85","13,37674034","52,49146784",,,3544.0
214450,11,8,8100419.0,2021,7,16,5,3,0,6,0,0,1,0,1,0,0,0,"802381,8254","5824027,788","13,4538349","52,4824307",,,5960.0
214449,11,3,3400620.0,2021,8,10,3,2,5,3,0,1,1,0,0,0,0,1,"797412,2295","5833971,557","13,38976687","52,57429414",,,5758.0
214448,11,7,7400823.0,2021,8,19,2,3,5,2,0,1,1,0,0,0,0,0,"797351,362","5821922,428","13,37810039","52,46632094",,,7030.0
214447,11,6,6100209.0,2021,7,11,3,2,5,2,0,0,1,0,1,0,0,0,"794654,7184","5820891,001","13,33760952","52,45853574",,,2975.0
214446,11,8,8300934.0,2021,8,16,3,3,5,3,0,1,1,0,0,0,0,0,"803997,8398","5818437,925","13,47246945","52,4314325",,,3050.0
214445,11,4,4500937.0,2021,8,15,1,2,2,6,0,1,1,0,0,0,0,0,"790892,7401","5824753,122","13,28576766","52,49517539",,,7132.0
214444,11,1,1100308.0,2021,7,1,5,2,0,7,2,0,0,0,0,0,1,0,"796751,4558","5828215,296","13,37490107","52,52305646",,,4845.0
214443,11,7,7400824.0,2021,8,20,1,2,0,2,1,1,0,0,0,0,1,1,"797842,7675","5822041,769","13,3854192","52,46712304",,,4861.0
214442,11,2,2500728.0,2021,7,13,7,3,0,1,0,1,0,0,0,0,0,0,"802899,4904","5827647,034","13,46472593","52,51458278",,,4151.0
214441,11,3,3200308.0,2021,7,9,1,3,2,6,0,1,1,0,0,0,0,0,"800186,2116","5836565,627","13,43292781","52,59602231",,,7462.0
214440,11,4,4100101.0,2021,8,8,6,3,0,3,0,1,1,0,0,0,0,0,"790966,852","5829720,672","13,29120086","52,5396698",,,4944.0
214439,11,5,5400942.0,2021,8,12,2,3,1,5,0,0,1,0,0,0,0,0,"783765,3847","5823866,125","13,1803112","52,49097486",,,3649.0
214438,11,5,5200631.0,2021,8,11,6,2,5,7,0,0,1,0,1,0,0,0,"784776,4604","5826917,137","13,19777233","52,51780388",,,5554.0
214437,11,1,1300730.0,2021,8,21,4,3,5,2,2,0,1,0,0,0,0,0,"796164,545","5832275,128","13,36989499","52,55976787",,,5061.0
214436,11,12,12200412.0,2021,7,16,4,2,3,6,0,0,1,0,0,0,1,0,"788533,5233","5832732,727","13,25804003","52,56796766",,,6137.0
214435,11,4,4501042.0,2021,7,8,5,3,5,3,0,1,0,0,0,0,1,0,"794092,6504","5826440,469","13,33425693","52,50858676",,,9030.0
214434,11,4,4400726.0,2021,8,21,3,3,0,7,2,0,0,0,1,0,0,0,"790846,9185","5823658,712","13,28413936","52,48538837",,,3861.0
214433,11,9,9200614.0,2021,8,11,3,3,2,1,0,0,1,0,0,0,0,0,"808429,9819","5820873,873","13,53970339","52,45078295",,,5451.0
214432,11,4,4500938.0,2021,7,11,3,3,0,2,0,1,0,0,1,0,0,0,"791775,351","5824819,982","13,29879016","52,49530367",,,5557.0
214431,11,5,5100314.0,2021,7,7,2,3,5,3,0,0,1,0,1,0,0,0,"785369,6137","5830606,94","13,20965838","52,55057614",,,3879.0
214430,11,8,8100312.0,2021,8,13,2,3,6,7,0,0,0,1,0,0,1,0,"800875,8369","5824367,778","13,43203207","52,48631001",,,4353.0
214429,11,7,7300516.0,2021,8,0,6,3,5,7,2,1,1,0,0,0,0,0,"793951,374","5822015,033","13,32827774","52,46899098",,,5064.0
214428,11,1,1100415.0,2021,7,18,2,3,3,6,0,1,0,0,0,0,0,0,"798202,14","5829355,32","13,39724217","52,53248382",,,4226.0
214427,11,9,9200511.0,2021,8,16,3,3,5,2,0,1,1,0,0,0,0,0,"807078,8845","5822532,972","13,5214103","52,46641281",,,3861.0
214426,11,3,3400831.0,2021,8,12,6,3,0,6,0,0,1,0,0,1,0,0,"799409,1154","5833518,553","13,41873668","52,56913886",,,5051.0
214425,11,1,1200520.0,2021,7,11,6,3,5,2,0,1,1,0,0,0,0,0,"794414,6657","5829093,988","13,34133656","52,53220016",,,3425.0
214424,11,4,4501149.0,2021,7,14,6,2,5,2,0,0,1,0,1,0,0,0,"793685,8164","5824471,668","13,32654352","52,49115653",,,4257.0
214423,11,7,7601442.0,2021,8,8,4,3,5,2,0,1,0,0,0,1,0,0,"798702,1755","5816032,368","13,39266186","52,41278668",,,5445.0
214422,11,10,10200629.0,2021,7,3,5,2,0,1,2,1,0,0,0,0,0,0,"810870,3158","5828597,999","13,58270096","52,51862051",,,5650.0
214421,11,4,4501045.0,2021,8,17,5,3,5,2,0,1,1,0,0,0,0,0,"794385,6878","5824881,634","13,33718413","52,49445467",,,2652.0
214420,11,11,11200411.0,2021,8,17,3,3,5,2,0,0,1,0,0,0,0,0,"805722,1407","5831818,197","13,51002855","52,55039125",,,4748.0
214419,11,10,10300734.0,2021,8,15,3,3,3,6,0,1,1,0,0,0,0,1,"809729,3592","5826098,531","13,56361415","52,49687036",,,6356.0
214418,11,1,1100102.0,2021,7,20,7,2,5,3,0,1,1,0,0,0,0,0,"795040,5381","5827226,715","13,34888003","52,51512306",,,4861.0
214417,11,6,6100209.0,2021,8,18,1,3,5,2,0,1,1,0,0,0,0,0,"794765,5828","5820909,168","13,33925251","52,45863881",,,4059.0
214416,11,7,7601340.0,2021,7,21,3,2,3,2,1,1,1,0,0,0,0,0,"796637,7923","5815848,109","13,36223596","52,4122575",,,3145.0
214415,11,8,8401241.0,2021,8,7,3,3,5,3,0,0,1,0,0,0,0,0,"804754,2717","5818468,459","13,48358908","52,43128531",,,5039.0
214414,11,8,8100314.0,2021,8,22,7,3,5,7,2,0,1,0,1,0,0,1,"801090,5599","5824014,015","13,43486521","52,48302077",,,4045.0
214413,11,4,4501042.0,2021,7,19,6,3,6,4,0,0,0,1,0,0,1,0,"794233,2293","5825986,268","13,33592086","52,5044393",,,1458.0
214412,11,11,11300725.0,2021,8,18,5,3,4,5,0,1,1,0,0,0,0,0,"805205,1431","5828075,723","13,49899096","52,51713964",,,5249.0
214411,11,3,3601450.0,2021,7,15,6,2,5,3,0,1,0,0,1,0,0,0,"802657,2028","5829611,433","13,46295402","52,53232396",,,5044.0
214410,11,2,2500835.0,2021,8,9,6,3,5,2,0,1,1,0,0,0,0,0,"803017,1695","5825753,806","13,46473165","52,49754867",,,3336.0
214409,11,6,6300631.0,2021,8,11,2,2,5,3,0,1,1,0,0,0,0,0,"791641,0261","5816249,042","13,28933031","52,4185369",,,4845.0
214408,11,5,5300735.0,2021,8,17,6,3,5,2,0,0,1,0,0,0,0,0,"786568,6339","5830554,345","13,22724823","52,5494751",,,6855.0
214407,11,2,2400521.0,2021,8,10,4,3,0,2,0,1,1,0,0,0,0,0,"800684,7934","5828487,465","13,43294756","52,5233412",,,4961.0
214406,11,3,3400721.0,2021,8,9,2,3,1,5,0,1,1,0,0,0,0,0,"797960,1991","5833176,144","13,39711436","52,56686466",,,5248.0
214405,11,1,1300836.0,2021,7,17,5,3,2,6,0,0,1,0,0,0,0,0,"796462,0807","5829949,566","13,37219505","52,53875982",,,2940.0
214404,11,11,11400930.0,2021,8,18,1,3,5,3,0,0,1,0,0,0,0,0,"806045,0358","5826605,534","13,50997829","52,5034927",,,6569.0
214403,11,7,7400823.0,2021,7,22,1,3,5,3,2,0,1,0,0,0,0,0,"796910,0833","5822293,222","13,37195366","52,46988473",,,3758.0
214402,11,3,3300517.0,2021,8,15,6,3,5,2,0,1,1,0,0,0,0,0,"803365,6195","5833523,618","13,47693962","52,56699383",,,3041.0
214401,11,9,9200819.0,2021,8,22,2,3,0,3,2,0,0,0,1,0,0,1,"810207,0288","5819629,671","13,56461433","52,43862734",,,4222.0
214400,11,4,4501040.0,2021,8,15,7,3,5,7,0,0,1,0,1,0,0,0,"792141,7641","5825766,568","13,30500241","52,50359363",,,5039.0
214399,11,2,2200209.0,2021,7,21,3,3,5,2,2,0,1,0,0,0,0,0,"797753,1502","5824034,352","13,38588286","52,48503318",,,3639.0
214398,11,9,9100407.0,2021,8,9,5,3,1,5,0,1,1,0,0,0,0,0,"806230,0582","5820480,839","13,50707213","52,44849713",,,5046.0
214397,11,9,9501737.0,2021,7,10,4,3,3,6,0,0,1,0,1,0,0,0,"814210,095","5822012,573","13,62555253","52,45769556",,,2854.0
214396,11,9,9100304.0,2021,7,11,5,2,5,3,0,0,0,0,1,0,1,0,"804667,9556","5822163,171","13,48569295","52,46444809",,,4748.0
214395,11,8,8100314.0,2021,8,18,3,3,7,7,0,1,1,0,0,0,1,1,"801096,618","5824022,569","13,43496188","52,4830941",,,4464.0