OBJECTID,LAND,BEZ,LOR_ab_2021,UJAHR,UMONAT,USTUNDE,UWOCHENTAG,UKATEGORIE,UART,UTYP1,ULICHTVERH,IstRad,IstPKW,IstFuss,IstKrad,IstGkfz,IstSonstige,USTRZUSTAND,LINREFX,LINREFY,XGCSWGS84,YGCSWGS84,LOR,STRASSE,quadrant
214394,11,2,2400521.0,2021,8,16,2,2,5,3,0,0,1,0,0,0,1,0,"800719,1073","5827883,918","13,43290616","52,51791254",,,835.0
214393,11,4,4200206.0,2021,7,1,4,3,0,7,2,0,1,0,0,0,0,0,"787901,1876","5825833,535","13,24275868","52,50644817",,,7644.0
214392,11,9,9200715.0,2021,8,16,4,2,5,2,0,1,1,0,0,0,0,0,"808657,5509","5819171,531","13,54146912","52,43539811",,,3350.0
214391,11,7,7400721.0,2021,7,9,3,3,2,2,0,0,1,0,0,0,0,0,"797911,7195","5823961,101","13,38814566","52,48429007",,,4558.0
214390,11,2,2100105.0,2021,8,23,2,3,5,3,2,0,1,0,0,0,0,1,"799551,5815","5825854,405","13,41392484","52,50036359",,,1462.0
214389,11,11,11501238.0,2021,8,0,7,3,0,1,2,1,0,0,0,0,0,0,"803698,111","5826235,688","13,47517101","52,50148917",,,5351.0
214388,11,5,5200420.0,2021,7,22,3,3,1,1,2,0,1,0,0,0,1,0,"782725,9569","5828559,412","13,16903034","52,53359605",,,5142.0
214387,11,2,2400522.0,2021,8,18,3,3,3,6,0,0,1,0,0,0,0,0,"802102,6051","5827736,504","13,4530997","52,51582666",,,7232.0
214386,11,1,1100416.0,2021,8,20,7,3,0,4,0,1,0,1,0,0,0,0,"798622,4806","5829351,822","13,40341742","52,53222234",,,2954.0
214385,11,1,1200623.0,2021,7,20,5,3,2,2,1,0,1,0,0,0,0,0,"795443,1252","5829543,892","13,35685422","52,53567669",,,1062.0
214384,11,2,2100104.0,2021,7,11,6,3,5,2,0,1,1,0,0,0,0,0,"799282,7575","5826219,287","13,41030438","52,50378172",,,7535.0
214383,11,1,1300733.0,2021,8,7,4,3,5,2,0,1,1,0,0,0,0,0,"797574,5753","5831890,099","13,39028849","52,55554788",,,4134.0
214382,11,5,5100211.0,2021,7,9,5,3,5,2,0,0,1,0,0,0,0,0,"781907,167","5829570,412","13,15784898","52,54308527",,,3154.0
214381,11,5,5200631.0,2021,8,14,5,3,1,5,0,0,1,0,0,0,0,0,"784747,4535","5827417,927","13,1977747","52,52230911",,,3452.0
214380,11,9,9502043.0,2021,8,13,4,3,2,6,0,0,1,0,0,0,0,0,"811328,433","5822415,78","13,58365509","52,46295791",,,2160.0
214379,11,5,5100211.0,2021,8,15,3,3,5,2,0,1,1,0,0,0,0,1,"781914,9502","5829568,03","13,15796142","52,54305989",,,3239.0
214378,11,1,1400942.0,2021,8,17,1,3,5,3,0,1,0,0,0,0,1,0,"794808,0345","5830942,764","13,34875936","52,5485604",,,2051.0
214377,11,1,1300836.0,2021,7,8,4,3,5,2,0,1,1,0,0,0,0,0,"796571,2339","5830501,323","13,37429227","52,54364632",,,4754.0
214376,11,1,1100101.0,2021,7,15,2,3,2,6,0,0,1,0,1,0,0,0,"794591,3162","5826073,399","13,3412584","52,50502715",,,2754.0
214375,11,7,7100102.0,2021,8,11,2,3,2,6,0,0,1,0,0,0,0,0,"795390,2188","5825514,815","13,35249909","52,49958794",,,4340.0
214374,11,2,2300316.0,2021,8,18,7,3,1,5,0,0,1,0,0,0,1,0,"801157,7778","5826269,138","13,43789046","52,5031969",,,3936.0
214373,11,4,4501042.0,2021,7,17,2,3,2,2,0,1,0,0,0,0,0,0,"793932,1671","5825811,445","13,33134375","52,50303438",,,5360.0
214372,11,4,4501045.0,2021,8,13,2,3,5,3,0,0,1,0,0,0,0,0,"793965,6272","5824957,71","13,33108173","52,49536305",,,3063.0
214371,11,7,7100205.0,2021,8,10,7,3,5,3,0,1,1,0,0,0,0,0,"796018,3537","5824976,164","13,36124669","52,49441903",,,3649.0
214370,11,1,1401045.0,2021,7,19,5,3,5,3,0,1,1,0,0,0,0,0,"796871,4018","5831556,118","13,37964849","52,55293788",,,5243.0
214369,11,12,12500825.0,2021,7,11,6,3,2,6,0,0,1,0,0,0,1,0,"792104,193","5834870,635","13,31245668","52,58522893",,,2850.0
214368,11,3,3400723.0,2021,8,7,5,3,0,7,0,1,0,0,0,0,0,0,"799592,6423","5833989,189","13,42186159","52,57325634",,,2973.0
214367,11,3,3300412.0,2021,7,9,4,3,5,3,0,1,0,0,0,0,1,0,"802635,3009","5838879,11","13,47109026","52,61539997",,,5041.0
214366,11,4,4300619.0,2021,8,10,5,3,5,7,0,0,1,0,1,0,0,0,"792150,0352","5827387,264","13,30654659","52,51811838",,,3851.0
214365,11,11,11100204.0,2021,8,15,5,2,6,4,0,0,1,1,0,0,0,0,"806309,2209","5833911,072","13,52059151","52,56881806",,,4848.0
214364,11,1,1300732.0,2021,8,16,3,3,0,1,0,0,0,0,1,0,0,0,"797632,9108","5832087,826","13,39132369","52,55728837",,,8324.0
214363,11,12,12400619.0,2021,8,21,1,3,8,1,2,0,1,0,0,0,0,0,"788619,9039","5836143,978","13,26228189","52,59850441",,,3474.0
214362,11,2,2200213.0,2021,7,17,3,3,6,3,0,1,0,1,0,0,0,0,"799995,7453","5824726,386","13,41943269","52,49000867",,,6347.0
214361,11,5,5200632.0,2021,8,10,3,3,6,7,0,0,1,1,0,0,0,0,"785389,8169","5828073,951","13,2077798","52,52785511",,,7035.0
214360,11,4,4300620.0,2021,7,9,3,3,6,4,0,1,0,1,0,0,0,0,"793540,1041","5827710,182","13,32725901","52,52026673",,,7960.0
214359,11,1,1401048.0,2021,8,22,7,3,0,7,2,0,1,0,0,0,0,1,"795639,1744","5831132,052","13,36114961","52,54980677",,,3550.0
214358,11,3,3400725.0,2021,7,7,6,3,0,1,0,0,1,0,0,0,0,0,"799885,9774","5835613,736","13,4276468","52,58765598",,,3637.0
214357,11,1,1100415.0,2021,7,23,6,3,1,5,2,1,0,0,0,0,1,1,"798322,7873","5829355,527","13,3990157","52,53241965",,,6664.0
214356,11,8,8300934.0,2021,7,6,5,3,5,2,0,0,1,0,0,0,0,0,"803148,616","5818434,682","13,46001373","52,43187468",,,5330.0
214355,11,11,11200513.0,2021,8,10,6,3,6,4,0,0,1,1,0,0,0,0,"804502,1303","5830971,829","13,49131516","52,54348903",,,4364.0
214354,11,8,8100419.0,2021,8,15,2,3,5,2,0,1,1,0,0,0,0,0,"802028,444","5824302,069","13,44889544","52,48508469",,,4948.0
214353,11,9,9200819.0,2021,8,19,6,3,0,5,0,1,0,0,0,0,0,1,"810491,0318","5820154,455","13,56926647","52,44316915",,,3225.0
214352,11,8,8100206.0,2021,8,19,4,3,5,7,0,0,1,0,1,0,0,0,"800390,9441","5824093,94","13,42466577","52,48412249",,,5355.0
214351,11,2,2500728.0,2021,8,16,2,3,6,4,0,0,1,1,0,0,0,0,"802897,3715","5827852,305","13,46488166","52,51642377",,,3642.0
214350,11,6,6300634.0,2021,7,17,4,3,0,6,0,1,1,0,0,0,0,0,"791941,5767","5819046,021","13,2961792","52,44345165",,,5356.0
214349,11,2,2100104.0,2021,8,9,2,3,5,2,0,1,1,0,0,0,0,0,"799292,6943","5826222,056","13,41045283","52,50380109",,,4555.0
214348,11,6,6300524.0,2021,7,0,7,3,1,5,2,0,1,0,0,1,0,1,"787528,8877","5817090,51","13,22975418","52,42825727",,,3976.0
214347,11,10,10400939.0,2021,8,16,6,3,6,2,0,0,1,1,0,0,0,0,"813016,4278","5827638,44","13,61332431","52,50879441",,,3855.0
214346,11,4,4501148.0,2021,8,20,2,3,0,1,2,0,0,0,1,0,0,1,"792847,8648","5823225,817","13,31314236","52,48043802",,,1659.0
214345,11,2,2100101.0,2021,8,14,6,3,6,4,0,0,1,1,0,0,0,0,"797398,2337","5826192,282","13,382598","52,50457008",,,3970.0
214344,11,10,10100312.0,2021,7,17,2,2,5,3,0,0,1,0,0,0,1,0,"807933,398","5829211,191","13,5401224","52,52578212",,,2059.0
214343,11,5,5100208.0,2021,8,12,4,2,4,6,0,0,0,0,1,0,1,0,"782354,9078","5830455,866","13,16518659","52,55079272",,,4357.0
214342,11,9,9100101.0,2021,7,20,5,2,5,2,0,1,1,0,0,0,0,0,"802315,9187","5824783,382","13,45355265","52,48923963",,,3233.0
214341,11,4,4300517.0,2021,7,16,7,3,5,2,0,0,1,0,0,0,0,0,"791475,3363","5828280,304","13,29741401","52,52648539",,,5267.0
214340,11,10,10100315.0,2021,8,13,4,2,2,2,0,0,1,0,1,0,0,0,"809910,9235","5831605,378","13,57141074","52,54611727",,,4363.0
214339,11,4,4400833.0,2021,8,2,4,3,8,1,2,0,1,0,0,0,1,0,"792210,2313","5822609,648","13,30323998","52,47525573",,,3850.0
214338,11,5,5200420.0,2021,7,18,4,2,2,7,0,0,1,0,1,0,0,0,"783179,2864","5828615,442","13,17574352","52,53386308",,,5446.0
214337,11,6,6100103.0,2021,8,15,4,3,5,3,0,0,1,0,0,0,0,0,"793460,1949","5821478,121","13,32059555","52,46444181",,,4250.0
214336,11,11,11300723.0,2021,8,17,3,2,5,3,1,1,1,0,0,0,0,0,"805198,7001","5828433,153","13,4992242","52,52034669",,,3446.0
214335,11,8,8200624.0,2021,8,12,2,3,0,7,0,1,0,0,0,0,0,0,"801380,7547","5820278,106","13,43575164","52,44937472",,,1764.0
214334,11,12,12200309.0,2021,8,18,7,3,5,2,0,1,1,0,0,0,0,0,"792857,7934","5832732,755","13,32165966","52,5656588",,,3443.0
214333,11,1,1100309.0,2021,7,14,3,3,2,6,0,0,1,0,0,0,1,0,"798423,0631","5828388,19","13,39962139","52,52369392",,,1156.0
214332,11,4,4501041.0,2021,8,11,3,3,1,5,0,1,1,0,0,0,0,0,"793116,5145","5825606,95","13,31918156","52,50163993",,,4638.0
214331,11,8,8100415.0,2021,8,22,1,3,4,6,2,1,1,0,0,0,0,1,"801204,8942","5823702,914","13,43626274","52,48016924",,,7057.0
214330,11,4,4501150.0,2021,7,13,7,3,6,7,0,0,1,1,0,0,0,0,"793373,1963","5823924,071","13,32147021","52,48641564",,,3137.0
214329,11,2,2200207.0,2021,7,20,7,3,5,2,0,1,1,0,0,0,0,0,"797090,4104","5824707,864","13,37675212","52,49143154",,,4265.0
214328,11,3,3701660.0,2021,8,1,5,3,2,7,2,1,0,0,0,0,1,0,"800541,708","5829474,023","13,43173667","52,53226285",,,4556.0
214327,11,6,6100101.0,2021,7,18,5,3,1,5,0,0,1,0,0,0,0,0,"793027,9893","5821485,18","13,31425802","52,46473706",,,4464.0
214326,11,2,2100102.0,2021,8,17,5,2,5,2,0,1,1,0,0,0,0,0,"798448,9756","5826534,786","13,39833978","52,50706645",,,4458.0
214325,11,8,8100209.0,2021,8,10,5,2,5,3,0,0,0,0,1,1,0,0,"801812,3523","5821964,531","13,44360762","52,46425243",,,3328.0
214324,11,10,10400835.0,2021,8,15,3,3,5,3,0,0,1,0,0,0,1,0,"811901,5814","5829747,983","13,59892867","52,52833695",,,4174.0
214323,11,12,12200414.0,2021,8,11,1,2,0,1,0,0,0,0,1,0,0,0,"791993,6462","5831678,13","13,30801881","52,5566686",,,1029.0
214322,11,2,2100104.0,2021,7,7,4,3,5,3,0,1,1,0,0,0,0,0,"799343,492","5826192,25","13,41117219","52,50350606",,,560.0
214321,11,7,7601237.0,2021,8,9,2,3,0,6,0,0,1,0,1,0,0,0,"797357,8752","5817234,273","13,3740235","52,42429257",,,3977.0
214320,11,1,1100311.0,2021,7,19,2,3,0,6,0,1,0,0,0,0,0,0,"799723,4538","5827707,294","13,41811759","52,51687749",,,2849.0
214319,11,2,2100104.0,2021,8,22,5,3,5,3,2,1,1,0,0,0,0,0,"799418,3243","5826149,051","13,41223253","52,50307779",,,1759.0
214318,11,11,11300619.0,2021,7,11,1,2,6,4,0,0,1,1,0,0,0,0,"803835,0464","5828677,186","13,47941111","52,52329536",,,3863.0
214317,11,10,10100314.0,2021,8,19,5,3,5,3,0,0,1,0,0,0,0,0,"808467,8368","5830162,901","13,54885813","52,53400906",,,7032.0
214316,11,4,4500937.0,2021,8,17,2,3,5,7,0,0,1,0,1,0,0,0,"791532,5432","5825099,754","13,29546861","52,49794155",,,4623.0
214315,11,8,8100102.0,2021,8,19,6,3,0,2,0,1,1,0,0,0,0,1,"800587,0769","5823219,662","13,42675722","52,47617807",,,4857.0
214314,11,7,7601237.0,2021,7,14,2,3,0,5,0,0,0,0,1,0,1,1,"797381,0577","5815742,104","13,37303744","52,410904",,,3650.0
214313,11,1,1100309.0,2021,8,18,4,3,5,3,0,1,0,0,1,0,0,0,"798542,1442","5828980,925","13,40190352","52,52894178",,,2359.0
214312,11,11,11200515.0,2021,7,8,4,3,2,2,0,0,1,0,0,0,1,0,"805947,2836","5830465,141","13,51209249","52,53813846",,,5939.0
214311,11,2,2200208.0,2021,7,0,5,3,5,3,2,0,1,0,0,0,0,0,"797840,363","5824927,062","13,38796125","52,49298772",,,4947.0
214310,11,1,1200624.0,2021,8,17,3,3,0,2,0,1,1,0,0,0,0,0,"795668,7765","5829732,528","13,36033922","52,53724527",,,5452.0
214309,11,8,8200833.0,2021,7,16,3,3,0,1,0,0,0,0,0,0,1,0,"801926,9121","5817399,531","13,44116395","52,42327198",,,1358.0
214308,11,7,7501029.0,2021,7,7,3,3,5,2,0,1,0,0,0,0,1,0,"797358,804","5819348,638","13,37591765","52,44324539",,,5465.0
214307,11,9,9200715.0,2021,8,14,2,3,2,2,0,0,1,0,0,0,0,0,"807866,7646","5818113,711","13,52889945","52,42636337",,,1866.0
214306,11,7,7501031.0,2021,7,13,6,2,1,5,0,1,1,0,0,0,0,0,"798160,2855","5820500,729","13,388703","52,45313619",,,4575.0
214305,11,1,1200623.0,2021,7,15,5,3,0,1,0,0,0,0,0,0,1,0,"795799,4071","5829043,274","13,36164619","52,53099586",,,4164.0
214304,11,1,1200522.0,2021,8,8,5,3,5,3,0,1,1,0,0,0,0,0,"793670,817","5828113,466","13,32953604","52,52381158",,,5952.0
214303,11,4,4501043.0,2021,8,9,2,3,5,3,0,0,1,0,0,0,1,0,"792912,1699","5824395,746","13,31511468","52,4908916",,,4475.0
214302,11,6,6400844.0,2021,8,4,5,2,1,5,2,0,1,0,0,0,0,0,"790578,8604","5821660,447","13,2784617","52,46761637",,,3863.0
214301,11,12,12500824.0,2021,8,13,3,3,5,2,0,1,1,0,0,0,0,0,"790704,8987","5835385,354","13,29231314","52,59059283",,,6371.0
214300,11,3,3501037.0,2021,7,16,5,3,0,5,0,1,1,0,0,0,0,1,"803040,6991","5832189,176","13,47094188","52,55521458",,,7443.0
214299,11,10,10300731.0,2021,7,9,5,3,2,2,0,0,1,0,1,0,0,0,"809609,1529","5828643,057","13,56421566","52,51974173",,,8826.0
214298,11,9,9100304.0,2021,8,20,2,3,5,2,1,1,1,0,0,0,0,0,"804746,8525","5822302,241","13,48697769","52,46565053",,,4343.0
214297,11,9,9502043.0,2021,7,15,4,3,0,6,0,1,0,0,0,0,0,0,"811198,4185","5822134,236","13,58148508","52,46050891",,,3246.0
214296,11,7,7400721.0,2021,7,14,6,3,0,6,0,0,1,0,1,0,0,0,"798319,0143","5823950,117","13,39411601","52,48396924",,,4557.0
214295,11,7,7200308.0,2021,7,15,1,3,3,6,0,1,1,0,0,0,0,0,"794981,5085","5823812,022","13,34498814","52,48454462",,,2260.0
214294,11,1,1300733.0,2021,8,14,6,3,2,6,0,0,1,0,0,0,0,0,"797287,477","5831276,549","13,38551686","52,55020495",,,964.0
214293,11,4,4501148.0,2021,8,20,2,3,5,2,2,0,1,0,1,0,0,1,"793347,3062","5823076,334","13,32034406","52,47882989",,,5649.0
214292,11,8,8100521.0,2021,8,8,6,3,5,3,0,1,1,0,0,0,0,0,"802482,612","5822558,477","13,45398195","52,46920539",,,4759.0
214291,11,5,5300839.0,2021,7,15,3,3,5,3,0,1,1,0,0,0,0,0,"788846,1821","5830212,96","13,26044744","52,54521157",,,7235.0
214290,11,8,8200624.0,2021,7,12,5,3,5,3,0,1,1,0,0,0,0,0,"800951,6669","5820982,06","13,43009115","52,45592091",,,5134.0
214289,11,2,2100104.0,2021,7,15,6,3,5,3,0,1,1,0,0,0,0,0,"799344,3317","5826191,915","13,41118423","52,5035026",,,5263.0
214288,11,8,8100312.0,2021,8,11,4,3,2,6,0,1,1,0,0,0,0,0,"801299,3048","5824638,496","13,43849435","52,488503",,,1455.0
214287,11,1,1100312.0,2021,8,10,4,3,6,4,0,1,1,1,0,0,0,0,"799695,7659","5827210,04","13,41726292","52,5124356",,,4648.0
214286,11,4,4501042.0,2021,7,13,4,3,0,6,0,0,1,0,0,0,1,0,"793962,411","5826133,298","13,33207221","52,50590333",,,5356.0
214285,11,8,8100312.0,2021,7,19,7,3,2,6,0,0,1,0,0,0,1,0,"800880,7831","5824283,406","13,43202853","52,48555103",,,5552.0
214284,11,6,6200422.0,2021,8,16,4,3,6,2,0,0,1,1,0,0,0,0,"794728,7739","5816710,047","13,33500928","52,42101556",,,7232.0
214283,11,9,9200715.0,2021,8,15,4,3,5,2,0,0,1,0,0,0,0,0,"808469,5788","5819056,255","13,53860644","52,43447103",,,4446.0
214282,11,8,8100207.0,2021,8,14,2,3,2,6,0,0,1,0,0,0,0,0,"801310,4464","5823553,554","13,43767732","52,47877226",,,4845.0
214281,11,12,12200309.0,2021,8,15,7,2,5,7,0,0,1,0,1,0,0,0,"793110,8436","5832649,867","13,32530909","52,56477957",,,4456.0
214280,11,4,4400830.0,2021,7,8,3,3,3,6,0,1,1,0,0,1,0,0,"792280,137","5823131,532","13,30472372","52,47989693",,,4463.0
214279,11,12,12200515.0,2021,8,20,3,3,5,3,1,1,1,0,0,0,0,0,"790460,8144","5834707,677","13,28812605","52,58464795",,,4354.0
214278,11,2,2200210.0,2021,8,22,7,3,0,1,2,0,0,0,0,0,1,1,"798311,7005","5825333,213","13,39524679","52,49637097",,,3466.0
214277,11,7,7601545.0,2021,7,9,7,3,5,3,0,0,1,0,0,0,0,0,"800099,6417","5813340,618","13,41073543","52,3878944",,,6350.0
214276,11,10,10200524.0,2021,7,12,7,3,2,6,0,0,1,0,0,0,0,0,"813626,2085","5830012,896","13,62451808","52,52972144",,,4945.0
214275,11,1,1100309.0,2021,8,8,5,3,2,6,0,1,1,0,0,0,1,0,"798655,614","5828512,264","13,40315029","52,52467874",,,3671.0
214274,11,12,12500930.0,2021,7,12,6,3,5,2,0,1,1,0,0,0,0,0,"792847,6517","5835134,047","13,32363154","52,58719058",,,1759.0
214273,11,11,11100206.0,2021,7,18,6,3,5,2,0,1,1,0,0,0,0,0,"805435,816","5834599,784","13,50837931","52,57548121",,,7659.0
214272,11,12,12200412.0,2021,8,11,6,3,2,6,0,0,1,0,0,0,0,0,"788358,3296","5832116,949","13,25492712","52,56253986",,,4942.0
214271,11,1,1100308.0,2021,8,20,4,3,6,4,1,1,1,1,0,0,0,0,"797110,04","5829250,939","13,38109619","52,53214455",,,5354.0
214270,11,6,6300633.0,2021,8,7,3,3,6,6,0,1,0,1,0,0,0,1,"793255,1308","5819251,504","13,31563025","52,44459088",,,3540.0
214269,11,9,9401432.0,2021,8,14,7,3,3,6,0,0,1,0,1,0,0,0,"812129,622","5820534,212","13,59365119","52,44563951",,,3749.0
214268,11,9,9200511.0,2021,7,10,4,3,1,5,0,0,1,0,0,0,1,0,"807760,9319","5822112,585","13,531031","52,46226152",,,4449.0
214267,11,1,1400938.0,2021,8,22,1,3,5,3,2,0,1,0,0,0,0,0,"794728,2486","5831210,441","13,3478237","52,55100309",,,5457.0
214266,11,8,8200624.0,2021,7,5,2,2,5,2,0,0,1,0,1,0,0,0,"801354,1997","5820634,716","13,43568383","52,45258576",,,3976.0
214265,11,10,10300733.0,2021,7,13,2,3,5,3,0,1,1,0,0,0,0,0,"809226,1951","5827213,861","13,55726158","52,50715097",,,4947.0
214264,11,8,8100418.0,2021,8,7,6,3,5,3,0,1,1,0,0,0,0,0,"802521,7358","5823710,178","13,45560072","52,47950646",,,5041.0
214263,11,11,11300724.0,2021,8,8,2,3,5,3,0,1,1,0,0,0,0,0,"804634,7026","5827820,665","13,49037673","52,51517259",,,3440.0
214262,11,1,1100309.0,2021,8,19,6,3,6,4,0,1,0,1,0,0,0,1,"798472,6848","5828386,367","13,40034897","52,52365042",,,6235.0
214261,11,1,1100207.0,2021,7,8,2,2,3,6,0,0,0,0,1,0,1,1,"798692,6739","5827088,529","13,40241664","52,51189663",,,3648.0
214260,11,8,8100520.0,2021,8,20,4,3,5,3,1,1,1,0,0,0,0,0,"803157,67","5823054,984","13,46434047","52,47328137",,,4631.0
214259,11,8,8100209.0,2021,7,15,4,3,1,5,0,0,1,0,0,0,0,0,"801276,6221","5821936,534","13,43572044","52,46429713",,,4033.0
214258,11,2,2400521.0,2021,7,6,5,3,3,6,0,0,1,0,1,0,0,0,"800425,079","5827970,688","13,42866432","52,51885234",,,6933.0
214257,11,2,2500833.0,2021,8,17,4,3,5,3,0,1,1,0,0,0,0,0,"802837,0159","5826935,085","13,46316028","52,50823636",,,1256.0
214256,11,11,11400929.0,2021,8,7,3,3,5,3,0,1,1,0,0,0,0,0,"804467,6141","5826398,957","13,48662164","52,5025237",,,5246.0
214255,11,2,2500831.0,2021,7,13,3,3,5,3,0,1,1,0,0,0,0,0,"802813,4223","5827294,136","13,46314036","52,51146759",,,4945.0
214254,11,11,11300722.0,2021,7,15,2,3,5,2,0,1,1,0,0,0,0,0,"804278,7829","5828519,515","13,48578706","52,52163479",,,4156.0
214253,11,10,10100315.0,2021,8,14,2,3,5,2,0,1,1,0,0,0,0,0,"809893,5119","5831578,572","13,57112979","52,54588695",,,3453.0
214252,11,2,2500728.0,2021,8,12,7,3,0,1,0,1,0,0,0,0,0,0,"803093,1163","5828294,118","13,46816003","52,52027492",,,5755.0
214251,11,6,6400735.0,2021,8,19,3,3,0,1,1,1,0,0,0,0,0,0,"784164,4956","5816189,417","13,17963988","52,42193565",,,4850.0
214250,11,7,7601545.0,2021,8,20,7,3,6,7,1,0,0,1,0,0,1,0,"799849,4969","5813796,788","13,40747878","52,39212034",,,6945.0
214249,11,1,1200517.0,2021,7,14,5,3,0,1,0,1,0,0,0,0,0,0,"793537,5527","5828160,087","13,32761859","52,52430128",,,4445.0
214248,11,11,11501340.0,2021,7,17,6,3,6,4,0,1,0,1,0,0,0,0,"807472,0539","5824977,148","13,5294331","52,48809675",,,3648.0
214247,11,10,10300734.0,2021,8,7,5,3,6,4,0,0,1,1,0,0,0,0,"809586,1254","5824154,253","13,55970497","52,47952755",,,4547.0
214246,11,11,11400930.0,2021,7,14,5,3,2,6,0,0,1,0,0,0,0,0,"806117,1814","5826681,959","13,51110813","52,50413718",,,5939.0
214245,11,4,4300623.0,2021,7,17,6,3,5,7,0,0,1,0,1,0,0,0,"792112,4268","5825992,599","13,30476974","52,50563565",,,4470.0
214244,11,7,7200307.0,2021,8,19,5,3,1,5,0,0,1,0,1,0,0,0,"794459,3912","5824194,425","13,33765931","52,48825447",,,5325.0
214243,11,12,12200309.0,2021,8,12,4,3,0,1,0,0,0,0,1,0,0,0,"793404,1067","5832502,145","13,32949258","52,56329736",,,5334.0
214242,11,5,5200420.0,2021,8,17,3,3,5,3,0,0,1,0,0,0,1,0,"783417,6524","5828629,384","13,17926018","52,53386418",,,5039.0
214241,11,7,7601544.0,2021,8,16,1,3,5,2,0,1,1,0,0,0,0,0,"799796,6288","5813977,808","13,4068661","52,39377189",,,5249.0
214240,11,4,4501042.0,2021,7,15,3,3,1,5,0,1,1,0,0,0,0,0,"794002,2636","5826056,336","13,33258972","52,50519193",,,5127.0
214239,11,6,6100207.0,2021,8,17,3,3,3,6,0,1,0,0,0,0,0,0,"793463,0372","5820237,281","13,31954648","52,45331654",,,3441.0
214238,11,2,2400624.0,2021,8,2,7,3,5,3,1,0,1,0,0,0,0,0,"801614,3807","5827358,899","13,4455844","52,51271236",,,1965.0
214237,11,11,11100102.0,2021,8,14,6,3,5,2,0,1,1,0,0,0,0,0,"808717,565","5834239,762","13,5563187","52,57040328",,,4652.0
214236,11,11,11401034.0,2021,8,14,2,3,5,3,0,1,1,0,0,0,0,0,"806861,3519","5827222,298","13,52253559","52,5085618",,,6656.0
214235,11,11,11300722.0,2021,8,21,6,3,0,1,2,0,0,0,0,0,1,1,"804239,7147","5828690,568","13,48536948","52,52318966",,,1757.0
214234,11,4,4200207.0,2021,7,18,5,3,3,6,0,1,1,0,0,0,0,0,"789228,5636","5824032,88","13,26069772","52,48960264",,,8322.0
214233,11,1,1100102.0,2021,7,17,6,2,0,2,0,0,1,0,0,0,1,0,"795124,3067","5827084,541","13,34998481","52,51380326",,,4631.0
214232,11,1,1200628.0,2021,8,9,3,3,0,2,0,0,1,0,1,0,0,1,"795452,9621","5827761,342","13,35541485","52,5196923",,,7331.0
214231,11,10,10100311.0,2021,8,5,3,3,5,3,0,1,1,0,0,0,0,0,"806466,5574","5830188,041","13,5194693","52,53536329",,,4450.0
214230,11,1,1300836.0,2021,7,9,5,3,0,5,0,0,1,0,1,0,0,0,"796449,7523","5830321,119","13,37234533","52,5420971",,,6124.0
214229,11,7,7100205.0,2021,7,14,7,3,5,2,0,1,1,0,0,0,0,0,"796040,9672","5825375,048","13,36193331","52,49798242",,,7133.0
214228,11,5,5300735.0,2021,8,13,5,3,5,2,0,0,1,0,0,0,0,0,"786568,5353","5830554,28","13,22724673","52,54947457",,,5431.0
214227,11,1,1200629.0,2021,8,12,4,3,2,6,0,0,1,0,1,0,0,0,"794515,7438","5827926,421","13,3417882","52,5216791",,,4243.0
214226,11,5,5100209.0,2021,8,7,2,2,5,3,0,1,1,0,0,0,0,0,"782816,6565","5830408,063","13,17193779","52,55012454",,,4545.0
214225,11,1,1100309.0,2021,8,19,7,3,0,5,0,1,0,0,0,0,0,0,"798181,1632","5828426,209","13,39610058","52,52416705",,,5146.0
214224,11,2,2200210.0,2021,7,7,3,3,5,3,0,0,1,0,0,0,1,0,"798295,4536","5825313,233","13,39499028","52,49620075",,,6426.0
214223,11,5,5100313.0,2021,8,11,3,3,5,2,0,1,1,0,0,0,0,0,"785395,2705","5830309,692","13,20978027","52,54789762",,,4558.0
214222,11,12,12400619.0,2021,8,21,7,3,9,1,2,0,1,0,0,0,0,1,"787376,8016","5837646,903","13,24528393","52,61263707",,,4047.0
214221,11,5,5300840.0,2021,7,13,6,2,5,2,0,1,1,0,0,0,0,0,"789209,6915","5829268,977","13,26497126","52,53655571",,,2627.0
214220,11,2,2300315.0,2021,7,6,7,3,0,1,0,1,0,0,0,0,0,0,"800461,3396","5825792,757","13,42723119","52,49931088",,,2743.0
214219,11,8,8100314.0,2021,8,12,4,3,1,5,0,0,1,0,0,0,1,0,"801157,408","5823783,08","13,43563803","52,48091397",,,5780.0
214218,11,2,2300418.0,2021,7,22,5,2,3,6,2,1,1,0,0,0,0,0,"801378,7647","5825248,382","13,44021269","52,49392567",,,5447.0
214217,11,7,7601443.0,2021,8,16,6,3,5,2,0,1,0,0,0,1,0,0,"799757,0829","5814505,433","13,40675867","52,39852304",,,7462.0
214216,11,4,4300622.0,2021,8,2,4,2,0,7,2,1,0,0,0,0,0,0,"792854,7004","5827007,451","13,31656766","52,51433553",,,7530.0
214215,11,1,1100313.0,2021,8,14,3,3,0,2,0,1,0,0,1,0,0,1,"799732,8762","5826579,562","13,41724039","52,50676396",,,3150.0