OBJECTID,LAND,BEZ,LOR_ab_2021,UJAHR,UMONAT,USTUNDE,UWOCHENTAG,UKATEGORIE,UART,UTYP1,ULICHTVERH,IstRad,IstPKW,IstFuss,IstKrad,IstGkfz,IstSonstige,USTRZUSTAND,LINREFX,LINREFY,XGCSWGS84,YGCSWGS84,LOR,STRASSE,quadrant
214214,11,7,7601442.0,2021,8,20,1,3,5,2,1,0,1,0,0,0,0,0,"799258,5525","5816264,106","13,40102484","52,41456007",,,1666.0
214213,11,7,7200308.0,2021,7,20,5,2,5,2,0,0,1,0,0,0,1,0,"794986,808","5823817,493","13,3450708","52,4845908",,,2029.0
214212,11,6,6100209.0,2021,8,13,1,3,5,2,0,1,1,0,0,0,0,0,"794768,0813","5820916,051","13,33929526","52,45869916",,,3228.0
214211,11,1,1100313.0,2021,7,7,6,2,5,3,0,0,0,0,1,1,0,0,"800064,1422","5826416,747","13,4219598","52,50512249",,,5044.0
214210,11,5,5200423.0,2021,7,7,7,3,5,3,0,0,1,0,0,0,0,0,"782012,9512","5828344,409","13,15836418","52,53203765",,,3649.0
214209,11,6,6200311.0,2021,8,12,6,3,1,5,0,1,1,0,0,0,0,0,"796234,3514","5818262,528","13,35845972","52,43411954",,,3856.0
214208,11,6,6400844.0,2021,8,7,2,3,5,7,0,1,1,0,0,0,0,0,"790316,02","5820303,203","13,27342284","52,4555881",,,4756.0
214207,11,1,1100102.0,2021,8,17,5,3,2,6,0,0,1,0,0,0,0,1,"795182,0531","5826944,205","13,35070881","52,51251401",,,4961.0
214206,11,1,1100312.0,2021,7,9,2,3,2,6,0,0,0,0,1,0,1,1,"798922,7108","5826715,969","13,40546166","52,50843115",,,5138.0
214205,11,12,12200309.0,2021,8,8,5,2,3,6,0,0,1,0,0,0,0,0,"793354,9054","5832953,952","13,32916833","52,56737406",,,3741.0
214204,11,1,1100309.0,2021,7,12,4,3,5,2,0,1,0,0,0,1,0,0,"798520,163","5829055,719","13,40164761","52,52962423",,,3634.0
214203,11,1,1100207.0,2021,7,14,5,3,5,2,0,0,0,0,1,0,1,0,"798553,6678","5826816,575","13,40013045","52,50953503",,,6359.0
214202,11,1,1100308.0,2021,8,10,4,3,5,7,0,1,1,0,0,0,0,0,"797100,2606","5828836,709","13,38058225","52,52843678",,,3649.0
214201,11,2,2500726.0,2021,8,14,3,3,6,4,0,0,1,1,0,0,0,0,"802055,1668","5828609,209","13,45319516","52,52367499",,,7660.0
214200,11,8,8200831.0,2021,7,14,3,3,6,7,0,0,1,1,0,0,0,0,"799826,056","5816520,306","13,4095735","52,41654601",,,6088.0
214199,11,1,1300836.0,2021,7,7,3,3,5,2,0,1,1,0,0,0,0,0,"796638,0989","5829799,978","13,37464919","52,53732314",,,4156.0
214198,11,2,2100101.0,2021,8,11,2,3,2,6,0,0,0,0,1,0,1,0,"797758,7819","5826056,915","13,38777323","52,50316004",,,4057.0
214197,11,1,1200517.0,2021,8,20,7,3,5,3,1,1,1,0,0,0,0,0,"792953,4227","5828564,682","13,31938985","52,52824248",,,3541.0
214196,11,4,4200310.0,2021,7,17,2,3,3,6,0,0,1,0,0,1,0,0,"789814,7973","5826334,683","13,27131075","52,50992788",,,4234.0
214195,11,3,3300411.0,2021,8,17,2,3,5,3,0,1,1,0,0,0,0,0,"803750,7631","5839280,864","13,487884","52,61837836",,,3060.0
214194,11,1,1100309.0,2021,8,4,7,2,8,1,2,0,0,0,1,0,0,1,"798590,6986","5828393,435","13,4020896","52,52364915",,,1660.0
214193,11,7,7501031.0,2021,7,14,6,3,2,6,0,0,1,0,1,0,0,0,"799362,4546","5820325,039","13,40618387","52,45090432",,,3172.0
214192,11,9,9200717.0,2021,7,12,6,2,4,6,0,0,1,0,0,0,0,0,"809743,6007","5819918,3","13,55808604","52,44147663",,,3566.0
214191,11,9,9401534.0,2021,8,13,5,3,1,5,0,1,1,0,0,0,0,0,"810880,3913","5820632,398","13,57542124","52,44723107",,,5131.0
214190,11,2,2100104.0,2021,7,7,5,3,0,2,0,1,0,0,0,0,0,0,"799116,7849","5826272,677","13,4079144","52,5043513",,,4364.0
214189,11,5,5200420.0,2021,8,15,5,3,3,6,0,0,1,0,0,1,0,0,"783562,6504","5828905,8","13,18162798","52,53626715",,,5753.0
214188,11,3,3400830.0,2021,8,14,5,3,2,6,0,0,1,0,0,1,0,0,"800053,6732","5833606,558","13,42829794","52,56957277",,,2750.0
214187,11,2,2200213.0,2021,8,15,3,3,0,3,0,1,0,0,0,0,0,1,"799500,1922","5824932,354","13,41234104","52,49212697",,,4966.0
214186,11,4,4501152.0,2021,8,16,1,3,2,6,0,0,1,0,1,0,0,0,"793993,2561","5824433,369","13,33102485","52,49064771",,,4353.0
214185,11,8,8200831.0,2021,7,12,3,3,5,2,0,1,1,0,0,0,0,0,"799998,2518","5816604,159","13,41217302","52,41720329",,,4048.0
214184,11,11,11300721.0,2021,8,11,3,3,5,3,0,0,1,0,0,0,0,0,"804627,0022","5829088,991","13,49142512","52,52654431",,,6023.0
214183,11,3,3300516.0,2021,8,13,7,3,0,3,0,0,1,0,1,0,0,0,"800940,6552","5833554,261","13,44129819","52,5686144",,,4446.0
214182,11,12,12601235.0,2021,7,11,6,2,6,4,0,0,1,1,0,0,0,0,"794833,6165","5836299,782","13,3538984","52,59656763",,,3676.0
214181,11,3,3601452.0,2021,8,9,5,3,6,7,0,1,0,1,0,0,0,0,"802131,88","5829111,102","13,45477843","52,52813094",,,4453.0
214180,11,2,2500835.0,2021,7,19,6,3,2,6,0,0,1,0,0,0,0,0,"802564,4058","5825971,022","13,45827979","52,49974676",,,7331.0
214179,11,1,1400938.0,2021,8,19,6,3,1,5,0,0,1,0,0,0,1,0,"794693,8221","5831185,575","13,34729536","52,55079881",,,6724.0
214178,11,4,4400727.0,2021,8,8,2,3,6,4,0,0,1,1,0,0,0,0,"791463,695","5824349,29","13,2938007","52,49125046",,,5327.0
214177,11,8,8100314.0,2021,8,4,5,3,5,3,1,0,1,0,0,0,0,0,"800672,7807","5824167,39","13,42886992","52,48462573",,,4845.0
214176,11,1,1100207.0,2021,8,14,3,3,5,3,0,1,1,0,0,0,0,0,"798480,228","5826665,996","13,39891653","52,50822548",,,1658.0
214175,11,5,5200629.0,2021,8,9,2,2,3,6,0,0,1,0,0,1,0,0,"784773,7831","5828714,292","13,19927212","52,53391857",,,3851.0
214174,11,6,6300525.0,2021,7,20,4,2,5,2,0,1,1,0,0,0,0,0,"788979,8289","5816096,141","13,25017596","52,41857772",,,2227.0
214173,11,4,4400835.0,2021,8,22,1,3,1,5,2,0,1,0,0,0,0,1,"793004,7658","5822098,227","13,31445549","52,47024531",,,5567.0
214172,11,6,6400735.0,2021,7,18,2,2,9,1,0,0,1,0,0,0,0,0,"782952,6126","5815942,345","13,16165707","52,42034825",,,835.0
214171,11,12,12500824.0,2021,8,15,6,3,5,3,0,1,0,0,1,0,0,0,"790525,204","5835342,286","13,28963023","52,59030275",,,5740.0
214170,11,4,4501042.0,2021,7,14,6,3,6,4,0,0,0,1,1,0,0,0,"794438,2979","5825792,489","13,33876205","52,50259157",,,3147.0
214169,11,6,6300632.0,2021,7,13,6,3,5,3,0,0,1,0,0,0,0,0,"791786,661","5817475,713","13,2925357","52,42945647",,,3960.0
214168,11,7,7100102.0,2021,8,18,5,3,5,2,0,1,1,0,0,0,0,0,"794965,8881","5825571,457","13,34631641","52,50032522",,,2855.0
214167,11,1,1100207.0,2021,8,17,4,3,5,3,0,0,1,0,0,0,0,0,"797961,1417","5826980,238","13,39157212","52,51132602",,,5148.0
214166,11,9,9200511.0,2021,8,18,4,2,5,2,0,1,1,0,0,0,0,0,"806814,1949","5821997,972","13,51703437","52,46176668",,,2531.0
214165,11,2,2100101.0,2021,8,8,2,3,5,2,0,1,0,0,0,0,0,0,"797379,7689","5826176,41","13,38231258","52,50443787",,,3624.0
214164,11,1,1100308.0,2021,7,2,5,3,1,1,2,0,1,0,0,0,1,0,"796502,0707","5829242,479","13,37215211","52,53239977",,,3555.0
214163,11,8,8200832.0,2021,8,12,2,3,2,6,0,0,1,0,0,0,0,0,"801493,4911","5817768,641","13,43514201","52,42681941",,,4752.0
214162,11,11,11300725.0,2021,7,16,1,2,1,5,0,0,1,0,0,0,1,0,"805275,8896","5827776,761","13,49975604","52,51442062",,,3633.0
214161,11,6,6200313.0,2021,8,12,6,3,2,6,0,0,1,0,0,0,0,0,"795337,0046","5818429,273","13,34544577","52,43609956",,,3371.0
214160,11,3,3701554.0,2021,8,13,2,3,5,7,0,0,1,0,1,0,0,0,"799075,1598","5830207,372","13,41084097","52,53964286",,,7331.0
214159,11,11,11300826.0,2021,8,8,5,3,5,3,0,1,0,0,0,0,0,0,"804141,5207","5826811,577","13,48220923","52,50640373",,,6359.0
214158,11,9,9501939.0,2021,7,15,3,3,5,2,0,1,1,0,0,0,0,0,"809638,3683","5821500,289","13,55800911","52,45571372",,,4365.0
214157,11,12,12100102.0,2021,8,10,5,3,5,2,0,1,1,0,0,0,0,0,"796723,5319","5833261,719","13,378999","52,56830719",,,4236.0
214156,11,9,9200715.0,2021,7,9,4,3,0,7,0,1,0,0,0,1,0,0,"808457,457","5819018,06","13,53839345","52,43413555",,,4359.0
214155,11,1,1300732.0,2021,7,10,5,3,5,2,0,0,1,0,0,0,1,0,"797272,943","5832225,784","13,38615316","52,5587216",,,2972.0
214154,11,1,1100205.0,2021,8,16,4,3,5,2,0,1,1,0,0,0,0,0,"796968,8041","5826857,684","13,37688341","52,51076861",,,4657.0
214153,11,6,6300525.0,2021,8,17,2,3,5,2,0,1,1,0,0,0,0,0,"790210,211","5815096,697","13,2673509","52,40896629",,,3827.0
214152,11,1,1100415.0,2021,7,19,4,3,1,5,0,1,1,0,0,0,0,0,"798354,363","5829301,712","13,39943152","52,53192",,,5061.0
214151,11,12,12400618.0,2021,8,11,4,3,5,2,0,1,1,0,0,0,0,0,"787205,7466","5837998,731","13,24307003","52,61588175",,,3955.0
214150,11,6,6400737.0,2021,7,15,2,3,2,2,0,0,1,0,0,0,0,0,"784861,9393","5817653,862","13,19111591","52,4347036",,,2943.0
214149,11,2,2200212.0,2021,8,19,2,3,0,2,0,1,0,0,0,0,1,0,"799050,9506","5824575,344","13,40542353","52,48917317",,,4657.0
214148,11,11,11501340.0,2021,8,10,7,2,5,2,0,1,1,0,0,0,0,0,"807323,9619","5824796,993","13,52709282","52,48656555",,,4338.0
214147,11,11,11300826.0,2021,7,17,2,3,5,3,0,1,1,0,0,0,0,0,"804256,3389","5827060,241","13,48412298","52,50856839",,,4251.0
214146,11,1,1100310.0,2021,8,18,2,3,1,5,0,1,1,0,0,0,0,0,"799146,6156","5828584,256","13,41043071","52,52505487",,,4730.0
214145,11,2,2300314.0,2021,8,10,7,3,3,6,0,1,1,0,0,0,0,0,"799955,3243","5826105,077","13,4200806","52,5023887",,,4855.0
214144,11,11,11300724.0,2021,7,17,5,3,0,7,0,1,1,0,0,0,0,1,"804455,3098","5828170,673","13,48806154","52,51840974",,,4518.0
214143,11,1,1100308.0,2021,7,14,6,3,5,2,0,1,1,0,0,0,0,0,"797257,9484","5829087,605","13,38312422","52,53059981",,,5662.0
214142,11,1,1200623.0,2021,8,12,4,3,0,2,0,1,1,0,0,0,0,0,"795476,1379","5829574,914","13,3573671","52,53593687",,,4245.0
214141,11,8,8401241.0,2021,7,14,4,3,2,6,0,0,1,0,0,0,0,0,"804207,217","5818439,976","13,47554151","52,4313345",,,6240.0
214140,11,7,7100102.0,2021,8,22,5,3,5,3,2,1,1,0,0,0,0,0,"794929,5799","5825540,796","13,34575593","52,50006999",,,2282.0
214139,11,11,11501341.0,2021,8,19,5,2,6,4,0,0,1,1,0,0,0,0,"807242,6886","5824134,91","13,52528947","52,4806776",,,7835.0
214138,11,11,11300620.0,2021,8,15,3,3,1,5,0,0,1,0,0,0,0,0,"804047,7421","5828916,364","13,4827551","52,52532047",,,4917.0
214137,11,11,11200512.0,2021,8,18,1,3,1,5,0,1,1,0,0,0,0,0,"803893,9559","5831292,932","13,48266841","52,54670649",,,6130.0
214136,11,11,11200513.0,2021,7,17,4,3,5,3,0,1,1,0,0,0,0,0,"804648,1879","5831123,52","13,49360138","52,54476692",,,5752.0
214135,11,1,1401044.0,2021,8,4,2,3,8,1,1,0,1,0,0,0,0,0,"796464,4317","5831649,017","13,37374657","52,55399228",,,3257.0
214134,11,11,11100204.0,2021,8,17,1,2,6,4,0,0,1,1,0,0,0,0,"806402,5824","5833724,561","13,52179242","52,567094",,,5256.0
214133,11,3,3100101.0,2021,7,15,6,3,5,2,0,0,1,0,1,0,0,0,"800519,205","5841100,966","13,4419497","52,63648871",,,3733.0
214132,11,2,2300419.0,2021,8,10,5,3,2,6,0,0,1,0,0,0,0,0,"801836,0036","5825746,498","13,4473785","52,49813769",,,4760.0
214131,11,2,2100101.0,2021,7,14,5,3,1,5,0,1,1,0,0,0,0,0,"797726,7967","5825775,992","13,38705224","52,50065934",,,5139.0
214130,11,6,6100206.0,2021,8,7,6,3,5,2,0,0,1,0,0,0,0,0,"794734,7812","5820068,143","13,33805815","52,45111607",,,7236.0
214129,11,9,9100409.0,2021,8,16,2,3,6,7,0,0,1,1,0,0,0,0,"806427,3513","5818737,376","13,50836761","52,43276093",,,5162.0
214128,11,1,1100310.0,2021,8,17,6,3,6,7,0,0,0,1,0,0,1,0,"799243,625","5828219,486","13,41152815","52,52173202",,,3452.0
214127,11,7,7100205.0,2021,7,7,7,3,8,1,0,0,1,0,0,0,0,0,"796346,3102","5824888,964","13,36598569","52,49345941",,,3660.0
214126,11,1,1300733.0,2021,8,21,4,3,5,2,2,1,0,0,0,0,0,0,"797680,8768","5831315,245","13,39133638","52,55033697",,,2059.0
214125,11,9,,2021,8,10,2,3,0,1,0,0,1,0,0,0,0,0,"808645,9485","5815247,518","13,53768007","52,40023729",,,3542.0
214124,11,8,8301036.0,2021,7,5,5,2,5,2,0,1,0,0,0,0,1,0,"804102,244","5817517,22","13,47316327","52,4231223",,,4252.0
214123,11,1,1200520.0,2021,7,17,5,3,4,6,0,0,1,0,0,0,0,0,"794210,4224","5828541,592","13,33784538","52,52735856",,,3137.0
214122,11,8,8100417.0,2021,8,13,3,2,6,4,0,0,1,1,0,0,0,0,"802409,0644","5823033,72","13,45333334","52,47350574",,,3345.0
214121,11,8,8100417.0,2021,7,13,4,3,5,3,0,1,1,0,0,0,0,0,"802276,2266","5822845,251","13,45121277","52,47188999",,,3032.0
214120,11,2,2400625.0,2021,7,21,7,3,0,1,1,0,0,0,1,0,0,0,"801740,7985","5826789,547","13,44692547","52,50753929",,,4255.0
214119,11,1,1100311.0,2021,8,20,6,2,3,6,1,1,0,0,0,0,0,0,"799723,2902","5827709,321","13,41811702","52,51689576",,,5080.0
214118,11,1,1100312.0,2021,8,16,3,3,5,3,0,1,1,0,0,0,0,0,"799645,0669","5827049,772","13,41637378","52,5110269",,,6055.0
214117,11,12,12200309.0,2021,8,22,6,3,8,1,2,0,1,0,0,0,0,1,"793303,1777","5832563,102","13,32806177","52,56389818",,,4135.0
214116,11,7,7400824.0,2021,7,20,3,2,5,3,1,1,1,0,0,0,0,0,"797844,7457","5822041,914","13,38544836","52,46712326",,,6137.0
214115,11,7,7200409.0,2021,8,10,4,3,1,5,0,1,1,0,0,0,0,0,"795454,5525","5824070,702","13,35216341","52,48660772",,,4363.0
214114,11,5,5100316.0,2021,7,14,5,3,5,2,0,0,1,0,0,0,0,0,"783941,4701","5828984,132","13,18726507","52,53677225",,,7052.0
214113,11,5,5300736.0,2021,7,17,7,3,5,2,0,1,1,0,0,0,0,0,"786086,118","5829145,207","13,21893788","52,53709477",,,3923.0
214112,11,4,4100102.0,2021,8,18,4,2,6,4,0,0,1,1,0,0,0,0,"791482,4568","5829459,625","13,29855281","52,537054",,,5253.0
214111,11,4,4300620.0,2021,8,11,4,3,5,7,0,0,1,0,0,0,0,0,"793563,718","5827766,991","13,32765618","52,52076328",,,5155.0
214110,11,6,6100208.0,2021,7,20,4,3,1,5,1,0,1,0,0,0,1,0,"794326,6847","5820601,035","13,33253992","52,45611308",,,3929.0
214109,11,2,2500727.0,2021,8,9,4,3,5,3,0,1,1,0,0,0,0,0,"802588,9899","5827779,649","13,46028483","52,51594374",,,3756.0
214108,11,3,3400826.0,2021,8,16,3,3,5,7,0,1,1,0,0,0,0,0,"798228,5794","5832288,958","13,40026486","52,55876536",,,1762.0
214107,11,2,2400522.0,2021,8,21,2,3,6,2,2,0,0,1,0,0,1,1,"801626,3374","5828319,585","13,44663099","52,52131646",,,3476.0
214106,11,5,5300841.0,2021,8,20,7,3,0,1,1,0,0,0,1,0,0,0,"789462,5983","5829340,923","13,2687523","52,53706645",,,2844.0
214105,11,7,7601442.0,2021,7,11,4,3,5,2,0,1,1,0,0,0,0,0,"799275,186","5816272,853","13,4012765","52,41462937",,,4240.0
214104,11,12,12200412.0,2021,8,22,3,3,5,2,1,0,1,0,0,0,0,1,"791167,9437","5834020,894","13,29793028","52,5781131",,,4447.0
214103,11,4,4300619.0,2021,8,9,7,2,5,2,0,1,1,0,0,0,0,0,"791905,1561","5827432,304","13,30298745","52,51865328",,,4645.0
214102,11,12,12500929.0,2021,7,14,7,3,5,3,0,1,1,0,0,0,0,0,"794029,325","5838135,29","13,34368894","52,61345695",,,1557.0
214101,11,2,2100102.0,2021,7,10,7,3,1,5,0,1,1,0,0,0,0,0,"797928,8471","5826416,462","13,39059305","52,5062901",,,4556.0
214100,11,6,6300526.0,2021,8,13,5,3,6,4,0,0,0,1,0,0,1,0,"789483,0859","5817610,06","13,25886567","52,43188476",,,3933.0
214099,11,1,1100416.0,2021,8,15,3,3,0,1,0,0,0,0,1,0,0,0,"798730,1172","5829565,848","13,40519186","52,53408179",,,2324.0
214098,11,1,1100102.0,2021,8,15,7,3,0,2,0,1,1,0,0,0,0,0,"796635,3528","5826670,841","13,37181786","52,50927518",,,5260.0
214097,11,4,4501042.0,2021,7,19,3,2,0,1,0,0,0,0,0,0,1,0,"793789,6465","5825826,187","13,32926311","52,50324329",,,7262.0
214096,11,1,1100416.0,2021,8,7,4,3,5,2,0,1,0,0,0,0,0,0,"798797,3019","5829185,931","13,4058379","52,53063956",,,3054.0
214095,11,7,7100205.0,2021,7,18,4,3,5,3,0,1,1,0,0,0,0,0,"796414,1173","5824875,605","13,36696963","52,49330284",,,4648.0
214094,11,7,7601341.0,2021,7,11,5,3,5,7,0,0,1,0,0,0,1,0,"797079,863","5815605,879","13,36850143","52,40984639",,,8410.0
214093,11,4,4501040.0,2021,8,19,3,3,1,5,0,1,1,0,0,0,0,0,"792550,9886","5825545,066","13,3108196","52,50138866",,,4073.0
214092,11,11,11200410.0,2021,8,17,2,2,6,4,0,0,1,1,0,0,0,0,"805848,5237","5832345,584","13,51237249","52,55504688",,,5750.0
214091,11,9,9200715.0,2021,7,8,4,2,5,2,0,0,1,0,1,0,0,0,"809065,9387","5818189,452","13,54654981","52,42636614",,,5934.0
214090,11,1,1400942.0,2021,8,10,4,3,5,3,0,0,1,0,1,0,0,0,"795260,4665","5830714,677","13,35520954","52,54627077",,,5562.0
214089,11,8,8200623.0,2021,7,12,3,3,6,2,0,0,1,1,0,0,0,0,"801563,1961","5820649,607","13,4387635","52,45260398",,,1660.0
214088,11,3,3601346.0,2021,8,13,2,3,1,5,0,1,1,0,0,0,0,0,"799466,8513","5831032,364","13,41734281","52,54682249",,,3849.0
214087,11,3,3200310.0,2021,8,17,7,2,5,7,0,1,1,0,0,0,0,0,"799222,7674","5838175,452","13,42020169","52,61098258",,,5637.0
214086,11,11,11300721.0,2021,7,13,3,3,5,2,0,1,1,0,0,0,0,0,"805532,163","5830048,844","13,50560819","52,53464035",,,3440.0
214085,11,5,5100211.0,2021,8,16,3,2,5,2,0,0,1,0,1,0,0,0,"783247,0673","5830290,215","13,17816808","52,54884424",,,5265.0
214084,11,3,3300411.0,2021,8,17,1,3,6,4,0,0,1,1,0,0,0,0,"803902,1006","5839613,801","13,49041848","52,62127766",,,3560.0
214083,11,1,1200627.0,2021,7,19,5,3,0,2,0,1,1,0,0,0,0,1,"795501,6161","5828373,914","13,35667408","52,52515713",,,5243.0
214082,11,1,1200521.0,2021,7,1,6,2,0,1,2,1,0,0,0,0,0,0,"793686,4421","5828141,747","13,32979066","52,52405669",,,2849.0
214081,11,8,8100416.0,2021,8,9,4,3,2,6,0,0,1,0,0,0,0,0,"801996,1559","5823274,566","13,44749074","52,47589291",,,5256.0
214080,11,1,1100308.0,2021,7,17,6,2,0,1,0,1,0,0,0,0,0,0,"797136,4792","5827820,236","13,38020641","52,51930551",,,3025.0
214079,11,12,12100102.0,2021,7,13,6,3,5,3,0,1,0,0,1,0,0,0,"796654,968","5833325,511","13,37804741","52,56891638",,,3968.0
214078,11,3,3500934.0,2021,8,15,5,3,2,6,0,1,1,0,0,0,0,0,"801252,5794","5831813,38","13,4443062","52,5528383",,,3371.0
214077,11,10,10200423.0,2021,8,9,5,3,2,3,0,1,1,0,0,0,0,0,"813015,8101","5831217,009","13,61668333","52,54086225",,,1054.0
214076,11,4,4400726.0,2021,8,13,3,3,5,3,0,0,1,0,1,0,0,1,"791220,1559","5824087,093","13,2899947","52,48902984",,,4255.0
214075,11,1,1401045.0,2021,7,16,7,3,3,6,0,0,1,0,0,0,0,0,"797045,2621","5831893,486","13,38250711","52,55586719",,,4648.0
214074,11,8,8200831.0,2021,8,12,1,3,5,3,0,0,1,0,0,0,0,0,"799907,8181","5816245,149","13,41052556","52,4140348",,,7660.0
214073,11,4,4501042.0,2021,7,22,4,3,5,2,2,0,1,0,0,0,0,0,"794480,0413","5825855,631","13,3394311","52,50313507",,,1155.0
214072,11,8,8300934.0,2021,8,15,1,3,2,6,0,0,1,0,1,0,0,0,"802723,4477","5818752,115","13,45406647","52,4349553",,,7268.0
214071,11,5,5300736.0,2021,7,15,6,3,5,3,0,0,1,0,0,0,0,0,"786012,6131","5829295,037","13,21798606","52,5384767",,,2353.0
214070,11,7,7200411.0,2021,8,12,5,3,6,4,0,1,0,1,0,0,0,0,"796206,0614","5824231,807","13,36334179","52,48764469",,,9327.0
214069,11,12,12400723.0,2021,7,18,1,3,6,7,0,0,1,1,0,0,0,1,"791872,2994","5838189,252","13,31196938","52,61510342",,,3551.0
214068,11,7,7100102.0,2021,8,7,6,3,2,2,0,1,1,0,0,0,0,0,"795411,226","5824986,15","13,35233879","52,49483748",,,4263.0
214067,11,6,6100210.0,2021,8,21,1,3,5,3,2,1,1,0,0,0,0,1,"794713,8148","5821563,387","13,33907045","52,46453145",,,2633.0
214066,11,2,2400623.0,2021,8,16,6,3,8,1,0,0,0,0,0,0,1,0,"800527,8596","5826894,38","13,42920249","52,50914845",,,4067.0
214065,11,8,8100314.0,2021,7,7,2,3,6,4,0,0,1,1,0,0,0,1,"801092,1917","5823811,608","13,43470637","52,48120564",,,3050.0
214064,11,1,1100101.0,2021,8,7,4,3,0,7,0,1,1,0,0,0,0,0,"794676,3537","5826179,417","13,34260148","52,50593162",,,5256.0
214063,11,11,11501341.0,2021,7,10,5,3,5,3,0,1,1,0,0,0,0,0,"807185,5161","5823813,502","13,52415416","52,47782924",,,3648.0
214062,11,11,11300725.0,2021,7,15,5,3,6,4,0,0,0,1,0,0,1,0,"805214,5167","5828177,794","13,49922231","52,5180492",,,4558.0
214061,11,5,5300737.0,2021,8,11,3,3,2,6,0,0,1,0,0,0,0,0,"787788,87","5829403,297","13,24419739","52,53851213",,,4062.0
214060,11,1,1300733.0,2021,7,7,4,3,5,2,0,1,1,0,0,0,0,0,"797576,6408","5831889,949","13,39031873","52,55554541",,,3756.0
214059,11,6,6300633.0,2021,7,9,2,3,2,7,0,1,1,0,0,0,0,0,"792446,0689","5818815,296","13,30337861","52,44111364",,,6148.0
214058,11,3,3200310.0,2021,8,22,6,3,6,4,2,0,1,1,0,0,0,0,"799442,6121","5838263,817","13,42351874","52,61165355",,,6565.0
214057,11,6,6400736.0,2021,8,10,2,3,5,2,0,1,1,0,0,0,0,0,"787513,0785","5816890,419","13,22935029","52,4264716",,,4746.0
214056,11,4,4501041.0,2021,8,10,6,3,2,6,0,0,1,0,0,0,0,0,"792931,4997","5825530,487","13,31639644","52,50105383",,,5539.0
214055,11,4,4501042.0,2021,7,17,5,3,5,7,0,0,1,0,1,0,0,0,"794540,321","5825962,503","13,34041114","52,50406057",,,6163.0
214054,11,7,7601545.0,2021,7,16,6,3,1,5,0,1,1,0,0,0,0,0,"800060,6259","5813307,16","13,41013389","52,38761585",,,4947.0
214053,11,11,11501340.0,2021,8,11,4,3,1,5,0,1,1,0,0,0,0,0,"808133,96","5825376,044","13,53951939","52,49129849",,,4749.0
214052,11,12,12100206.0,2021,8,11,3,3,2,6,0,0,1,0,0,0,1,0,"793958,9328","5833467,404","13,33850955","52,57165097",,,5754.0
214051,11,5,5100207.0,2021,7,19,5,2,5,3,0,1,1,0,0,0,0,0,"779992,1118","5830307,606","13,13030541","52,55068307",,,5147.0
214050,11,2,2400521.0,2021,7,10,7,3,5,3,0,1,0,0,0,0,1,0,"800480,385","5828223,902","13,42970568","52,5210915",,,5143.0
214049,11,4,4500939.0,2021,8,11,5,3,5,3,0,0,1,0,0,0,0,0,"792203,8685","5824081,113","13,30443628","52,48845059",,,4430.0
214048,11,12,12200309.0,2021,8,16,4,3,6,2,0,0,1,1,0,0,0,0,"793353,0243","5832940,497","13,32912876","52,56725446",,,2323.0
214047,11,1,1200522.0,2021,8,13,2,3,4,5,0,1,0,0,0,0,1,0,"794314,4923","5828157,229","13,33903482","52,52385682",,,4757.0
214046,11,1,1100310.0,2021,8,6,7,3,0,1,0,1,0,0,0,0,0,0,"799647,2923","5828695,539","13,41788882","52,52577741",,,3349.0
214045,11,8,8100102.0,2021,7,17,4,3,1,5,0,1,1,0,0,0,0,0,"800464,0737","5823634,33","13,42532524","52,4799626",,,3860.0
214044,11,1,1100313.0,2021,8,8,3,3,5,3,0,1,0,0,0,0,1,0,"799899,3251","5826525,054","13,41963636","52,50618391",,,3152.0
214043,11,7,7200414.0,2021,8,0,1,2,0,3,2,1,0,0,1,0,0,1,"796257,079","5823954,758","13,3638447","52,48513351",,,7232.0
214042,11,7,7601341.0,2021,7,16,6,3,5,3,0,1,1,0,0,0,0,0,"798071,7948","5814227,608","13,38181477","52,39695237",,,2261.0
214041,11,5,5200418.0,2021,7,17,7,3,0,5,0,0,1,0,0,0,0,0,"780689,6329","5829143,035","13,13958152","52,53988177",,,4864.0
214040,11,5,5300735.0,2021,8,7,4,3,0,1,0,0,1,0,1,0,0,0,"786442,3675","5830474,722","13,22532246","52,54882764",,,4444.0
214039,11,6,6100101.0,2021,7,17,5,3,1,1,0,0,1,0,1,0,0,1,"792653,5584","5821314,192","13,30861226","52,46340486",,,3864.0
214038,11,2,2300418.0,2021,8,12,6,3,5,7,0,0,1,0,0,0,1,0,"801131,8076","5825069,786","13,43642471","52,49246117",,,5045.0
214037,11,4,4300517.0,2021,8,17,5,3,0,6,0,0,1,0,1,0,0,1,"791453,932","5828302,94","13,29711924","52,52669977",,,6053.0
214036,11,9,9200716.0,2021,8,15,3,3,0,1,0,0,0,0,1,0,0,0,"809049,4155","5819175,753","13,54721907","52,43521468",,,2886.0
214035,11,6,6100103.0,2021,8,16,1,3,6,7,0,1,0,1,0,0,0,0,"793804,8092","5821022,576","13,32525259","52,46017283",,,5563.0
214034,11,6,6100101.0,2021,7,10,4,2,1,7,0,0,1,0,0,0,0,0,"793286,4234","5820759,306","13,31741342","52,45809115",,,5856.0