OBJECTID,LAND,BEZ,LOR_ab_2021,UJAHR,UMONAT,USTUNDE,UWOCHENTAG,UKATEGORIE,UART,UTYP1,ULICHTVERH,IstRad,IstPKW,IstFuss,IstKrad,IstGkfz,IstSonstige,USTRZUSTAND,LINREFX,LINREFY,XGCSWGS84,YGCSWGS84,LOR,STRASSE,quadrant
214033,11,4,4200203.0,2021,8,16,1,2,8,1,0,1,0,0,0,0,0,1,"788286,669","5826920,484","13,24936406","52,51598958",,,4762.0
214032,11,12,12100204.0,2021,7,11,3,3,5,2,0,0,1,0,0,0,1,0,"795065,4169","5832467,607","13,35389955","52,56208997",,,5838.0
214031,11,10,10100311.0,2021,7,6,6,3,8,1,0,0,0,0,1,0,0,0,"806736,5248","5830280,929","13,52352277","52,5360439",,,4458.0
214030,11,5,5200633.0,2021,7,5,2,2,5,2,0,0,1,0,1,0,0,0,"783949,9326","5826591,51","13,18534628","52,51531525",,,4949.0
214029,11,9,9100304.0,2021,7,11,1,3,5,2,0,0,1,0,0,0,0,0,"804385,7086","5821738,033","13,48116348","52,46079499",,,4470.0
214028,11,10,10100311.0,2021,8,22,6,2,5,7,2,1,0,0,0,0,1,0,"806792,5108","5830324,581","13,52438591","52,5364036",,,5132.0
214027,11,8,8401243.0,2021,8,10,2,3,8,1,0,0,0,0,1,0,0,0,"805426,0682","5817272,818","13,492348","52,42019456",,,4973.0
214026,11,1,1100309.0,2021,8,19,6,3,0,1,0,1,0,0,1,0,0,1,"798987,1716","5828832,112","13,40831039","52,52736399",,,3136.0
214025,11,1,1200520.0,2021,7,0,1,2,0,7,2,0,0,0,0,0,1,0,"794253,87","5829270,563","13,33912923","52,53386987",,,3379.0
214024,11,7,7601340.0,2021,7,11,6,3,5,2,0,1,1,0,0,0,0,0,"796134,2938","5815933,292","13,35493031","52,41329371",,,5334.0
214023,11,2,2500830.0,2021,8,18,5,2,0,7,0,1,0,0,0,0,0,0,"802563,0704","5827389,369","13,45954917","52,51246007",,,3247.0
214022,11,3,3100103.0,2021,8,8,5,3,0,3,0,1,0,0,1,0,0,0,"804063,3094","5839912,313","13,49306702","52,62386284",,,4235.0
214021,11,1,1100313.0,2021,8,6,3,3,5,3,0,0,1,0,1,0,0,0,"800473,1898","5826684,246","13,4282097","52,50729506",,,5058.0
214020,11,10,10100311.0,2021,8,14,7,3,5,2,0,1,1,0,0,0,0,0,"807500,9481","5829177,511","13,53373699","52,52572434",,,4250.0
214019,11,11,11501340.0,2021,7,11,4,2,5,7,0,0,1,0,0,0,1,0,"807259,2956","5824366,744","13,52574689","52,482746",,,4146.0
214018,11,1,1100308.0,2021,8,4,1,3,1,5,2,0,1,0,0,0,1,0,"797032,2374","5828919,783","13,37965669","52,52921851",,,3660.0
214017,11,7,7300619.0,2021,7,8,1,3,5,2,0,1,1,0,0,0,0,0,"795243,269","5822270,82","13,34746722","52,4705873",,,2951.0
214016,11,5,5200633.0,2021,7,11,2,3,2,6,0,0,1,0,0,0,0,0,"784053,4997","5827184,802","13,187375","52,52058086",,,5751.0
214015,11,12,12400720.0,2021,8,8,6,3,2,6,0,1,1,0,0,0,0,0,"789100,8885","5840188,662","13,27289891","52,63450958",,,4452.0
214014,11,9,9501737.0,2021,8,13,2,3,5,2,0,1,1,0,0,0,0,0,"813766,4822","5821746,257","13,61879482","52,45556393",,,2064.0
214013,11,1,1100205.0,2021,8,13,6,3,3,2,0,0,1,0,0,0,0,0,"796974,044","5827042,638","13,37712543","52,51242367",,,2651.0
214012,11,7,7100102.0,2021,7,18,2,2,5,7,0,1,1,0,0,0,0,0,"795282,4422","5825402,331","13,35081627","52,49863793",,,3251.0
214011,11,5,5300737.0,2021,8,1,4,3,0,1,2,0,0,0,0,0,1,1,"786993,1211","5830135,176","13,23312914","52,54549352",,,6359.0
214010,11,3,3601245.0,2021,7,10,4,3,4,5,0,1,1,0,0,0,0,0,"800655,4435","5831074,772","13,43485678","52,54654797",,,3656.0
214009,11,7,7200308.0,2021,7,8,5,3,2,2,0,1,1,0,0,0,0,0,"795216,2091","5823199,434","13,34789196","52,47892633",,,6921.0
214008,11,11,11200514.0,2021,8,17,2,3,5,3,0,1,1,0,0,0,0,0,"805035,3975","5830436,264","13,49866266","52,53839081",,,4961.0
214007,11,4,4300518.0,2021,7,12,3,3,5,2,0,0,0,0,1,0,1,1,"792208,8334","5828619,337","13,30849322","52,52913208",,,2828.0
214006,11,11,11200410.0,2021,7,14,2,3,6,4,0,0,0,1,0,0,1,0,"805820,2516","5832299,696","13,51191451","52,55465149",,,5046.0
214005,11,3,3400831.0,2021,8,23,6,2,9,1,2,0,1,0,0,0,0,0,"799760,4202","5833788,45","13,42414844","52,57136468",,,3331.0
214004,11,2,2300316.0,2021,8,19,3,3,3,6,0,0,1,0,1,0,0,0,"801453,2412","5826046,53","13,44202871","52,50103848",,,5044.0
214003,11,1,1100416.0,2021,8,21,6,3,0,1,2,1,0,0,0,0,0,1,"798679,7307","5829463,114","13,40435891","52,53318855",,,3641.0
214002,11,5,5300737.0,2021,7,15,5,3,5,3,0,0,1,0,0,0,0,0,"787940,4067","5830041,989","13,2469791","52,54415822",,,7844.0
214001,11,2,2400623.0,2021,7,17,6,3,2,1,0,0,1,0,0,0,0,0,"800560,8188","5827024,98","13,4298046","52,51030089",,,7659.0
214000,11,2,2100106.0,2021,8,3,5,3,5,2,2,0,1,0,0,0,0,0,"798598,3849","5825578,664","13,39967723","52,49841434",,,4146.0
213999,11,11,11300722.0,2021,7,12,5,3,1,5,0,1,1,0,0,0,0,0,"803806,5179","5827751,317","13,47814638","52,51501299",,,2651.0
213998,11,4,4100101.0,2021,7,15,7,3,1,5,0,1,0,0,0,0,1,0,"790183,7014","5829822,631","13,27977502","52,54100149",,,2850.0
213997,11,1,1100308.0,2021,8,15,5,3,2,6,0,0,1,0,0,0,0,0,"796775,6115","5828816,313","13,37579245","52,52843079",,,3936.0
213996,11,6,6300528.0,2021,8,16,4,3,5,3,0,0,1,0,0,0,0,0,"789298,2011","5816083,361","13,25483337","52,41829494",,,5126.0
213995,11,1,1100308.0,2021,8,17,3,3,5,2,0,1,0,0,0,0,1,0,"796939,8385","5828909,033","13,37828902","52,52917249",,,4047.0
213994,11,3,3400618.0,2021,8,10,1,3,0,1,0,1,1,0,0,0,0,0,"796127,3753","5836570,617","13,37318555","52,59829241",,,4534.0
213993,11,9,9401534.0,2021,7,12,4,3,3,6,0,0,1,0,1,0,0,0,"811419,3436","5820140,284","13,58286716","52,4425143",,,4859.0
213992,11,1,1200626.0,2021,8,18,3,3,3,6,0,1,1,0,0,0,0,0,"795498,4946","5828219,487","13,35649098","52,52377451",,,4134.0
213991,11,12,12100205.0,2021,8,12,1,2,0,1,0,0,0,0,1,0,0,0,"793957,7597","5835301,516","13,34011883","52,58809309",,,1751.0
213990,11,9,9501737.0,2021,7,12,7,3,6,4,0,0,1,1,0,0,0,0,"814274,7015","5821931,971","13,62642438","52,45693615",,,5252.0
213989,11,5,5100316.0,2021,7,14,1,2,9,1,0,1,0,0,0,0,0,0,"785082,3084","5829425,398","13,20441841","52,540133",,,6935.0
213988,11,1,1200629.0,2021,8,14,5,3,5,7,0,0,1,0,0,0,0,0,"794558,2689","5827507,997","13,34204264","52,51790525",,,2847.0
213987,11,7,7501030.0,2021,7,14,6,2,6,4,0,0,1,1,0,0,0,0,"797980,096","5819783,295","13,38541915","52,44680342",,,5175.0
213986,11,7,7100101.0,2021,8,19,5,3,0,1,0,0,0,0,1,0,0,0,"794763,2558","5825631,203","13,34339283","52,5009703",,,3547.0
213985,11,9,9401635.0,2021,8,16,5,3,5,3,0,1,1,0,0,0,0,0,"816646,7761","5817431,712","13,6569564","52,41524237",,,2232.0
213984,11,2,2200209.0,2021,8,16,4,2,5,2,0,1,1,0,0,0,0,0,"796813,2806","5823979,519","13,37203367","52,48505339",,,7132.0
213983,11,6,6100206.0,2021,8,20,2,3,2,6,2,0,1,0,0,0,0,1,"794097,9248","5819501,008","13,32821432","52,44637492",,,5356.0
213982,11,9,9100304.0,2021,7,14,4,2,6,4,0,0,1,1,0,0,0,0,"804554,5438","5822498,96","13,48433517","52,46752089",,,4755.0
213981,11,2,2300316.0,2021,8,20,1,3,1,7,1,0,1,1,0,0,0,0,"801245,4069","5825972,867","13,43890955","52,50049299",,,5649.0
213980,11,10,10400940.0,2021,7,15,1,3,4,1,0,1,0,0,0,0,0,0,"812379,3956","5824090,429","13,60064214","52,47736513",,,7331.0
213979,11,4,4501148.0,2021,8,22,6,3,5,2,2,1,1,0,0,0,0,0,"793346,8252","5823084,35","13,32034405","52,47890201",,,5376.0
213978,11,4,4300416.0,2021,8,15,2,2,5,2,0,1,1,0,0,0,0,0,"791789,6026","5826098,099","13,30011941","52,5067542",,,7327.0
213977,11,2,2300316.0,2021,8,15,6,3,5,2,0,1,1,0,0,0,0,0,"801470,7316","5826044,79","13,44228402","52,50101322",,,760.0
213976,11,6,6400838.0,2021,7,16,2,3,1,5,0,0,1,0,0,0,1,0,"788743,5143","5820142,69","13,25020626","52,45498204",,,5356.0
213975,11,6,6100210.0,2021,8,9,5,3,1,5,0,1,1,0,0,0,0,0,"794800,7346","5821009,597","13,33985706","52,45952013",,,3748.0
213974,11,11,11200513.0,2021,7,22,4,3,5,3,2,0,1,0,0,0,0,0,"804575,1476","5831042,677","13,4924535","52,5440832",,,5264.0
213973,11,4,1200522.0,2021,7,14,5,2,0,6,0,0,1,0,1,0,0,0,"793642,6589","5827967,82","13,3289936","52,5225211",,,6426.0
213972,11,1,1100101.0,2021,8,0,4,3,0,1,2,1,0,0,0,0,0,0,"794655,3333","5826066,733","13,34219295","52,50493283",,,5245.0
213971,11,1,1401045.0,2021,8,17,2,3,6,7,0,1,0,1,0,0,0,0,"796703,4795","5831647,904","13,37726107","52,55385214",,,3676.0
213970,11,6,6200315.0,2021,7,12,6,3,0,6,0,0,1,0,1,0,0,0,"795251,1361","5817502,282","13,34336773","52,42783595",,,5466.0
213969,11,4,4300415.0,2021,7,15,2,3,3,6,0,0,1,0,1,0,0,0,"791005,3102","5826324,579","13,28879448","52,5092035",,,3837.0
213968,11,2,2300314.0,2021,8,8,2,3,5,3,0,0,1,0,0,0,1,0,"800280,9176","5826091,469","13,42485067","52,50208765",,,4658.0
213967,11,1,1100312.0,2021,8,20,7,3,5,2,1,1,1,0,0,0,0,0,"799651,2417","5827045,792","13,41646091","52,51098784",,,5147.0
213966,11,10,10200418.0,2021,7,11,2,3,5,2,0,0,1,0,0,0,0,0,"811288,6004","5831560,788","13,59161992","52,54493232",,,5361.0
213965,11,8,8100105.0,2021,8,18,2,3,5,2,0,1,1,0,0,0,0,0,"800944,4966","5822300,867","13,43117498","52,46774579",,,2062.0
213964,11,4,4300623.0,2021,8,15,6,3,5,7,0,1,1,0,0,0,0,0,"792725,01","5826102,048","13,31386565","52,5062885",,,1263.0
213963,11,12,12601031.0,2021,7,0,6,3,8,1,2,0,1,0,0,0,0,0,"793547,4123","5836903,072","13,33549878","52,60267152",,,9229.0
213962,11,2,2400625.0,2021,7,20,6,3,5,2,1,1,1,0,0,0,0,0,"801765,3262","5826249,693","13,44679646","52,50268697",,,4848.0
213961,11,6,6200421.0,2021,8,12,5,3,3,6,0,0,1,0,1,0,0,0,"793149,0187","5817665,558","13,31268257","52,43043008",,,6839.0
213960,11,4,4200308.0,2021,7,17,4,2,1,1,0,0,1,0,1,0,0,0,"788328,3027","5827899,799","13,25082481","52,52474754",,,4156.0
213959,11,5,5100315.0,2021,8,15,5,3,2,2,0,0,1,0,0,0,1,0,"784560,1971","5829789,936","13,197053","52,54367436",,,3666.0
213958,11,12,12500824.0,2021,8,14,3,3,5,3,0,1,1,0,0,0,0,0,"790625,4505","5835955,499","13,29164394","52,59574654",,,3345.0
213957,11,1,1100310.0,2021,7,6,4,3,5,2,0,0,1,0,0,0,0,0,"799246,9565","5828469,031","13,41180163","52,52396699",,,4445.0
213956,11,3,3300516.0,2021,7,13,5,3,5,2,0,0,1,0,0,0,0,0,"800101,7154","5833875,534","13,42924805","52,57195717",,,3942.0
213955,11,2,2100102.0,2021,8,20,3,3,5,2,1,1,1,0,0,0,0,1,"797958,5536","5826222,137","13,39085553","52,504532",,,3750.0
213954,11,1,1100310.0,2021,8,20,2,3,3,6,0,0,1,0,0,0,0,0,"799277,6377","5828512,442","13,41229157","52,52433926",,,3349.0
213953,11,1,1200628.0,2021,7,8,4,2,5,2,0,1,1,0,0,0,0,0,"795468,3867","5827765,588","13,35564528","52,519722",,,2933.0
213952,11,8,8100206.0,2021,7,19,6,3,5,3,0,1,1,0,0,0,0,0,"801107,8493","5823533,917","13,43468547","52,47870799",,,3940.0
213951,11,5,5200423.0,2021,7,18,2,2,5,2,0,0,1,0,0,0,0,0,"780865,8489","5828328,661","13,14148464","52,53248877",,,1660.0
213950,11,1,1100308.0,2021,8,9,2,3,3,6,0,0,1,0,1,0,0,0,"796900,441","5828886,852","13,37769015","52,52899512",,,2728.0
213949,11,12,12400619.0,2021,8,15,7,3,0,2,0,0,1,0,1,0,0,0,"787914,1391","5836258,344","13,25199","52,59990388",,,4049.0
213948,11,12,12500929.0,2021,8,19,2,3,8,1,0,0,1,0,0,0,0,0,"794957,4637","5839058,364","13,35818044","52,62122847",,,5176.0
213947,11,11,11401136.0,2021,8,15,6,3,6,7,0,0,0,1,0,0,1,0,"805986,0049","5826310,068","13,50883982","52,50087775",,,4636.0
213946,11,12,12500824.0,2021,7,9,6,3,2,2,0,0,1,0,0,0,0,0,"790625,009","5835958,367","13,29163995","52,59577248",,,7660.0
213945,11,7,7501135.0,2021,7,8,6,3,1,5,0,0,1,0,0,0,0,0,"798445,7757","5816906,725","13,38968302","52,4207642",,,5154.0
213944,11,11,11300721.0,2021,8,5,4,3,0,7,0,0,0,0,1,0,0,0,"805519,7022","5830054,868","13,50543058","52,53470133",,,5956.0
213943,11,12,12100205.0,2021,7,14,5,3,2,6,0,0,1,0,0,0,0,0,"794175,3141","5835403,446","13,34341137","52,5888892",,,4657.0
213942,11,9,9501941.0,2021,7,16,7,3,5,2,0,1,1,0,0,0,0,0,"811456,9733","5821168,832","13,58437785","52,45171019",,,5249.0
213941,11,8,8100102.0,2021,8,10,5,3,5,3,0,1,1,0,0,0,0,0,"800393,8504","5823322,784","13,42401367","52,4772087",,,1661.0
213940,11,4,4100101.0,2021,8,17,3,3,0,3,0,0,1,0,1,0,0,0,"792256,3024","5830681,918","13,31100513","52,54759702",,,4658.0
213939,11,5,5100210.0,2021,8,14,3,3,5,2,0,1,1,0,0,0,0,1,"783979,1491","5830107,246","13,1887792","52,54682256",,,3661.0
213938,11,3,3400721.0,2021,8,16,7,3,1,5,0,0,1,0,0,0,0,0,"797995,1948","5833054,935","13,39752027","52,56575904",,,4559.0
213937,11,4,4300518.0,2021,7,16,3,3,1,5,0,1,1,0,0,0,0,0,"792107,7281","5827787,65","13,30627646","52,5217304",,,5649.0
213936,11,5,5100209.0,2021,8,6,3,3,5,3,0,0,1,0,0,0,1,0,"782816,7465","5830408,383","13,17193939","52,55012737",,,4355.0
213935,11,8,8100103.0,2021,8,14,7,3,2,6,0,0,1,0,0,0,0,0,"800698,2152","5822922,714","13,42812093","52,47345525",,,1559.0
213934,11,6,6300631.0,2021,7,15,6,3,1,1,0,1,1,0,0,0,0,0,"792080,3235","5816497,153","13,29598819","52,42052695",,,6957.0
213933,11,1,1100310.0,2021,7,23,5,3,5,2,2,0,1,0,0,0,0,0,"799248,351","5828469,191","13,41182226","52,52396765",,,4973.0
213932,11,1,1100309.0,2021,8,21,5,3,6,2,1,0,1,1,0,0,0,0,"798658,55","5828820,48","13,40347026","52,52743985",,,4942.0
213931,11,8,8401139.0,2021,8,16,5,3,5,3,0,0,1,0,1,0,0,1,"803032,5161","5818606,981","13,4584674","52,43348333",,,4538.0
213930,11,1,1100206.0,2021,8,18,4,3,3,6,0,1,0,0,0,0,0,0,"797155,7471","5827713,407","13,38039411","52,51833741",,,5161.0
213929,11,10,10200524.0,2021,8,18,2,3,6,4,0,0,1,1,0,0,0,0,"812605,2084","5830464,949","13,60994124","52,53435872",,,3074.0
213928,11,9,9501939.0,2021,7,16,4,3,6,7,0,1,0,1,0,0,0,0,"811025,9991","5821821,089","13,57866378","52,45780079",,,4559.0
213927,11,10,10300734.0,2021,8,13,1,3,0,1,0,0,0,0,1,0,0,0,"809586,27","5824135,781","13,55968994","52,47936193",,,6370.0
213926,11,9,9200717.0,2021,7,7,6,3,5,3,0,0,1,0,0,0,1,0,"809469,2927","5819066,753","13,5532749","52,43400046",,,3162.0
213925,11,9,9200715.0,2021,7,22,1,3,8,1,2,0,1,0,0,0,0,0,"807861,9538","5818113,761","13,52882897","52,42636652",,,6727.0
213924,11,7,7200409.0,2021,8,15,6,3,1,5,0,1,1,0,0,0,0,0,"795798,8778","5824312,3","13,35743397","52,48858702",,,3579.0
213923,11,1,1200628.0,2021,8,20,2,3,5,2,1,1,1,0,0,0,0,1,"795541,821","5828196,459","13,35710727","52,5235446",,,1658.0
213922,11,9,9501941.0,2021,8,15,7,3,5,2,0,1,1,0,0,0,0,0,"811395,6627","5821164,189","13,58347422","52,45170351",,,3141.0
213921,11,2,2200210.0,2021,7,13,2,3,0,3,0,0,1,0,0,0,1,0,"797965,4261","5824895,725","13,38976986","52,49263857",,,1057.0
213920,11,4,4300412.0,2021,8,16,4,3,5,2,0,1,1,0,0,0,0,0,"790797,6792","5827378,319","13,28666463","52,518761",,,4251.0
213919,11,1,1100311.0,2021,7,13,4,3,5,2,0,1,1,0,0,0,0,0,"799606,792","5827991,155","13,41665912","52,51948597",,,3944.0
213918,11,11,11300620.0,2021,7,21,5,3,5,2,0,1,1,0,0,0,0,0,"803744,3482","5829272,426","13,47862209","52,52868084",,,3652.0
213917,11,3,3300411.0,2021,8,15,4,2,6,4,0,0,1,1,0,0,0,0,"803672,0703","5839096,993","13,48655638","52,61677441",,,5062.0
213916,11,4,4500939.0,2021,8,11,3,2,2,6,0,0,1,0,1,0,0,0,"792020,7834","5824050,829","13,30172099","52,48827706",,,5359.0
213915,11,4,4300624.0,2021,7,12,4,3,5,3,0,0,1,0,0,0,1,0,"793308,5822","5826154,555","13,3224854","52,50644579",,,3648.0
213914,11,1,1100308.0,2021,7,22,6,3,5,3,2,1,1,0,0,0,0,0,"797044,6328","5829327,236","13,38020296","52,53286411",,,5466.0
213913,11,1,1400942.0,2021,8,14,4,3,3,6,0,1,0,0,0,0,0,0,"794758,7343","5830894,641","13,34799169","52,5481557",,,663.0
213912,11,4,4200311.0,2021,7,9,3,3,3,6,0,0,1,0,0,0,0,0,"790277,4871","5826014,014","13,27782962","52,50680703",,,1758.0
213911,11,3,3601450.0,2021,8,7,2,3,2,6,0,1,1,0,0,0,0,0,"802323,0667","5829859,76","13,45826896","52,53473511",,,4259.0
213910,11,5,5100315.0,2021,8,17,7,3,5,2,0,0,1,0,0,0,1,0,"784663,0843","5829704,516","13,19849288","52,54285474",,,1658.0
213909,11,8,8200624.0,2021,7,17,3,3,5,3,0,0,1,0,0,0,0,0,"801179,7485","5820596,796","13,4330902","52,45234202",,,6142.0
213908,11,1,1100415.0,2021,8,10,3,3,5,2,0,1,0,0,0,0,1,0,"797396,384","5829170,384","13,38523303","52,53126631",,,4346.0
213907,11,9,9200510.0,2021,8,19,1,3,2,6,0,0,1,0,0,0,0,0,"806402,4756","5823015,152","13,51192725","52,47111401",,,3242.0
213906,11,1,1401047.0,2021,7,8,6,3,1,5,0,1,1,0,0,0,0,0,"795657,6208","5830628,824","13,36097286","52,54528579",,,3855.0
213905,11,7,7501032.0,2021,7,15,6,3,5,3,0,1,1,0,0,0,0,0,"799319,0467","5819602,931","13,40490001","52,44445534",,,960.0
213904,11,3,3200205.0,2021,8,8,4,3,2,6,0,1,1,0,0,1,0,0,"797867,2739","5836017,608","13,39830074","52,59238522",,,5034.0
213903,11,6,6300634.0,2021,7,8,5,3,5,2,0,1,1,0,0,0,0,0,"791394,5449","5817818,159","13,28708317","52,43273553",,,3268.0
213902,11,4,4501148.0,2021,8,13,5,3,5,3,0,0,1,0,0,0,0,0,"793020,9868","5823393,322","13,31583151","52,48184678",,,6938.0
213901,11,10,10100205.0,2021,8,12,5,3,5,2,0,1,1,0,0,0,0,0,"807991,5945","5832316,071","13,54385545","52,55357476",,,3445.0
213900,11,1,1200628.0,2021,8,17,3,3,5,3,0,1,1,0,0,0,0,0,"795530,4836","5828225,788","13,35696671","52,52381366",,,4632.0
213899,11,2,2500727.0,2021,8,12,1,3,1,5,0,0,1,0,0,0,1,0,"802368,1161","5828302,797","13,45751525","52,52075518",,,3253.0
213898,11,3,3701554.0,2021,7,22,4,3,1,5,2,1,1,0,0,0,0,0,"799065,9578","5830190,53","13,41069053","52,53949696",,,5441.0
213897,11,4,4300624.0,2021,8,19,2,3,0,2,0,0,1,0,1,0,0,0,"793314,0861","5826006,57","13,32243588","52,5051162",,,736.0
213896,11,2,2100102.0,2021,7,9,6,3,2,6,0,1,0,0,0,0,0,0,"798250,6802","5825811,637","13,39477901","52,50069278",,,3348.0
213895,11,2,2400623.0,2021,7,19,6,3,0,1,1,0,0,0,0,0,1,0,"800694,8014","5827711,451","13,43239316","52,51638008",,,7936.0
213894,11,5,5200632.0,2021,7,19,5,3,5,3,0,1,0,0,0,0,0,0,"785148,9102","5828325,392","13,20445394","52,53023559",,,4656.0
213893,11,10,10400837.0,2021,8,18,6,3,1,5,0,1,1,0,0,0,0,0,"810011,235","5824747,516","13,56649619","52,48460303",,,3754.0
213892,11,12,12100103.0,2021,8,13,2,3,6,7,0,0,1,1,0,0,0,0,"795576,6869","5833237,808","13,36210617","52,56871678",,,3661.0
213891,11,11,11200512.0,2021,8,16,6,3,0,3,0,1,1,0,0,0,0,0,"803227,5961","5830239,613","13,47191028","52,53763717",,,5826.0
213890,11,4,4501044.0,2021,8,17,3,3,0,2,0,1,1,0,0,0,0,0,"793202,2246","5824545,857","13,3195066","52,49208158",,,4650.0
213889,11,2,2500833.0,2021,7,6,5,3,5,3,0,1,1,0,0,0,0,0,"802517,8379","5827266,908","13,45877336","52,51138754",,,4063.0
213888,11,2,2500832.0,2021,7,14,5,3,2,6,0,0,1,0,0,0,0,0,"803650,7885","5827406,436","13,47554383","52,51200863",,,2849.0
213887,11,5,5200526.0,2021,8,5,4,3,2,6,1,0,1,0,0,0,0,1,"782349,2269","5827040,8","13,16220147","52,52017485",,,4259.0
213886,11,12,12400723.0,2021,8,11,3,3,6,7,0,0,0,1,0,0,1,0,"791630,0392","5838486,762","13,30866368","52,61790053",,,6150.0
213885,11,4,4501150.0,2021,8,19,1,3,0,1,0,1,0,0,0,0,0,0,"793404,6673","5823926,637","13,32193461","52,48642173",,,2772.0
213884,11,11,11200514.0,2021,7,16,3,3,2,7,0,1,0,0,0,0,1,0,"803650,6054","5830098,651","13,47799921","52,53613826",,,7062.0
213883,11,4,4200310.0,2021,8,11,3,3,5,7,0,1,1,0,0,0,0,0,"789908,422","5826703,83","13,273008","52,51318759",,,8026.0
213882,11,4,4400830.0,2021,8,10,1,3,5,2,0,0,1,0,1,0,0,0,"791992,2329","5823184,074","13,30054244","52,48052198",,,5359.0
213881,11,8,8100104.0,2021,7,22,6,3,2,6,2,0,1,0,0,0,0,1,"800767,5212","5822742,78","13,428976","52,47180428",,,7232.0
213880,11,2,2100102.0,2021,7,18,5,3,5,3,0,0,1,0,0,0,1,0,"798346,1573","5825564,155","13,39595969","52,49842224",,,8057.0
213879,11,2,2500830.0,2021,8,18,6,3,1,5,0,1,1,0,0,0,0,0,"802465,0357","5827411,254","13,45812886","52,5127106",,,6531.0
213878,11,4,4400726.0,2021,8,10,2,3,2,6,0,0,1,0,0,0,0,0,"790858,5535","5824640,174","13,2851669","52,49418103",,,7220.0
213877,11,8,8401243.0,2021,8,13,6,3,5,3,0,0,1,0,1,0,0,0,"805345,2704","5817327,629","13,49121357","52,4207309",,,5327.0
213876,11,4,4300412.0,2021,8,14,3,2,0,7,0,1,0,0,0,0,0,0,"791408,0797","5827478,343","13,29572275","52,51933187",,,8423.0
213875,11,4,4500939.0,2021,8,19,2,3,5,3,0,0,1,0,0,0,0,1,"791968,5986","5824746,139","13,30156389","52,49453833",,,4348.0
213874,11,12,12500927.0,2021,7,20,4,3,1,1,0,1,0,0,0,0,1,0,"791638,0992","5835050,788","13,30575525","52,587094",,,6523.0
213873,11,8,8200623.0,2021,8,23,1,3,1,5,2,0,1,0,0,0,0,1,"801803,1797","5821111,17","13,44270149","52,45660864",,,3060.0
213872,11,10,10100313.0,2021,7,12,4,2,9,1,0,0,1,0,0,0,0,0,"808508,3799","5831158,717","13,55037846","52,54291039",,,4322.0
213871,11,12,12400618.0,2021,7,16,2,3,5,2,0,1,1,0,0,0,0,0,"787285,0743","5837905,432","13,24415746","52,61500337",,,4724.0
213870,11,3,3200308.0,2021,8,13,6,2,5,2,0,1,1,0,0,0,0,0,"799873,0238","5836930,401","13,42864826","52,59946464",,,7430.0
213869,11,1,1300730.0,2021,8,14,2,3,2,6,0,1,1,0,0,0,0,0,"796217,9461","5832202,364","13,37061549","52,55908657",,,5048.0
213868,11,1,1401047.0,2021,8,13,7,3,1,5,0,1,1,0,0,0,0,0,"795555,9475","5830712,304","13,35955218","52,54608928",,,4864.0
213867,11,3,3601142.0,2021,7,19,3,2,2,6,0,0,1,0,1,0,0,0,"798770,79","5830341,315","13,40648692","52,54101044",,,7165.0
213866,11,1,1100310.0,2021,8,13,4,3,3,6,0,0,1,0,1,0,0,0,"799554,4431","5827578,321","13,41551819","52,51581431",,,5240.0
213865,11,4,4501043.0,2021,7,16,4,3,5,3,0,1,1,0,0,0,0,0,"792912,1243","5824395,826","13,31511408","52,49089234",,,6369.0
213864,11,4,4500937.0,2021,7,11,5,3,0,6,0,0,1,0,0,0,1,0,"791663,9424","5825126,78","13,29742241","52,49811363",,,4760.0
213863,11,4,4400729.0,2021,8,10,4,2,3,6,0,0,0,0,1,0,1,0,"789366,3444","5822911,491","13,2617478","52,479476",,,5756.0
213862,11,6,6200311.0,2021,8,16,2,3,2,3,0,1,1,0,0,0,0,0,"796241,3386","5818273,471","13,3585719","52,43421386",,,4265.0
213861,11,4,4100101.0,2021,7,19,5,3,5,3,0,0,1,0,0,0,1,0,"790679,5539","5829741,196","13,28699463","52,54000714",,,4461.0
213860,11,7,7300619.0,2021,7,9,6,3,5,2,0,0,1,0,0,0,0,0,"795415,2093","5820992,572","13,3488596","52,4590357",,,1561.0
213859,11,6,6300630.0,2021,8,7,4,3,1,5,0,0,1,0,1,0,0,0,"793196,3177","5818204,143","13,31384857","52,43523305",,,4386.0
213858,11,5,5200421.0,2021,8,0,4,2,1,5,2,0,1,0,0,0,1,0,"780986,3949","5828559,604","13,14345234","52,53449741",,,8033.0
213857,11,1,1100207.0,2021,8,6,2,3,5,3,0,1,0,0,0,0,1,0,"797909,1064","5826571,917","13,39044218","52,50769435",,,3823.0
213856,11,8,8100209.0,2021,8,11,7,3,5,7,0,0,0,0,1,0,1,0,"801924,5405","5821930,548","13,44522324","52,46388586",,,3250.0
213855,11,8,8100206.0,2021,7,12,3,3,2,6,0,0,1,0,0,0,1,0,"800851,5796","5823834,976","13,43119506","52,48154771",,,4748.0
213854,11,4,4501153.0,2021,8,18,3,3,5,2,0,1,0,0,0,0,0,0,"794187,0039","5823237,094","13,33281439","52,47981933",,,5239.0
213853,11,1,1100310.0,2021,8,13,1,3,2,6,0,0,1,0,0,0,0,0,"799097,0112","5827598,914","13,40881573","52,51624994",,,7934.0