OBJECTID,LAND,BEZ,LOR_ab_2021,UJAHR,UMONAT,USTUNDE,UWOCHENTAG,UKATEGORIE,UART,UTYP1,ULICHTVERH,IstRad,IstPKW,IstFuss,IstKrad,IstGkfz,IstSonstige,USTRZUSTAND,LINREFX,LINREFY,XGCSWGS84,YGCSWGS84,LOR,STRASSE,quadrant
213852,11,4,4500936.0,2021,7,13,7,3,5,2,0,1,1,0,0,0,0,0,"792091,0135","5825297,824","13,30384568","52,49941859",,,1163.0
213851,11,6,6200315.0,2021,7,11,7,3,0,7,0,0,1,0,0,0,0,0,"794996,1721","5817317,679","13,33946588","52,42631861",,,2028.0
213850,11,11,11300620.0,2021,8,7,5,3,1,5,0,0,1,0,0,0,0,0,"804205,1628","5829318,724","13,48543642","52,52883885",,,4445.0
213849,11,1,1400942.0,2021,7,16,5,3,1,6,0,0,1,0,0,0,1,0,"794778,8521","5830356,026","13,34780949","52,54331654",,,5143.0
213848,11,4,4300415.0,2021,8,14,5,2,1,7,0,0,1,0,0,0,0,0,"791262,6563","5825878,632","13,29218546","52,50506826",,,4615.0
213847,11,8,8401243.0,2021,8,12,5,3,2,2,0,1,1,0,0,0,0,0,"805564,8917","5817120,783","13,49424423","52,41875443",,,6028.0
213846,11,1,1300836.0,2021,8,11,3,3,5,3,0,0,1,0,0,0,0,0,"796438,174","5830101,742","13,37197936","52,54013692",,,3567.0
213845,11,8,8100521.0,2021,8,13,1,3,5,3,0,1,1,0,0,0,0,0,"803954,9449","5822026,434","13,47510543","52,46361964",,,3834.0
213844,11,1,1200520.0,2021,7,12,4,3,2,3,0,0,0,0,1,0,0,0,"794333,6514","5828947,538","13,340016","52,53093109",,,4615.0
213843,11,5,5100316.0,2021,8,5,2,3,6,4,0,0,1,1,0,0,0,1,"784035,6121","5829035,851","13,18869355","52,53718691",,,3332.0
213842,11,5,5100206.0,2021,7,18,2,3,5,3,0,1,0,0,0,0,1,0,"781952,6562","5830973,192","13,15970913","52,55563965",,,4332.0
213841,11,7,7400721.0,2021,7,21,1,3,0,1,2,1,0,0,0,0,0,1,"798737,9702","5823956,308","13,40027285","52,48379568",,,5053.0
213840,11,9,9200510.0,2021,8,7,6,3,2,2,0,1,1,0,0,0,0,0,"806067,3297","5823415,202","13,50737572","52,4748873",,,5954.0
213839,11,4,4501042.0,2021,8,12,2,3,3,6,0,0,1,0,0,0,0,0,"794037,7215","5826118,2","13,33316527","52,5057274",,,4463.0
213838,11,10,10300734.0,2021,8,10,5,3,0,3,0,0,1,0,0,0,1,0,"809552,3064","5827024,341","13,56187494","52,50526762",,,3535.0
213837,11,8,8100102.0,2021,7,17,1,3,5,2,0,1,1,0,0,0,0,0,"800176,9878","5823657,656","13,42113163","52,48032955",,,6729.0
213836,11,1,1401045.0,2021,8,18,4,3,2,6,0,0,1,0,0,0,0,0,"796491,937","5831909,744","13,37438395","52,55631445",,,4026.0
213835,11,9,9501838.0,2021,7,10,4,2,0,3,0,1,0,0,0,0,1,1,"821559,9261","5819111,681","13,73056376","52,42743056",,,5934.0
213834,11,4,4200310.0,2021,7,16,5,3,3,6,0,1,0,0,0,0,1,0,"789698,2176","5826433,437","13,26968374","52,51087515",,,3350.0
213833,11,4,4500937.0,2021,8,14,3,3,5,2,0,0,1,0,0,0,0,0,"790957,6668","5824827,808","13,28678656","52,49581035",,,5253.0
213832,11,12,12200412.0,2021,7,12,3,3,5,3,0,0,1,0,1,0,0,0,"791133,4903","5833990,532","13,29739661","52,57785935",,,3749.0
213831,11,8,8200725.0,2021,7,9,2,3,5,3,0,0,1,0,0,0,0,0,"800421,727","5819269,435","13,42077533","52,44086134",,,5949.0
213830,11,2,2500727.0,2021,8,19,6,3,5,3,0,1,0,0,0,0,0,0,"802686,4931","5828097,246","13,46200628","52,51873623",,,4677.0
213829,11,5,5200631.0,2021,8,19,2,3,5,3,0,0,1,0,0,0,0,1,"785105,774","5827527,563","13,20313565","52,52310486",,,5053.0
213828,11,8,8100415.0,2021,8,18,6,2,0,3,0,1,0,0,0,0,0,0,"801850,981","5823335,358","13,44541477","52,47651805",,,3567.0
213827,11,4,4501045.0,2021,7,19,5,3,6,7,0,0,0,1,0,0,1,1,"793920,2156","5825284,958","13,33070351","52,49832112",,,8412.0
213826,11,8,8200622.0,2021,7,15,6,2,1,5,0,1,1,0,0,0,0,0,"801332,9523","5821307,541","13,43597928","52,45862822",,,7232.0
213825,11,12,12100101.0,2021,8,21,3,3,5,3,2,0,1,1,0,0,0,0,"796641,4958","5832413,406","13,37703368","52,56074776",,,3444.0
213824,11,9,9501838.0,2021,8,15,4,3,6,7,0,1,0,1,0,0,0,0,"820240,6256","5819599,265","13,71169339","52,43257297",,,4757.0
213823,11,1,1100310.0,2021,7,15,4,3,0,7,0,1,0,0,0,0,0,0,"799678,2428","5828722,299","13,41836779","52,52600026",,,5341.0
213822,11,9,9502043.0,2021,7,10,7,3,2,6,0,0,1,0,0,0,0,0,"809740,1907","5822045,41","13,56000854","52,46054129",,,4249.0
213821,11,8,8200622.0,2021,8,12,5,3,5,3,0,1,1,0,0,0,0,0,"801230,5256","5821683,794","13,43481586","52,46205716",,,7353.0
213820,11,2,2200208.0,2021,8,13,4,2,5,3,0,1,1,0,0,0,0,0,"797542,2168","5824998,87","13,38364689","52,493794",,,5356.0
213819,11,10,10400837.0,2021,8,22,2,2,4,1,2,0,1,0,0,0,0,0,"810218,5054","5824206,643","13,56903551","52,47963822",,,3371.0
213818,11,4,4200311.0,2021,7,18,4,3,5,2,0,1,1,0,0,0,0,0,"790515,2979","5826208,741","13,28149357","52,50842618",,,7055.0
213817,11,7,7100206.0,2021,7,19,1,3,2,6,0,0,1,0,1,0,0,0,"796897,95","5824764,424","13,37397616","52,49204325",,,4169.0
213816,11,3,3200309.0,2021,8,14,6,2,5,3,0,0,1,0,1,0,0,0,"800089,2842","5837540,295","13,43238455","52,60481189",,,5455.0
213815,11,9,9200819.0,2021,8,17,2,3,2,6,1,0,1,0,0,0,0,1,"810528,178","5820315,65","13,56996103","52,44459263",,,1054.0
213814,11,2,2100101.0,2021,8,12,6,3,5,2,0,0,1,0,0,0,1,0,"797323,1764","5826240,534","13,38153853","52,50504351",,,7237.0
213813,11,10,10200418.0,2021,7,6,3,3,4,5,0,1,1,0,0,0,0,0,"810815,0959","5831042,384","13,58417487","52,54055705",,,4150.0
213812,11,1,1300732.0,2021,8,8,5,3,0,1,0,1,0,0,0,0,0,0,"797684,2261","5832852,215","13,39276408","52,56411205",,,2943.0
213811,11,4,4300518.0,2021,7,17,5,3,2,6,0,0,1,0,0,0,0,1,"792208,7892","5828619,323","13,30849256","52,52913198",,,2050.0
213810,11,7,7601341.0,2021,7,11,7,3,6,4,0,0,1,1,0,0,0,0,"796654,6029","5815850,49","13,3624845","52,41226974",,,7659.0
213809,11,8,8200832.0,2021,8,1,4,3,1,5,2,0,1,0,0,0,0,0,"800386,3716","5816767,35","13,41800929","52,4184532",,,6447.0
213808,11,5,5200423.0,2021,8,13,4,2,5,3,0,0,1,0,1,0,0,0,"781750,1683","5828440,382","13,1545818","52,5330341",,,4859.0
213807,11,1,1200520.0,2021,7,19,5,2,0,1,0,1,0,0,0,0,0,0,"794574,3345","5828704,155","13,34333819","52,52861931",,,1344.0
213806,11,7,7100204.0,2021,8,8,4,3,4,6,0,1,0,0,0,0,0,0,"795620,2329","5824501,044","13,35497803","52,49037573",,,3838.0
213805,11,11,11300725.0,2021,8,9,4,3,5,3,0,1,1,0,0,0,0,0,"805261,6503","5827711,334","13,49948684","52,5138422",,,435.0
213804,11,11,11200513.0,2021,8,14,2,3,5,2,0,1,1,0,0,0,0,0,"804193,4886","5830672,751","13,48650412","52,54098093",,,5550.0
213803,11,7,7400721.0,2021,8,11,7,3,3,6,0,0,1,0,1,0,0,0,"798225,6896","5823979,492","13,39277204","52,48428353",,,6352.0
213802,11,12,12601032.0,2021,7,11,4,3,0,3,0,0,1,0,1,0,0,0,"793545,3591","5837395,444","13,33590523","52,60708639",,,1567.0
213801,11,3,3400831.0,2021,8,17,3,3,5,2,0,0,0,0,1,0,0,0,"800063,2766","5833885,816","13,42869187","52,57207053",,,5062.0
213800,11,8,8100206.0,2021,8,21,7,3,2,2,2,0,1,0,0,0,0,1,"800725,2016","5823801,521","13,42930953","52,48131745",,,7645.0
213799,11,8,8100521.0,2021,7,15,6,3,5,3,0,0,1,0,0,0,0,0,"802371,3847","5822703,547","13,452481","52,47056723",,,3836.0
213798,11,6,6100205.0,2021,7,4,7,3,0,1,2,0,1,0,1,0,0,0,"795821,3109","5819717,801","13,35368994","52,44738862",,,5923.0
213797,11,8,8200725.0,2021,8,11,4,3,0,6,0,1,1,0,0,0,0,0,"800442,0999","5819482,205","13,42126544","52,44275731",,,4755.0
213796,11,3,3300516.0,2021,7,17,6,3,0,1,0,0,0,0,1,0,0,0,"801327,2499","5833164,998","13,44663133","52,56491158",,,4055.0
213795,11,3,3601141.0,2021,7,0,6,3,5,2,2,1,1,0,0,0,0,0,"799243,5467","5831771,416","13,41472556","52,55356963",,,2854.0
213794,11,3,3200309.0,2021,8,10,5,3,1,5,0,1,1,0,0,0,1,0,"800508,1141","5837965,429","13,4389366","52,60839104",,,4856.0
213793,11,8,8401242.0,2021,8,16,5,3,5,7,0,0,1,0,0,0,0,0,"805209,214","5817320,637","13,48921266","52,42074413",,,3348.0
213792,11,4,4100101.0,2021,8,15,3,3,5,2,0,0,1,0,0,0,0,1,"793341,4146","5829716,24","13,32610912","52,538357",,,2431.0
213791,11,8,8301036.0,2021,8,23,1,2,5,2,2,0,1,0,0,0,0,0,"803734,396","5818004,535","13,4682128","52,42769437",,,3836.0
213790,11,3,3300516.0,2021,7,10,4,3,0,1,0,0,0,0,1,0,0,0,"801135,5109","5833554,526","13,44416472","52,56850902",,,4238.0
213789,11,2,2400623.0,2021,8,14,1,3,5,3,0,1,1,0,0,0,0,0,"800465,8266","5827611,906","13,42893903","52,51561402",,,1966.0
213788,11,10,10100315.0,2021,7,15,2,3,6,2,0,0,1,1,0,0,0,0,"809861,8342","5831140,809","13,57025581","52,54198195",,,4249.0
213787,11,9,9200717.0,2021,7,12,2,3,0,1,0,1,1,0,0,0,0,0,"809268,4329","5819602,638","13,5508255","52,43891661",,,5650.0
213786,11,2,2100101.0,2021,8,14,6,3,5,2,0,1,1,0,0,0,0,0,"797389,4403","5826181,767","13,38245944","52,50448062",,,3062.0
213785,11,4,4501152.0,2021,8,12,2,3,0,1,0,0,0,0,1,0,0,0,"793994,1197","5824221,246","13,33085038","52,48874567",,,3764.0
213784,11,10,10200629.0,2021,8,14,6,3,5,7,0,1,1,0,0,0,0,0,"811123,1119","5828638,372","13,58645234","52,51883816",,,7430.0
213783,11,2,2500832.0,2021,7,14,1,3,2,6,0,0,1,0,0,0,0,0,"803653,823","5827412,532","13,47559397","52,51206158",,,2628.0
213782,11,12,12100205.0,2021,8,17,4,3,0,1,0,1,1,0,0,0,0,0,"794958,0233","5833112,53","13,35289323","52,56792934",,,6024.0
213781,11,7,7300515.0,2021,7,12,4,3,5,2,0,1,1,0,0,0,0,0,"793898,6713","5822405,714","13,3278483","52,47252163",,,4755.0
213780,11,2,2300419.0,2021,7,10,5,3,3,6,0,1,1,0,0,0,0,0,"801367,2517","5825876,977","13,44061232","52,49956625",,,5139.0
213779,11,2,2500836.0,2021,8,10,3,3,5,2,0,1,1,0,0,0,0,0,"803615,3134","5825610,68","13,47338524","52,49593344",,,4551.0
213778,11,11,11200410.0,2021,8,20,2,2,3,6,0,0,1,0,1,0,0,0,"804631,224","5832794,487","13,4948851","52,55975236",,,4360.0
213777,11,8,8100209.0,2021,7,12,3,3,5,3,0,0,1,0,0,0,0,0,"801367,4181","5821958,636","13,43707284","52,46444516",,,5347.0
213776,11,8,8401244.0,2021,7,8,3,3,5,3,0,1,1,0,0,0,0,0,"806093,9948","5816589,358","13,50151421","52,41369586",,,5638.0
213775,11,1,1100205.0,2021,8,8,2,3,1,5,0,1,1,0,0,0,0,0,"797421,1114","5826919,789","13,38358407","52,51107888",,,2846.0
213774,11,11,11400929.0,2021,8,12,7,2,5,3,0,0,1,0,1,0,0,0,"804871,4407","5826264,843","13,49242977","52,50109623",,,1358.0
213773,11,2,2100101.0,2021,8,14,2,3,5,2,0,1,0,0,0,0,1,0,"797763,085","5826046,03","13,38782671","52,50306012",,,6427.0
213772,11,1,1300834.0,2021,8,18,7,3,5,2,0,1,1,0,0,0,0,0,"797904,744","5831002,94","13,39434811","52,54741519",,,5064.0
213771,11,1,1100206.0,2021,7,15,6,3,5,3,0,0,1,0,1,0,0,0,"797717,7343","5828156,265","13,38904838","52,52200058",,,5054.0
213770,11,1,1401046.0,2021,7,13,6,3,2,6,0,0,1,0,0,0,0,0,"794698,2018",5829992,"13,34630075","52,54009695",,,5661.0
213769,11,2,2200210.0,2021,8,9,5,3,5,3,0,0,1,0,0,0,1,0,"798318,9359","5824984,689","13,39504095","52,49324294",,,3551.0
213768,11,4,4200203.0,2021,7,10,5,3,5,3,0,0,1,0,0,0,1,0,"787588,3555","5827969,734","13,24000876","52,52576537",,,4157.0
213767,11,1,1100310.0,2021,8,23,5,3,0,1,2,1,0,0,0,0,0,0,"799719,9207","5828660,88","13,41892493","52,52542682",,,2551.0
213766,11,5,5200629.0,2021,8,17,4,2,0,6,0,0,1,0,0,0,1,0,"783905,6144","5828701,123","13,18649607","52,53425344",,,3850.0
213765,11,3,3701556.0,2021,8,14,3,3,5,3,0,1,1,0,0,0,0,0,"799695,6264","5829224,722","13,41907613","52,53049413",,,3949.0
213764,11,4,4300518.0,2021,8,18,1,3,6,7,0,0,1,1,0,0,0,0,"792574,5559","5828074,223","13,3133894","52,52404915",,,5249.0
213763,11,2,2200210.0,2021,7,18,4,3,3,6,0,0,1,0,1,0,0,0,"797968,1037","5824895,048","13,38980857","52,49263104",,,4849.0
213762,11,1,1100308.0,2021,8,12,3,3,1,5,0,1,1,0,0,0,0,0,"797114,8487","5829245,328","13,38116186","52,53209163",,,5261.0
213761,11,7,7100101.0,2021,8,21,7,3,6,2,2,0,1,1,0,0,0,1,"794965,0962","5824893,375","13,3457043","52,4942471",,,3875.0
213760,11,9,9401329.0,2021,7,14,7,3,0,3,0,0,1,0,0,0,1,0,"811976,0401","5819352,768","13,590296","52,43513974",,,4632.0
213759,11,2,2200211.0,2021,8,12,5,3,0,3,0,0,1,0,1,0,0,0,"797812,3793","5824588,546","13,38724773","52,48996858",,,5961.0
213758,11,4,4500938.0,2021,7,16,6,3,5,3,0,1,1,0,0,0,0,0,"791591,1519","5825066,576","13,29630048","52,4976128",,,5239.0
213757,11,2,2500728.0,2021,8,19,5,3,6,7,0,1,0,1,0,0,0,0,"803101,245","5827718,009","13,46775461","52,51510684",,,6830.0
213756,11,1,1100310.0,2021,8,20,4,2,0,1,1,0,0,0,1,0,0,0,"798819,0234","5828245,443","13,405312","52,52219753",,,5264.0
213755,11,11,11200513.0,2021,8,17,4,3,5,3,0,0,1,0,0,0,0,0,"804670,6005","5830738,263","13,49357754","52,54130154",,,1760.0
213754,11,4,4300622.0,2021,8,16,2,3,0,6,0,0,1,0,0,0,1,0,"793782,4144","5826063,116","13,32936593","52,50537113",,,5162.0
213753,11,3,3300514.0,2021,7,10,4,3,2,6,0,1,1,0,0,0,0,0,"801614,2393","5836183,221","13,45359851","52,59180476",,,1560.0
213752,11,2,2100101.0,2021,8,11,2,3,5,3,0,0,1,0,0,0,1,0,"797393,2599","5826189,305","13,38252228","52,5045461",,,3153.0
213751,11,4,4300517.0,2021,8,13,2,3,5,2,0,0,1,0,0,0,0,0,"791469,7196","5828283,586","13,29733433","52,52651781",,,5452.0
213750,11,3,3601245.0,2021,8,16,7,3,5,2,0,0,1,0,0,0,1,0,"800565,9422","5831408,389","13,43384281","52,54958762",,,4446.0
213749,11,11,11300721.0,2021,7,15,3,3,3,6,0,0,1,0,0,0,0,0,"804350,7906","5829884,669","13,48809465","52,53382988",,,5451.0
213748,11,7,7300619.0,2021,8,1,3,3,0,1,2,0,0,0,1,0,0,0,"796075,4265","5822848,696","13,36019522","52,47531711",,,3157.0
213747,11,11,11100206.0,2021,8,12,1,2,6,4,0,1,0,1,0,0,0,0,"805214,3315","5834352,082","13,50489309","52,57338549",,,4358.0
213746,11,12,12500825.0,2021,7,16,6,3,0,1,0,0,0,0,1,0,0,1,"792079,6122","5834850,602","13,31207724","52,58506254",,,3248.0
213745,11,4,4500937.0,2021,7,19,1,3,6,4,0,0,1,1,0,0,0,1,"791272,6516","5824998,497","13,29156247","52,49717256",,,3256.0
213744,11,3,3200206.0,2021,8,13,5,2,5,2,0,1,0,0,0,1,0,0,"798470,157","5834860,83","13,40613227","52,58168599",,,3876.0
213743,11,2,2400521.0,2021,7,11,5,3,5,3,0,1,1,0,0,0,0,0,"801251,6609","5827850,98","13,44070112","52,5173234",,,4352.0
213742,11,10,10200423.0,2021,7,19,6,3,6,4,0,0,1,1,0,0,0,0,"813222,866","5831123,279","13,61963807","52,53990338",,,3279.0
213741,11,6,6200421.0,2021,8,19,5,3,3,6,0,0,1,0,1,0,0,0,"793289,1002","5817691,731","13,31476","52,43058964",,,4856.0
213740,11,8,8200727.0,2021,8,15,5,2,5,3,0,0,1,0,1,0,0,1,"802556,2014","5819114,577","13,45194184","52,43829664",,,3569.0
213739,11,1,1100103.0,2021,8,17,3,3,5,2,0,1,1,0,0,0,0,1,"795335,9489","5826147,945","13,35226349","52,50529284",,,4763.0
213738,11,2,2500830.0,2021,8,14,7,3,5,3,0,0,1,0,1,0,0,0,"802435,6013","5827419,305","13,45770376","52,51279907",,,3428.0
213737,11,6,6100204.0,2021,7,20,5,3,3,6,1,0,1,0,1,0,0,0,"795433,159","5820396,679","13,34859576","52,45368421",,,4652.0
213736,11,3,3601141.0,2021,8,20,1,3,0,7,1,1,1,0,0,0,0,1,"798990,5676","5831815,793","13,41104537","52,55410633",,,3756.0
213735,11,5,5100316.0,2021,7,18,7,2,2,6,0,0,1,0,1,0,0,0,"785317,8676","5829279,614","13,20775708","52,53870262",,,3454.0
213734,11,8,8200623.0,2021,8,11,5,2,5,3,0,0,1,0,0,0,0,0,"802673,7243","5820767,607","13,45516295","52,45304788",,,4852.0
213733,11,1,1300836.0,2021,8,12,6,3,5,3,0,1,0,0,0,0,1,0,"797150,8611","5831087,345","13,38333864","52,54858351",,,3949.0
213732,11,5,5200629.0,2021,8,12,2,3,2,6,0,0,1,0,0,0,0,0,"784727,238","5828635,305","13,19852011","52,53323469",,,4447.0
213731,11,7,7601442.0,2021,8,12,6,3,6,2,0,0,1,1,0,0,0,0,"798697,6529","5816021,247","13,39258564","52,41268946",,,2634.0
213730,11,7,7200307.0,2021,7,15,1,3,5,2,0,1,1,0,0,0,0,0,"794961,5179","5824328,087","13,34515132","52,48918161",,,4236.0
213729,11,1,1200626.0,2021,8,17,4,3,0,1,0,1,0,0,0,0,0,0,"794971,0323","5827987,175","13,34853301","52,52197763",,,3945.0
213728,11,1,1200517.0,2021,7,13,4,3,0,7,0,0,1,0,0,0,0,0,"794876,2039","5829526,906","13,34850504","52,53583145",,,6362.0
213727,11,8,8100311.0,2021,7,9,5,3,3,6,0,1,0,0,0,0,0,0,"800504,0242","5824471,695","13,42666657","52,48744623",,,1427.0
213726,11,10,10100102.0,2021,8,14,4,3,5,2,0,0,1,0,0,0,0,0,"809346,0536","5834284,202","13,56560394","52,57044474",,,3130.0
213725,11,7,7400823.0,2021,8,11,3,3,0,1,0,0,0,0,1,0,0,0,"797326,6603","5821848,255","13,37767176","52,46566949",,,2256.0
213724,11,9,9200819.0,2021,7,11,2,3,5,3,0,0,1,0,1,0,0,0,"810044,494","5819412,893","13,56202984","52,43677678",,,4864.0
213723,11,11,11501339.0,2021,8,11,2,3,2,6,0,0,1,0,0,1,0,0,"807291,7999","5825401,491","13,52717804","52,49200125",,,3449.0
213722,11,4,4501042.0,2021,8,13,7,2,0,1,0,1,0,0,0,0,0,0,"793980,0235","5825547,147","13,33181344","52,5006393",,,5628.0
213721,11,12,12100101.0,2021,7,8,2,3,1,5,0,0,1,0,0,0,1,0,"796217,7288","5832374,705","13,37076612","52,56063155",,,4553.0
213720,11,1,1300733.0,2021,8,19,3,3,3,3,0,0,1,0,0,0,1,0,"797506,7139","5831285,862","13,38874903","52,55016874",,,5985.0
213719,11,3,3400618.0,2021,8,22,6,3,5,2,2,1,1,0,0,0,0,1,"795812,0466","5836444,331","13,36843071","52,59733201",,,3036.0
213718,11,2,2500832.0,2021,7,17,5,2,2,6,0,0,1,0,1,0,0,1,"803653,823","5827412,532","13,47559397","52,51206158",,,3551.0
213717,11,2,2200212.0,2021,7,10,6,3,0,5,0,0,1,0,0,0,0,0,"799570,8214","5824507,749","13,41299651","52,48828225",,,8625.0
213716,11,1,1100308.0,2021,8,10,5,3,0,1,0,1,0,0,0,0,0,0,"796852,2878","5828107,478","13,37628666","52,52203511",,,4270.0
213715,11,1,1401046.0,2021,7,6,5,3,0,1,1,1,0,0,0,0,0,0,"795331,964","5830378,769","13,35596217","52,54322089",,,4134.0
213714,11,6,6300629.0,2021,8,12,5,3,6,4,0,0,1,1,0,0,0,0,"792556,4171","5819602,683","13,30568687","52,44811345",,,3126.0
213713,11,9,9200511.0,2021,8,17,5,3,5,7,0,0,1,0,0,0,1,0,"807285,1328","5821795,389","13,52375776","52,45968648",,,4431.0
213712,11,1,1300732.0,2021,8,18,3,3,0,1,0,1,0,0,0,0,0,1,"797232,5877","5832076,241","13,38542571","52,55740316",,,4919.0
213711,11,1,3601142.0,2021,8,18,1,3,2,6,0,0,1,0,0,0,0,0,"798574,661","5830259,339","13,40352989","52,54038313",,,7658.0
213710,11,8,8200727.0,2021,7,12,4,3,5,7,0,0,1,0,1,0,0,0,"801308,1311","5819536,81","13,4340177","52,44277026",,,3040.0
213709,11,10,10100209.0,2021,8,7,3,3,6,4,0,0,1,1,0,0,0,0,"810009,8144","5832292,469","13,5735058","52,55221836",,,2836.0
213708,11,1,1401049.0,2021,8,3,1,3,0,7,2,0,0,0,0,0,1,1,"796204,1594","5831951,515","13,37018884","52,55684547",,,5637.0
213707,11,5,5200631.0,2021,7,13,6,3,3,6,0,0,1,0,1,0,0,0,"784769,1151","5827082,931","13,1978063","52,51929422",,,4573.0
213706,11,6,6400844.0,2021,8,14,5,3,0,5,0,0,1,0,0,0,0,0,"791483,2297","5821624,838","13,29170595","52,46681537",,,3627.0
213705,11,4,4200311.0,2021,7,10,6,3,5,3,0,1,1,0,0,0,0,0,"790492,367","5826123,116","13,28108192","52,50767076",,,1758.0
213704,11,4,4400728.0,2021,8,7,6,3,5,2,0,1,1,0,0,0,0,0,"790732,5704","5823473,786","13,28229885","52,48379139",,,3976.0
213703,11,9,9200715.0,2021,8,11,2,3,2,6,0,0,1,0,1,0,0,0,"807714,1472","5818297,934","13,52683145","52,42810026",,,4342.0
213702,11,2,2500726.0,2021,8,16,6,2,5,3,0,1,1,0,0,0,0,0,"801889,867","5828454,222","13,45062546","52,52237738",,,2824.0
213701,11,8,8100311.0,2021,8,12,4,3,1,5,0,1,1,0,0,0,0,0,"800569,9648","5824655,6","13,42780064","52,48905834",,,6352.0
213700,11,6,6300528.0,2021,8,9,2,3,2,6,0,0,1,0,0,0,0,0,"790837,1026","5817587,579","13,2787062","52,430965",,,4553.0
213699,11,1,1200626.0,2021,7,15,4,3,0,5,0,1,0,0,0,0,1,0,"795063,4678","5828274,087","13,35014599","52,52449955",,,6629.0
213698,11,1,1100308.0,2021,8,13,2,3,5,2,0,1,1,0,0,0,0,0,"796781,7288","5828830,452","13,37589498","52,52855419",,,3542.0
213697,11,8,8100105.0,2021,7,21,6,2,6,2,2,0,1,1,0,0,0,0,"800996,0199","5822155,497","13,43180003","52,46641441",,,2634.0
213696,11,1,1100309.0,2021,7,18,1,3,0,4,0,0,0,1,1,0,0,1,"798233,6733","5828407,135","13,39685516","52,52396735",,,4853.0
213695,11,2,2200210.0,2021,8,7,6,3,5,3,0,1,1,0,0,0,0,0,"797990,6562","5825270,06","13,3904752","52,49598026",,,2355.0
213694,11,5,5300839.0,2021,8,15,3,3,2,6,0,0,1,0,1,0,0,0,"788780,2614","5830379,209","13,25962259","52,54673698",,,3350.0
213693,11,3,3601141.0,2021,8,22,6,3,9,1,2,0,1,0,0,0,0,1,"799234,99","5831772,365","13,41460059","52,55358284",,,3250.0
213692,11,1,1100308.0,2021,7,16,3,3,0,7,0,1,0,0,0,0,0,0,"796869,321","5828791,451","13,37714757","52,5281569",,,6137.0
213691,11,9,9401534.0,2021,8,7,4,3,1,5,0,1,1,0,0,0,0,0,"810864,0527","5820557,859","13,57511226","52,44657238",,,4268.0
213690,11,2,2200210.0,2021,7,1,5,3,5,3,2,1,1,0,0,0,0,0,"798851,7004","5825115,225","13,40298195","52,49412158",,,1761.0
213689,11,9,9301025.0,2021,7,17,5,3,5,3,0,1,1,0,0,0,0,0,"811154,7775","5814910,859","13,57412491","52,39580075",,,7934.0
213688,11,11,11401136.0,2021,8,15,4,3,5,3,0,0,1,0,0,0,0,0,"805819,4464","5825881,062","13,50599985","52,4971262",,,1258.0
213687,11,1,1300732.0,2021,8,16,2,3,5,2,0,1,1,0,0,0,0,0,"797310,1946","5832297,141","13,38676497","52,55934089",,,4460.0
213686,11,11,11200410.0,2021,7,12,4,2,5,3,0,1,0,0,0,0,0,0,"805562,4584","5832831,403","13,50861343","52,55956147",,,4251.0
213685,11,1,1100415.0,2021,7,8,6,3,2,6,0,0,1,0,0,0,0,0,"797446,3377","5829212,236","13,38600472","52,53161421",,,5342.0
213684,11,7,7300515.0,2021,8,15,4,2,5,3,0,1,0,0,0,0,0,0,"793778,4188","5822836,7","13,32646261","52,47644993",,,3730.0
213683,11,12,12200309.0,2021,7,10,3,3,3,6,0,0,1,0,0,0,0,0,"793545,4713","5832382,843","13,33146654","52,56215169",,,5040.0
213682,11,5,5100312.0,2021,8,19,2,3,0,2,0,0,1,0,1,0,0,1,"784621,8895","5830949,367","13,19895406","52,55403756",,,4959.0
213681,11,7,7501029.0,2021,8,16,7,2,5,3,0,0,0,0,1,0,1,0,"797105,7495","5819476,86","13,3723195","52,44453234",,,5039.0
213680,11,1,1100312.0,2021,7,18,3,3,5,3,0,1,1,0,0,0,0,0,"798916,6627","5826698,645","13,40535725","52,50827917",,,4646.0
213679,11,1,1100309.0,2021,6,14,4,3,0,5,0,0,1,0,0,0,1,0,"798931,2538","5828697,284","13,40736737","52,52618612",,,7457.0
213678,11,5,5100208.0,2021,5,11,2,3,5,2,0,0,1,0,0,0,0,0,"782365,917","5830499,132","13,16538532","52,55117495",,,5926.0
213677,11,4,4300623.0,2021,6,14,2,3,2,7,0,0,1,0,1,0,0,0,"792744,6672","5826609,582","13,31460081","52,51082784",,,4848.0
213676,11,2,2400521.0,2021,7,17,2,3,3,6,0,0,0,0,1,0,1,0,"800401,1672","5827979,524","13,42832095","52,51894471",,,4724.0
213675,11,3,3500932.0,2021,7,19,6,3,5,2,0,1,1,0,0,0,0,0,"802070,7717","5832780,481","13,45721725","52,56105319",,,3348.0
213674,11,4,4400832.0,2021,7,13,6,3,6,7,0,0,1,1,0,0,0,1,"791318,3472","5822359,719","13,28992738","52,47349155",,,3278.0
213673,11,2,2200210.0,2021,6,9,5,3,0,1,0,0,0,0,1,0,0,0,"798309,5014","5825284,981","13,39517129","52,49593983",,,3335.0
213672,11,4,4200308.0,2021,6,12,5,3,3,6,0,1,0,0,0,0,1,0,"790268,8486","5827913,453","13,27935977","52,52384026",,,2876.0