OBJECTID,LAND,BEZ,LOR_ab_2021,UJAHR,UMONAT,USTUNDE,UWOCHENTAG,UKATEGORIE,UART,UTYP1,ULICHTVERH,IstRad,IstPKW,IstFuss,IstKrad,IstGkfz,IstSonstige,USTRZUSTAND,LINREFX,LINREFY,XGCSWGS84,YGCSWGS84,LOR,STRASSE,quadrant
213671,11,10,10200525.0,2021,6,12,2,3,5,3,0,1,1,0,0,0,0,0,"812926,4104","5830027,661","13,61424964","52,53025589",,,3747.0
213670,11,1,1100310.0,2021,5,13,2,3,3,6,0,1,0,0,0,0,0,0,"799455,2567","5827562,255","13,41404641","52,51572477",,,3644.0
213669,11,2,2300316.0,2021,6,19,6,3,5,2,0,1,0,0,0,0,0,0,"800737,0969","5826529,821","13,43194689","52,5057655",,,5071.0
213668,11,10,10100102.0,2021,6,16,5,3,6,4,0,0,1,1,0,0,0,0,"809480,9099","5834221,106","13,56752852","52,56980266",,,4658.0
213667,11,1,1200522.0,2021,7,6,6,3,5,2,0,1,1,0,0,0,0,1,"793684,327","5828104,47","13,32972665","52,52372366",,,3677.0
213666,11,4,4501148.0,2021,6,8,4,3,3,6,0,1,0,0,0,0,1,0,"792485,9072","5823597,066","13,30815344","52,48396017",,,3677.0
213665,11,6,6400843.0,2021,5,17,6,3,6,4,0,0,1,1,0,0,0,0,"791004,4574","5819297,381","13,28264948","52,44620467",,,3764.0
213664,11,8,8100419.0,2021,6,19,4,3,5,3,0,1,1,0,0,0,0,0,"802397,0976","5824036,207","13,45406675","52,48249771",,,7031.0
213663,11,12,12500926.0,2021,7,0,2,3,1,5,2,1,1,0,0,0,0,0,"793686,7617","5836139,043","13,33687276","52,5957473",,,4232.0
213662,11,1,1200517.0,2021,5,13,3,3,2,6,0,0,1,0,0,0,0,1,"793660,3233","5828117,137","13,32938506","52,52385014",,,7232.0
213661,11,1,1200520.0,2021,6,12,3,3,1,7,0,0,1,0,0,0,0,0,"794562,2335","5828887,068","13,34332239","52,53026554",,,7945.0
213660,11,5,5300736.0,2021,7,17,2,3,4,3,0,0,1,0,0,0,0,0,"786103,006","5829154,931","13,21919457","52,53717309",,,3861.0
213659,11,5,5100316.0,2021,7,14,3,3,2,7,0,0,1,0,0,0,0,0,"784961,232","5829428,306","13,20264048","52,54022241",,,7559.0
213658,11,10,10100312.0,2021,5,21,6,3,0,1,1,0,0,0,1,0,0,1,"808580,05","5830116,067","13,55046374","52,53352582",,,4951.0
213657,11,4,4501041.0,2021,6,11,4,3,0,6,0,0,0,0,0,0,1,0,"793052,8352","5825586,897","13,31822847","52,50149437",,,5047.0
213656,11,1,1100206.0,2021,7,17,7,3,5,2,0,1,1,0,0,0,0,0,"797159,5286","5827691,301","13,38042994","52,51813719",,,1054.0
213655,11,11,11300620.0,2021,6,13,3,3,5,7,0,0,1,0,0,0,1,0,"803670,8885","5829504,272","13,47775431","52,53079973",,,3863.0
213654,11,4,4501151.0,2021,6,16,6,3,2,6,0,0,1,0,0,0,0,0,"793742,6111","5823088,66","13,32615885","52,4787279",,,7360.0
213653,11,4,4200310.0,2021,6,9,3,3,5,3,0,0,1,0,0,0,0,0,"789878,7223","5826218,88","13,27214918","52,50885571",,,6024.0
213652,11,5,5300840.0,2021,6,4,3,3,0,7,1,0,0,0,1,0,0,1,"788076,2685","5829041,051","13,24810914","52,53511258",,,3782.0
213651,11,5,5100316.0,2021,6,18,7,3,2,6,0,0,1,0,0,0,0,0,"785279,746","5829297,226","13,20721165","52,53888049",,,5780.0
213650,11,4,4501045.0,2021,6,10,6,3,5,2,0,1,1,0,0,0,0,0,"793967,5361","5824934,109","13,33108894","52,49515045",,,1426.0
213649,11,4,4500936.0,2021,7,15,6,2,0,1,0,0,0,0,1,0,0,0,"792253,2244","5825476,936","13,30638565","52,50093745",,,3442.0
213648,11,9,9200715.0,2021,6,12,7,3,5,2,0,0,1,0,0,0,0,0,"808643,2493","5819165,42","13,54125377","52,43535141",,,7749.0
213647,11,10,10200524.0,2021,5,15,3,1,6,4,0,0,0,1,0,0,1,0,"812608,8911","5830318,532","13,60985766","52,53304456",,,7236.0
213646,11,8,8100311.0,2021,6,16,4,3,0,1,0,1,0,0,0,0,0,1,"800548,1945","5824804,397","13,42761517","52,49040405",,,634.0
213645,11,3,3400828.0,2021,7,15,3,3,5,2,0,0,1,0,1,0,0,0,"799829,1278","5831979,991","13,42352503","52,55511712",,,3538.0
213644,11,10,10400837.0,2021,7,4,4,3,1,5,1,0,1,0,0,0,0,1,"811236,7152","5826738,004","13,58634428","52,50174347",,,4237.0
213643,11,9,9200715.0,2021,6,14,5,3,2,6,0,0,1,0,1,0,0,0,"807860,2984","5818113,778","13,52880472","52,4263676",,,5248.0
213642,11,2,2200210.0,2021,5,17,2,3,5,3,0,1,1,0,0,0,0,0,"798427,5585","5824793,411","13,39646482","52,49146899",,,5143.0
213641,11,1,1100309.0,2021,6,10,5,3,3,7,0,1,1,0,0,0,0,0,"797803,8594","5828823,214","13,39091128","52,52793191",,,5046.0
213640,11,9,9100407.0,2021,6,10,5,3,5,2,0,1,0,0,0,0,1,0,"806320,4984","5820907,375","13,50878991","52,45226927",,,3966.0
213639,11,1,1100309.0,2021,6,16,3,3,1,5,0,1,1,0,0,0,0,0,"798351,2011","5828607,352","13,39876195","52,52569773",,,4146.0
213638,11,4,4300619.0,2021,6,19,1,3,3,6,0,0,1,0,1,0,0,0,"792036,0832","5827372,961","13,30485943","52,51805119",,,6066.0
213637,11,12,12500824.0,2021,6,7,4,2,5,3,0,1,1,0,0,0,0,0,"790704,0018","5835380,527","13,2922957","52,59055003",,,6427.0
213636,11,10,10300731.0,2021,6,17,4,3,2,6,0,0,1,0,0,0,0,0,"809258,8935","5829710,117","13,56006222","52,52950312",,,4757.0
213635,11,3,3500934.0,2021,6,15,2,3,6,4,0,0,1,1,0,0,0,0,"800634,4926","5832185,125","13,4355541","52,55651181",,,4352.0
213634,11,7,7200412.0,2021,7,9,2,3,5,2,0,1,0,0,0,0,1,1,"796269,261","5822956,827","13,36313682","52,47618131",,,722.0
213633,11,4,4501042.0,2021,6,23,7,3,5,3,2,0,1,0,0,0,1,0,"793528,6141","5825739,717","13,32535225","52,50260861",,,4256.0
213632,11,1,1300733.0,2021,6,23,4,2,5,3,2,0,1,0,0,0,1,1,"797154,4119","5831919,72","13,38413583","52,55604281",,,1554.0
213631,11,4,4100101.0,2021,7,6,5,2,5,2,0,0,1,0,0,0,1,0,"791286,3327","5830682,758","13,29674188","52,54812406",,,4322.0
213630,11,1,1100310.0,2021,6,13,6,3,6,4,0,0,0,1,1,0,0,0,"799723,45","5827459,837","13,41789463","52,51465943",,,4451.0
213629,11,4,4500937.0,2021,6,14,2,3,2,2,0,0,1,0,0,0,0,0,"791253,2323","5824992,311","13,29127181","52,49712746",,,3554.0
213628,11,5,5100210.0,2021,5,15,2,3,1,5,0,0,1,0,0,0,0,0,"783997,1288","5830089,705","13,18902864","52,54665592",,,3538.0
213627,11,7,7400928.0,2021,6,15,6,2,5,2,0,1,1,0,0,0,0,0,"799817,8729","5821320,554","13,41375924","52,45957812",,,1658.0
213626,11,6,6400839.0,2021,6,8,6,2,5,3,0,1,1,0,0,0,0,0,"787511,329","5817717,569","13,23003583","52,43388857",,,5145.0
213625,11,5,5100316.0,2021,6,15,3,3,2,2,0,0,1,0,0,0,0,0,"784783,1673","5828813,39","13,19949502","52,53480218",,,4546.0
213624,11,2,2300315.0,2021,6,19,6,2,4,6,0,0,1,0,0,0,0,0,"800283,764","5825835,612","13,42466177","52,49979274",,,3336.0
213623,11,2,2300316.0,2021,6,20,2,3,5,2,0,1,1,0,0,0,0,0,"801471,2191","5826031,622","13,44227926","52,50089493",,,4961.0
213622,11,1,1300835.0,2021,5,0,5,2,6,4,2,0,0,1,0,0,1,1,"797356,9737","5829964,422","13,38536419","52,53840541",,,4464.0
213621,11,11,11401136.0,2021,6,10,4,3,5,3,0,1,1,0,0,0,0,0,"806163,6857","5826005,164","13,51116894","52,49804545",,,4245.0
213620,11,1,1100310.0,2021,7,20,7,3,0,2,0,1,1,0,0,0,0,0,"799326,5602","5828429,861","13,41293619","52,52357219",,,3674.0
213619,11,4,4200311.0,2021,5,16,2,2,9,1,0,0,0,0,1,0,0,0,"790260,4268","5825468,359","13,27710326","52,50192424",,,4451.0
213618,11,2,2300419.0,2021,6,20,3,3,4,6,1,1,1,0,0,0,0,1,"800873,739","5825772,368","13,43326964","52,49890092",,,5261.0
213617,11,1,1200521.0,2021,7,12,3,2,6,7,0,1,0,1,0,0,0,0,"793675,6609","5828321,967","13,32979136","52,52567807",,,5637.0
213616,11,2,2200211.0,2021,7,16,6,3,0,1,0,0,0,0,1,0,0,1,"798396,7343","5824510,813","13,39575911","52,48895271",,,4452.0
213615,11,3,3601453.0,2021,6,14,2,3,5,3,0,1,0,0,0,0,0,0,"802549,1396","5828594,179","13,46044016","52,52326641",,,6727.0
213614,11,1,1100310.0,2021,6,19,5,3,0,1,0,0,0,0,1,0,0,0,"799141,0175","5828465,348","13,41024148","52,5239921",,,4752.0
213613,11,10,10200629.0,2021,6,15,6,3,5,3,0,1,1,0,0,0,0,0,"811035,2651","5829169,654","13,58565862","52,52364928",,,4850.0
213612,11,7,7200414.0,2021,6,23,5,3,0,3,2,1,1,0,0,0,0,0,"796540,0775","5823965,152","13,36800934","52,48507305",,,3371.0
213611,11,7,7601238.0,2021,6,10,2,3,5,2,0,1,1,0,0,0,0,0,"798520,4745","5816819,941","13,3907008","52,41994554",,,3555.0
213610,11,4,4400729.0,2021,6,15,3,3,2,6,0,0,1,0,1,0,0,0,"790617,7987","5822588,28","13,27984163","52,47591382",,,4850.0
213609,11,12,12200411.0,2021,6,3,1,3,8,1,2,0,1,0,0,0,0,0,"792920,8071","5832158,75","13,32207991","52,56047922",,,5327.0
213608,11,1,1100313.0,2021,6,6,7,3,8,1,0,0,1,0,0,0,0,0,"800354,3697","5826498,569","13,42629676","52,5056962",,,3372.0
213607,11,2,2300418.0,2021,7,19,7,3,5,5,0,1,1,0,0,0,0,0,"800778,7114","5825137,367","13,43130064","52,4932616",,,5763.0
213606,11,7,7400927.0,2021,6,7,4,3,1,5,0,1,1,0,0,0,0,0,"798339,2214","5821789,876","13,39248045","52,46459425",,,3238.0
213605,11,7,7100206.0,2021,6,13,6,3,2,6,0,0,1,0,0,0,1,0,"796759,2175","5824801,475","13,37197178","52,49245082",,,1960.0
213604,11,1,1100308.0,2021,6,11,4,3,2,6,0,1,1,0,0,0,0,0,"797246,3924","5829091,845","13,38295815","52,53064412",,,3559.0
213603,11,2,2100102.0,2021,5,16,2,3,2,6,0,0,1,0,0,0,0,0,"798440,5839","5826525,607","13,39820827","52,50698877",,,3050.0
213602,11,8,8100103.0,2021,6,7,4,3,5,2,0,0,1,0,1,0,0,1,"800623,3436","5823112,984","13,42719343","52,47520192",,,3436.0
213601,11,10,10400941.0,2021,7,8,2,3,5,3,0,1,0,0,0,0,1,1,"812399,9044","5824300,548","13,60113996","52,47923633",,,6619.0
213600,11,6,6300633.0,2021,7,16,4,3,1,5,0,1,1,0,0,0,0,0,"792040,0468","5818992,22","13,29757682","52,44291674",,,4147.0
213599,11,1,1400937.0,2021,6,19,4,3,0,5,0,1,1,0,0,0,0,0,"793733,892","5830080,696","13,33220149","52,54141272",,,5548.0
213598,11,8,8100312.0,2021,5,17,7,3,0,5,0,0,1,0,1,0,0,0,"801197,1369","5824083,926","13,43649307","52,48358862",,,3838.0
213597,11,11,11400929.0,2021,6,16,5,3,0,1,0,1,0,0,0,0,0,0,"805183,5979","5826239,779","13,49699121","52,50069712",,,4755.0
213596,11,9,9100304.0,2021,6,7,4,3,3,6,0,0,1,0,0,1,0,0,"804609,153","5822071,613","13,48474651","52,46366027",,,4550.0
213595,11,1,1300834.0,2021,7,22,6,2,2,6,2,0,1,0,0,0,0,1,"797925,2149","5830283,132","13,39400351","52,54095188",,,5052.0
213594,11,6,6400838.0,2021,6,11,3,3,5,3,0,1,1,0,0,0,0,0,"788377,465","5819115,497","13,24394729","52,44596591",,,4236.0
213593,11,4,4300622.0,2021,6,21,1,3,2,6,1,0,0,0,0,0,1,0,"793514,8244","5826493,34","13,32581411","52,50937193",,,5151.0
213592,11,3,3701555.0,2021,6,6,3,2,1,5,0,1,1,0,0,0,0,0,"799730,9682","5830115,354","13,42039875","52,53845776",,,3228.0
213591,11,3,3601245.0,2021,6,0,4,3,8,1,2,0,1,0,0,0,0,0,"800954,5466","5831228,635","13,43939377","52,54776192",,,5143.0
213590,11,1,1100207.0,2021,6,17,2,3,5,3,0,1,1,0,0,0,0,0,"798015,03","5826697,59","13,39211076","52,508763",,,5048.0
213589,11,5,5100317.0,2021,6,13,1,3,2,6,0,0,1,0,0,0,0,0,"787003,3065","5828154,756","13,23156849","52,52773251",,,5768.0
213588,11,8,8100417.0,2021,7,23,1,3,5,3,2,0,1,0,1,0,0,0,"802484,0542","5823140,332","13,45453071","52,47441979",,,1558.0
213587,11,2,2200213.0,2021,6,17,7,3,5,2,0,0,1,0,0,0,1,0,"800287,4348","5824794,559","13,42377729","52,49045936",,,3875.0
213586,11,6,6300527.0,2021,6,12,1,3,5,3,0,1,1,0,0,0,0,0,"790932,6776","5818162,939","13,28060869","52,43607239",,,5151.0
213585,11,7,7400823.0,2021,5,13,4,3,6,2,0,0,1,1,0,0,0,0,"797260,0477","5820743,711","13,37571048","52,45580459",,,5447.0
213584,11,6,6200313.0,2021,6,14,4,3,2,6,0,0,1,0,0,0,0,1,"795435,4757","5818360,148","13,34682901","52,43542671",,,4338.0
213583,11,3,3500935.0,2021,7,18,3,3,1,5,0,1,1,0,0,0,0,0,"801500,7503","5831218,926","13,44741567","52,54737289",,,3047.0
213582,11,6,6100206.0,2021,7,15,5,3,0,2,0,0,0,0,0,0,1,1,"794558,1501","5820095,549","13,33549066","52,45145696",,,3136.0
213581,11,2,1100102.0,2021,6,8,5,3,5,3,0,1,1,0,0,0,0,0,"796823,1573","5826065,056","13,37403685","52,50374279",,,2261.0
213580,11,2,2400624.0,2021,5,18,1,3,5,3,0,1,1,0,0,0,0,0,"801744,3314","5827421,724","13,44755048","52,51320359",,,3353.0
213579,11,11,11300617.0,2021,6,18,5,3,2,6,0,0,1,0,0,0,1,0,"803522,2899","5829724,803","13,47577179","52,53285904",,,4649.0
213578,11,10,10300734.0,2021,6,13,5,3,5,2,0,0,1,0,1,0,0,1,"809653,7464","5826357,59","13,56274473","52,49923487",,,5127.0
213577,11,1,1100310.0,2021,6,10,3,3,2,6,0,0,1,0,1,0,0,0,"798948,2775","5827851,575","13,40685742","52,51859623",,,3086.0
213576,11,11,11200513.0,2021,6,19,6,3,1,1,0,0,1,0,0,0,0,0,"804656,5181","5830747,835","13,49337931","52,54139519",,,3448.0
213575,11,7,7501029.0,2021,6,20,2,3,5,3,1,1,0,0,0,0,1,0,"797139,3227","5819500,231","13,3728328","52,4447236",,,3444.0
213574,11,1,1100101.0,2021,5,17,5,3,5,3,0,1,1,0,0,0,0,1,"794805,3351","5826009,331","13,34434572","52,50433723",,,7252.0
213573,11,9,9200715.0,2021,6,16,4,2,5,2,0,1,1,0,0,0,0,0,"808654,316","5819175,127","13,54142501","52,43543216",,,4749.0
213572,11,9,9501838.0,2021,5,19,1,3,0,1,0,1,0,0,0,0,0,0,"818439,8444","5820578,161","13,68622747","52,44239522",,,3072.0
213571,11,7,7100102.0,2021,6,16,2,3,1,5,0,0,1,0,0,0,1,0,"795097,3857","5825610,848","13,34828287","52,50060724",,,4047.0
213570,11,2,2300314.0,2021,7,21,2,2,2,6,1,1,0,0,0,0,1,0,"799881,9783","5825903,753","13,41882199","52,50062446",,,4365.0
213569,11,4,4501148.0,2021,7,1,7,3,8,1,2,0,1,0,0,0,0,1,"793115,0959","5822994,121","13,3168624","52,47821756",,,6629.0
213568,11,4,4501044.0,2021,6,10,2,3,1,5,0,1,1,0,0,0,0,0,"793149,7338","5825208,982","13,31931924","52,49805446",,,4848.0
213567,11,3,3300517.0,2021,6,15,6,3,6,7,0,0,1,1,0,0,0,0,"802090,534","5833648,329","13,45829809","52,56882063",,,3661.0
213566,11,4,4501148.0,2021,6,14,3,3,6,2,0,0,1,1,0,0,0,0,"793331,9056","5823074,445","13,32011628","52,47882123",,,6427.0
213565,11,7,7100102.0,2021,6,8,3,2,5,3,0,1,1,0,0,0,0,0,"795425,2837","5825488,2","13,35299053","52,49933037",,,4259.0
213564,11,6,6200421.0,2021,6,17,7,3,1,5,0,1,1,0,0,0,0,0,"793511,1408","5818067,234","13,31834614","52,43383684",,,4364.0
213563,11,12,12400617.0,2021,6,13,1,3,5,3,0,1,1,0,0,0,0,0,"786051,8279","5839054,137","13,22698606","52,62595268",,,6132.0
213562,11,1,1100313.0,2021,7,13,1,3,0,1,0,0,0,0,1,0,0,0,"799664,4967","5827043,052","13,41665317","52,51095599",,,4243.0
213561,11,2,2400625.0,2021,6,17,6,3,5,2,0,0,1,0,1,0,0,0,"801367,1032","5826761,873","13,44141104","52,5074978",,,3438.0
213560,11,9,9301228.0,2021,6,11,1,3,5,2,0,1,1,0,0,0,0,0,"817076,5957","5812818,033","13,6588901","52,37365228",,,2849.0
213559,11,7,7100101.0,2021,5,19,4,3,6,7,0,0,1,1,0,0,0,0,"794695,8932","5825759,44","13,34251682","52,50215625",,,4650.0
213558,11,2,2100104.0,2021,6,10,4,3,5,2,0,1,1,0,0,0,0,1,"798939,8616","5826349,843","13,40538484","52,50513995",,,3857.0
213557,11,1,1400937.0,2021,7,14,3,3,5,7,0,1,1,0,0,0,0,0,"793446,024","5830049,231","13,32794118","52,54128576",,,4549.0
213556,11,3,3300514.0,2021,7,12,4,3,2,7,0,0,1,0,0,0,0,1,"801744,906","5836326,014","13,45565165","52,59301212",,,3558.0
213555,11,10,10400938.0,2021,6,12,5,3,3,6,0,1,0,0,0,0,1,0,"814685,929","5829820,51","13,63990633","52,52738687",,,7745.0
213554,11,4,4100102.0,2021,5,21,1,3,3,6,1,0,1,0,1,0,0,0,"791136,601","5829164,372","13,29320931","52,53459197",,,2951.0
213553,11,12,12500929.0,2021,6,10,5,3,8,1,0,0,1,0,0,0,0,0,"795547,7503","5838790,75","13,3666356","52,61850883",,,3944.0
213552,11,9,9401329.0,2021,6,17,4,3,5,2,0,1,1,0,0,0,0,0,"811415,728","5819575,163","13,5822876","52,43745201",,,3347.0
213551,11,4,4200310.0,2021,6,8,3,3,1,5,0,1,1,0,0,0,0,0,"789378,6855","5826734,32","13,26525017","52,51374225",,,6238.0
213550,11,1,1100310.0,2021,6,18,7,3,2,6,0,1,0,0,0,0,0,0,"799402,4937","5828048,554","13,41370882","52,52011266",,,5162.0
213549,11,11,11200512.0,2021,6,17,1,3,0,5,0,1,1,0,0,0,0,0,"804099,2049","5831522,143","13,48589579","52,54864629",,,6660.0
213548,11,6,6200421.0,2021,6,14,3,3,0,7,0,0,0,0,1,0,1,0,"793633,7659","5817661,94","13,31978879","52,43013768",,,2162.0
213547,11,1,1200522.0,2021,6,17,4,2,5,3,0,1,1,0,0,0,0,0,"794221,5571","5828332,188","13,33782375","52,52547538",,,4329.0
213546,11,4,4300623.0,2021,6,14,2,3,2,6,0,0,1,0,0,0,0,0,"792447,0155","5826117,96","13,30979544","52,50658023",,,4763.0
213545,11,9,9501737.0,2021,7,20,2,3,8,1,1,0,1,0,0,0,0,0,"813823,4832","5821771,285","13,61965447","52,45575549",,,4265.0
213544,11,8,8100104.0,2021,6,19,4,2,2,6,0,0,1,0,1,0,0,0,"800833,5501","5822568,37","13,42978788","52,47020462",,,7054.0
213543,11,1,1300733.0,2021,7,14,5,3,3,6,0,1,1,0,0,0,0,0,"797566,1981","5831857,264","13,39013585","52,55525813",,,6350.0
213542,11,10,10100313.0,2021,7,16,5,3,5,2,0,0,1,0,0,0,0,1,"808498,7597","5831153,223","13,55023195","52,54286661",,,3436.0
213541,11,6,6100205.0,2021,6,10,5,3,2,6,0,0,1,0,0,0,0,0,"795299,9455","5819938,598","13,34623604","52,44964978",,,5456.0
213540,11,4,4400835.0,2021,6,18,5,3,0,3,0,0,1,0,1,0,0,0,"793381,9556","5821960,303","13,31987114","52,46880644",,,4952.0
213539,11,5,5100315.0,2021,6,15,5,3,3,6,0,0,1,0,0,1,0,0,"784838,301","5829568,332","13,20095283","52,54154215",,,3063.0
213538,11,7,7300516.0,2021,6,17,2,3,1,5,0,1,1,0,0,0,0,0,"793697,5242","5822029,544","13,32456428","52,4692576",,,4255.0
213537,11,2,2500835.0,2021,5,8,2,3,5,3,0,1,1,0,0,0,0,0,"802888,0258","5825965,147","13,46302727","52,49951459",,,1241.0
213536,11,1,1401048.0,2021,6,16,6,3,6,4,0,0,1,1,0,0,0,0,"795597,052","5830977,937","13,36039301","52,54844813",,,4450.0
213535,11,4,4500937.0,2021,6,19,6,3,5,2,0,1,1,0,0,0,0,0,"791015,5775","5824859,684","13,28766504","52,49606524",,,5661.0
213534,11,1,1100309.0,2021,6,18,3,3,5,2,0,1,0,0,1,0,0,0,"799028,1701","5828938,718","13,40900881","52,52829707",,,3547.0
213533,11,9,9200715.0,2021,6,19,6,3,5,2,0,1,1,0,0,0,0,0,"808471,1623","5819063,128","13,538636","52,43453173",,,4456.0
213532,11,2,2200208.0,2021,6,13,1,3,3,6,0,0,1,0,1,0,0,0,"797541,3214","5824998,973","13,38363383","52,49379541",,,4849.0
213531,11,3,3300412.0,2021,5,7,6,2,5,2,0,1,1,0,0,0,0,0,"802349,5985","5838815,127","13,46682482","52,61498553",,,5649.0
213530,11,11,11400931.0,2021,6,15,4,3,5,2,0,1,1,0,0,0,0,0,"805731,9303","5827192,393","13,50591869","52,50892787",,,6728.0
213529,11,11,11501238.0,2021,7,15,7,3,5,3,0,1,1,0,0,0,0,0,"805885,1899","5824478,251","13,50567758","52,48451682",,,5246.0
213528,11,5,5100316.0,2021,5,16,3,3,5,7,0,0,1,0,0,0,0,0,"784347,4334","5828913,644","13,19317405","52,53592858",,,3334.0
213527,11,12,12500824.0,2021,6,9,3,3,1,5,0,1,1,0,0,0,0,0,"790733,3498","5835392,312","13,29273805","52,59064",,,2659.0
213526,11,4,4501041.0,2021,7,14,3,3,2,2,0,0,1,0,0,0,1,0,"793126,2816","5825381,926","13,31912697","52,49961743",,,4057.0
213525,11,6,6200423.0,2021,7,10,7,2,5,3,0,0,1,0,1,0,0,0,"795221,1494","5816182,131","13,34176307","52,41601767",,,4065.0
213524,11,1,3400721.0,2021,6,13,2,3,2,2,0,0,1,0,0,0,0,0,"797716,728","5832896,218","13,39328164","52,5644887",,,3071.0
213523,11,9,9501939.0,2021,6,11,6,3,2,6,0,0,1,0,0,0,1,0,"810652,5549","5821072,908","13,57248928","52,45130826",,,3124.0
213522,11,7,7400721.0,2021,6,18,5,3,5,2,0,1,0,0,1,0,0,0,"797208,3892","5823085,974","13,37703862","52,47682876",,,1662.0
213521,11,7,7501030.0,2021,6,14,2,3,5,3,0,0,1,0,1,0,0,0,"797765,9232","5819760,572","13,3822569","52,44671642",,,2849.0
213520,11,6,6400737.0,2021,6,12,3,2,5,3,0,1,1,0,0,0,0,0,"784242,7139","5815863,812","13,18051041","52,41897553",,,3225.0
213519,11,1,1100310.0,2021,6,23,7,3,6,7,2,0,1,1,0,0,0,0,"798519,2382","5828098,227","13,40077449","52,52104215",,,4547.0
213518,11,1,1100206.0,2021,6,12,7,3,0,1,0,1,0,0,0,0,0,0,"798107,5212","5827876,886","13,39452601","52,51928335",,,6958.0
213517,11,2,2500726.0,2021,7,11,7,3,6,4,0,0,1,1,0,0,0,0,"802006,9919","5828946,174","13,45279326","52,52672189",,,5351.0
213516,11,3,3300413.0,2021,6,17,4,3,9,1,0,0,0,0,1,0,0,0,"802910,0881","5837579,015","13,47394637","52,60359465",,,5151.0
213515,11,2,2100102.0,2021,6,23,6,3,1,5,2,1,1,0,0,0,0,0,"798087,1618","5826490,629","13,39298511","52,50686844",,,5151.0
213514,11,10,10400940.0,2021,5,9,4,3,5,3,0,0,1,0,0,0,0,0,"811989,1927","5826852,055","13,5975008","52,50233583",,,5048.0
213513,11,1,1300836.0,2021,6,14,4,3,1,5,0,1,1,0,0,0,0,1,"796935,5628","5831408,683","13,38046017","52,55158132",,,4269.0
213512,11,9,9200510.0,2021,7,12,2,2,1,7,0,0,1,0,0,0,0,0,"806023,9627","5822295,882","13,50571254","52,46487978",,,4547.0
213511,11,6,6100205.0,2021,7,19,4,3,5,3,1,0,1,0,0,0,0,0,"796061,807","5819859,232","13,35734363","52,44852626",,,4264.0
213510,11,4,4500938.0,2021,6,13,4,2,0,1,0,1,0,0,0,0,0,0,"792304,5744","5825238,019","13,30693027","52,49876811",,,5553.0
213509,11,11,11501339.0,2021,5,13,7,3,5,3,0,1,1,0,0,0,0,0,"806810,1807","5824857,249","13,51960553","52,48739454",,,5269.0
213508,11,12,12100205.0,2021,6,11,5,3,9,1,0,1,0,0,0,0,0,0,"794246,7362","5835450,475","13,34450438","52,58927215",,,4231.0
213507,11,9,9401635.0,2021,6,15,4,3,5,2,0,1,1,0,0,0,0,0,"816644,8554","5817429,358","13,65692603","52,41522238",,,3555.0
213506,11,11,11200514.0,2021,6,17,4,3,5,2,0,1,1,0,0,0,0,0,"805028,6925","5830429,662","13,49855805","52,5383354",,,5754.0
213505,11,12,12200310.0,2021,6,13,7,3,5,2,0,1,1,0,0,0,0,0,"792080,1366","5832942,465","13,31040389","52,56795655",,,3729.0
213504,11,6,6100208.0,2021,6,8,4,3,6,3,0,0,1,1,0,0,0,0,"794767,7897","5820487,976","13,33891305","52,45486186",,,4857.0
213503,11,1,1300835.0,2021,6,16,3,3,5,3,0,1,1,0,0,0,0,0,"796971,373","5830138,873","13,37985141","52,54017943",,,1858.0
213502,11,6,6400841.0,2021,6,8,2,3,5,3,0,0,1,0,1,0,0,0,"789712,5508","5818427,581","13,26293992","52,43909267",,,6246.0
213501,11,4,4300622.0,2021,6,20,1,3,1,5,0,1,1,0,0,0,0,0,"793681,9095","5826206,469","13,32801588","52,50671034",,,5248.0
213500,11,4,4501045.0,2021,7,12,1,3,1,5,0,0,1,0,0,0,1,0,"794330,8376","5825263,844","13,33671626","52,49791055",,,5553.0
213499,11,10,10100103.0,2021,6,17,1,3,5,3,0,1,1,0,0,0,0,0,"809866,7994","5833923,537","13,57292606","52,56691648",,,4264.0
213498,11,8,8100314.0,2021,7,20,5,2,5,3,1,1,1,0,0,0,0,0,"801285,3405","5823825,085","13,43755412","52,48121991",,,4353.0
213497,11,3,3500934.0,2021,7,21,4,3,6,4,1,1,0,1,0,0,0,0,"800370,72","5831673,981","13,43121258","52,55207586",,,4965.0
213496,11,11,11100309.0,2021,7,8,4,3,2,6,0,0,1,0,0,0,0,1,"805190,5183","5833165,291","13,50345091","52,56276246",,,3451.0
213495,11,10,10100312.0,2021,6,13,5,3,9,6,0,0,1,0,0,0,0,0,"808496,0299","5829483,192","13,54864172","52,52790169",,,3574.0
213494,11,3,3601243.0,2021,6,13,5,2,5,2,0,1,0,0,0,0,1,0,"799673,444","5831253,871","13,42058021","52,54869434",,,4235.0
213493,11,1,1100205.0,2021,5,18,1,3,5,3,0,1,1,0,0,0,0,0,"797158,6735","5826452,631","13,37931132","52,50703435",,,4365.0
213492,11,2,2200207.0,2021,6,9,6,3,0,3,0,1,1,0,0,0,0,0,"797101,2089","5824720,984","13,3769224","52,49154327",,,7162.0
213491,11,6,6100102.0,2021,6,15,5,3,2,6,0,0,1,0,0,0,0,0,"793681,1313","5820597,027","13,32306314","52,45642441",,,2651.0