OBJECTID,LAND,BEZ,LOR_ab_2021,UJAHR,UMONAT,USTUNDE,UWOCHENTAG,UKATEGORIE,UART,UTYP1,ULICHTVERH,IstRad,IstPKW,IstFuss,IstKrad,IstGkfz,IstSonstige,USTRZUSTAND,LINREFX,LINREFY,XGCSWGS84,YGCSWGS84,LOR,STRASSE,quadrant
213490,11,9,9100407.0,2021,6,18,3,3,6,4,0,0,0,1,0,0,1,0,"805855,547","5819481,074","13,50066346","52,43974635",,,4837.0
213489,11,2,2200209.0,2021,6,10,6,2,3,6,0,0,1,0,1,0,0,0,"797736,1056","5824024,47","13,38562376","52,48495389",,,4754.0
213488,11,4,4300517.0,2021,6,15,2,3,5,3,0,0,1,0,1,0,0,0,"791913,6987","5828214,923","13,30379988","52,52566472",,,4760.0
213487,11,3,3300514.0,2021,5,19,5,3,5,3,0,1,1,0,0,0,0,1,"801614,7901","5836179,875","13,45360357","52,59177447",,,7237.0
213486,11,3,3601142.0,2021,6,17,4,3,3,6,0,1,0,0,0,0,0,0,"798581,6263","5830262,945","13,40363553","52,54041164",,,1062.0
213485,11,1,1100415.0,2021,5,21,1,3,0,1,1,1,0,0,0,0,0,0,"798289,3275","5829368,325","13,39853537","52,53255269",,,1556.0
213484,11,8,8200832.0,2021,6,11,2,3,2,6,0,0,1,0,0,0,0,0,"801389,8772","5817262,127","13,4331664","52,42233641",,,2947.0
213483,11,11,11100203.0,2021,7,7,2,2,5,2,0,0,1,0,1,0,0,0,"807655,433","5833603,323","13,54010619","52,56530093",,,457.0
213482,11,2,2200210.0,2021,6,17,5,3,3,6,0,1,1,0,0,0,0,0,"798491,247","5824759,411","13,39736962","52,4911294",,,4651.0
213481,11,7,7601442.0,2021,7,17,6,3,5,3,0,0,1,0,0,0,0,0,"798805,7292","5815847,476","13,39401481","52,41107282",,,2954.0
213480,11,1,1100206.0,2021,7,14,6,3,2,6,0,1,1,0,0,0,0,1,"797504,2745","5827546,081","13,38536581","52,51664751",,,7559.0
213479,11,2,2400623.0,2021,6,7,5,3,1,5,0,0,1,0,0,0,0,0,"800694,9532","5827712,415","13,43239626","52,51638864",,,7860.0
213478,11,3,3701554.0,2021,6,20,2,3,3,6,0,0,1,0,1,0,0,0,"799209,2779","5829255,745","13,41195586","52,53103937",,,659.0
213477,11,5,5200629.0,2021,5,13,2,3,5,2,0,1,1,0,0,0,0,0,"783859,3498","5828695,659","13,18581116","52,53422854",,,3150.0
213476,11,7,7601546.0,2021,6,15,6,3,6,7,0,1,0,1,0,0,0,0,"799203,1635","5812420,969","13,39678094","52,38014105",,,3750.0
213475,11,9,9501736.0,2021,6,13,6,2,0,7,0,1,0,0,0,0,0,0,"813668,2383","5820769,669","13,61643664","52,44686905",,,4664.0
213474,11,12,12500825.0,2021,7,11,6,2,5,3,0,0,1,0,1,0,0,0,"792347,8706","5835049,568","13,31620097","52,58670209",,,3148.0
213473,11,5,5100314.0,2021,6,5,4,3,0,7,0,0,0,0,1,0,0,0,"785262,8084","5829819,612","13,20741115","52,543573",,,3856.0
213472,11,5,5300736.0,2021,6,13,6,3,5,7,0,1,1,0,0,0,0,0,"785711,7396","5829289,678","13,21355735","52,53858648",,,4646.0
213471,11,2,2500727.0,2021,6,12,2,3,1,5,0,1,1,0,0,0,0,0,"802623,0227","5827855,929","13,46085422","52,51660855",,,4952.0
213470,11,4,4501042.0,2021,5,5,6,3,0,2,0,0,0,0,0,0,1,0,"793967,6878","5826143,512","13,33215875","52,50599205",,,2852.0
213469,11,7,7501133.0,2021,6,14,4,3,0,7,0,0,1,0,1,0,0,0,"797939,9452","5818020,154","13,38325844","52,43102058",,,4446.0
213468,11,1,1200628.0,2021,7,11,1,3,6,7,0,0,1,1,0,0,0,0,"796294,566","5828296,474","13,36825892","52,52403261",,,3148.0
213467,11,7,7200308.0,2021,5,15,3,3,5,3,0,1,1,0,0,0,0,0,"794823,9411","5823579,788","13,34246907","52,48254788",,,4453.0
213466,11,1,1100102.0,2021,6,20,3,3,2,2,1,1,0,0,0,0,0,0,"795136,996","5827076,076","13,35016375","52,51372051",,,4848.0
213465,11,5,5100313.0,2021,7,15,2,3,2,6,0,0,1,0,0,0,1,0,"785380,524","5830642,059","13,20984904","52,55088529",,,3169.0
213464,11,3,3300413.0,2021,7,7,3,3,5,3,0,1,1,0,0,0,0,0,"803485,5723","5838540,317","13,48329949","52,6118894",,,5754.0
213463,11,1,1100310.0,2021,7,17,7,3,2,6,0,1,1,0,0,0,0,0,"799124,8789","5828465,585","13,41000453","52,52400309",,,3744.0
213462,11,1,1100207.0,2021,6,15,3,2,5,3,0,1,1,0,0,0,0,0,"797897,1001","5826570,037","13,39026412","52,50768405",,,6629.0
213461,11,6,6400735.0,2021,6,8,6,2,5,2,0,1,1,0,0,0,0,0,"781105,7205","5812640,03","13,13179774","52,39168848",,,4261.0
213460,11,6,6100204.0,2021,6,11,4,2,0,5,0,1,1,0,0,0,0,0,"795392,7249","5820057,343","13,34770231","52,45066413",,,5241.0
213459,11,1,1300733.0,2021,7,0,6,3,5,2,2,0,1,0,0,0,0,1,"797356,4809","5831199,002","13,38646211","52,54947218",,,7132.0
213458,11,4,4100102.0,2021,7,15,6,3,2,6,0,0,1,0,0,0,0,0,"791214,6214","5829143,609","13,29433812","52,53436415",,,2057.0
213457,11,1,1100309.0,2021,6,12,5,3,0,5,0,1,1,0,0,0,0,0,"798628,3236","5828830,764","13,40303526","52,52754859",,,2759.0
213456,11,4,4500939.0,2021,6,2,5,2,9,1,2,0,0,0,1,0,0,0,"792428,5844","5824110,018","13,30776176","52,48858939",,,3446.0
213455,11,2,2400623.0,2021,6,17,2,3,1,5,0,1,1,0,0,0,0,0,"800606,2012","5827130,678","13,43056676","52,51122329",,,7123.0
213454,11,1,1200520.0,2021,5,13,2,3,2,7,0,0,1,0,1,0,0,0,"794549,3136","5828933,183","13,34317334","52,53068591",,,5659.0
213453,11,8,8401242.0,2021,6,17,6,3,5,3,0,0,1,0,0,0,0,0,"805267,1383","5817251,942","13,48999914","52,42009612",,,3442.0
213452,11,7,7400823.0,2021,6,16,6,2,0,2,0,0,1,0,1,0,0,0,"797356,965","5822008,998","13,37825977","52,4670939",,,7134.0
213451,11,3,3701660.0,2021,6,7,4,3,5,3,0,1,1,0,0,0,0,0,"800509,1509","5829712,318","13,43147359","52,5344167",,,3371.0
213450,11,10,10200629.0,2021,5,7,6,3,5,3,0,1,1,0,0,0,0,0,"810356,0852","5827951,529","13,57454373","52,51312005",,,4265.0
213449,11,1,1100311.0,2021,6,18,4,3,5,2,0,1,1,0,0,0,0,0,"799607,8496","5827989,668","13,41667332","52,51947206",,,1959.0
213448,11,5,5100313.0,2021,7,13,1,3,2,6,0,0,1,0,0,0,0,0,"785418,0635","5830400,616","13,21019364","52,54870089",,,1263.0
213447,11,5,5200528.0,2021,5,19,3,2,5,2,0,0,1,0,0,0,0,0,"783793,9409","5826303,025","13,18280761","52,51280983",,,2362.0
213446,11,4,4400835.0,2021,6,12,3,3,1,5,0,1,0,0,0,0,1,0,"793047,4241","5822299,206","13,31525824","52,47202416",,,4456.0
213445,11,11,11100205.0,2021,7,14,3,3,5,3,0,1,1,0,0,0,0,0,"805772,7795","5834046,032","13,5128257","52,57032917",,,4261.0
213444,11,8,8100417.0,2021,7,13,6,3,5,3,0,0,1,0,0,0,0,1,"802048,7696","5822746,056","13,44778447","52,47112672",,,2947.0
213443,11,12,12400721.0,2021,6,16,2,3,5,3,0,1,1,0,0,0,0,0,"790285,0469","5840139,228","13,29030402","52,63343475",,,4416.0
213442,11,11,11100308.0,2021,6,18,6,3,0,6,0,0,0,0,1,0,1,0,"804522,4819","5833372,471","13,49381638","52,56499332",,,3677.0
213441,11,3,3601244.0,2021,6,10,3,3,5,2,0,0,1,0,0,0,0,0,"800104,2265","5831694,818","13,42731274","52,55240952",,,5062.0
213440,11,5,5100316.0,2021,6,13,3,3,0,3,0,0,1,0,1,0,0,0,"784796,5899","5828787,655","13,19967032","52,53456443",,,3538.0
213439,11,8,8100418.0,2021,6,10,7,2,5,3,0,0,1,0,0,0,0,0,"801661,237","5823962,764","13,4431971","52,48224644",,,3849.0
213438,11,8,8100313.0,2021,6,19,7,3,0,1,0,1,0,0,0,0,1,0,"801842,5642","5824433,672","13,44628555","52,48636705",,,6543.0
213437,11,2,2400521.0,2021,7,10,7,3,5,3,0,1,0,0,0,0,0,0,"800906,6774","5828049,569","13,43581197","52,51929385",,,7232.0
213436,11,6,4400835.0,2021,6,16,6,3,5,3,0,1,1,0,0,0,0,0,"792762,237","5821724,11","13,31056699","52,46702147",,,4422.0
213435,11,6,6400841.0,2021,6,12,2,3,2,6,0,0,1,0,0,0,0,0,"789711,4972","5818424,957","13,26292219","52,43906971",,,2634.0
213434,11,11,11200515.0,2021,5,14,4,3,5,3,0,1,1,0,0,0,0,0,"806015,1108","5830619,868","13,51323192","52,53948708",,,1658.0
213433,11,4,4300623.0,2021,6,12,4,3,5,2,0,1,1,0,0,0,0,1,"792534,705","5826113,583","13,3110799","52,50649399",,,4970.0
213432,11,1,1200624.0,2021,7,6,2,3,5,2,0,0,1,0,0,1,0,0,"795666,1742","5829736,196","13,36030423","52,53727956",,,4230.0
213431,11,1,1300732.0,2021,7,11,4,2,6,2,0,0,1,1,0,0,0,1,"797707,0645","5832885,547","13,39312992","52,56439834",,,1465.0
213430,11,2,2400623.0,2021,6,12,4,3,5,3,0,1,0,0,0,0,1,0,"800611,6146","5827117,893","13,43063474","52,51110572",,,4964.0
213429,11,11,11200513.0,2021,5,15,7,3,1,5,0,1,1,0,0,0,0,0,"804760,5465","5831081,46","13,49521456","52,54432712",,,6630.0
213428,11,8,8100105.0,2021,6,16,5,3,4,6,0,0,1,0,0,0,1,0,"800490,29","5821803,456","13,42406092","52,46353729",,,4761.0
213427,11,7,7100205.0,2021,6,8,4,3,5,3,0,1,0,0,0,0,1,0,"796014,7606","5824976,449","13,36119418","52,49442354",,,5064.0
213426,11,8,8200831.0,2021,6,10,3,3,5,7,0,0,1,0,0,0,1,0,"800018,1937","5817056,753","13,41287115","52,42124926",,,5927.0
213425,11,9,9200510.0,2021,6,15,7,3,5,2,0,1,1,0,0,0,0,0,"806092,1043","5823415,922","13,50774","52,47487986",,,5149.0
213424,11,5,5300841.0,2021,6,6,3,2,3,6,0,0,1,0,1,0,0,0,"789527,2606","5829288,078","13,26965696","52,53655834",,,4237.0
213423,11,10,10200420.0,2021,6,14,4,2,6,4,0,0,1,1,0,0,0,0,"811155,3681","5830750,82","13,588903","52,53775007",,,3855.0
213422,11,3,3400828.0,2021,6,13,2,3,5,3,0,1,0,0,0,0,0,0,"800065,4693","5832610,364","13,42757047","52,56063715",,,5038.0
213421,11,1,1100207.0,2021,6,18,1,3,5,3,0,0,1,0,0,0,0,0,"797892,6009","5826671,194","13,39028855","52,50859326",,,7164.0
213420,11,11,11400927.0,2021,7,1,1,2,0,1,2,1,0,0,0,0,0,0,"803862,5353","5826809,165","13,47810921","52,50653756",,,4647.0
213419,11,6,6400841.0,2021,6,14,7,3,1,5,0,0,1,0,0,0,0,0,"789463,7293","5818435,327","13,25929636","52,43929388",,,5555.0
213418,11,8,8300935.0,2021,7,17,5,3,2,6,0,0,1,0,0,0,0,1,"803152,7489","5817381,097","13,45911941","52,42242904",,,3923.0
213417,11,2,2200209.0,2021,7,17,5,3,3,6,0,1,0,0,0,0,0,0,"797149,7765","5823997,444","13,3769905","52,48503105",,,6151.0
213416,11,8,8100312.0,2021,6,10,5,3,2,6,0,0,1,0,0,0,0,0,"801101,7952","5824131,865","13,4351366","52,4840709",,,1353.0
213415,11,2,2400521.0,2021,6,7,2,3,0,1,0,1,0,0,0,0,1,0,"800930,2089","5828517,694","13,43658125","52,52347676",,,4752.0
213414,11,3,3200310.0,2021,5,18,1,2,5,2,0,0,1,0,1,0,0,0,"799646,4324","5837827,091","13,42612443","52,60762676",,,5051.0
213413,11,8,8100314.0,2021,6,12,6,3,1,5,0,1,1,0,0,0,0,0,"800666,1062","5824338,381","13,42892616","52,48616205",,,6568.0
213412,11,8,8401241.0,2021,6,17,4,3,2,6,0,1,1,0,0,0,0,0,"803810,7813","5818820,413","13,47007405","52,43496462",,,5357.0
213411,11,3,3100103.0,2021,6,9,3,3,6,2,0,0,1,1,0,0,0,0,"804233,9505","5841124,908","13,49669624","52,63463496",,,6447.0
213410,11,5,5100105.0,2021,6,20,2,3,5,3,0,0,1,0,0,0,0,0,"785095,1565","5831659,059","13,20652522","52,56015303",,,6350.0
213409,11,9,9501737.0,2021,6,20,2,3,5,3,0,1,0,0,0,0,0,0,"815026,707","5821287,114","13,63684702","52,45072482",,,2560.0
213408,11,1,1400937.0,2021,5,16,5,2,0,7,0,0,1,0,0,0,0,1,"793704,8339","5832236,47","13,33368118","52,56075361",,,5730.0
213407,11,1,1100309.0,2021,6,17,4,3,0,6,0,1,1,0,0,0,0,0,"798691,8415","5828663,988","13,40381896","52,52601889",,,5248.0
213406,11,8,8100208.0,2021,5,14,2,3,5,3,0,1,0,0,0,0,1,0,"801509,6203","5823004,358","13,44010467","52,47373977",,,4259.0
213405,11,1,1300733.0,2021,6,15,2,3,0,7,0,1,0,1,0,0,0,0,"797821,6849","5831789,246","13,39383211","52,5545088",,,7061.0
213404,11,4,4501042.0,2021,7,16,2,3,5,3,0,1,0,0,0,0,1,0,"794006,7194","5826190,592","13,33277375","52,50639306",,,5143.0
213403,11,5,5100211.0,2021,7,19,6,3,5,2,0,0,1,0,1,0,0,0,"783241,0408","5830279,425","13,17807024","52,54875064",,,4755.0
213402,11,8,8100415.0,2021,7,20,6,3,1,5,0,1,1,0,0,0,0,0,"801379,1772","5823737,951","13,43885295","52,48038713",,,6060.0
213401,11,7,7601544.0,2021,6,10,6,3,5,2,0,0,1,0,0,0,0,0,"799793,7792","5813977,341","13,40682393","52,39376926",,,7326.0
213400,11,9,9200715.0,2021,6,1,5,2,0,1,2,1,0,0,0,0,0,0,"807674,319","5819370,407","13,52723437","52,4377344",,,5147.0
213399,11,6,6300631.0,2021,6,13,2,2,0,1,0,1,0,0,0,0,0,0,"792382,422","5816558,923","13,30047192","52,4209194",,,4651.0
213398,11,2,2500832.0,2021,5,8,2,3,5,2,0,1,1,0,0,0,0,0,"803645,5551","5827395,421","13,4754569","52,51191282",,,3848.0
213397,11,3,3400828.0,2021,6,13,6,3,6,7,0,0,0,1,0,0,1,0,"799855,951","5831851,349","13,42380328","52,55394929",,,3737.0
213396,11,9,9200716.0,2021,6,13,6,3,5,2,0,1,1,0,0,0,0,0,"808885,6676","5819338,969","13,54496879","52,43676992",,,7026.0
213395,11,4,4400727.0,2021,7,7,6,3,5,2,0,1,1,0,0,0,0,1,"791122,541","5823173,159","13,28776287","52,48088847",,,2837.0
213394,11,1,1100310.0,2021,6,7,4,2,5,7,0,0,1,0,1,0,0,0,"799316,441","5827569,3","13,41201316","52,51586411",,,3341.0
213393,11,10,10100311.0,2021,6,12,6,2,6,4,0,0,0,1,0,0,1,0,"806503,1616","5829455,706","13,51933205","52,5287794",,,4319.0
213392,11,6,6200316.0,2021,5,19,6,3,0,7,0,1,0,1,0,0,0,0,"796120,6057","5817652,688","13,35625139","52,42871435",,,5651.0
213391,11,10,10300731.0,2021,6,6,5,3,5,3,0,1,1,0,0,0,0,0,"809121,3125","5829722,373","13,55805194","52,52969099",,,4334.0
213390,11,9,9100304.0,2021,7,3,1,2,9,1,2,0,1,0,0,0,0,0,"804322,4083","5821631,048","13,48013714","52,45987137",,,3566.0
213389,11,2,2400623.0,2021,5,7,3,3,5,3,0,1,0,0,0,0,0,1,"800619,4752","5827307,668","13,43092164","52,51280238",,,3470.0
213388,11,1,1100207.0,2021,6,15,3,3,5,3,0,0,1,0,0,0,0,0,"797903,8802","5826568,723","13,39036254","52,50766857",,,3242.0
213387,11,2,2500726.0,2021,7,18,2,3,5,2,0,1,0,0,0,0,1,0,"801863,613","5828981,949","13,45071869","52,52712195",,,7562.0
213386,11,1,1200518.0,2021,7,10,3,3,1,5,0,0,1,0,0,0,0,0,"793537,5826","5828226,124","13,32767732","52,52489325",,,4851.0
213385,11,5,5200629.0,2021,5,6,6,3,6,4,0,0,1,1,0,0,0,1,"784404,8984","5828664,885","13,19380612","52,53366821",,,1558.0
213384,11,7,7200308.0,2021,6,14,4,3,2,6,0,1,1,0,0,0,0,0,"794992,0879","5823538,837","13,34490174","52,48208997",,,5355.0
213383,11,4,4300518.0,2021,7,13,7,2,0,1,0,1,0,0,0,0,0,0,"792075,3272","5828590,112","13,3065051","52,52894163",,,5446.0
213382,11,4,4100102.0,2021,6,21,2,2,5,2,1,0,1,0,0,0,0,0,"791427,5798","5829179,889","13,29750069","52,53457557",,,4852.0
213381,11,5,5100314.0,2021,6,15,6,2,6,4,0,0,0,1,1,0,0,0,"785151,1808","5829587,507","13,20557031","52,54155041",,,1163.0
213380,11,10,10100104.0,2021,6,13,3,3,6,4,0,0,1,1,0,0,0,0,"810283,4164","5833624,057","13,57877297","52,56399546",,,5542.0
213379,11,1,1200522.0,2021,6,10,3,3,1,5,0,1,1,0,0,0,0,0,"794016,1089","5828226,488","13,33471072","52,52463867",,,3148.0
213378,11,8,8100209.0,2021,6,0,1,3,5,3,2,0,1,0,0,0,0,0,"801308,6054","5822235,722","13,43645994","52,4669612",,,3228.0
213377,11,2,2200210.0,2021,6,16,6,3,2,6,0,1,1,0,0,0,0,0,"798312,1219","5825014,49","13,39496757","52,49351379",,,3948.0
213376,11,8,8200623.0,2021,7,11,7,3,5,2,0,0,1,0,0,0,0,0,"802624,3185","5820751,19","13,45442324","52,45292808",,,3222.0
213375,11,1,1400937.0,2021,6,16,7,3,1,5,0,1,1,0,0,0,0,0,"793677,7824","5830072,848","13,33136958","52,54137262",,,7936.0
213374,11,1,1100103.0,2021,5,11,4,3,2,6,0,0,1,0,0,1,0,0,"795322,7908","5826145,76","13,35206825","52,50528038",,,7134.0
213373,11,12,12500927.0,2021,6,20,3,3,5,3,0,1,1,0,0,0,0,1,"792990,2973","5835646,467","13,32618424","52,59170733",,,5063.0
213372,11,1,1200520.0,2021,7,13,3,3,0,6,0,0,1,0,1,0,0,0,"794586,7177","5828474,398","13,34331664","52,526553",,,2130.0
213371,11,5,5200630.0,2021,7,9,4,3,2,6,0,0,1,0,0,0,0,1,"784422,3508","5827252,905","13,19285484","52,5209992",,,3229.0
213370,11,1,1200517.0,2021,6,10,5,2,5,3,0,0,1,0,1,0,0,0,"792963,8631","5828578,309","13,31955532","52,52835903",,,7758.0
213369,11,9,9300923.0,2021,5,14,1,3,5,3,0,0,1,0,0,0,0,0,"808682,3345","5815212,685","13,53818109","52,39990461",,,7440.0
213368,11,1,1100101.0,2021,6,17,5,2,5,2,0,1,0,0,1,0,0,0,"795127,4324","5826490,258","13,34950375","52,50847426",,,5476.0
213367,11,10,10400938.0,2021,6,20,5,2,5,3,0,0,0,0,1,0,1,0,"813220,6622","5828941,283","13,61755004","52,52035193",,,5146.0
213366,11,7,7100206.0,2021,6,9,3,3,0,1,0,0,0,0,1,0,0,0,"796253,633","5824303,206","13,36410382","52,48825891",,,3558.0
213365,11,5,5100315.0,2021,6,23,7,3,0,7,2,0,0,0,0,0,1,0,"784338,0838","5830013,88","13,19397825","52,54579822",,,4346.0
213364,11,12,12100204.0,2021,6,15,3,3,1,5,0,1,1,0,0,0,0,0,"795035,467","5832505,742","13,35349291","52,56244805",,,2849.0
213363,11,1,1200519.0,2021,6,16,3,3,5,2,0,1,0,0,0,0,1,0,"793702,5026","5828490,089","13,33033437","52,52717074",,,4944.0
213362,11,6,6200313.0,2021,6,20,2,3,5,2,0,0,1,0,0,0,0,0,"795726,7277","5818909,584","13,35158698","52,44019466",,,4455.0
213361,11,1,1401047.0,2021,7,20,1,3,5,3,0,0,1,0,0,0,0,0,"795525,4679","5830737,462","13,35912639","52,54633133",,,6835.0
213360,11,8,8100208.0,2021,6,14,7,3,2,6,0,0,1,0,0,0,0,0,"801633,5101","5822640,49","13,44159414","52,47040995",,,5044.0
213359,11,9,9501838.0,2021,6,10,2,1,5,3,0,1,1,0,0,0,0,0,"818785,0631","5822133,61","13,69277359","52,4561311",,,5444.0
213358,11,4,4501045.0,2021,6,8,3,3,5,2,0,1,1,0,0,0,0,0,"793503,5078","5825308,52","13,3246034","52,49875662",,,4077.0
213357,11,6,6300525.0,2021,6,18,1,3,6,7,0,0,1,1,0,0,0,0,"789548,2478","5815505,298","13,25799978","52,4129801",,,3742.0
213356,11,2,2200213.0,2021,6,14,6,3,6,7,0,0,0,1,1,0,0,0,"799725,2896","5825280,267","13,41595955","52,49512194",,,958.0
213355,11,6,6100206.0,2021,7,17,6,3,2,6,0,0,1,0,0,0,0,0,"794802,1281","5819824,077","13,3388309","52,44889183",,,3864.0
213354,11,1,1100313.0,2021,6,16,7,3,5,2,0,1,1,0,0,0,0,0,"800442,2356","5826721,489","13,42778861","52,50764593",,,3650.0
213353,11,12,12400721.0,2021,5,16,4,3,0,1,0,0,0,0,1,0,0,1,"791056,9761","5840133,637","13,30167298","52,63297147",,,1867.0
213352,11,10,10200630.0,2021,6,20,3,3,5,3,0,1,1,0,0,0,0,1,"811432,6681","5829132,522","13,59146242","52,5230897",,,3756.0
213351,11,7,7501031.0,2021,7,15,3,3,2,6,0,0,1,0,0,0,0,0,"798923,9789","5819498,42","13,39901116","52,44373464",,,2943.0
213350,11,1,1401049.0,2021,7,8,4,3,5,3,0,1,1,0,0,0,0,1,"795944,1978","5831560,644","13,36601702","52,55348304",,,4059.0
213349,11,7,7100206.0,2021,6,11,4,3,5,2,0,1,0,0,0,1,0,0,"796640,5965","5824832,842","13,37025766","52,49279647",,,1557.0
213348,11,3,3701554.0,2021,5,16,7,3,3,6,0,1,0,0,0,0,1,0,"799162,121","5829196,758","13,41120968","52,53053652",,,5044.0
213347,11,5,5300840.0,2021,6,10,5,3,3,6,0,0,1,0,0,1,0,0,"788795,8137","5829331,02","13,25894007","52,53733143",,,5658.0
213346,11,2,2200210.0,2021,6,21,4,3,5,3,0,0,1,0,0,0,0,0,"798711,4146","5824700,6","13,40055002","52,49048181",,,8930.0
213345,11,8,8100103.0,2021,6,5,4,3,2,6,0,0,1,0,0,1,0,0,"800664,191","5823007,32","13,42769778","52,47423233",,,4558.0
213344,11,11,11300617.0,2021,6,16,7,3,2,6,0,0,1,0,0,0,0,0,"803103,0019","5829561,098","13,46946011","52,53162511",,,3628.0
213343,11,11,11300617.0,2021,6,15,3,2,2,6,0,0,1,0,0,0,0,0,"803313,0281","5829635,209","13,47261446","52,53217252",,,1562.0
213342,11,8,8100415.0,2021,6,16,4,2,5,3,0,0,1,0,0,0,0,0,"801824,764","5823635,958","13,445302","52,47922686",,,3731.0
213341,11,7,7300618.0,2021,6,18,2,2,5,3,0,0,1,0,1,0,0,0,"794931,2427","5822637,119","13,34321083","52,4740395",,,4055.0
213340,11,2,2500832.0,2021,7,16,1,2,6,4,0,1,0,1,0,0,0,0,"803469,2798","5827419,416","13,47288925","52,51222598",,,1155.0
213339,11,11,11100204.0,2021,6,17,1,3,0,1,0,1,0,0,0,0,0,0,"806891,0355","5832640,361","13,52797371","52,55710226",,,1928.0
213338,11,1,1200522.0,2021,6,19,4,3,2,6,0,1,1,0,0,0,0,1,"794466,556","5828354,053","13,34144396","52,52553911",,,5048.0
213337,11,12,12400616.0,2021,7,18,4,3,1,1,0,1,1,0,0,0,0,1,"786871,8328","5832725,374","13,23358423","52,56877999",,,5078.0
213336,11,6,6200315.0,2021,6,8,5,3,2,2,0,0,1,0,1,0,0,0,"795446,431","5817843,542","13,34653319","52,43078973",,,1025.0
213335,11,6,6400838.0,2021,5,9,1,2,0,1,0,1,0,0,0,0,0,0,"787251,7455","5818338,114","13,22676124","52,43958865",,,1163.0
213334,11,7,7601341.0,2021,6,11,6,3,5,2,0,0,1,0,0,0,0,0,"797669,274","5815465,338","13,37701623","52,40826642",,,1362.0
213333,11,5,5300737.0,2021,6,21,5,3,1,5,1,0,1,0,0,0,1,0,"787558,7953","5829435,271","13,24084212","52,53892025",,,4150.0
213332,11,1,1100313.0,2021,6,17,3,3,5,3,0,1,1,0,0,0,0,0,"799769,3999","5826563,701","13,41776262","52,50660173",,,2852.0
213331,11,4,4501045.0,2021,6,8,2,3,2,2,0,0,1,0,1,0,0,0,"793472,7295","5824731,127","13,3236426","52,49359709",,,5780.0
213330,11,2,2100104.0,2021,5,8,5,3,6,4,0,1,0,1,0,0,0,0,"799293,063","5826154,942","13,41039792","52,50319932",,,3554.0
213329,11,4,4200310.0,2021,6,16,4,3,0,5,0,1,1,0,0,0,0,0,"789853,7251","5826346,789","13,27189328","52,51001573",,,3350.0
213328,11,7,7300515.0,2021,5,17,1,3,0,2,0,1,1,0,0,0,0,1,"793471,8653","5822275,99","13,32146861","52,47158817",,,3327.0
213327,11,3,3500936.0,2021,6,22,2,3,2,6,2,0,1,0,1,0,0,0,"802701,725","5831824,874","13,46562515","52,55213791",,,4056.0
213326,11,1,1100101.0,2021,7,15,2,3,5,2,0,1,1,0,0,0,0,0,"795256,9678","5826619,508","13,35152147","52,5095628",,,3140.0
213325,11,4,4300619.0,2021,7,20,6,2,0,7,0,0,0,0,0,0,1,0,"792143,9164","5827351,874","13,30642559","52,51780439",,,2841.0
213324,11,1,1200623.0,2021,7,21,6,3,0,1,1,0,0,0,0,0,1,1,"795220,2264","5829334,867","13,35339181","52,53392373",,,3630.0
213323,11,6,6400843.0,2021,6,15,5,3,6,4,0,0,1,1,0,0,0,0,"791114,4726","5819335,981","13,28429728","52,44649216",,,4049.0
213322,11,7,7501030.0,2021,6,8,5,3,6,4,0,0,0,1,0,0,1,0,"797810,6359","5820142,376","13,38325324","52,45011454",,,5051.0
213321,11,1,1200627.0,2021,6,15,2,3,3,2,0,0,1,0,1,0,0,0,"795989,3283","5828715,695","13,36414616","52,52795632",,,3031.0
213320,11,7,8200725.0,2021,5,14,2,3,5,2,0,1,1,0,0,0,0,0,"799812,8588","5819027,797","13,4116278","52,43902953",,,6957.0
213319,11,7,7300619.0,2021,6,22,6,3,1,7,1,0,1,0,0,0,0,0,"795332,4179","5821560,796","13,34814739","52,46417421",,,4754.0
213318,11,4,4501045.0,2021,6,14,6,3,5,3,0,1,1,0,0,0,0,0,"793904,4046","5825083,572","13,33029357","52,49652432",,,7363.0
213317,11,4,4200309.0,2021,7,11,6,3,0,1,0,1,0,0,0,0,0,1,"788706,608","5826802,149","13,25543277","52,51470653",,,7363.0
213316,11,10,10200420.0,2021,6,16,4,3,5,2,0,1,1,0,0,0,0,0,"811658,4158","5830632,915","13,59618543","52,53640607",,,5345.0
213315,11,6,6200315.0,2021,6,19,6,3,0,1,0,1,1,0,0,0,0,0,"795281,3526","5817885,697","13,3441494","52,43125676",,,6130.0
213314,11,2,2400522.0,2021,5,17,6,3,5,2,0,1,1,0,0,0,0,1,"801401,7603","5828748,368","13,44371963","52,52528387",,,2070.0
213313,11,5,5100316.0,2021,6,7,5,3,0,7,0,0,0,0,1,0,0,0,"783595,3376","5829131,584","13,18230132","52,53827456",,,5735.0
213312,11,8,8100314.0,2021,7,4,1,3,5,2,1,0,1,0,0,0,1,0,"800336,3636","5824351,088","13,42409611","52,48645743",,,4257.0
213311,11,4,4300414.0,2021,5,15,3,3,1,5,0,1,1,0,0,0,0,1,"791627,9854","5826840,254","13,29839522","52,51349393",,,7452.0