OBJECTID,LAND,BEZ,LOR_ab_2021,UJAHR,UMONAT,USTUNDE,UWOCHENTAG,UKATEGORIE,UART,UTYP1,ULICHTVERH,IstRad,IstPKW,IstFuss,IstKrad,IstGkfz,IstSonstige,USTRZUSTAND,LINREFX,LINREFY,XGCSWGS84,YGCSWGS84,LOR,STRASSE,quadrant
211863,11,12,12200411.0,2021,5,0,4,3,5,2,2,0,1,0,0,0,0,0,"792901,9306","5832166,888","13,32180944","52,56056233",,,4558.0
211862,11,2,2500729.0,2021,4,14,5,3,6,4,0,1,0,1,0,0,0,0,"803461,9285","5827764,297","13,47309576","52,51532116",,,4936.0
211861,11,8,8100314.0,2021,4,11,6,3,4,6,0,1,0,0,0,0,1,0,"800328,3403","5824359,119","13,42398555","52,48653384",,,5334.0
211860,11,2,2200212.0,2021,4,15,3,3,0,1,0,1,0,0,0,0,0,0,"800078,4648","5824444,87","13,42039386","52,48743985",,,3549.0
211859,11,7,7501029.0,2021,3,20,4,3,5,3,2,0,1,0,0,0,0,0,"797197,8046","5818632,509","13,37291906","52,43691348",,,4550.0
211858,11,1,1401045.0,2021,4,11,6,3,0,7,0,1,0,0,0,0,0,0,"796468,1855","5831933,077","13,37405547","52,55653653",,,5934.0
211857,11,6,6100205.0,2021,5,16,7,3,1,5,0,1,1,0,0,0,0,0,"795626,9852","5819940,278","13,35103584","52,44948809",,,5039.0
211856,11,3,3501038.0,2021,4,10,3,3,5,2,0,1,1,0,0,0,0,0,"803872,9977","5832204,32","13,48319433","52,55488658",,,5253.0
211855,11,7,7400721.0,2021,5,5,3,3,0,7,0,1,0,0,0,0,0,0,"798730,9147","5823948,28","13,40016206","52,48372758",,,7032.0
211854,11,2,2200208.0,2021,5,17,6,3,5,2,0,1,1,0,0,0,0,1,"797280,8278","5824851,188","13,37967633","52,49261261",,,6335.0
211853,11,5,5100210.0,2021,5,13,5,3,2,6,0,0,1,0,0,0,0,0,"783656,168","5829529,057","13,18353517","52,54180671",,,6634.0
211852,11,8,8100313.0,2021,4,8,1,3,0,1,0,0,0,0,1,0,0,1,"801386,891","5824767,909","13,43989743","52,48961461",,,4452.0
211851,11,7,7200409.0,2021,3,13,4,3,5,3,0,1,0,0,0,0,1,0,"795275,7266","5824146,708","13,34960482","52,48738581",,,2862.0
211850,11,10,10200417.0,2021,5,11,3,3,2,6,0,0,1,0,0,0,0,0,"811309,4179","5831962,649","13,59230256","52,54852159",,,7057.0
211849,11,4,4501045.0,2021,3,18,2,3,0,2,0,1,1,0,0,0,0,0,"794205,6033","5824940,674","13,33459134","52,49508103",,,2160.0
211848,11,4,4400835.0,2021,4,6,4,3,5,3,0,1,1,0,0,0,0,0,"793147,6985","5821760,457","13,31625689","52,46714062",,,3622.0
211847,11,1,1100311.0,2021,3,18,5,3,5,7,0,0,1,0,0,0,1,0,"800038,5538","5828500,877","13,42346314","52,52381741",,,4439.0
211846,11,1,1200522.0,2021,5,12,3,3,2,2,0,1,0,0,0,0,1,0,"793700,7256","5828112,183","13,32997448","52,52378397",,,7530.0
211845,11,9,9100306.0,2021,4,20,1,3,5,2,1,1,1,0,0,0,0,1,"805456,0519","5820485,245","13,49572252","52,4489696",,,3730.0
211844,11,6,6300526.0,2021,5,15,2,3,5,3,0,0,1,0,0,0,0,0,"789504,3073","5817698,045","13,25925313","52,43266235",,,4950.0
211843,11,3,3701657.0,2021,4,10,5,3,2,1,0,0,1,0,0,1,0,1,"799988,0565","5830257,979","13,42430674","52,5395947",,,4547.0
211842,11,5,5100316.0,2021,5,12,1,3,0,2,0,0,0,0,0,0,1,0,"785029,9118","5829398,737","13,20362505","52,53992137",,,5628.0
211841,11,5,5100104.0,2021,5,12,6,3,0,2,0,0,1,0,0,0,1,0,"785202,4951","5831186,729","13,20769844","52,55586198",,,4239.0
211840,11,10,10300731.0,2021,4,7,2,3,5,2,0,1,1,0,0,0,0,0,"809587,9951","5828532,516","13,56380196","52,51876312",,,4663.0
211839,11,12,12200411.0,2021,4,12,6,2,6,2,0,0,1,1,0,0,0,0,"793063,4453","5832214,084","13,32422691","52,56089852",,,4772.0
211838,11,12,12200309.0,2021,4,15,4,3,5,7,0,0,1,0,0,0,0,0,"793410,5162","5832399,17","13,32949581","52,56237079",,,4035.0
211837,11,6,6300634.0,2021,5,14,5,3,5,2,0,1,1,0,0,0,0,1,"792932,89","5817744,362","13,30958178","52,43125232",,,3350.0
211836,11,1,1100206.0,2021,4,16,3,3,5,3,0,1,1,0,0,0,0,0,"798028,5168","5827394,418","13,39293291","52,51500182",,,4647.0
211835,11,6,6300524.0,2021,3,13,3,3,5,3,0,0,1,0,0,0,0,0,"787530,5101","5817386,136","13,23003217","52,43090694",,,1558.0
211834,11,6,6200422.0,2021,4,13,6,2,6,4,0,0,1,1,0,0,0,0,"793983,7729","5816399,64","13,32381265","52,41863358",,,4437.0
211833,11,2,2500830.0,2021,3,19,7,3,0,1,2,1,1,0,0,0,0,1,"802414,284","5827429,684","13,45740002","52,51290392",,,4852.0
211832,11,12,12100205.0,2021,5,21,4,2,6,4,2,0,1,1,0,0,0,0,"794552,077","5832992,353","13,34681446","52,56707186",,,3551.0
211831,11,6,6300633.0,2021,5,13,2,2,0,5,0,0,1,0,0,0,1,0,"793214,1986","5819726,81","13,31544691","52,44887384",,,3055.0
211830,11,10,10100311.0,2021,4,16,5,3,2,6,0,0,1,0,0,0,0,0,"806748,1769","5829126,813","13,52262913","52,52569401",,,5662.0
211829,11,6,6100209.0,2021,4,10,3,3,7,7,0,1,0,0,0,0,0,0,"794768,4075","5820940,837","13,33932193","52,45892118",,,4749.0
211828,11,4,4501148.0,2021,4,6,3,3,5,2,0,0,1,0,0,0,1,0,"792824,1533","5823228,333","13,31279641","52,48047329",,,4559.0
211827,11,2,2500833.0,2021,5,1,7,3,0,1,2,1,0,0,0,0,0,0,"802146,3413","5827142,239","13,45320272","52,51047603",,,4749.0
211826,11,2,2200210.0,2021,4,13,4,3,5,3,0,1,0,0,0,0,0,0,"798306,2435","5824808,459","13,39469678","52,49167019",,,4073.0
211825,11,6,6200421.0,2021,3,9,3,3,2,6,0,0,1,0,0,0,0,0,"793453,4089","5817169,62","13,31671167","52,42582092",,,3649.0
211824,11,6,6100207.0,2021,4,14,6,3,5,2,0,1,1,0,0,0,0,0,"793557,1185","5820075,365","13,32078468","52,45181449",,,5338.0
211823,11,8,8401241.0,2021,5,20,6,3,5,2,0,0,1,0,0,0,0,0,"804859,9629","5818616,335","13,48527368","52,43255181",,,4654.0
211822,11,1,1100310.0,2021,5,17,6,3,5,7,0,0,1,0,0,0,0,1,"799114,1309","5828500,758","13,40987822","52,52432426",,,3543.0
211821,11,6,6200421.0,2021,3,18,4,3,6,7,0,0,0,1,0,0,1,0,"793297,611","5817693,444","13,31488632","52,43060043",,,3251.0
211820,11,2,2400624.0,2021,4,13,7,3,1,5,0,1,1,0,0,0,0,0,"801943,6054","5827050,685","13,45014143","52,50976768",,,5063.0
211819,11,2,2400625.0,2021,3,12,7,3,2,6,0,0,1,0,0,0,0,1,"801732,2779","5826259,39","13,44631984","52,50279215",,,3961.0
211818,11,9,9501838.0,2021,5,13,2,2,0,5,0,1,1,0,0,0,0,0,"818499,0977","5820388,113","13,68691518","52,44065785",,,3634.0
211817,11,3,3300515.0,2021,5,12,6,2,5,2,0,0,1,0,0,0,1,1,"801237,5981","5835250,69","13,44720746","52,58365524",,,4852.0
211816,11,2,2100106.0,2021,5,7,4,3,5,3,0,0,1,0,0,0,0,0,"798589,5909","5825567,004","13,39953762","52,49831463",,,3782.0
211815,11,7,7400824.0,2021,4,14,7,3,0,3,0,0,1,0,0,0,1,0,"797732,8264","5821349,383","13,3831879","52,46097647",,,1567.0
211814,11,7,7400823.0,2021,5,15,7,3,5,3,0,1,0,0,1,0,0,0,"797235,626","5820709,561","13,37532173","52,45551174",,,5242.0
211813,11,12,12100103.0,2021,4,15,4,3,6,4,0,0,1,1,0,0,0,0,"795340,0229","5833838,474","13,35915941","52,57422963",,,6081.0
211812,11,5,5100316.0,2021,3,17,4,3,1,5,0,0,1,0,1,0,0,0,"783874,4979","5829091,737","13,18637223","52,53777194",,,5139.0
211811,11,2,2100103.0,2021,4,9,2,3,5,3,0,1,0,0,0,0,1,0,"798415,3004","5825797,694","13,39718447","52,50047781",,,4945.0
211810,11,7,7501031.0,2021,4,16,2,3,2,6,0,0,1,0,0,0,0,0,"798127,0372","5819918,333","13,38769533","52,44793379",,,3661.0
211809,11,11,11100204.0,2021,5,14,7,3,5,3,0,1,0,0,0,0,1,0,"806535,8503","5833561,571","13,52360189","52,56555825",,,3827.0
211808,11,8,8100102.0,2021,5,11,7,3,1,5,0,1,1,0,0,0,0,0,"800511,4157","5823455,245","13,42585885","52,47833133",,,4064.0
211807,11,9,9200613.0,2021,4,22,2,3,2,6,2,1,1,0,0,0,0,0,"807032,6653","5821159,693","13,51946903","52,45413109",,,4318.0
211806,11,10,10200627.0,2021,5,18,3,3,5,2,0,1,1,0,0,0,0,0,"811158,3031","5829178,339","13,5874744","52,52365691",,,7061.0
211805,11,4,4300415.0,2021,5,17,7,3,5,7,0,1,1,0,0,0,0,0,"791227,3799","5826056,027","13,29182238","52,50667743",,,4056.0
211804,11,11,11100308.0,2021,5,7,5,3,6,7,0,1,0,1,0,0,0,0,"804458,3638","5833717,886","13,49319036","52,56812495",,,3350.0
211803,11,6,6200313.0,2021,4,8,2,3,5,3,0,1,1,0,0,0,0,0,"795384,8353","5818264,381","13,34600163","52,43459557",,,5960.0
211802,11,8,8301037.0,2021,3,13,4,2,5,7,0,0,1,0,0,0,1,0,"804372,2295","5817823,903","13,47740048","52,42572095",,,3758.0
211801,11,1,1300733.0,2021,4,11,3,3,5,2,0,0,1,0,0,0,1,0,"797169,8834","5831904,357","13,38434961","52,55589665",,,3849.0
211800,11,2,2100104.0,2021,5,20,3,3,5,3,0,0,1,0,0,0,1,0,"799022,5481","5826071,627","13,40634959","52,50260082",,,3349.0
211799,11,7,7400822.0,2021,4,8,3,3,5,2,0,1,1,0,0,0,0,0,"796816,4331","5821984,187","13,37030412","52,46716542",,,4222.0
211798,11,2,2400623.0,2021,3,16,2,2,5,2,0,1,1,0,0,0,0,0,"800672,4979","5827569,805","13,43193747","52,51512276",,,4343.0
211797,11,2,2200208.0,2021,4,23,5,2,6,2,2,0,1,1,0,0,0,0,"797921,602","5825262,537","13,3894543","52,49595052",,,5137.0
211796,11,12,12100204.0,2021,3,11,5,3,5,2,0,1,1,0,0,0,0,0,"793826,8347","5832711,075","13,33589601","52,56494231",,,4745.0
211795,11,1,1401044.0,2021,5,6,3,3,5,3,0,1,1,0,0,0,0,0,"796202,7565","5830765,371","13,36911004","52,54621369",,,5057.0
211794,11,7,7200409.0,2021,5,17,7,3,1,5,0,1,1,0,0,0,0,0,"795719,2853","5824249,111","13,3562091","52,4880637",,,3962.0
211793,11,9,9401432.0,2021,4,12,3,3,0,7,0,0,1,0,0,0,1,0,"812362,4841","5820087,177","13,59664841","52,44150051",,,6950.0
211792,11,11,11401137.0,2021,3,19,4,3,0,6,2,0,1,0,1,0,0,0,"807130,6548","5825749,962","13,52513325","52,49521499",,,4363.0
211791,11,2,2100102.0,2021,4,13,5,3,5,2,0,1,1,0,0,0,0,0,"798448,5041","5826534,963","13,39833301","52,50706829",,,4235.0
211790,11,3,3701657.0,2021,4,14,2,3,0,1,0,1,0,0,0,0,0,0,"800080,802","5830573,708","13,42595531","52,5423736",,,3250.0
211789,11,3,3400828.0,2021,5,1,1,2,1,5,2,1,1,0,0,0,0,0,"800056,6013","5832600,657","13,42743127","52,56055503",,,4464.0
211788,11,9,9100407.0,2021,5,21,7,2,6,6,1,0,1,1,0,0,0,0,"805552,586","5819209,107","13,49597168","52,43747817",,,1554.0
211787,11,4,4300518.0,2021,4,0,1,3,2,6,2,1,0,0,0,0,0,0,"792387,1929","5828253,219","13,31079301","52,5257543",,,5833.0
211786,11,1,1401047.0,2021,5,1,3,3,0,1,2,0,0,0,0,0,1,0,"795451,0466","5830548,455","13,35786397","52,54467741",,,3449.0
211785,11,3,3300412.0,2021,5,13,6,3,6,4,0,0,1,1,0,0,0,0,"802054,2637","5838173,048","13,46188983","52,60939496",,,4242.0
211784,11,3,3400721.0,2021,5,8,5,3,5,2,0,1,1,0,0,0,0,0,"797886,9743","5833072,841","13,39594445","52,56597877",,,4450.0
211783,11,1,1400939.0,2021,4,23,1,3,0,7,2,0,1,0,0,0,0,1,"795275,4963","5831734,277","13,35633724","52,55540244",,,3177.0
211782,11,8,8200730.0,2021,3,15,4,3,3,6,0,1,0,0,0,0,1,0,"801466,4387","5817949,965","13,43490879","52,42845958",,,4852.0
211781,11,4,4501149.0,2021,4,17,3,3,5,3,0,1,0,0,0,0,0,0,"793482,9274","5824497,246","13,32358636","52,49149495",,,4620.0
211780,11,9,9501838.0,2021,5,18,3,3,2,6,0,0,1,0,0,0,1,0,"821520,2779","5819418,802","13,73027787","52,43020555",,,2634.0
211779,11,6,6200312.0,2021,3,13,2,2,5,2,0,0,1,0,0,0,0,0,"794973,6426","5819208,318","13,34080368","52,44327937",,,4041.0
211778,11,1,1300836.0,2021,4,9,4,3,5,2,0,1,1,0,0,0,0,0,"796447,9768","5829962,939","13,37199963","52,53888736",,,3470.0
211777,11,3,3601140.0,2021,3,18,5,3,5,2,0,1,1,0,0,0,0,0,"798412,0792","5831802,075","13,40252594","52,55430063",,,7226.0
211776,11,12,12100204.0,2021,5,17,2,3,1,5,0,0,1,0,0,0,0,1,"795537,4858","5833116,473","13,36142135","52,56765041",,,3540.0
211775,11,4,4500937.0,2021,4,13,1,3,0,1,0,1,0,0,0,0,0,0,"790739,9504","5825038,632","13,28377263","52,49781642",,,5050.0
211774,11,10,10100315.0,2021,5,7,2,3,5,3,0,1,1,0,0,0,0,0,"809472,1253","5831215,094","13,5645969","52,54286913",,,3348.0
211773,11,9,9200510.0,2021,4,14,4,3,2,6,0,0,1,0,0,0,1,0,"806224,1819","5823176,994","13,50945919","52,47266448",,,3748.0
211772,11,5,5200629.0,2021,5,14,7,3,5,2,0,1,0,0,0,0,1,0,"784638,155","5828422,793","13,19702836","52,53137584",,,7049.0
211771,11,3,3701554.0,2021,4,10,3,3,5,5,0,0,1,0,1,0,0,0,"799140,9917","5829204,771","13,41090633","52,53061994",,,3778.0
211770,11,1,1300733.0,2021,4,13,7,3,2,6,0,0,1,0,0,0,0,0,"797071,6451","5831455,831","13,38250349","52,55192975",,,4235.0
211769,11,5,5100211.0,2021,5,12,6,2,5,2,0,0,1,0,1,0,0,0,"781906,6519","5829568,57","13,15783984","52,54306902",,,7169.0
211768,11,11,11300724.0,2021,4,9,3,3,0,2,0,0,1,0,0,0,1,0,"804833,521","5827749,377","13,49323226","52,51442259",,,5653.0
211767,11,5,5200423.0,2021,4,16,6,2,5,2,0,0,1,0,1,0,0,0,"780873,8535","5828325,022","13,14159926","52,53245201",,,5939.0
211766,11,1,1300733.0,2021,4,17,3,2,6,2,0,0,1,1,0,0,0,1,"797680,6729","5831319,602","13,39133729","52,55037614",,,5466.0
211765,11,11,11401137.0,2021,5,14,4,3,0,1,0,1,1,0,0,0,0,0,"806869,3566","5826349,661","13,52184891","52,50073658",,,4961.0
211764,11,5,5200629.0,2021,4,10,4,2,5,2,0,0,0,0,0,1,1,0,"784740,7589","5828586,431","13,19867703","52,53278942",,,5657.0
211763,11,1,1200624.0,2021,3,15,3,3,5,2,0,1,1,0,0,0,0,0,"795668,661","5829732,691","13,36033767","52,53724679",,,4849.0
211762,11,7,7200409.0,2021,4,18,6,3,2,7,0,0,1,0,1,0,0,0,"795734,6604","5824492,627","13,35665098","52,49023829",,,3154.0
211761,11,3,3300411.0,2021,3,11,6,2,5,3,0,1,1,0,0,0,0,0,"803706,2362","5839176,433","13,48713242","52,61746729",,,4535.0
211760,11,1,1400942.0,2021,5,15,4,3,5,3,0,0,1,0,0,0,0,0,"794649,942","5830519,738","13,34605931","52,54485383",,,5039.0
211759,11,4,4501149.0,2021,5,15,3,2,5,7,0,1,1,0,0,0,0,0,"793563,4807","5824049,408","13,32437488","52,48743695",,,2735.0
211758,11,5,5100211.0,2021,4,9,6,3,5,2,0,1,1,0,0,0,0,0,"783181,3437","5830290,894","13,17720198","52,54888451",,,4843.0
211757,11,11,11300620.0,2021,4,7,3,3,6,7,0,0,1,1,0,0,0,0,"803665,3009","5829510,643","13,47767801","52,53085994",,,4945.0
211756,11,4,4300416.0,2021,5,9,7,3,5,2,0,0,1,0,1,0,0,0,"791944,5169","5826105,609","13,30240199","52,50673864",,,3075.0
211755,11,8,8100419.0,2021,4,19,3,3,1,5,0,1,1,0,0,0,0,0,"802527,9226","5824024,896","13,4559771","52,48232386",,,3242.0
211754,11,1,1400938.0,2021,3,10,3,3,0,6,0,1,1,0,0,0,0,0,"793726,257","5830543,702","13,33249864","52,54556742",,,5282.0
211753,11,7,7400823.0,2021,4,16,5,3,2,6,0,0,1,0,1,0,0,1,"797094,923","5822140,085","13,37453042","52,46841153",,,1058.0
211752,11,2,2500835.0,2021,5,10,6,3,5,2,0,0,1,0,0,0,0,1,"803074,9153","5825942,486","13,46575137","52,49920772",,,4455.0
211751,11,9,9100407.0,2021,5,22,6,3,5,2,2,0,1,0,1,0,0,0,"805685,065","5821719,154","13,50021136","52,45990054",,,2876.0
211750,11,10,10100210.0,2021,3,18,4,3,5,3,0,1,1,0,0,0,0,0,"809197,3475","5831711,685","13,56102023","52,54747538",,,5046.0
211749,11,8,8100417.0,2021,4,23,3,3,0,1,2,0,0,0,0,0,1,0,"802222,5926","5822725,05","13,45031667","52,4708423",,,5439.0
211748,11,12,12200412.0,2021,3,8,7,3,5,3,0,1,1,0,0,0,0,1,"791381,7091","5833135,636","13,30029808","52,57006258",,,4569.0
211747,11,9,9501939.0,2021,5,18,2,3,2,6,0,0,1,0,0,0,0,0,"809901,7919","5821606,24","13,56197181","52,45651395",,,6444.0
211746,11,12,12200412.0,2021,5,15,5,3,5,3,0,0,1,0,0,0,0,0,"790780,9572","5834328,263","13,29250506","52,58107554",,,3755.0
211745,11,5,5100317.0,2021,5,6,4,2,5,3,0,0,0,0,1,0,1,0,"787203,6092","5828341,888","13,23467464","52,52930477",,,2133.0
211744,11,8,8100415.0,2021,4,22,6,3,5,2,2,0,1,0,0,0,1,0,"801821,5104","5823631,712","13,44525039","52,47919061",,,4955.0
211743,11,9,9200511.0,2021,5,16,1,3,0,1,0,1,0,0,0,0,0,0,"807010,6281","5821938,2","13,51986159","52,46112067",,,7330.0
211742,11,8,8100208.0,2021,4,17,4,3,5,3,0,1,1,0,0,0,0,0,"801362,1601","5822928,784","13,43787194","52,47314376",,,4853.0
211741,11,6,6200313.0,2021,3,11,4,3,0,6,0,0,1,0,0,0,1,0,"795380,2346","5818431,443","13,34608176","52,43609567",,,3552.0
211740,11,3,3400721.0,2021,4,20,6,3,6,6,0,1,0,1,0,0,0,0,"798132,2403","5833146,535","13,39961849","52,56650508",,,3871.0
211739,11,5,5400943.0,2021,4,18,2,3,1,5,1,0,1,0,0,0,0,0,"782158,0644","5820628,699","13,15396135","52,46277947",,,4338.0
211738,11,10,10100205.0,2021,5,16,2,3,5,5,0,0,1,0,1,0,0,0,"807291,5665","5832472,089","13,53370741","52,55536837",,,3546.0
211737,11,5,5200630.0,2021,5,13,7,3,2,6,0,0,1,0,0,0,0,0,"784548,4794","5828158,301","13,19548353","52,52905121",,,3949.0
211736,11,4,4300416.0,2021,5,14,3,3,5,3,0,1,1,0,0,0,0,0,"791291,3096","5826066,028","13,29277039","52,50673296",,,3649.0
211735,11,11,11401136.0,2021,5,7,6,3,6,4,0,1,0,1,0,0,0,0,"806110,6492","5825797,268","13,51019905","52,49621196",,,3253.0
211734,11,1,1100206.0,2021,4,8,3,3,2,6,0,1,1,0,0,0,0,0,"797788,4591","5827353,161","13,38936883","52,51476313",,,4463.0
211733,11,9,9200510.0,2021,5,15,5,3,5,3,0,1,1,0,0,0,0,0,"806199,2845","5823260,598","13,50917052","52,47342773",,,3326.0
211732,11,3,3500932.0,2021,4,17,1,3,2,7,0,0,1,0,0,0,0,0,"801777,3777","5832411,685","13,45256693","52,55791037",,,4350.0
211731,11,5,5100316.0,2021,4,11,5,3,6,4,0,0,1,1,0,0,0,0,"783900,0327","5829084,294","13,18674135","52,5376919",,,955.0
211730,11,1,1200629.0,2021,4,15,3,3,0,4,0,1,0,1,0,0,0,0,"794150,7121","5827240,336","13,33581696","52,5157258",,,6048.0
211729,11,6,6200312.0,2021,5,20,5,2,2,1,0,0,1,0,0,0,0,1,"794380,5055","5819086,789","13,33199518","52,44250956",,,3660.0
211728,11,7,7200413.0,2021,4,21,3,3,1,5,2,0,0,0,1,0,0,0,"796033,2382","5823627,715","13,36026748","52,48232325",,,3865.0
211727,11,12,12100204.0,2021,3,13,1,2,9,1,0,0,1,0,0,0,0,0,"795501,4394","5832474,689","13,36031944","52,561917",,,3480.0
211726,11,11,11100204.0,2021,4,13,6,3,2,6,0,0,1,0,0,0,0,0,"806024,97","5833553,286","13,51608058","52,56577139",,,5949.0
211725,11,1,1300836.0,2021,3,15,5,3,1,5,0,1,1,0,0,0,0,0,"796680,4027","5830392,474","13,37580014","52,54261118",,,5660.0
211724,11,2,2300315.0,2021,5,12,2,3,5,2,0,1,0,0,0,0,1,0,"800787,4327","5825815,22","13,43204078","52,49933259",,,7235.0
211723,11,1,1100207.0,2021,4,20,2,3,2,7,2,0,1,0,0,0,0,0,"798914,8644","5827027,154","13,40562585","52,51122478",,,7244.0
211722,11,10,10200418.0,2021,5,18,2,3,5,3,0,0,1,0,0,0,1,0,"811137,5218","5831143,1","13,58900804","52,54127559",,,6238.0
211721,11,9,9200717.0,2021,4,17,4,3,2,6,0,0,1,0,0,0,0,0,"809660,114","5819030,476","13,55603926","52,43356737",,,4332.0
211720,11,6,6400735.0,2021,5,15,1,3,5,3,0,0,1,0,1,0,0,0,"781431,7216","5815504,867","13,13898343","52,41720975",,,3758.0
211719,11,6,6100205.0,2021,5,18,5,3,0,1,0,1,0,0,0,0,0,0,"795075,2394","5820013,414","13,34300522","52,45044179",,,4951.0
211718,11,12,12100205.0,2021,4,8,3,3,6,7,0,0,1,1,0,0,0,0,"794907,1616","5833263,466","13,35227919","52,56930991",,,7057.0
211717,11,9,9200510.0,2021,4,17,5,2,9,1,0,0,0,0,1,0,0,0,"806214,3134","5823182,951","13,50931982","52,47272339",,,3154.0
211716,11,11,11100204.0,2021,4,15,3,3,5,3,0,0,1,0,1,0,0,0,"806403,8346","5833723,16","13,52180955","52,56708074",,,4350.0
211715,11,12,12100205.0,2021,4,17,3,2,5,3,0,1,0,0,1,0,0,0,"794554,8435","5833969,997","13,34772349","52,57583415",,,3046.0
211714,11,12,12200413.0,2021,5,14,6,3,5,3,0,1,1,0,0,0,0,1,"790803,7493","5834063,528","13,29260823","52,57869006",,,7232.0
211713,11,6,6200315.0,2021,4,0,5,2,1,7,2,0,1,0,0,0,1,0,"795438,1412","5817893,463","13,34645572","52,43124172",,,6544.0
211712,11,5,5300735.0,2021,3,13,2,2,5,2,0,0,0,0,0,0,1,0,"786445,7695","5831168,056","13,22597069","52,55504204",,,2161.0
211711,11,8,8200832.0,2021,4,19,7,3,0,7,0,0,1,0,0,0,0,0,"800913,8499","5817450,344","13,42635647","52,42428545",,,3853.0
211710,11,2,2100102.0,2021,3,8,6,3,5,7,0,0,1,0,1,0,0,1,"798295,2187","5826524,998","13,39607229","52,50706281",,,3861.0
211709,11,12,12100205.0,2021,5,22,3,3,5,2,2,0,1,0,1,0,0,1,"794786,7663","5834236,663","13,35137312","52,57809901",,,3181.0
211708,11,1,1100101.0,2021,5,14,3,3,6,4,0,0,1,1,0,0,0,0,"795053,4023","5825931,368","13,3479208","52,50350426",,,4749.0
211707,11,2,2200210.0,2021,4,18,5,3,5,2,0,1,1,0,0,0,0,0,"798287,3693","5825472,086","13,3950138","52,49762908",,,6430.0
211706,11,12,12200515.0,2021,4,17,2,3,5,3,0,0,1,0,1,0,0,0,"789990,7426","5834765,014","13,28125756","52,58541274",,,5244.0
211705,11,4,4200207.0,2021,5,13,2,3,5,3,0,1,0,0,0,0,0,0,"789622,6424","5824817,348","13,26716746","52,49642667",,,1659.0
211704,11,3,3601245.0,2021,4,8,4,2,5,2,0,1,1,0,0,0,0,0,"800874,0821","5831048,438","13,43804747","52,54619123",,,4458.0
211703,11,8,8100417.0,2021,5,12,7,2,6,4,0,1,0,1,0,0,0,0,"802099,4542","5822982,519","13,44874252","52,47321813",,,3555.0
211702,11,1,1200628.0,2021,4,16,1,3,0,7,0,0,0,0,1,0,0,0,"796229,1371","5828292,517","13,36729382","52,52403269",,,3662.0
211701,11,1,1300732.0,2021,5,13,6,3,5,2,0,1,1,0,0,0,0,0,"797541,5503","5832722,186","13,3905488","52,5630245",,,2059.0
211700,11,3,3701555.0,2021,4,12,2,3,5,3,0,1,0,0,0,0,1,0,"799721,3083","5830080,395","13,42022521","52,53814972",,,4357.0
211699,11,1,1100308.0,2021,4,9,7,3,5,3,0,1,1,0,0,0,0,0,"797038,3558","5829319,449","13,38010374","52,53279773",,,4461.0
211698,11,10,10300734.0,2021,5,15,5,3,9,1,0,0,1,0,0,0,0,1,"810269,901","5827096,785","13,5724811","52,50550926",,,6954.0
211697,11,7,7601544.0,2021,4,10,4,3,5,7,0,0,1,0,0,0,0,0,"799485,4308","5813590,913","13,40196058","52,39047407",,,7542.0
211696,11,1,1200628.0,2021,3,16,3,3,5,2,0,0,1,0,1,0,0,0,"796250,4152","5828523,856","13,36781263","52,52609486",,,7326.0
211695,11,4,4500939.0,2021,4,10,1,3,5,3,0,0,1,0,0,0,0,0,"792513,0497","5824503,746","13,30934782","52,49207382",,,3676.0
211694,11,4,4400728.0,2021,3,10,6,3,5,2,0,1,1,0,0,0,0,0,"790677,4228","5822708,534","13,28082185","52,47696018",,,4045.0
211693,11,2,2200213.0,2021,5,16,4,3,5,3,0,1,1,0,0,0,0,0,"800146,8407","5825072,034","13,42196273","52,4930238",,,4240.0
211692,11,11,2500835.0,2021,5,15,3,3,6,4,0,1,1,1,0,0,0,0,"803307,3104","5826309,522","13,46949862","52,50236829",,,5375.0
211691,11,10,10200417.0,2021,4,18,6,3,5,2,0,0,1,0,0,0,0,0,"811353,9886","5831952,941","13,59294865","52,54840913",,,5238.0
211690,11,1,1100313.0,2021,5,15,6,3,5,3,0,1,0,0,1,0,0,0,"799475,1867","5826559,791","13,41343721","52,50672825",,,1663.0
211689,11,8,8401244.0,2021,4,12,4,3,4,5,0,1,1,0,0,0,0,0,"805970,8421","5816013,649","13,499183","52,40860486",,,2832.0
211688,11,9,9200818.0,2021,3,11,3,3,2,6,0,0,1,0,0,0,0,0,"809765,4971","5820694,734","13,55912695","52,44842248",,,4252.0
211687,11,5,5100105.0,2021,4,12,6,3,8,1,0,0,0,0,1,0,0,0,"784915,3918","5831131,579","13,20342776","52,55551779",,,4575.0
211686,11,1,1100309.0,2021,4,12,3,3,4,6,0,1,1,0,0,0,0,0,"798714,7069","5828981,115","13,4044399","52,52884895",,,4657.0
211685,11,2,2100102.0,2021,5,18,7,3,5,7,0,0,1,0,1,0,0,1,"797941,5881","5826336,176","13,39070837","52,50556348",,,5447.0
211684,11,1,1300836.0,2021,5,15,6,3,1,6,0,0,1,0,1,0,0,0,"797345,8446","5831180,622","13,38628925","52,54931323",,,1729.0