OBJECTID,LAND,BEZ,LOR_ab_2021,UJAHR,UMONAT,USTUNDE,UWOCHENTAG,UKATEGORIE,UART,UTYP1,ULICHTVERH,IstRad,IstPKW,IstFuss,IstKrad,IstGkfz,IstSonstige,USTRZUSTAND,LINREFX,LINREFY,XGCSWGS84,YGCSWGS84,LOR,STRASSE,quadrant
210418,11,4,4200310.0,2021,5,9,5,3,5,2,0,1,1,0,0,0,0,0,"789870,1354","5826218,139","13,27202237","52,50885363",,,5040.0
210417,11,10,10200417.0,2021,5,19,4,3,5,3,0,1,1,0,0,0,0,0,"811313,9615","5831718,315","13,59214033","52,54632947",,,5351.0
210416,11,1,1100416.0,2021,4,14,6,3,2,6,0,0,1,0,0,0,0,0,"798161,2878","5829854,623","13,39708962","52,53698175",,,3124.0
210415,11,1,1200518.0,2021,1,14,2,3,6,4,0,0,1,1,0,0,0,1,"793377,8003","5828532,281","13,32559904","52,5277238",,,3647.0
210414,11,1,1300733.0,2021,2,16,1,3,5,2,0,1,1,0,0,0,0,0,"797163,1137","5831883,339","13,38423124","52,55571194",,,2260.0
210413,11,3,3300514.0,2021,3,0,1,3,8,1,2,0,1,0,0,0,0,0,"801614,8219","5836167,289","13,45359257","52,59166164",,,4554.0
210412,11,9,9301024.0,2021,1,12,3,3,0,7,0,0,1,0,0,0,0,0,"810137,5056","5815890,396","13,56012882","52,40515612",,,4655.0
210411,11,2,2500833.0,2021,2,13,2,3,2,6,0,0,1,0,0,0,0,2,"802748,6808","5826962,893","13,461888","52,50853462",,,5438.0
210410,11,1,1200623.0,2021,2,17,5,3,2,2,1,0,1,0,0,0,0,0,"795471,3704","5829570,434","13,35729303","52,5358993",,,5530.0
210409,11,5,5100316.0,2021,1,12,5,3,2,6,0,0,1,0,0,0,0,0,"784498,2462","5828898,495","13,19537859","52,53571404",,,4254.0
210408,11,3,3200204.0,2021,3,12,4,3,5,2,0,1,1,0,0,0,0,0,"798057,5053","5837198,717","13,40216383","52,60286789",,,3838.0
210407,11,7,7400823.0,2021,1,16,3,3,5,7,2,1,1,0,0,0,0,1,"797333,887","5821876,502","13,37780299","52,46591877",,,4955.0
210406,11,11,11200513.0,2021,1,9,3,3,5,3,0,1,1,0,0,0,0,1,"804874,0878","5830920,13","13,49673562","52,5428177",,,5547.0
210405,11,8,8100314.0,2021,2,13,3,3,2,6,0,0,1,0,0,0,1,0,"801050,7554","5823853,811","13,43413616","52,48160676",,,4749.0
210404,11,1,1100312.0,2021,3,11,2,3,1,5,0,0,1,0,0,0,1,0,"799475,5319","5826607,826","13,41348549","52,50715862",,,5155.0
210403,11,8,8401245.0,2021,3,18,3,3,2,2,2,0,1,0,0,0,1,0,"806766,0612","5815614,745","13,5104717","52,40458473",,,5242.0
210402,11,2,2100106.0,2021,2,12,2,2,2,6,0,0,1,0,0,0,0,1,"799987,3088","5825420,943","13,41993418","52,49623893",,,2430.0
210401,11,3,3601245.0,2021,2,17,7,3,0,2,2,1,1,0,0,0,0,0,"800292,5455","5831596,042","13,42999257","52,55142038",,,5046.0
210400,11,3,3500934.0,2021,1,16,7,3,5,2,2,0,1,0,0,0,1,1,"801311,7324","5831931,585","13,44528329","52,55386506",,,3660.0
210399,11,1,1300836.0,2021,2,6,2,3,5,7,2,1,1,0,0,0,0,1,"796369,9621","5830303,188","13,37115623","52,54197977",,,3648.0
210398,11,4,4200311.0,2021,3,7,5,2,5,3,0,1,1,0,0,0,0,0,"790469,0566","5826712,408","13,28125373","52,51296622",,,3151.0
210397,11,4,4501042.0,2021,2,7,4,3,2,2,0,0,1,0,0,0,0,0,"794557,6299","5825993,198","13,34069257","52,50432639",,,4466.0
210396,11,2,2200210.0,2021,1,7,7,3,9,1,0,0,1,0,0,0,0,0,"798626,5758","5825098,501","13,39966082","52,49409489",,,2334.0
210395,11,3,3500936.0,2021,3,11,5,3,5,3,0,1,0,0,0,0,1,0,"801856,6315","5831369,482","13,45278487","52,54852524",,,5044.0
210394,11,7,7400823.0,2021,3,11,5,2,5,7,0,0,1,0,0,0,0,1,"796901,4729","5820709,41","13,37041839","52,45569201",,,3753.0
210393,11,6,6200317.0,2021,3,7,6,3,5,3,0,0,1,0,0,0,0,0,"796561,2491","5817637,477","13,36269985","52,42833932",,,1453.0
210392,11,11,11200514.0,2021,2,16,5,3,6,7,0,0,1,1,0,0,0,0,"804968,2647","5830057,776","13,49732858","52,53503621",,,7933.0
210391,11,2,2500835.0,2021,1,3,1,3,0,1,2,0,0,0,0,0,1,0,"803109,0543","5826286,463","13,46656581","52,50227178",,,1870.0
210390,11,8,8200726.0,2021,3,5,3,3,6,4,2,0,0,1,0,0,1,1,"801267,5507","5819661,241","13,43353465","52,44390794",,,4763.0
210389,11,2,2100101.0,2021,1,12,3,3,5,7,0,1,1,0,0,0,0,1,"797585,931","5825949,119","13,38513787","52,50228807",,,4055.0
210388,11,11,11300722.0,2021,2,6,4,3,6,2,2,0,1,1,0,0,0,1,"804237,6751","5828690,52","13,48533947","52,52319037",,,4654.0
210387,11,3,3200207.0,2021,3,15,3,3,2,6,0,0,1,0,0,0,0,0,"800108,2264","5836219,19","13,43146601","52,59296019",,,4760.0
210386,11,10,10100209.0,2021,2,13,5,3,6,4,0,0,1,1,0,0,0,2,"809561,305","5832151,057","13,56678007","52,55120616",,,6536.0
210385,11,11,11300617.0,2021,2,17,5,3,2,6,0,0,1,0,0,0,1,0,"803183,7154","5829596,311","13,47067847","52,53189583",,,5262.0
210384,11,8,8200832.0,2021,1,5,3,3,6,2,2,0,0,1,0,0,1,1,"800637,5972","5816188,605","13,42117247","52,41312766",,,3555.0
210383,11,6,6300634.0,2021,3,15,5,3,5,2,0,0,1,0,0,0,0,0,"792939,0726","5817768,685","13,30969376","52,43146706",,,5344.0
210382,11,9,9200715.0,2021,1,17,6,3,5,3,2,0,1,0,0,0,0,1,"808559,0981","5818331,457","13,53925029","52,42792485",,,4339.0
210381,11,11,11200411.0,2021,3,14,1,3,5,2,0,0,1,0,0,0,0,0,"805717,436","5831376,826","13,50955308","52,54643821",,,3748.0
210380,11,10,10400837.0,2021,3,13,2,3,5,3,0,1,1,0,0,0,0,0,"809998,3682","5824357,137","13,56594433","52,48111189",,,7545.0
210379,11,3,3200205.0,2021,1,14,3,2,5,3,0,0,1,0,0,0,0,1,"797879,4557","5836017,544","13,39847999","52,59237798",,,4960.0
210378,11,12,12500824.0,2021,1,13,4,2,1,5,0,0,1,0,0,0,0,1,"791399,6769","5836556,259","13,30357057","52,60071785",,,5238.0
210377,11,1,1300834.0,2021,2,16,1,3,2,6,0,0,1,0,0,0,0,0,"797714,4126","5830668,348","13,39124961","52,54452005",,,5552.0
210376,11,3,3500935.0,2021,3,15,2,3,6,6,0,1,0,1,0,0,0,0,"801698,3821","5831372,677","13,45046104","52,54864154",,,3539.0
210375,11,2,2400623.0,2021,1,16,5,3,2,6,0,0,1,0,0,0,0,1,"800323,6345","5827720,972","13,42694833","52,51666993",,,4336.0
210374,11,3,3601243.0,2021,3,20,3,2,5,3,2,0,1,0,0,0,0,0,"799767,6968","5831418,234","13,42211444","52,55011572",,,4756.0
210373,11,4,4501040.0,2021,1,8,4,3,5,2,0,1,1,0,0,0,0,1,"792696,1814","5825474,236","13,31289022","52,50067582",,,5349.0
210372,11,9,9100306.0,2021,2,5,6,3,6,2,2,0,1,1,0,0,0,1,"804024,2995","5821201,652","13,47537201","52,45618869",,,4651.0
210371,11,6,6300632.0,2021,3,16,2,2,6,4,0,0,1,1,0,0,0,0,"792687,7764","5817352,315","13,30564363","52,42786886",,,4238.0
210370,11,3,3400829.0,2021,1,13,4,3,5,3,0,1,1,0,0,0,0,1,"799683,4523","5832692,365","13,42202599","52,56158253",,,5740.0
210369,11,10,10400837.0,2021,3,9,4,3,0,3,0,1,1,0,0,0,0,0,"810171,8628","5825516,327","13,56956957","52,49140159",,,3050.0
210368,11,11,11401137.0,2021,2,21,2,2,0,7,2,0,1,0,0,0,0,0,"806784,2168","5826590,537","13,52082048","52,50294322",,,2363.0
210367,11,9,9200715.0,2021,1,16,5,3,5,2,1,1,0,0,0,0,1,0,"808327,5654","5818866,563","13,53634914","52,43285105",,,1552.0
210366,11,2,2500833.0,2021,1,19,5,3,0,1,2,1,0,0,0,0,0,1,"802596,129","5827012,188","13,45969191","52,50906109",,,3546.0
210365,11,1,1200623.0,2021,3,15,6,3,1,5,0,1,0,0,0,0,1,0,"795257,4243","5828794,245","13,35345843","52,52905735",,,5563.0
210364,11,11,11501339.0,2021,2,16,2,3,5,3,0,1,1,0,0,0,0,0,"806064,5274","5825132,863","13,50891146","52,49028319",,,3545.0
210363,11,1,1100206.0,2021,3,15,3,3,3,6,0,1,1,0,0,0,0,0,"798182,1874","5827537,797","13,39531926","52,51620304",,,7237.0
210362,11,5,5200629.0,2021,3,18,5,2,6,4,2,0,0,1,0,0,1,1,"784706,1565","5828587,869","13,19816952","52,5328204",,,4824.0
210361,11,10,10100311.0,2021,2,7,3,3,5,2,0,0,1,0,0,0,1,2,"806476,6233","5829741,658","13,51920567","52,53135707",,,7935.0
210360,11,2,2100102.0,2021,3,15,3,2,1,5,0,1,1,0,0,0,1,0,"798347,7274","5826263,83","13,39660961","52,50469306",,,4853.0
210359,11,5,5200423.0,2021,1,17,7,3,5,2,2,0,1,0,0,0,0,1,"780873,7645","5828324,703","13,14159768","52,5324492",,,4049.0
210358,11,9,9200715.0,2021,2,6,5,2,5,3,2,0,1,0,0,0,1,1,"808813,7946","5818997,791","13,54359971","52,43375286",,,1356.0
210357,11,9,9200511.0,2021,2,14,5,3,1,5,0,0,1,0,0,0,1,1,"806985,6382","5821945,815","13,51950193","52,46120296",,,6861.0
210356,11,11,11200512.0,2021,3,20,7,3,5,2,2,0,1,0,0,0,1,0,"802872,9425","5831238,245","13,46760767","52,54678492",,,4564.0
210355,11,6,6100205.0,2021,2,12,4,3,0,2,0,1,1,0,0,0,0,0,"795349,9968","5819991,137","13,34701685","52,45009372",,,1251.0
210354,11,8,8100206.0,2021,1,16,6,3,3,6,0,1,1,0,0,0,0,0,"800967,334","5823524,697","13,43261438","52,4787028",,,3661.0
210353,11,12,12601134.0,2021,3,13,6,2,6,4,0,0,1,1,0,0,0,0,"794068,057","5836543,057","13,34284457","52,59916292",,,5242.0
210352,11,3,3200207.0,2021,1,19,6,2,6,4,2,0,1,1,0,0,0,1,"800067,5331","5835822,392","13,43050764","52,58942609",,,5732.0
210351,11,5,5100316.0,2021,3,21,7,3,3,6,2,0,1,0,0,0,0,1,"784819,6361","5829070,961","13,20025198","52,53709249",,,7360.0
210350,11,12,12601235.0,2021,3,8,2,3,5,2,0,0,1,0,0,0,1,0,"794624,6151","5836268,397","13,35079377","52,59639957",,,5243.0
210349,11,7,7601442.0,2021,2,14,5,3,0,5,0,0,1,0,0,0,0,0,"799399,1518","5814365,625","13,40138861","52,3974656",,,5054.0
210348,11,4,4501150.0,2021,1,10,6,3,6,7,0,0,1,1,0,0,0,1,"793906,8354","5824030,09","13,3294","52,48707904",,,1154.0
210347,11,8,8300935.0,2021,1,14,1,3,6,4,0,0,1,1,0,0,0,0,"802667,8377","5818093,624","13,4526549","52,42908394",,,3539.0
210346,11,12,12601235.0,2021,3,5,3,2,2,7,2,0,1,0,0,0,1,1,"794481,0742","5836247,189","13,34866185","52,5962872",,,2754.0
210345,11,9,9200510.0,2021,3,17,4,3,5,2,0,1,1,0,0,0,0,0,"806599,8004","5822782,188","13,51460908","52,46891541",,,5428.0
210344,11,10,10100205.0,2021,2,7,3,3,5,3,0,0,1,0,0,0,0,2,"808402,4386","5833052,018","13,5505797","52,55993767",,,5657.0
210343,11,4,4500939.0,2021,3,16,3,3,5,3,0,1,1,0,0,0,0,0,"792336,2679","5824093,226","13,30639129","52,48848829",,,7860.0
210342,11,1,1100308.0,2021,1,7,6,3,6,4,2,0,1,1,0,0,0,0,"796649,434","5829049,899","13,37414635","52,53059331",,,4730.0
210341,11,7,7400825.0,2021,2,14,2,3,6,2,0,0,1,1,0,0,0,2,"797809,942","5821044,332","13,38404744","52,45819999",,,4458.0
210340,11,3,3701555.0,2021,2,14,5,3,6,4,0,1,1,1,0,0,0,1,"799684,0349","5830034,991","13,41963634","52,53776325",,,5860.0
210339,11,11,11400930.0,2021,3,10,7,2,5,3,0,0,1,0,0,0,0,0,"805904,2557","5826550,331","13,50785997","52,5030769",,,1856.0
210338,11,1,1200623.0,2021,2,15,4,3,2,6,0,0,1,0,0,0,0,0,"795278,4987","5829389,32","13,35429679","52,5343803",,,4651.0
210337,11,4,4300623.0,2021,1,18,7,3,1,5,2,1,1,0,0,0,0,1,"792358,992","5826028,905","13,30842402","52,50582906",,,4046.0
210336,11,8,8100415.0,2021,3,17,4,2,5,2,1,0,1,0,0,0,1,0,"801998,7026","5823298,005","13,44754935","52,47610159",,,4448.0
210335,11,3,3400829.0,2021,3,16,5,3,5,3,0,0,1,0,0,0,0,1,"799768,6003","5832816,962","13,4233909","52,56265246",,,2943.0
210334,11,6,6300631.0,2021,2,16,6,3,5,3,1,1,1,0,0,0,0,1,"792324,8704","5816603,275","13,29966677","52,42134776",,,4245.0
210333,11,1,1100309.0,2021,3,21,7,2,5,3,2,1,0,0,0,0,0,1,"798126,7","5828963,615","13,39578202","52,52901397",,,556.0
210332,11,8,8200725.0,2021,2,15,7,3,5,3,0,0,1,0,0,0,0,0,"799911,3691","5819067,28","13,4131081","52,43932943",,,5946.0
210331,11,8,8401241.0,2021,1,12,2,3,5,7,0,0,1,0,0,1,0,1,"804348,0482","5819096,397","13,47820411","52,43713955",,,3279.0
210330,11,4,4500938.0,2021,1,7,2,3,1,5,2,1,1,0,0,0,0,1,"791580,9614","5825004,674","13,2960966","52,4970633",,,1255.0
210329,11,1,1300733.0,2021,1,16,3,2,0,2,1,0,1,0,1,0,0,1,"797353,4982","5831201,537","13,38642052","52,54949653",,,1459.0
210328,11,4,4200207.0,2021,1,14,5,3,5,2,0,1,0,0,0,0,0,1,"788474,5169","5825176,805","13,25061352","52,50025744",,,7068.0
210327,11,6,6300526.0,2021,3,16,3,3,5,3,0,0,1,0,0,0,0,0,"788367,992","5817753,792","13,24263334","52,43376237",,,3568.0
210326,11,9,9401329.0,2021,1,12,3,3,5,3,0,1,0,0,0,1,0,1,"811548,0273","5818933,783","13,58362989","52,43162894",,,5754.0
210325,11,7,7300619.0,2021,2,12,2,3,5,2,0,0,1,0,0,0,0,2,"795392,9711","5821007,642","13,34854659","52,45918282",,,4357.0
210324,11,2,2100104.0,2021,2,8,5,3,0,1,0,0,0,0,1,0,0,1,"798953,2508","5826344,742","13,40557694","52,50508688",,,3331.0
210323,11,7,7400823.0,2021,1,13,2,3,3,6,0,0,1,0,0,0,0,0,"797289,7441","5821226,553","13,37657618","52,46011664",,,3342.0
210322,11,10,10400835.0,2021,3,19,5,3,5,3,2,0,1,0,0,0,0,0,"812422,3193","5829384,261","13,6062382","52,52477945",,,3467.0
210321,11,2,2400623.0,2021,1,17,1,3,1,5,2,1,1,0,0,0,0,1,"800898,3692","5826940,841","13,43468733","52,50936065",,,5079.0
210320,11,4,4501042.0,2021,3,13,2,3,1,5,0,0,1,0,0,0,0,0,"793517,7443","5825549,37","13,32502479","52,50090808",,,6551.0
210319,11,8,8200832.0,2021,1,18,3,3,6,2,2,0,1,1,0,0,0,1,"801021,3403","5817079,19","13,42759855","52,42089951",,,5049.0
210318,11,6,6200316.0,2021,1,16,3,3,2,6,1,0,1,0,0,0,0,0,"795998,4224","5817704,698","13,35450561","52,4292467",,,9020.0
210317,11,4,4400727.0,2021,2,8,2,3,6,4,0,0,0,1,0,0,1,0,"791378,8934","5824265,691","13,29248212","52,49054627",,,4856.0
210316,11,1,1100308.0,2021,3,13,3,3,0,7,0,0,1,0,0,0,1,0,"797609,8673","5828365,603","13,38765056","52,52393592",,,3948.0
210315,11,12,12200310.0,2021,3,15,5,3,6,4,0,0,0,1,0,0,1,1,"792245,1414","5833320,58","13,31316464","52,57125764",,,3944.0
210314,11,1,1300732.0,2021,1,8,4,3,5,2,0,1,1,0,0,0,0,0,"797588,1029","5832768,797","13,39127535","52,56341686",,,4459.0
210313,11,1,1200624.0,2021,2,14,6,3,2,6,0,0,1,0,0,0,1,1,"795658,4184","5829732,916","13,3601873","52,53725436",,,3247.0
210312,11,7,7601340.0,2021,3,16,2,3,2,3,0,1,1,0,0,0,0,0,"796532,6273","5815645,34","13,3605147","52,4104968",,,5731.0
210311,11,4,4300416.0,2021,1,4,3,3,9,1,2,0,1,0,0,0,0,1,"791404,3789","5826085,216","13,29444841","52,5068446",,,4841.0
210310,11,4,4400830.0,2021,3,5,5,3,1,5,2,1,0,0,0,0,1,0,"792322,9255","5823123,865","13,30534526","52,47980529",,,4944.0
210309,11,8,8401241.0,2021,2,15,3,3,2,6,0,0,1,0,0,0,0,1,"804797,402","5817837,957","13,48364692","52,42561025",,,4246.0
210308,11,1,1300836.0,2021,1,8,5,2,3,6,0,1,0,0,0,0,1,0,"796972,8233","5831473,033","13,38106565","52,55213783",,,3470.0
210307,11,1,1401045.0,2021,1,9,5,3,2,6,0,0,1,0,0,1,0,1,"796701,7575","5831920,195","13,37747912","52,55629386",,,2534.0
210306,11,2,2400521.0,2021,3,11,5,3,5,2,0,1,1,0,0,0,0,0,"801250,9859","5827845,583","13,44068632","52,5172754",,,2553.0
210305,11,2,2200209.0,2021,2,13,2,3,5,2,0,0,1,0,1,0,0,0,"796910,6563","5824296,646","13,37374597","52,48784318",,,3527.0
210304,11,7,7501134.0,2021,3,12,4,2,6,4,0,0,1,1,0,0,0,1,"799281,6041","5817627,918","13,40258264","52,42677235",,,4942.0
210303,11,9,9200715.0,2021,3,9,5,3,5,2,0,0,1,0,0,0,0,0,"808643,3584","5819165,301","13,54125526","52,43535028",,,5162.0
210302,11,6,6200313.0,2021,2,6,4,2,6,2,2,0,1,1,0,0,0,1,"795347,9998","5818440,847","13,34561727","52,43619737",,,5049.0
210301,11,12,12200412.0,2021,3,13,2,3,5,7,0,0,1,0,0,0,0,0,"788636,8984","5833095,233","13,25987649","52,57116281",,,2847.0
210300,11,6,6100102.0,2021,1,17,5,2,5,2,2,0,1,0,0,0,0,1,"793647,6117","5820593,207","13,32256789","52,45640817",,,4364.0
210299,11,1,1200518.0,2021,2,13,5,3,5,2,0,1,1,0,0,0,0,1,"793431,4977","5828526,088","13,32638284","52,52763939",,,7933.0
210298,11,2,2500833.0,2021,1,9,5,3,0,1,0,0,0,0,1,0,0,1,"802458,29","5827055,745","13,45770669","52,50952792",,,5849.0
210297,11,2,2300316.0,2021,3,17,6,3,5,2,0,1,1,0,0,0,0,0,"800700,3395","5826552,211","13,43142718","52,50598645",,,3654.0
210296,11,7,7601238.0,2021,2,7,4,3,2,6,0,0,1,0,0,0,0,0,"797680,8939","5817273,162","13,37879454","52,42446555",,,7030.0
210295,11,4,4100102.0,2021,1,16,6,3,0,7,1,1,0,0,0,0,0,1,"791127,7118","5829152,424","13,29306816","52,53448961",,,5044.0
210294,11,4,4501149.0,2021,3,13,6,3,5,2,0,1,1,0,0,0,0,0,"793465,0021","5824499,503","13,32332509","52,49152482",,,7751.0
210293,11,8,8100311.0,2021,1,21,6,3,1,5,2,1,1,0,0,0,0,1,"800695,6899","5824359,707","13,42937976","52,48633692",,,2886.0
210292,11,3,3400827.0,2021,3,19,6,2,2,5,2,1,1,0,0,0,0,0,"799172,5147","5832457,015","13,41429895","52,55975396",,,1462.0
210291,11,8,8100209.0,2021,2,18,6,3,0,7,2,0,1,0,0,0,0,0,"801811,873","5821965,232","13,44360122","52,46425898",,,3876.0
210290,11,11,11300721.0,2021,1,0,7,3,0,1,2,1,0,0,0,0,0,0,"805052,6253","5829100,798","13,49769035","52,52641215",,,2628.0
210289,11,5,5100209.0,2021,1,18,2,3,5,2,2,0,1,0,0,0,0,1,"783691,3843","5830170,573","13,18460099","52,54754029",,,5127.0
210288,11,3,3601142.0,2021,1,10,3,2,6,4,0,1,0,1,0,0,0,0,"798732,9707","5830327,074","13,40591812","52,54090352",,,3960.0
210287,11,9,9100407.0,2021,2,10,6,3,6,4,0,0,1,1,0,0,0,0,"805615,9296","5819682,643","13,49733361","52,44168688",,,6833.0
210286,11,7,7200409.0,2021,3,4,1,3,1,1,2,0,1,0,0,0,0,0,"795177,864","5824367,973","13,34836373","52,48942222",,,864.0
210285,11,1,1100309.0,2021,2,13,2,3,2,6,0,0,1,0,0,0,0,2,"798068,353","5828936,066","13,39489976","52,52879893",,,1658.0
210284,11,4,4500937.0,2021,2,16,5,3,2,6,0,0,1,0,0,0,0,0,"791469,7825","5825060,96","13,29451276","52,49762729",,,4677.0
210283,11,5,5200527.0,2021,1,17,2,1,6,4,2,0,1,1,0,0,0,0,"783187,9829","5827502,959","13,17492375","52,52388374",,,5668.0
210282,11,1,1401046.0,2021,3,12,4,3,5,2,0,0,1,0,0,0,0,0,"794616,9598","5829881,925","13,34500871","52,53915414",,,4762.0
210281,11,4,4300623.0,2021,1,1,7,3,0,4,2,0,1,1,0,0,0,2,"792726,1893","5826122,625","13,31390107","52,50647234",,,4567.0
210280,11,12,12400617.0,2021,2,17,6,2,5,3,2,1,1,0,0,0,0,1,"785956,5297","5837001,543","13,22380733","52,6076002",,,3550.0
210279,11,2,2400623.0,2021,1,11,3,3,5,3,0,1,1,0,0,0,0,1,"801242,4196","5827686,705","13,44041661","52,51585609",,,6262.0
210278,11,4,4300517.0,2021,1,19,3,3,6,2,2,0,1,1,0,0,0,1,"791482,8917","5828283,193","13,2975276","52,52650725",,,5781.0
210277,11,4,4300619.0,2021,2,19,2,3,5,2,2,1,1,0,0,0,0,0,"791780,9285","5827465,256","13,30119071","52,51901517",,,6237.0
210276,11,4,4501042.0,2021,3,10,2,2,3,5,0,1,1,0,0,0,0,0,"794341,4057","5825624,502","13,33719023","52,50113793",,,3139.0
210275,11,4,4300416.0,2021,3,13,4,3,5,7,0,1,1,0,0,0,0,0,"791596,0098","5826097,691","13,29727479","52,50685405",,,1766.0
210274,11,1,1200522.0,2021,1,10,3,3,5,3,0,1,1,0,0,0,0,1,"794219,0046","5828307,448","13,33776435","52,52525498",,,3527.0
210273,11,6,6400737.0,2021,2,13,7,3,0,6,0,1,0,0,0,0,1,0,"785418,2688","5818372,444","13,19989085","52,44085647",,,7117.0
210272,11,11,11300721.0,2021,3,17,3,3,0,1,0,0,0,0,1,0,0,0,"805165,62","5829789,449","13,49998285","52,5325209",,,958.0
210271,11,1,1100102.0,2021,1,11,3,3,2,6,0,0,1,0,0,0,1,0,"796630,4979","5826687,258","13,37176117","52,50942498",,,5934.0
210270,11,1,1400938.0,2021,2,10,4,3,6,4,0,0,1,1,0,0,0,2,"793779,5145","5830452,119","13,33320075","52,54471771",,,4453.0
210269,11,8,8100313.0,2021,2,18,5,3,0,4,1,0,0,1,1,0,0,0,"801372,5603","5824763,708","13,43968321","52,48958486",,,3580.0
210268,11,7,7601544.0,2021,1,16,2,3,2,6,0,0,1,0,0,0,0,0,"799901,2985","5813192,173","13,40769684","52,38667237",,,2562.0
210267,11,2,2200210.0,2021,3,12,4,3,5,3,0,1,1,1,0,0,0,0,"798486,7613","5825222,172","13,39771834","52,49527992",,,3542.0
210266,11,5,5100315.0,2021,3,21,2,2,6,4,2,0,1,1,1,0,0,0,"784879,2492","5829539,282","13,20153008","52,54126028",,,4961.0
210265,11,6,6300633.0,2021,1,11,2,2,9,1,0,0,1,0,0,0,0,2,"793203,7041","5819646,822","13,31522272","52,44816239",,,3145.0
210264,11,1,1401047.0,2021,1,7,4,3,5,2,2,1,1,0,0,0,0,1,"795259,2603","5830462,14","13,35496731","52,54400765",,,4065.0
210263,11,9,9100304.0,2021,2,17,2,3,6,2,1,0,1,1,0,0,0,0,"804805,8299","5822374,842","13,48790947","52,46626834",,,6536.0
210262,11,4,4200310.0,2021,3,20,2,3,5,3,2,0,1,0,0,0,1,1,"789459,6764","5826669,538","13,26638398","52,51311848",,,3559.0
210261,11,2,2400623.0,2021,3,12,4,3,5,2,0,1,1,0,0,0,0,0,"800674,8061","5827572,211","13,43197356","52,51514306",,,4649.0
210260,11,3,3701658.0,2021,2,17,1,3,2,6,2,0,1,0,0,0,0,2,"800104,8559","5829686,466","13,42550763","52,53440774",,,4714.0
210259,11,11,11300721.0,2021,2,11,7,3,0,7,0,1,1,0,0,0,1,0,"805431,4175","5829110,898","13,5032658","52,52629061",,,4760.0
210258,11,1,1300733.0,2021,1,12,4,3,6,7,0,0,1,1,0,0,0,1,"797096,9793","5831730,188","13,38312155","52,55437522",,,4357.0
210257,11,12,12500930.0,2021,2,15,3,3,5,2,0,1,1,0,0,0,0,0,"793947,3557","5835309,322","13,33997263","52,58816868",,,4250.0
210256,11,5,5200420.0,2021,2,11,7,3,4,6,0,0,1,0,0,0,1,2,"782766,6567","5828174,187","13,16930105","52,53012088",,,4645.0
210255,11,9,9401329.0,2021,1,22,4,3,7,7,2,0,0,0,1,0,0,0,"812832,4219","5819345,776","13,60284585","52,43458802",,,3550.0
210254,11,12,12200515.0,2021,3,13,6,3,2,7,0,0,1,0,0,0,0,0,"789961,0763","5835548,387","13,28150656","52,59245145",,,3567.0
210253,11,1,1300835.0,2021,2,16,2,3,5,2,0,0,1,0,0,0,0,0,"797391,3274","5830020,483","13,38591939","52,53888918",,,5043.0
210252,11,10,10100313.0,2021,1,12,5,2,2,6,0,0,1,0,1,0,0,0,"808517,3689","5831180,074","13,55053043","52,5430967",,,4549.0
210251,11,1,1401044.0,2021,3,15,4,3,1,1,0,0,1,0,0,0,1,1,"796178,8376","5831232,303","13,36917478","52,55041226",,,4749.0
210250,11,1,1100310.0,2021,3,19,5,3,0,1,2,0,0,0,0,0,1,1,"798478,096","5828247,781","13,40030412","52,52240522",,,4944.0
210249,11,3,3601140.0,2021,3,9,7,3,5,2,0,1,0,0,0,0,1,0,"798517,3773","5831494,439","13,40379782","52,55148541",,,7120.0
210248,11,7,7601545.0,2021,2,20,4,3,0,5,2,0,1,0,0,0,0,0,"800566,565","5814129,337","13,41828323","52,39470824",,,4864.0
210247,11,12,12500824.0,2021,3,18,2,3,6,2,2,0,1,1,0,0,0,0,"790701,0544","5835392,387","13,29226272","52,59065793",,,3326.0
210246,11,12,12500928.0,2021,1,19,5,3,6,4,2,0,1,1,0,0,0,1,"792077,8752","5837104,955","13,31403993","52,60527276",,,3043.0
210245,11,9,9100101.0,2021,2,19,4,3,6,2,2,0,1,1,0,0,0,1,"802353,5095","5824747,089","13,45407167","52,48889351",,,3049.0
210244,11,3,3200310.0,2021,3,17,6,3,0,4,0,0,1,1,0,0,0,0,"799530,4832","5837790,807","13,42438444","52,60736544",,,4943.0
210243,11,3,3601453.0,2021,2,17,7,3,5,2,2,1,1,0,0,0,0,2,"802387,0823","5828846,5","13,45828826","52,52561784",,,4633.0
210242,11,3,3200204.0,2021,2,15,4,2,5,2,0,1,1,0,0,0,0,0,"798049,287","5837195,636","13,40204006","52,60284478",,,6437.0
210241,11,12,12100205.0,2021,1,9,3,3,2,6,0,0,1,0,0,0,0,2,"794248,1748","5835451,153","13,34452615","52,58927745",,,3171.0
210240,11,8,8100312.0,2021,3,8,5,3,0,6,0,0,1,0,1,0,0,0,"801071,7586","5824917,433","13,43540525","52,49112872",,,3948.0
210239,11,9,9100305.0,2021,2,18,1,3,5,2,2,0,1,0,0,0,1,2,"805017,3174","5822704,571","13,4913144","52,46910555",,,2974.0