OBJECTID,LAND,BEZ,LOR_ab_2021,UJAHR,UMONAT,USTUNDE,UWOCHENTAG,UKATEGORIE,UART,UTYP1,ULICHTVERH,IstRad,IstPKW,IstFuss,IstKrad,IstGkfz,IstSonstige,USTRZUSTAND,LINREFX,LINREFY,XGCSWGS84,YGCSWGS84,LOR,STRASSE,quadrant
114748,11,9,9100101.0,2021,11,21,2,3,5,3,2,1,1,0,0,0,0,0,"802589,9781","5825080,892","13,45784682","52,49175437",,,3576.0
114747,11,12,12200414.0,2021,9,16,4,3,2,6,0,0,1,0,0,0,0,0,"791627,4089","5830861,499","13,30191463","52,54954395",,,2527.0
114744,11,12,12100205.0,2021,4,14,1,3,6,4,0,0,1,1,0,0,0,0,"795156,2342","5833728,58","13,35635743","52,57334424",,,4246.0
114741,11,7,7501133.0,2021,3,18,3,3,0,2,0,1,1,0,0,0,0,0,"797575,5266","5818415,817","13,3782663","52,43476567",,,3631.0
114740,11,7,7501133.0,2021,10,20,3,2,0,7,2,0,1,0,0,0,1,0,"798144,3905","5819050,944","13,38717596","52,44014913",,,1455.0
114739,11,3,3200205.0,2021,12,6,6,2,8,1,2,0,1,0,0,0,0,1,"798174,2031","5835375,21","13,40224013","52,58645891",,,758.0
114738,11,7,7400824.0,2021,7,10,7,2,5,2,0,0,1,0,0,0,0,0,"797829,1526","5822372,329","13,38551444","52,47009357",,,4965.0
114735,11,6,6100101.0,2021,3,8,3,3,5,3,0,1,1,0,0,0,0,0,"793110,7444","5820191,153","13,3143365","52,45309204",,,6666.0
114732,11,7,7400927.0,2021,6,17,2,3,2,6,0,0,1,0,0,0,0,0,"799290,9865","5821556,346","13,40623904","52,46198049",,,3760.0
114729,11,12,12200414.0,2021,5,15,2,3,2,6,0,0,1,0,0,0,0,0,"792019,5729","5831684,62","13,30840586","52,55671288",,,7338.0
114728,11,4,4300622.0,2021,8,22,1,3,3,2,2,0,1,0,1,0,0,0,"793303,5729","5826824,656","13,3230023","52,51245565",,,4749.0
114724,11,4,4400726.0,2021,7,17,4,2,0,6,0,0,1,0,1,0,0,0,"790873,3111","5824706,626","13,28544168","52,49476891",,,3434.0
114722,11,1,1300836.0,2021,10,18,1,3,5,3,1,0,1,0,0,0,0,0,"796193,6839","5830186,949","13,36846088","52,54103366",,,4649.0
114721,11,1,1100102.0,2021,11,21,2,3,5,3,2,0,1,0,0,0,0,1,"796443,4918","5826336,924","13,36870178","52,50638623",,,5067.0
114719,11,3,3601142.0,2021,4,15,6,3,5,3,0,1,1,0,0,0,0,0,"799165,6751","5830374,118","13,41232175","52,5410878",,,4648.0
114716,11,1,1100310.0,2021,1,9,4,3,2,6,0,0,1,0,1,0,0,1,"799780,8588","5828594,368","13,41976051","52,52479715",,,7956.0
114713,11,3,3601141.0,2021,4,18,6,2,3,6,0,1,0,0,0,0,0,0,"799215,4479","5831748,757","13,41429194","52,55338197",,,4447.0
114712,11,11,11300722.0,2021,6,12,2,3,2,6,0,0,1,0,0,0,0,0,"803655,2459","5827591,9","13,47577853","52,51366842",,,5759.0
114708,11,2,2500729.0,2021,6,14,3,3,2,6,0,0,1,0,0,0,0,0,"803515,5973","5827606,592","13,47374038","52,51387782",,,5856.0
114707,11,11,11300724.0,2021,8,14,3,3,5,2,0,1,1,0,0,0,0,0,"804514,2218","5827504,755","13,48831766","52,51240851",,,3550.0
114705,11,7,7200410.0,2021,9,15,7,3,1,5,0,1,1,0,0,0,1,0,"795328,4526","5823630,714","13,34992191","52,48273177",,,6365.0
114703,11,1,1300836.0,2021,3,9,6,3,5,2,0,0,1,0,0,0,1,0,"796340,095","5830081,258","13,37051915","52,54000665",,,3861.0
114700,11,3,3601142.0,2021,7,14,6,3,1,5,0,1,1,0,0,0,0,0,"799184,5342","5830908,997","13,41308074","52,54587181",,,1557.0
114698,11,6,6300526.0,2021,9,0,5,3,0,7,2,0,0,0,1,0,0,1,"789614,4888","5817969,043","13,26110403","52,43503363",,,4069.0
114697,11,3,3601452.0,2021,11,23,3,3,5,3,2,1,1,0,0,0,0,1,"801284,4452","5829412,978","13,44259788","52,53130568",,,5154.0
114696,11,2,2200208.0,2021,8,18,6,3,5,2,0,1,1,0,0,0,0,0,"797878,2611","5825435,087","13,38897208","52,49752088",,,4848.0
114691,11,3,3100101.0,2021,7,6,7,3,0,1,0,0,1,0,0,0,0,0,"800599,552","5840951,741","13,44299765","52,63510675",,,5924.0
114690,11,1,1400940.0,2021,10,11,3,3,5,3,0,0,1,0,0,0,0,1,"795878,8171","5832058,558","13,36549933","52,55798187",,,6061.0
114689,11,1,1400940.0,2021,12,6,4,3,5,3,1,0,1,0,0,0,0,1,"795861,7659","5832068,941","13,3652578","52,5580842",,,3959.0
114686,11,10,10100208.0,2021,1,14,6,3,2,6,0,0,1,0,0,0,0,0,"808317,5755","5832054,332","13,5484052","52,5510447",,,5753.0
114682,11,7,7601544.0,2021,6,11,6,3,5,3,0,1,1,0,0,0,0,0,"799808,518","5813822,952","13,40690177","52,39237729",,,3849.0
114678,11,5,5400943.0,2021,5,7,6,2,5,2,0,1,1,0,0,0,0,0,"780162,797","5822269,082","13,1260475","52,47851538",,,6158.0
114677,11,2,2500727.0,2021,8,16,4,3,5,2,0,1,1,0,0,0,0,0,"802581,5528","5827686,71","13,46009105","52,51511486",,,4466.0
114674,11,4,4300622.0,2021,3,16,5,3,2,6,0,0,1,0,1,0,0,0,"793299,6589","5826826,243","13,32294619","52,51247199",,,4848.0
114670,11,2,2500833.0,2021,7,10,6,3,3,6,0,1,0,0,0,0,1,0,"802073,2724","5827199,758","13,45218153","52,51103204",,,4257.0
114668,11,10,10400940.0,2021,9,12,5,2,3,6,0,0,1,0,1,0,0,0,"812990,7675","5827202,408","13,61253753","52,50490183",,,4957.0
114667,11,3,3500936.0,2021,11,12,7,3,1,5,0,1,1,0,0,0,0,0,"802076,5619","5831490,923","13,45612894","52,5494918",,,4652.0
114666,11,4,4200308.0,2021,8,12,1,3,2,6,0,0,1,0,0,0,0,0,"790423,9234","5827787,585","13,28152915","52,52262927",,,3948.0
114663,11,3,3701657.0,2021,4,18,2,3,5,7,1,0,1,0,1,0,0,0,"800137,9985","5830124,853","13,42639071","52,53831889",,,4264.0
114660,11,7,7501133.0,2021,3,14,4,3,3,6,0,0,0,0,1,1,0,0,"797675,1718","5818698,452","13,37997942","52,43724499",,,4136.0
114659,11,9,9200613.0,2021,10,7,4,3,2,6,0,0,1,0,1,0,0,1,"806984,4911","5820775,054","13,51840876","52,4507109",,,5047.0
114658,11,2,2500726.0,2021,12,18,7,3,6,4,2,0,1,1,0,0,0,0,"802035,9399","5828093,342","13,4524442","52,51906192",,,5441.0
114657,11,12,12601031.0,2021,9,15,7,3,2,6,0,0,1,0,1,0,0,0,"793182,2725","5836773,894","13,33000827","52,60171055",,,5363.0
114655,11,4,4100101.0,2021,2,19,5,3,9,1,2,0,1,0,0,0,0,1,"791280,5253","5829957,653","13,29602059","52,54162672",,,3861.0
114651,11,10,10100208.0,2021,6,19,6,3,6,4,0,0,1,1,0,0,0,0,"808330,0701","5832043,728","13,54857905","52,5509426",,,4550.0
114646,11,1,1100310.0,2021,5,11,4,3,2,6,0,0,1,0,0,0,0,0,"799285,4163","5827908,14","13,41186213","52,51891833",,,3151.0
114645,11,3,3601141.0,2021,8,8,2,3,5,2,0,1,1,0,0,0,0,0,"799196,0062","5831430,226","13,413719","52,55053751",,,3834.0
114641,11,4,4200207.0,2021,7,14,6,2,0,1,0,0,0,0,0,0,1,0,"789384,3868","5824233,67","13,26316067","52,4913202",,,4755.0
114638,11,1,1100310.0,2021,7,23,7,2,2,1,2,0,1,0,0,0,0,0,"798831,9162","5828045,053","13,40532143","52,52039426",,,3558.0
114636,11,10,10400941.0,2021,10,21,1,3,5,3,2,1,1,0,0,0,0,0,"813261,6996","5827202,528","13,61651629","52,50474743",,,2985.0
114635,11,9,9200613.0,2021,11,22,3,3,2,6,2,0,1,0,0,0,0,1,"806502,2897","5821231,746","13,51175443","52,45507451",,,3981.0
114632,11,7,7200411.0,2021,5,11,7,2,3,2,0,0,1,0,1,0,0,1,"795790,711","5824118,235","13,3571418","52,4868518",,,3458.0
114631,11,1,1300836.0,2021,6,8,4,3,0,6,0,0,1,0,0,0,1,0,"796268,2425","5830250,866","13,36961405","52,54156608",,,2851.0
114630,11,12,12100205.0,2021,8,12,2,3,2,2,0,0,1,0,0,0,0,0,"795327,869","5833731,594","13,35888539","52,57327815",,,4669.0
114628,11,4,4300415.0,2021,9,11,3,3,2,6,0,0,1,0,0,1,0,0,"790701,012","5826175,435","13,28419315","52,50802866",,,3257.0
114627,11,4,4200310.0,2021,3,18,7,3,1,1,2,0,1,0,0,0,0,0,"790085,6519","5826302,443","13,27526246","52,50949487",,,3062.0
114623,11,2,2500726.0,2021,7,7,3,3,5,2,0,1,0,0,0,0,1,0,"801681,565","5828880,61","13,44795141","52,52631441",,,7362.0
114621,11,3,3701660.0,2021,9,21,1,2,2,6,2,0,1,0,0,0,1,0,"800065,809","5829069,022","13,42437635","52,52889489",,,4136.0
114620,11,6,6300527.0,2021,11,13,7,3,3,6,0,0,1,0,0,0,0,0,"791057,5839","5818838,75","13,28302944","52,44206469",,,4548.0
114619,11,1,1400940.0,2021,8,22,5,3,5,3,2,0,1,0,0,0,0,1,"795861,7014","5832069,301","13,36525717","52,55808746",,,4136.0
114616,11,7,7501133.0,2021,4,16,6,3,5,2,0,1,1,0,0,0,0,0,"798429,7185","5818245,503","13,39064211","52,43277363",,,5826.0
114613,11,4,4400725.0,2021,3,16,3,3,2,6,1,0,1,0,0,0,0,0,"790564,53","5825129,311","13,28127493","52,49872279",,,5239.0
114612,11,1,1300836.0,2021,10,8,4,3,0,2,0,1,1,0,0,0,0,1,"796214,5447","5830190,187","13,36877047","52,54105135",,,6427.0
114611,11,10,10100312.0,2021,12,19,6,3,6,7,2,0,1,1,0,0,0,0,"807674,6785","5829810,528","13,53687548","52,5312994",,,4721.0
114610,11,1,1300836.0,2021,5,12,3,2,3,6,0,0,1,0,1,0,0,0,"796229,4622","5830154,685","13,36895813","52,540725",,,4866.0
114609,11,7,7501133.0,2021,9,8,5,3,0,2,0,0,1,0,0,0,1,1,"798586,3306","5817930,761","13,39265786","52,42986686",,,5239.0
114607,11,1,1200624.0,2021,2,14,4,3,2,2,0,0,1,0,0,0,0,1,"795870,5687","5829585,954","13,36317526","52,53582185",,,3043.0
114603,11,4,4200308.0,2021,6,9,4,3,2,6,0,0,1,0,0,0,0,0,"790556,0167","5827379,187","13,28311385","52,5188976",,,5740.0
114599,11,3,3200206.0,2021,5,14,6,3,6,4,0,0,1,1,0,0,0,1,"798194,0097","5834723,243","13,40194498","52,58060413",,,6368.0
114598,11,2,2500727.0,2021,8,23,4,2,5,2,2,1,1,0,0,0,0,0,"802144,9397","5827752,819","13,45373649","52,51594944",,,5451.0
114594,11,2,2500727.0,2021,7,20,1,2,5,3,0,0,1,0,0,0,0,1,"802145,4376","5827751,031","13,45374218","52,51593314",,,2364.0
114590,11,10,10100206.0,2021,7,2,2,3,0,1,2,0,1,0,0,0,0,0,"808899,1005","5833402,273","13,55820894","52,56279503",,,3853.0
114588,11,12,12100204.0,2021,10,17,2,2,5,3,1,1,1,0,0,0,0,0,"795752,3034","5832687,459","13,36419909","52,56368807",,,4065.0
114587,11,7,7200411.0,2021,6,14,7,3,0,4,0,0,0,1,0,0,1,0,"795903,5585","5824352,486","13,35900686","52,48889052",,,7119.0
114586,11,2,2400625.0,2021,11,18,3,3,0,6,2,0,1,0,1,0,0,1,"801807,3062","5826344,738","13,4474992","52,50351565",,,4944.0
114585,11,3,3601142.0,2021,9,17,7,3,2,6,0,0,1,0,0,0,0,0,"799141,4549","5830395,352","13,4119848","52,54129143",,,2359.0
114582,11,3,3400620.0,2021,4,16,7,3,2,6,0,0,1,0,0,0,0,0,"798004,5131","5833676,111","13,39821542","52,5713219",,,3567.0
114579,11,1,1300836.0,2021,3,17,3,2,5,7,0,0,1,0,1,0,0,0,"796261,1184","5829996,103","13,36928214","52,53928626",,,6556.0
114577,11,11,11100101.0,2021,10,7,6,3,4,6,0,1,0,0,0,0,0,0,"803733,6402","5834633,501","13,48336913","52,57673602",,,3826.0
114576,11,12,12200411.0,2021,6,19,7,3,2,6,0,0,1,0,1,0,0,0,"792901,0795","5832247,685","13,32186823","52,56128709",,,6249.0
114575,11,4,4200206.0,2021,12,9,4,2,5,2,0,1,1,0,0,0,0,0,"788359,2322","5826032,314","13,24966086","52,5079884",,,3346.0
114574,11,1,1100207.0,2021,8,11,1,2,0,1,0,1,0,0,0,0,0,0,"798712,9066","5827082,899","13,40270884","52,51183509",,,4553.0
114571,11,9,9100101.0,2021,3,10,2,3,2,7,0,0,1,0,0,0,0,0,"802693,0402","5825216,304","13,45948319","52,49291092",,,4331.0
114568,11,3,3400723.0,2021,6,11,3,2,0,1,0,1,0,0,0,0,0,0,"798358,865","5833479,847","13,40325192","52,56936857",,,4455.0
114565,11,1,1100310.0,2021,8,7,4,3,2,2,0,1,1,0,0,0,0,0,"799791,0796","5828610,761","13,41992549","52,52493847",,,4163.0
114561,11,4,4501153.0,2021,7,23,4,2,9,1,2,0,1,0,0,0,0,0,"793896,0657","5823008,732","13,32834144","52,47792883",,,1661.0
114559,11,4,4200308.0,2021,10,8,3,3,2,6,0,0,1,0,0,0,0,1,"790424,2474","5827735,909","13,28148878","52,52216582",,,3369.0
114558,11,1,1300836.0,2021,11,13,6,3,5,3,0,0,1,0,1,0,0,0,"796239,0371","5830242,946","13,3691776","52,54151096",,,4646.0
114556,11,2,2500728.0,2021,5,11,3,3,5,7,0,1,0,0,0,0,1,0,"802697,6636","5827690,345","13,46180021","52,51508302",,,2324.0
114553,11,4,4501148.0,2021,1,17,4,3,2,6,2,0,1,0,0,0,0,1,"792519,1155","5823412,519","13,30847914","52,48228796",,,9029.0
114550,11,1,1100310.0,2021,4,15,1,3,2,6,0,1,1,0,0,0,0,0,"799545,4847","5828285,659","13,41602348","52,52215941",,,4065.0
114549,11,12,12200414.0,2021,6,11,4,2,3,6,0,0,1,0,0,1,0,0,"791952,4753","5831579,303","13,30732632","52,55580472",,,3550.0
114545,11,4,4300414.0,2021,5,9,3,3,5,2,0,1,1,0,0,0,0,0,"791029,033","5826477,351","13,28927662","52,51056044",,,4852.0
114544,11,4,4400726.0,2021,8,8,5,3,2,6,0,0,1,0,0,0,0,0,"790771,3472","5824852,308","13,28407117","52,49612928",,,7331.0
114542,11,1,1100310.0,2021,9,8,4,3,6,4,0,0,0,1,0,0,1,0,"799191,1804","5828395,469","13,41091579","52,52333822",,,3750.0
114540,11,4,4300621.0,2021,3,16,4,3,5,3,0,0,1,0,0,0,0,0,"792263,3986","5826683,609","13,30759447","52,51174954",,,4439.0
114537,11,7,7400720.0,2021,7,18,5,3,2,6,0,0,1,0,0,0,0,1,"797774,8496","5823871,884","13,38605634","52,48356501",,,4257.0
114535,11,4,4200311.0,2021,9,8,2,3,3,6,0,0,1,0,0,0,0,0,"790582,264","5827302,849","13,28343291","52,51819924",,,5063.0
114534,11,7,7501029.0,2021,11,7,3,3,0,1,0,0,1,0,1,0,0,1,"797722,573","5818813,81","13,38077742","52,43825326",,,5186.0
114533,11,3,3400830.0,2021,8,14,6,3,2,6,0,0,1,0,0,0,0,0,"800043,5541","5833524,06","13,42807446","52,5688389",,,3527.0
114529,11,2,2100101.0,2021,7,21,6,2,5,2,2,0,1,0,1,0,0,0,"797032,0013","5825874,264","13,37693446","52,50191888",,,2182.0
114528,11,12,12200310.0,2021,10,12,7,3,0,7,0,0,1,0,0,0,0,0,"791780,1384","5832973,133","13,30601721","52,56839236",,,3744.0
114527,11,11,11300722.0,2021,12,10,5,3,5,2,0,1,1,0,0,0,0,0,"803764,0574","5827566,118","13,47735353","52,51337675",,,3349.0
114524,11,4,4100101.0,2021,1,8,1,2,0,6,0,0,1,0,0,0,1,0,"791605,9792","5830589,921","13,301361","52,54712079",,,4656.0
114520,11,3,3701660.0,2021,6,23,1,3,0,3,2,1,1,0,0,0,0,0,"800409,0061","5829577,022","13,42987932","52,53325921",,,4943.0
114516,11,6,6300629.0,2021,5,11,2,3,1,5,0,1,0,0,0,1,0,0,"791822,347","5819313,096","13,29466325","52,44590962",,,4940.0
114515,11,4,4100102.0,2021,8,19,5,2,2,6,1,0,1,0,0,0,0,0,"791132,9522","5829063,492","13,2930673","52,53368955",,,3060.0
114509,11,2,2500727.0,2021,7,15,2,2,3,6,0,1,0,0,0,0,0,0,"802179,4672","5827722,14","13,45421591","52,51565533",,,4365.0
114507,11,11,11300722.0,2021,10,13,7,3,2,6,0,1,0,0,0,0,0,0,"804021,2118","5827555,202","13,48112131","52,51313565",,,757.0
114506,11,2,2500834.0,2021,11,3,1,2,0,1,2,1,0,0,0,0,0,0,"802033,1517","5827015,247","13,45142471","52,50940048",,,5848.0
114505,11,3,3601139.0,2021,9,17,6,3,5,2,0,1,1,0,0,0,0,0,"799204,9633","5832154,894","13,41450382","52,5570281",,,4456.0
114503,11,3,3400721.0,2021,6,16,7,3,3,6,0,1,0,0,0,0,1,0,"798169,3159","5833507,932","13,40048873","52,56972417",,,3550.0
114501,11,3,3500934.0,2021,4,14,3,3,4,7,0,1,0,0,0,0,0,0,"800268,8408","5831826,58","13,42985251","52,55349981",,,3150.0
114498,11,3,3400723.0,2021,3,11,5,3,6,2,0,0,1,1,0,0,0,0,"798379,1616","5833470,279","13,40354189","52,56927169",,,5144.0
114497,11,1,1401044.0,2021,10,16,5,3,2,6,0,0,1,0,0,0,0,1,"796036,085","5831363,246","13,36719232","52,55166363",,,5363.0
114496,11,6,6300527.0,2021,12,19,7,3,5,7,2,0,1,0,0,0,0,1,"790296,521","5818369,72","13,27145652","52,43826426",,,5039.0
114495,11,7,7400825.0,2021,9,7,3,3,2,6,0,0,1,0,1,0,0,0,"797867,9549","5820521,311","13,38443215","52,45348006",,,3852.0
114493,11,3,3100101.0,2021,2,6,3,3,8,1,2,0,0,0,0,0,1,2,"801633,9121","5840535,797","13,45785602","52,63080522",,,4260.0
114489,11,4,4400830.0,2021,6,11,5,3,3,6,0,0,0,0,1,0,1,0,"792396,73","5823474,322","13,30673628","52,48290756",,,5345.0
114484,11,4,4300621.0,2021,5,16,3,3,3,6,0,0,1,0,1,0,0,1,"792078,0049","5826631,09","13,30482429","52,51137803",,,8423.0
114483,11,7,7200308.0,2021,8,20,2,3,5,7,2,1,1,0,0,0,0,1,"795414,0314","5823415,089","13,35098739","52,48075255",,,3343.0
114479,11,1,1300836.0,2021,7,18,4,3,5,2,0,1,1,0,0,0,0,0,"796184,661","5830195,038","13,36833544","52,54111107",,,3154.0
114476,11,6,6300629.0,2021,7,3,2,2,8,1,2,0,1,0,0,0,0,0,"792785,2403","5819978,834","13,30937394","52,45136308",,,4857.0
114474,11,6,6300629.0,2021,10,13,4,3,3,6,0,0,1,0,0,1,0,0,"792590,5124","5819844,357","13,30639882","52,45026177",,,3060.0
114473,11,4,4300414.0,2021,11,16,5,3,5,3,0,1,1,0,0,0,0,0,"791034,0562","5826478,175","13,28935115","52,51056514",,,3058.0
114472,11,11,11300724.0,2021,5,9,2,3,2,6,0,0,1,0,1,0,0,0,"804266,9182","5827530,117","13,48470792","52,51277382",,,3245.0
114470,11,11,11300724.0,2021,9,13,6,2,5,2,0,1,1,0,0,0,0,0,"804515,107","5827504,667","13,48833059","52,51240722",,,3964.0
114467,11,12,12100204.0,2021,4,9,4,3,3,6,0,0,1,0,0,0,0,0,"795758,3785","5832654,516","13,36425908","52,56338946",,,3753.0
114464,11,2,2100101.0,2021,4,13,1,3,5,2,0,1,1,0,0,0,0,0,"797295,7787","5825592,036","13,38055708","52,49924537",,,6629.0
114463,11,2,2400521.0,2021,7,18,5,3,3,6,0,1,0,0,0,0,1,0,"801157,2465","5827832,744","13,43929741","52,51721209",,,4338.0
114461,11,3,3601449.0,2021,10,15,3,3,2,6,0,0,1,0,0,0,1,0,"801384,1216","5831033,273","13,44553246","52,5457734",,,7233.0
114460,11,1,1100310.0,2021,12,23,2,3,5,3,2,0,1,0,0,0,0,0,"799106,6811","5827693,002","13,4090424","52,51708799",,,4461.0
114459,11,2,2500726.0,2021,8,18,5,3,1,5,0,1,1,0,0,0,0,0,"801779,75","5828615,616","13,44915382","52,52388492",,,4154.0
114458,11,10,10400837.0,2021,9,10,6,3,5,3,0,0,1,0,0,0,0,0,"811328,7735","5827107,964","13,588042","52,5050063",,,5249.0
114454,11,6,6400737.0,2021,2,11,7,3,0,3,0,1,1,0,0,0,0,0,"786712,1186","5817016,237","13,21771065","52,42802",,,3549.0
114451,11,9,9100203.0,2021,6,8,2,3,0,3,0,1,1,0,0,0,0,0,"804106,561","5824366,79","13,47946399","52,48451132",,,5447.0
114449,11,4,4300413.0,2021,9,2,1,2,8,1,2,0,1,0,0,0,0,0,"790694,6758","5827096,664","13,28490476","52,51629088",,,5338.0
114448,11,11,11401032.0,2021,11,9,5,3,6,2,0,0,1,1,0,0,0,1,"805622,7726","5827377,961","13,5044857","52,51065217",,,5140.0
114447,11,7,7400721.0,2021,8,20,4,3,1,5,2,0,1,0,0,0,0,1,"797808,4159","5823161,125","13,38591433","52,47717555",,,3560.0
114444,11,1,1100310.0,2021,7,23,7,3,5,3,2,1,1,0,0,0,0,0,"798805,4545","5828020,353","13,4049104","52,52018736",,,3550.0
114443,11,2,2500727.0,2021,10,21,2,3,0,1,2,0,0,0,1,0,0,1,"802578,4158","5827687,025","13,46004525","52,51511943",,,1857.0
114442,11,3,3200206.0,2021,11,21,3,3,4,1,2,0,1,0,0,0,0,1,"797986,0335","5834648,174","13,39881719","52,58004518",,,2356.0
114441,11,3,3601449.0,2021,5,17,7,3,5,2,0,0,1,0,0,0,0,0,"801345,9232","5831000,956","13,44494154","52,54550486",,,4614.0
114438,11,4,4400727.0,2021,1,11,3,3,0,1,0,0,0,0,1,0,0,1,"791404,2269","5824487,858","13,29304849","52,49252447",,,6524.0
114434,11,7,7200411.0,2021,6,14,2,3,0,2,0,0,1,0,0,0,1,0,"795861,4386","5824303,943","13,35834524","52,48847821",,,5126.0
114430,11,4,4300414.0,2021,5,15,3,3,5,2,0,1,1,0,0,0,0,0,"791694,6229","5826587,878","13,29915319","52,51119578",,,4632.0
114429,11,4,4300414.0,2021,8,14,2,3,2,7,0,0,0,0,1,0,1,0,"791806,1035","5826606,691","13,30080772","52,51130481",,,4964.0
114427,11,10,10400941.0,2021,9,5,2,2,3,6,2,0,1,0,1,0,0,0,"813731,3768","5827149,828","13,62336377","52,50400535",,,3569.0
114426,11,12,12601032.0,2021,9,7,4,3,5,2,0,1,1,0,0,0,0,0,"792729,8396","5837421,962","13,32392016","52,60776388",,,3764.0
114423,11,7,7501133.0,2021,4,18,3,3,2,6,0,0,1,0,0,0,0,0,"797664,6878","5818672,582","13,37980261","52,4370188",,,3381.0
114420,11,10,10100210.0,2021,4,15,6,2,2,6,0,0,1,0,1,0,0,0,"808299,1671","5832012,597","13,54809582","52,5506811",,,7139.0
114419,11,3,3601449.0,2021,7,15,6,2,5,2,0,1,1,0,0,0,0,0,"801319,6745","5830977,753","13,44453458","52,54531142",,,4047.0
114417,11,4,4300621.0,2021,10,19,3,3,2,1,1,0,1,0,0,0,0,0,"792740,5828","5826742,135","13,31465739","52,51201833",,,3551.0
114416,11,10,10100210.0,2021,6,13,7,3,2,2,0,1,1,0,0,0,0,0,"808321,4236","5832024,392","13,54843398","52,5507742",,,5263.0
114415,11,11,11401034.0,2021,12,20,2,2,0,1,2,0,1,0,0,0,0,0,"807146,5341","5827415,715","13,52690284","52,51013474",,,7131.0
114414,11,11,11401032.0,2021,8,15,2,3,2,6,0,0,1,0,1,0,0,0,"805630,9832","5827377,383","13,50460577","52,51064239",,,3661.0
114413,11,6,6400735.0,2021,9,18,4,1,0,7,0,0,1,0,1,0,0,0,"782374,8442","5815745,53","13,15301743","52,41888191",,,7534.0
114410,11,3,3601449.0,2021,3,15,3,3,5,2,0,1,0,0,0,1,0,0,"801325,9897","5831014,096","13,4446604","52,54563367",,,6250.0
114407,11,4,4100102.0,2021,6,15,3,3,2,6,0,0,1,0,0,0,0,0,"791519,4102","5829140,666","13,29881631","52,53417483",,,3543.0
114405,11,7,7400824.0,2021,9,18,5,3,3,6,0,0,1,0,1,0,0,0,"797846,1684","5821268,2","13,38477876","52,46018699",,,4033.0
114404,11,11,11100101.0,2021,8,13,5,2,2,6,0,0,1,0,0,1,0,0,"803687,4721","5835351,947","13,48334812","52,58320088",,,4345.0
114400,11,2,3601452.0,2021,7,17,4,3,2,6,0,0,1,0,0,0,1,0,"801633,0038","5828906,405","13,44726117","52,52657248",,,4264.0
114398,11,1,1200624.0,2021,10,18,5,3,2,6,2,0,1,0,0,0,0,0,"795930,1355","5829484,636","13,3639607","52,53488129",,,5062.0
114397,11,4,4400727.0,2021,11,19,2,3,2,6,2,0,1,0,0,0,0,1,"791403,4542","5824488,514","13,29303771","52,49253076",,,2651.0
114394,11,7,7400927.0,2021,1,12,5,3,0,7,0,0,1,0,0,0,0,1,"799191,8582","5821640,243","13,40485954","52,46278679",,,4363.0
114390,11,12,12601032.0,2021,6,10,7,3,6,3,0,0,1,1,0,0,0,0,"792838,6379","5837246,345","13,32536685","52,60613098",,,6352.0
114387,11,7,7501030.0,2021,12,18,4,3,6,2,2,0,1,1,0,0,0,1,"797871,3799","5820419,827","13,38439189","52,45256849",,,6935.0
114386,11,7,7400720.0,2021,5,23,3,3,1,5,2,0,0,0,1,0,1,1,"797774,2094","5823574,974","13,38578174","52,48090389",,,4658.0
114385,11,2,2500729.0,2021,8,10,5,3,0,3,0,0,1,0,0,0,1,0,"803112,4624","5827648,692","13,46785627","52,51447933",,,4234.0
114383,11,3,3601142.0,2021,9,16,2,2,5,3,0,1,0,0,0,0,0,0,"799163,574","5830558,356","13,41245677","52,54274037",,,4047.0
114381,11,4,4200207.0,2021,3,4,7,2,2,6,2,0,1,0,1,0,1,1,"787877,7157","5821870,753","13,23899049","52,47093194",,,3057.0
114378,11,3,3100101.0,2021,6,18,4,3,9,1,0,0,1,0,0,0,0,1,"800857,4343","5840804,569","13,44666278","52,63364485",,,3337.0
114376,11,1,1100310.0,2021,9,17,5,3,3,6,0,0,1,0,1,0,0,0,"799518,2052","5828203,288","13,41554844","52,52143608",,,4169.0
114375,11,3,3601347.0,2021,11,15,3,2,1,5,0,1,0,0,0,0,1,1,"799373,8707","5830318,271","13,41533215","52,54047288",,,4346.0
114374,11,5,5200528.0,2021,9,16,4,3,6,2,0,0,1,1,0,0,0,0,"783505,2691","5826700,883","13,17890421","52,51652724",,,3449.0
114369,11,8,8100521.0,2021,7,17,7,3,2,6,0,0,1,0,0,0,0,0,"802663,7092","5822015,075","13,45614694","52,46423456",,,3734.0
114368,11,6,6400736.0,2021,10,17,7,3,2,6,2,0,1,0,0,0,0,1,"785310,9779","5815996,837","13,19628971","52,41961237",,,2973.0
114367,11,12,12200310.0,2021,12,8,3,3,2,6,0,0,1,0,0,0,0,0,"791902,4553","5832743,88","13,30761505","52,5662716",,,3329.0
114364,11,2,2400522.0,2021,1,14,3,3,0,6,0,0,1,0,1,0,0,1,"801529,9046","5827794,949","13,44473848","52,51666743",,,4350.0
114360,11,7,7400720.0,2021,6,15,7,3,3,6,0,0,1,0,0,0,0,1,"797840,9596","5822488,178","13,38579117","52,47112559",,,3031.0
114356,11,3,3601452.0,2021,5,10,2,3,5,7,0,0,1,0,0,0,1,0,"801401,628","5829216,096","13,44414166","52,52947623",,,3829.0