OBJECTID,LAND,BEZ,LOR_ab_2021,UJAHR,UMONAT,USTUNDE,UWOCHENTAG,UKATEGORIE,UART,UTYP1,ULICHTVERH,IstRad,IstPKW,IstFuss,IstKrad,IstGkfz,IstSonstige,USTRZUSTAND,LINREFX,LINREFY,XGCSWGS84,YGCSWGS84,LOR,STRASSE,quadrant
112352,11,8,8200622.0,2021,7,17,7,2,3,6,0,0,1,0,1,0,0,0,"802248,359","5821916,638","13,4499626","52,46358216",,,3451.0
112350,11,7,7400720.0,2021,10,15,6,3,6,7,0,0,0,1,0,1,0,0,"797842,3028","5822464,327","13,38578959","52,47091105",,,4355.0
112349,11,3,3400723.0,2021,11,7,5,3,6,4,0,0,0,1,0,0,1,0,"798371,599","5833483,535","13,40344257","52,56939465",,,5260.0
112347,11,9,9100306.0,2021,9,12,6,3,3,6,0,0,1,0,0,1,0,0,"803098,0673","5820903,29","13,4615116","52,45402889",,,3247.0
112344,11,7,7601341.0,2021,4,18,4,2,3,6,0,0,1,0,0,0,0,0,"796376,6608","5815285,131","13,35790957","52,40735224",,,6655.0
112341,11,12,12100204.0,2021,3,5,2,3,5,2,2,1,1,0,0,0,0,0,"795712,8218","5832839,551","13,36375388","52,56507286",,,5334.0
112340,11,4,4300621.0,2021,7,9,6,3,5,2,0,1,1,0,0,0,0,0,"792737,7084","5826741,651","13,31461473","52,51201553",,,5348.0
112338,11,1,1200624.0,2021,10,19,5,3,0,2,0,1,1,0,0,0,0,0,"796193,4704","5829101,081","13,36748994","52,53130006",,,5753.0
112337,11,9,9100409.0,2021,12,9,4,2,8,1,0,0,0,0,0,1,0,0,"807064,1211","5818238,002","13,51724609","52,42792832",,,1160.0
112336,11,1,1100205.0,2021,8,14,4,3,4,6,0,1,0,0,0,0,1,0,"797082,3608","5826737,884","13,37844483","52,50963289",,,6262.0
112335,11,4,4300414.0,2021,9,20,5,3,5,3,2,0,1,0,0,0,1,0,"791573,4862","5826546,14","13,29733671","52,51088638",,,4672.0
112332,11,3,3701660.0,2021,2,23,6,3,1,5,2,1,1,0,0,0,0,0,"800153,8397","5829169,434","13,42576078","52,52974645",,,3451.0
112329,11,1,1100310.0,2021,6,16,3,3,3,7,0,1,1,0,0,0,0,0,"799350,5933","5827996,498","13,41289934","52,51967456",,,4162.0
112327,11,10,10100311.0,2021,9,16,5,3,5,3,0,1,1,0,0,0,0,0,"808013,343","5827457,847","13,53967385","52,51002362",,,5744.0
112326,11,9,9100305.0,2021,8,14,6,3,2,7,0,0,1,0,0,0,0,0,"805072,2414","5822664,836","13,49208411","52,46871875",,,4962.0
112322,11,12,12100205.0,2021,7,17,4,3,5,2,0,1,0,0,0,0,1,0,"794469,2361","5834334,513","13,34678763","52,57914807",,,3567.0
112320,11,1,1100310.0,2021,10,10,7,3,2,6,0,0,1,0,0,1,0,0,"798822,8988","5828036,636","13,40518136","52,52032375",,,1659.0
112319,11,2,2400625.0,2021,11,23,3,3,6,4,2,1,0,1,0,0,0,0,"801877,2901","5826536,261","13,44870076","52,50519356",,,5939.0
112318,11,1,1400940.0,2021,5,6,2,3,5,3,0,0,1,0,1,0,0,1,"795861,4024","5832070,967","13,36525426","52,55810256",,,5065.0
112315,11,12,12500926.0,2021,1,19,6,3,5,3,2,0,1,0,1,0,0,1,"793906,9334","5835368,828","13,33943047","52,58872396",,,3332.0
112311,11,6,6400737.0,2021,6,10,1,3,2,6,0,0,1,0,0,0,0,0,"787033,4413","5820669,972","13,22556247","52,46061029",,,4322.0
112308,11,2,2500727.0,2021,12,20,1,3,5,2,2,0,1,0,0,0,0,2,"802586,285","5827702,138","13,46017461","52,51525051",,,4767.0
112307,11,2,2100101.0,2021,8,10,6,3,2,6,0,0,1,0,0,0,0,0,"797039,4259","5825862,432","13,37703297","52,50180879",,,5142.0
112305,11,2,2500728.0,2021,9,18,3,3,3,6,0,1,0,0,0,0,1,0,"802703,1616","5827674,515","13,46186659","52,51493809",,,5740.0
112303,11,7,7400927.0,2021,3,7,5,3,0,7,0,0,1,0,0,0,0,0,"799318,5751","5821561,37","13,40664841","52,4620104",,,4326.0
112300,11,1,1401044.0,2021,6,19,1,3,5,2,0,1,1,0,0,0,0,0,"796053,6263","5831351,556","13,36743985","52,55154931",,,6631.0
112298,11,10,10400940.0,2021,9,16,5,3,0,2,0,1,0,0,0,0,1,0,"813050,6981","5827205,426","13,61342046","52,50489449",,,3774.0
112297,11,7,7501133.0,2021,11,8,2,3,5,3,0,0,1,0,1,0,0,0,"798693,3602","5817615,512","13,39394585","52,42698259",,,4229.0
112296,11,1,1200624.0,2021,8,21,1,2,5,3,2,0,1,0,0,0,0,1,"796135,8777","5829184,968","13,36671813","52,53208332",,,2261.0
112291,11,1,1100104.0,2021,7,10,5,3,5,2,0,1,1,0,0,0,0,0,"796402,4401","5826263,375","13,36803323","52,50574924",,,3780.0
112290,11,4,4300622.0,2021,10,9,3,3,6,7,0,1,0,1,0,0,0,1,"793315,2273","5826835,971","13,32318352","52,51255082",,,3147.0
112289,11,7,7300619.0,2021,12,11,6,3,2,1,0,0,1,0,0,0,0,1,"795800,1938","5822631,345","13,35596193","52,47351786",,,3959.0
112286,11,3,3200205.0,2021,1,16,5,2,0,7,1,1,0,0,0,0,0,1,"798175,5667","5836304,542","13,40309669","52,59478823",,,4244.0
112282,11,9,9100202.0,2021,6,14,2,3,5,3,0,1,1,0,0,0,0,0,"803000,0964","5824659,273","13,46348555","52,48774795",,,3856.0
112278,11,7,7300619.0,2021,5,12,3,3,5,3,0,0,1,0,0,0,0,0,"795845,2362","5822650,206","13,35663987","52,47366254",,,1756.0
112277,11,2,2500727.0,2021,8,17,4,3,3,6,0,1,0,0,1,0,0,0,"802371,3142","5827708,128","13,45702176","52,51542343",,,3929.0
112270,11,12,12601032.0,2021,7,8,4,3,5,2,0,1,0,0,0,0,1,1,"792729,4925","5837422,406","13,32391544","52,60776805",,,3171.0
112268,11,4,4300414.0,2021,10,15,2,3,5,2,0,0,1,0,0,0,0,0,"791574,64","5826546,338","13,29735383","52,51088753",,,3434.0
112267,11,3,3601142.0,2021,11,7,2,2,0,1,0,1,0,0,0,0,0,1,"799188,5834","5831268,25","13,41346392","52,54908973",,,3051.0
112266,11,12,12100204.0,2021,9,17,4,3,5,2,0,1,1,0,0,0,0,0,"795766,4114","5832694,658","13,36441303","52,56374493",,,2359.0
112263,11,1,1100310.0,2021,4,9,2,3,3,6,0,1,0,0,0,0,1,1,"799777,4804","5828588,95","13,41970598","52,52475044",,,3826.0
112260,11,3,3601142.0,2021,3,17,3,3,2,6,1,0,1,0,0,0,0,0,"799141,926","5830367,385","13,41196655","52,54104049",,,5253.0
112259,11,1,1100102.0,2021,10,14,5,3,5,2,0,0,1,0,0,0,1,0,"796448,883","5827390,066","13,36971904","52,51582368",,,5725.0
112258,11,10,10100312.0,2021,12,18,5,3,9,1,2,0,1,0,0,0,0,2,"807773,9369","5829222,761","13,53779005","52,52597584",,,3950.0
112257,11,1,1100310.0,2021,9,11,7,3,5,2,0,1,0,0,0,0,1,0,"798800,863","5828016,067","13,40483908","52,52015145",,,1757.0
112255,11,10,10300733.0,2021,2,17,5,3,1,5,2,0,1,0,0,0,0,0,"809587,2421","5827356,028","13,56269645","52,50822028",,,4361.0
112251,11,2,2500833.0,2021,6,3,7,3,0,1,2,0,0,0,0,0,1,0,"802071,0023","5827188,576","13,45213803","52,51093307",,,4370.0
112247,11,10,10400941.0,2021,5,17,4,3,5,3,0,1,1,0,0,0,0,0,"813269,0555","5827202,206","13,61662401","52,50474033",,,6022.0
112246,11,4,4300621.0,2021,8,12,2,3,5,2,0,1,1,0,0,0,0,0,"792256,105","5826682,571","13,30748639","52,51174414",,,5276.0
112241,11,7,7400823.0,2021,7,12,2,3,2,6,0,0,1,0,0,0,0,0,"797313,3684","5822340,893","13,37791564","52,47009272",,,3153.0
112239,11,7,7501133.0,2021,10,13,1,2,2,6,0,0,1,0,0,0,0,0,"797534,5221","5818235,287","13,37750425","52,43316969",,,6019.0
112238,11,7,7400822.0,2021,11,17,4,3,2,1,1,0,1,0,0,0,0,1,"796425,7265","5822606,822","13,36512274","52,47295892",,,4662.0
112236,11,4,4300415.0,2021,9,10,3,3,3,6,0,0,1,0,1,0,0,0,"790678,7441","5826110,976","13,28380968","52,50746264",,,1928.0
112233,11,1,1100102.0,2021,4,12,3,3,2,6,0,0,1,0,0,0,1,0,"796426,6113","5826349,336","13,36846485","52,50650666",,,4759.0
112230,11,10,10100206.0,2021,4,13,4,3,5,2,0,0,1,0,0,0,0,0,"808897,0635","5833397,338","13,5581744","52,56275196",,,5751.0
112229,11,4,4300414.0,2021,6,12,2,3,6,4,0,1,0,1,0,0,0,0,"791339,9188","5826528,353","13,29388922","52,51085172",,,1662.0
112227,11,4,4200206.0,2021,10,18,1,3,0,1,2,0,0,0,1,0,0,0,"786941,7634","5825809,781","13,22864122","52,50674067",,,3648.0
112225,11,3,3400620.0,2021,6,15,3,3,5,2,0,1,1,0,0,0,0,0,"798042,53","5833913,668","13,39898821","52,57343045",,,4544.0
112224,11,2,2500726.0,2021,8,10,3,3,2,6,0,0,1,0,1,0,0,0,"801692,4395","5828858,285","13,44809096","52,52610829",,,1054.0
112223,11,9,9100203.0,2021,9,6,4,3,5,3,0,1,1,0,0,0,0,0,"804105,6497","5824365,983","13,47944987","52,4845046",,,2330.0
112219,11,6,6400736.0,2021,2,11,3,2,2,6,0,0,1,0,0,0,0,0,"785379,1915","5815651,563","13,1969956","52,41648102",,,6151.0
112216,11,4,4501153.0,2021,6,8,5,3,2,6,0,0,1,0,0,0,0,1,"794446,1398","5823093,717","13,33649249","52,47839438",,,5152.0
112214,11,7,7200411.0,2021,9,13,4,2,2,6,0,0,0,0,1,0,1,0,"795908,3946","5824362,597","13,35908686","52,48897854",,,3834.0
112213,11,2,2500727.0,2021,10,10,1,3,5,2,0,0,1,0,0,0,0,0,"802180,1605","5827725,655","13,45422929","52,51568645",,,5344.0
112212,11,2,2500727.0,2021,8,15,4,3,5,3,0,1,0,0,0,0,0,0,"802141,8982","5827763,741","13,45370173","52,51604902",,,4752.0
112207,11,1,1300836.0,2021,7,17,1,3,0,1,0,0,0,0,1,0,0,0,"796310,4893","5830047,067","13,37005341","52,53971626",,,5833.0
112206,11,7,7501030.0,2021,10,15,5,3,6,4,0,0,1,1,0,0,0,1,"797987,7107","5819763,386","13,3855131","52,44662081",,,4165.0
112205,11,3,3200206.0,2021,12,21,1,2,9,1,2,0,1,0,0,0,0,1,"797981,2513","5834299,585","13,39843348","52,5769232",,,4948.0
112204,11,10,10300733.0,2021,5,13,2,3,2,6,0,0,1,0,1,0,0,0,"809517,0611","5827402,613","13,561709","52,50867757",,,4556.0
112201,11,2,2100101.0,2021,1,13,3,3,2,6,0,0,1,0,0,0,1,1,"797060,1804","5825829,36","13,37730832","52,50150103",,,4452.0
112197,11,7,7501133.0,2021,6,11,5,3,5,2,0,1,0,0,0,0,1,0,"797513,4757","5818141,142","13,37711181","52,43233722",,,4751.0
112193,11,6,6400737.0,2021,5,10,7,3,2,6,0,0,1,0,0,0,0,0,"786507,492","5816948,559","13,21465133","52,42752039",,,3126.0
112192,11,10,10100312.0,2021,6,6,5,2,5,2,0,0,0,0,1,0,1,0,"807684,5231","5829683,569","13,53690265","52,53015604",,,2161.0
112191,11,2,2500727.0,2021,8,8,5,3,5,2,0,0,1,0,0,0,0,0,"802146,3932","5827747,059","13,45375262","52,51589701",,,5275.0
112189,11,4,4400830.0,2021,9,14,3,3,2,6,0,0,1,0,0,0,0,0,"792400,87","5823170,025","13,30653019","52,48017738",,,3440.0
112187,11,7,7400928.0,2021,3,15,1,3,2,6,0,0,1,0,0,0,0,0,"800203,4875","5821509,271","13,41958744","52,461058",,,6059.0
112184,11,10,10400940.0,2021,7,20,6,3,5,3,0,1,1,0,0,0,0,0,"812566,7795","5827181,034","13,60629112","52,50495334",,,5263.0
112182,11,9,9100101.0,2021,9,19,4,3,5,2,2,1,1,0,0,0,0,1,"802664,0378","5825207,751","13,45904954","52,49285035",,,3545.0
112181,11,5,5200528.0,2021,11,17,6,2,4,6,1,0,1,0,0,0,0,0,"782565,6135","5825446,398","13,16402825","52,5057667",,,7434.0
112180,11,2,2200208.0,2021,8,10,3,2,3,6,0,1,0,0,0,0,0,0,"797898,6687","5825137,375","13,38900556","52,49484111",,,4952.0
112177,11,4,4300414.0,2021,4,17,1,3,6,2,0,0,1,1,0,0,0,0,"791567,4972","5826545,115","13,29724781","52,51088039",,,5752.0
112174,11,4,4300414.0,2021,3,16,4,3,6,2,0,0,1,1,0,0,0,1,"791505,4105","5826555,664","13,29634478","52,51100814",,,4258.0
111541,11,4,4400726.0,2021,1,1,6,3,9,1,2,0,1,0,0,0,0,0,"791154,679","5824616,757","13,28949592","52,49381321",,,7659.0
110370,11,3,2400520.0,2021,1,20,1,3,3,6,2,0,1,0,0,0,0,1,"799988,2122","5828912,431","13,42309463","52,52753402",,,2283.0
109998,11,7,7300619.0,2021,1,14,7,3,2,6,0,0,1,0,0,0,0,1,"796018,2589","5822739,196","13,35925879","52,47436651",,,5653.0
109753,11,12,12400723.0,2021,1,14,2,3,5,3,0,0,1,0,0,0,1,1,"791884,0985","5839010,713","13,31286818","52,6224611",,,2756.0
49090,11,12,,2019,1,13,6,3,5,3,0,1,1,0,0,0,0,1,"794062,2837","5835083,823","13,34146","52,58609",12301203.0,Wittenau Süd,3773.0
49091,11,3,,2019,1,9,5,3,5,3,0,1,1,0,0,0,0,0,"799130,4007","5832327,415","13,41356","52,55862",3040818.0,Pankow Süd,4865.0
49093,11,12,,2019,3,21,6,3,0,1,2,1,0,0,0,0,0,0,"795437,613","5833549,454","13,36034","52,57159",12103115.0,Breitkopfbecken,4069.0
49096,11,6,,2019,1,7,6,2,6,4,1,0,1,1,0,0,0,1,"786714,3754","5817042,137","13,21777","52,42825",6040703.0,Nikolassee,1827.0
49097,11,7,,2019,2,15,3,3,2,6,0,0,1,0,0,0,0,0,"796074,3342","5822724,905","13,36007","52,47421",7030303.0,Grazer Platz,4041.0
49100,11,5,,2019,1,7,5,3,2,6,2,0,1,0,0,0,0,1,"784856,2612","5826356,236","13,19846","52,51273",5020629.0,Börnicker Straße,1652.0
49101,11,5,,2019,1,8,3,3,6,6,0,0,1,1,0,0,0,0,"783505,6502","5826701,339","13,17891","52,51653",5020524.0,Weinmeisterhornweg,1353.0
49105,11,2,,2019,1,7,5,3,6,2,0,0,1,1,0,0,0,1,"803480,5815","5827610,536","13,47323","52,51393",2050602.0,Samariterviertel,5652.0
49106,11,5,,2019,2,18,1,3,5,2,2,0,1,0,0,0,0,0,"783514,277","5826711,666","13,17905","52,51662",5020524.0,Weinmeisterhornweg,1353.0
49109,11,7,,2019,1,17,5,3,3,2,2,0,1,0,0,0,1,0,"798180,8157","5818901,148","13,38758","52,43879",7050502.0,Fritz-Werner-Straße,4430.0
49111,11,7,,2019,1,18,5,3,2,6,2,0,1,0,0,0,1,0,"796480,9733","5822570,435","13,3659","52,4726",7040402.0,Lindenhofsiedlung,4040.0
49114,11,4,,2019,1,16,5,2,0,1,2,0,0,0,1,0,0,0,"792740,7092","5823246,873","13,31159","52,48068",4051551.0,Brabanter Platz,3243.0
49115,11,4,,2019,2,12,6,3,2,6,0,0,0,0,0,1,1,0,"791170,5822","5829471,679","13,29398","52,53733",4010101.0,Jungfernheide,3059.0
49118,11,1,,2019,3,13,5,3,2,6,0,0,1,0,0,0,0,0,"798627,798","5827029,868","13,40141","52,51141",1011204.0,Leipziger Straße,4652.0
49121,11,4,,2019,1,17,4,3,2,6,2,0,1,0,0,0,0,1,"790546,8448","5825193,698","13,28107","52,49931",4041133.0,Güterbahnhof Grunewald,2848.0
49124,11,1,,2019,1,12,4,3,2,6,0,0,1,0,0,0,0,1,"798077,2826","5827663,242","13,39389","52,51738",1011202.0,Unter den Linden Nord,4553.0
49125,11,3,,2019,1,13,4,3,5,3,0,0,1,0,0,1,0,0,"798248,2264","5834742,934","13,40276","52,58075",3020209.0,Niederschönhausen,4672.0
49128,11,12,,2019,1,17,4,3,6,2,2,0,1,1,0,0,0,1,"795752,5838","5832685,938","13,3642","52,56367",12103219.0,Schäfersee,4067.0
49131,11,9,,2019,1,6,4,3,3,6,2,0,1,0,1,0,0,1,"806114,301","5821639,806","13,50644","52,45895",9020601.0,Schnellerstraße,6136.0
49132,11,1,,2019,2,6,7,2,5,2,2,0,1,0,1,0,0,0,"796187,744","5830191,845","13,36838","52,54108",1033203.0,Humboldthain Nordwest,4160.0
49135,11,9,,2019,1,5,4,3,3,6,2,0,1,0,0,1,0,1,"804140,4607","5819917,884","13,47591","52,44462",9010302.0,Späthsfelde,5732.0
49136,11,1,,2019,1,11,1,3,5,3,0,1,0,0,0,0,0,1,"796921,4533","5827454,815","13,37672","52,51615",1011202.0,Unter den Linden Nord,4253.0
49140,11,2,,2019,1,8,4,3,5,3,1,1,1,0,0,0,0,1,"803093,6713","5827633,678","13,46757","52,51436",2050602.0,Samariterviertel,5652.0
49141,11,12,,2019,2,15,6,3,5,3,0,0,1,0,0,0,1,0,"793511,9984","5835884,649","13,33407","52,59356",12301203.0,Wittenau Süd,3676.0
49144,11,3,,2019,1,7,4,3,6,4,2,0,1,1,0,0,0,1,"801393,3114","5831071,626","13,4457","52,54611",3061429.0,Greifswalder Straße,5262.0
49147,11,4,,2019,1,7,4,3,2,6,2,0,1,0,0,0,0,1,"791735,854","5829205,125","13,30205","52,53464",4010103.0,Paul-Hertz-Siedlung,3158.0
49150,11,6,,2019,1,7,4,2,6,2,2,0,1,1,0,0,0,1,"786504,3303","5816947,168","13,2146","52,42751",6040703.0,Nikolassee,1827.0
49151,11,6,,2019,2,18,3,3,2,6,2,0,1,0,0,0,0,0,"792194,0048","5819596,86","13,30036","52,44826",6030605.0,Botanischer Garten,3133.0
49154,11,6,,2019,1,9,3,3,2,6,0,0,1,0,0,0,0,1,"785340,9671","5815774,97","13,19654","52,41761",6040702.0,Düppel,1524.0
49155,11,7,,2019,2,10,7,3,2,6,0,0,1,0,0,0,0,0,"798056,2623","5819439,925","13,38623","52,44368",7050501.0,Rathausstraße,4332.0
49158,11,1,,2019,1,19,3,3,2,6,2,0,1,0,0,0,0,1,"796409,8992","5826288,542","13,36817","52,50597",1011105.0,Nördlicher Landwehrkanal,4150.0
49160,11,2,,2019,1,19,3,3,2,6,2,1,0,0,0,0,0,1,"802102,7227","5827496,005","13,45288","52,51367",2050802.0,Boxhagener Platz,5352.0
49163,11,7,,2019,1,17,3,3,5,3,2,0,1,0,0,0,0,1,"797466,308","5817929,806","13,37623","52,43047",7050502.0,Fritz-Werner-Straße,4228.0
49164,11,10,,2019,2,10,4,2,5,3,0,1,1,0,0,0,0,0,"807954,8651","5828854,359","13,54011","52,52257",10010309.0,Springpfuhl,6655.0
49166,11,4,,2019,3,14,4,3,2,6,0,0,1,0,0,0,0,0,"792130,1715","5823763,912","13,30308","52,48565",4041239.0,Stadion Wilmersdorf,3144.0
49169,11,3,,2019,1,12,3,3,4,1,0,0,1,0,0,0,0,1,"802930,303","5833241,277","13,47028","52,56471",3051017.0,Rennbahnstraße,5667.0
49172,11,7,,2019,1,19,2,3,6,4,2,0,0,1,0,0,1,1,"797814,0086","5822706,021","13,38559","52,47309",7040401.0,Neu-Tempelhof,4340.0
49173,11,6,,2019,1,17,4,2,0,1,2,0,0,0,1,0,0,1,"783909,6547","5815944,997","13,17569","52,41988",6040701.0,Wannsee,1225.0
49178,11,7,,2019,1,12,1,3,6,2,0,0,1,1,0,0,0,0,"797698,7809","5818765,902","13,38039","52,43784",7050501.0,Rathausstraße,4330.0
49179,11,4,,2019,2,5,6,3,0,1,1,0,0,0,1,0,0,1,"790960,1329","5824654,006","13,28667","52,49425",4041134.0,Bismarckallee,2947.0
49182,11,2,,2019,1,11,7,3,5,2,0,0,1,0,0,0,0,0,"802180,849","5827729,145","13,45424","52,51572",2050602.0,Samariterviertel,5453.0
49183,11,1,,2019,1,11,1,3,5,3,0,1,0,0,0,0,0,1,"796921,547","5827454,83","13,37672","52,51615",1011202.0,Unter den Linden Nord,4253.0
49186,11,12,,2019,1,7,6,3,2,2,1,0,1,0,0,0,0,1,"794572,7818","5833802,732","13,34784","52,57433",12103218.0,Teichstraße,3870.0
49188,11,9,,2019,1,19,6,3,2,6,2,0,1,0,0,0,0,0,"803146,0278","5820827,157","13,46215","52,45332",9010302.0,Späthsfelde,5535.0
49189,11,7,,2019,2,12,6,3,5,2,0,1,1,0,0,0,0,0,"799228,1451","5816332,377","13,40064","52,41519",7070701.0,Kettinger Straße/Schillerstraße,4623.0
49192,11,3,,2019,1,18,6,3,5,3,2,1,1,0,0,0,0,1,"800139,2984","5832459,026","13,42852","52,55924",3040818.0,Pankow Süd,5066.0
49194,11,3,,2019,1,20,4,3,5,3,2,1,0,0,0,0,1,0,"798015,5569","5833645,408","13,39835","52,57104",3040513.0,Schönholz,4569.0
49196,11,7,,2019,1,18,6,3,1,5,2,1,1,0,0,0,0,1,"795657,4056","5823950,336","13,35504","52,48542",7020203.0,Kaiser-Wilhelm-Platz,3944.0
49199,11,6,,2019,1,18,5,3,5,2,2,1,1,0,0,0,0,0,"793138,1878","5820207,459","13,31475","52,45322",6010101.0,Fichtenberg,3335.0
49200,11,4,,2019,2,2,7,2,0,1,2,0,1,0,0,0,0,1,"790824,1786","5826587,653","13,28636","52,51166",4030417.0,Schloßstraße,2952.0
49202,11,1,,2019,3,17,7,3,2,7,1,1,1,0,0,0,0,0,"798880,6566","5828063,986","13,40605","52,52054",1011303.0,Alexanderplatzviertel,4654.0
49205,11,10,,2019,1,18,4,3,2,6,2,0,1,0,0,0,0,1,"808464,0972","5832381,088","13,55086","52,55389",10010206.0,Ringkolonnaden,6864.0
49206,11,1,,2019,2,16,5,3,0,6,0,1,1,0,0,0,0,0,"795888,3757","5829545,262","13,3634","52,53545",1022202.0,Heidestraße,4059.0
49209,11,7,,2019,1,13,4,3,5,3,0,0,1,0,0,1,0,0,"795168,5542","5822981,695","13,347","52,477",7030303.0,Grazer Platz,3842.0
49210,11,3,,2019,1,14,2,3,0,2,1,1,1,0,0,0,0,0,"799219,3518","5831430,524","13,41406","52,55053",3061126.0,Arnimplatz,4863.0
49216,11,10,,2019,3,16,3,3,5,2,0,0,1,0,0,0,0,0,"812048,0848","5827139,682","13,59864","52,50488",10040933.0,Mahlsdorf Süd,7550.0
49219,11,8,,2019,1,3,4,3,3,6,2,0,1,0,0,1,0,1,"802207,3872","5821926,654","13,44937","52,46369",8020619.0,Buschkrugallee Nord,5338.0
49222,11,2,,2019,1,4,3,3,2,6,2,0,1,0,0,0,0,1,"797332,4939","5825588,423","13,38109","52,49919",2010101.0,Askanischer Platz,4348.0
49223,11,6,,2019,1,11,3,2,5,2,0,0,1,0,0,0,0,1,"794018,691","5821046,749","13,32841","52,46027",6010209.0,Feuerbachstraße,3537.0
49228,11,4,,2019,1,5,3,3,9,1,2,0,1,0,0,0,0,1,"790313,0473","5825487,58","13,27789","52,50207",4020314.0,Messegelände,2749.0
49229,11,1,,2019,2,10,4,1,5,2,0,1,0,0,0,1,0,0,"799571,012","5828269,929","13,41638","52,522",1011303.0,Alexanderplatzviertel,4855.0
49232,11,2,,2019,1,2,3,3,2,6,2,0,1,0,0,0,0,1,"797777,9576","5825474,655","13,38753","52,49793",2020202.0,Rathaus Yorckstraße,4448.0
49233,11,7,,2019,1,21,7,3,2,6,2,0,1,0,0,0,0,1,"797845,7323","5822074,498","13,38549","52,46741",7040403.0,Manteuffelstraße,4339.0
49236,11,7,,2019,1,14,6,3,5,2,0,1,1,0,0,0,0,0,"797550,088","5818304,145","13,37779","52,43378",7050502.0,Fritz-Werner-Straße,4229.0
49238,11,9,,2019,1,2,3,3,2,4,2,0,1,1,0,0,0,1,"802731,5974","5825212,336","13,46005","52,49285",9010102.0,Am Treptower Park Nord,5446.0
49239,11,3,,2019,2,18,5,3,2,6,2,0,1,0,0,0,0,0,"800337,5764","5830029,634","13,42924","52,53736",3071633.0,Thälmannpark,5059.0
49248,11,3,,2019,2,15,6,3,6,2,0,0,1,1,0,0,0,0,"801322,9569","5830980,634","13,44459","52,54534",3061429.0,Greifswalder Straße,5262.0
49250,11,4,,2019,3,12,6,3,5,2,0,0,0,0,1,0,1,0,"793299,8004","5826818,808","13,32294","52,51241",4030623.0,Ernst-Reuter-Platz,3452.0
49254,11,2,,2019,2,20,4,3,2,6,2,1,0,0,0,0,0,0,"802738,9367","5827670,928","13,46239","52,51489",2050602.0,Samariterviertel,5553.0
49258,11,7,,2019,1,23,7,2,9,1,2,0,1,0,0,0,0,1,"798906,9826","5821904,27","13,40092","52,46531",7040405.0,Rathaus Tempelhof,4638.0
49264,11,7,,2019,2,6,2,3,2,6,0,0,1,0,0,0,1,0,"797846,4449","5822349,191","13,38575","52,46988",7040403.0,Manteuffelstraße,4339.0
49273,11,1,,2019,2,16,2,3,5,7,0,0,1,0,0,0,0,0,"796048,2099","5831337,493","13,36735","52,55143",1044201.0,Reinickendorfer Straße,4163.0
49277,11,3,,2019,2,18,4,3,6,4,1,1,0,1,0,0,0,0,"799173,1409","5830789,648","13,41281","52,54481",3061131.0,Falkplatz,4761.0
49283,11,4,,2019,1,13,6,3,2,6,0,0,1,0,0,0,0,0,"790637,0798","5825050,807","13,28227","52,49798",4041133.0,Güterbahnhof Grunewald,2848.0
49286,11,3,,2019,2,19,3,3,1,5,2,1,1,0,0,0,0,0,"800375,4147","5830010,81","13,42978","52,53717",3071633.0,Thälmannpark,5059.0
49289,11,1,,2019,3,14,7,3,4,6,0,1,1,0,0,0,0,1,"797242,2649","5826765,307","13,38082","52,50979",1011201.0,Wilhelmstraße,4351.0
49297,11,6,,2019,1,19,5,2,6,4,2,0,1,1,0,0,0,1,"782355,4063","5815729,758","13,15272","52,41875",6040701.0,Wannsee,924.0
49299,11,2,,2019,2,13,5,3,5,3,0,1,0,0,0,0,0,0,"801808,5744","5826347,661","13,44752","52,50354",2040703.0,Wriezener Bahnhof/Entwicklungsgebiet,5349.0
49303,11,7,,2019,2,16,3,3,2,6,0,0,1,0,0,0,0,0,"795761,954","5823111,603","13,35583","52,47784",7030303.0,Grazer Platz,3942.0
49307,11,3,,2019,1,12,3,3,5,2,0,1,0,0,0,1,0,0,"800973,4348","5830485,581","13,439","52,54109",3061429.0,Greifswalder Straße,5160.0
49312,11,1,,2019,2,22,7,3,2,6,2,0,1,0,0,0,0,0,"798054,754","5827659,626","13,39356","52,51736",1011202.0,Unter den Linden Nord,4553.0
49321,11,7,,2019,2,8,5,2,6,2,0,0,1,1,0,0,0,0,"795753,515","5823099,571","13,35569","52,47774",7030303.0,Grazer Platz,3942.0
49323,11,1,,2019,3,22,5,3,2,2,2,1,0,0,0,0,1,0,"798782,3916","5827998,141","13,40455","52,52",1011303.0,Alexanderplatzviertel,4654.0
49330,11,4,,2019,1,7,4,3,3,6,1,0,1,0,0,0,0,1,"790430,9598","5828269,053","13,28205","52,52694",4020310.0,Park Ruhwald,2856.0
49337,11,3,,2019,2,14,7,3,5,3,0,1,1,0,0,0,0,0,"801544,955","5831193,727","13,44804","52,54712",3050925.0,Komponistenviertel Weißensee,5362.0
49338,11,2,,2019,3,7,6,3,1,1,0,0,1,0,0,0,0,0,"797741,4785","5824501,894","13,38613","52,48923",2020203.0,Viktoriapark,4345.0
49345,11,6,,2019,1,12,4,2,2,6,0,0,1,0,0,0,0,1,"785966,7366","5816632,556","13,20645","52,42497",6040703.0,Nikolassee,1726.0
49350,11,4,,2019,2,18,1,3,2,6,2,0,1,0,0,0,0,0,"793068,5594","5829585,483","13,32198","52,53733",4010102.0,Plötzensee,3459.0