OBJECTID,LAND,BEZ,LOR_ab_2021,UJAHR,UMONAT,USTUNDE,UWOCHENTAG,UKATEGORIE,UART,UTYP1,ULICHTVERH,IstRad,IstPKW,IstFuss,IstKrad,IstGkfz,IstSonstige,USTRZUSTAND,LINREFX,LINREFY,XGCSWGS84,YGCSWGS84,LOR,STRASSE,quadrant
50155,11,4,,2019,12,23,5,3,8,1,2,0,1,0,0,0,0,1,"790489,7465","5825267,239","13,2803","52,5",4041133.0,Güterbahnhof Grunewald,2848.0
50156,11,7,,2019,6,1,7,3,5,3,2,1,1,0,0,0,0,0,"797846,3094","5822358,011","13,38575","52,46996",7040403.0,Manteuffelstraße,4339.0
50157,11,1,,2019,5,17,4,3,2,7,0,0,1,0,0,0,0,0,"796206,1304","5830833,557","13,36922","52,54682",1044201.0,Reinickendorfer Straße,4162.0
50158,11,4,,2019,11,2,1,3,9,1,2,0,1,0,0,0,0,1,"791741,0139","5829190,73","13,30212","52,53451",4010103.0,Paul-Hertz-Siedlung,3158.0
50159,11,3,,2019,6,8,6,3,6,4,0,1,0,1,0,0,0,0,"800154,9643","5830844,128","13,42729","52,54476",3061228.0,Erich-Weinert-Straße,5061.0
50160,11,7,,2019,11,14,5,2,5,2,0,1,1,0,0,0,0,0,"795233,8046","5823511,498","13,34843","52,48171",7020202.0,Volkspark (Rudolf-Wilde-Park),3843.0
50161,11,2,,2019,8,16,5,3,4,6,0,1,0,0,0,0,1,0,"802733,5528","5827686,549","13,46232","52,51503",2050602.0,Samariterviertel,5553.0
50162,11,6,,2019,5,13,4,2,0,7,0,0,1,0,0,0,0,0,"779143,5854","5814992,555","13,105","52,41379",6040701.0,Wannsee,223.0
50163,11,4,,2019,10,8,1,2,1,1,0,0,1,0,0,0,0,0,"790358,9072","5826367,428","13,27933","52,50993",4020313.0,Königin-Elisabeth-Straße,2851.0
50164,11,4,,2019,9,16,2,3,5,2,0,0,1,0,1,0,0,0,"793155,1019","5826840,746","13,32083","52,51268",4030623.0,Ernst-Reuter-Platz,3452.0
50166,11,4,,2019,6,14,6,2,6,7,0,0,1,1,0,0,0,0,"790729,0349","5826428,995","13,28483","52,51029",4020313.0,Königin-Elisabeth-Straße,2851.0
50167,11,2,,2019,8,16,5,3,3,6,0,0,0,0,0,0,1,0,"796888,9604","5825916,582","13,37487","52,50238",2020201.0,Gleisdreieck/Entwicklungsgebiet,4249.0
50168,11,4,,2019,5,13,4,3,2,6,0,0,1,0,0,0,0,0,"791848,0817","5826613,763","13,30143","52,51135",4030417.0,Schloßstraße,3152.0
50169,11,7,,2019,6,16,7,3,5,3,0,0,1,0,0,0,0,0,"798087,4564","5822286,011","13,38923","52,46918",7040405.0,Rathaus Tempelhof,4439.0
50170,11,7,,2019,9,10,2,2,5,2,0,0,1,0,1,0,0,0,"798286,0211","5818647,842","13,38889","52,43646",7050502.0,Fritz-Werner-Straße,4430.0
50171,11,6,,2019,12,16,1,3,5,3,2,0,1,0,0,0,0,1,"792449,2288","5819744,809","13,30424","52,44944",6030605.0,Botanischer Garten,3133.0
50172,11,5,,2019,6,13,6,3,2,6,0,0,0,0,1,1,0,0,"783505,5302","5826701,195","13,17891","52,51653",5020524.0,Weinmeisterhornweg,1353.0
50173,11,6,,2019,8,15,5,3,0,3,0,1,1,0,0,0,0,0,"786710,2127","5817015,39","13,21768","52,42801",6040703.0,Nikolassee,1827.0
50174,11,3,,2019,11,16,2,3,5,2,0,0,1,0,0,0,0,0,"800958,4717","5830510,812","13,4388","52,54133",3061429.0,Greifswalder Straße,5160.0
50175,11,4,,2019,8,16,5,3,0,3,0,1,1,0,0,0,0,0,"791299,7182","5826502,104","13,29328","52,51064",4030417.0,Schloßstraße,3051.0
50176,11,4,,2019,5,12,4,3,2,6,0,0,1,0,1,0,0,0,"793472,4305","5826887,109","13,32554","52,51292",4030623.0,Ernst-Reuter-Platz,3452.0
50177,11,11,,2019,10,13,1,3,3,6,0,0,1,0,1,0,0,0,"804860,0834","5827449,893","13,49335","52,51172",11030721.0,Rüdigerstraße,5952.0
50178,11,7,,2019,9,17,7,3,3,6,0,0,1,0,0,0,0,0,"796008,0482","5824676,282","13,36083","52,49174",7010104.0,Dennewitzplatz,4046.0
50180,11,12,,2019,6,14,6,3,2,6,0,0,1,0,0,0,1,0,"791683,0648","5830988,057","13,30284","52,55065",12214125.0,Waldidyll/Flughafensee,3163.0
50181,11,2,,2019,8,14,5,3,0,1,0,1,1,0,0,0,0,0,"802149,1628","5827848,079","13,45389","52,5168",2050602.0,Samariterviertel,5453.0
50182,11,2,,2019,5,11,4,3,0,6,0,0,1,0,1,0,0,0,"801657,6037","5828865,419","13,44759","52,52619",2050601.0,Hausburgviertel,5356.0
50183,11,4,,2019,11,15,3,3,3,6,0,0,1,0,0,1,0,0,"791541,1094","5826561,819","13,29687","52,51104",4030417.0,Schloßstraße,3051.0
50184,11,7,,2019,6,9,4,3,2,6,0,0,1,0,0,0,0,0,"799410,4312","5815947,734","13,40297","52,41164",7070701.0,Kettinger Straße/Schillerstraße,4622.0
50185,11,4,,2019,9,17,7,3,0,1,0,1,0,0,0,0,0,0,"787967,6472","5825968,86","13,24385","52,50763",4020208.0,Kranzallee,2250.0
50186,11,5,,2019,12,23,7,3,5,2,2,0,1,0,0,0,0,1,"783517,187","5826715,15","13,17909","52,51665",5020524.0,Weinmeisterhornweg,1353.0
50187,11,4,,2019,8,12,5,3,2,6,0,0,1,0,0,0,1,0,"791795,7979","5826583,514","13,30064","52,5111",4030417.0,Schloßstraße,3151.0
50188,11,3,,2019,10,17,3,3,2,6,2,0,1,0,0,0,0,0,"799205,2279","5832153,09","13,41451","52,55701",3061126.0,Arnimplatz,4865.0
50189,11,2,,2019,9,19,7,2,0,7,2,1,0,0,0,0,0,0,"801810,2187","5826351,449","13,44755","52,50357",2040703.0,Wriezener Bahnhof/Entwicklungsgebiet,5349.0
50190,11,6,,2019,8,9,5,3,0,7,0,1,0,0,0,0,0,0,"787857,2918","5817527,365","13,23495","52,432",6030501.0,Berlepschstraße,2128.0
50191,11,7,,2019,5,9,4,3,2,6,0,0,1,0,1,0,0,0,"797808,2611","5823164,09","13,38591","52,4772",7040401.0,Neu-Tempelhof,4342.0
50192,11,1,,2019,10,13,2,2,6,7,0,0,0,1,0,0,1,0,"799234,9492","5827880,024","13,4111","52,51869",1011303.0,Alexanderplatzviertel,4754.0
50193,11,3,,2019,6,11,2,3,5,3,0,1,1,0,0,0,0,0,"798175,8317","5836248,322","13,40305","52,59428",3020209.0,Niederschönhausen,4676.0
50194,11,3,,2019,9,9,7,3,5,3,0,1,1,0,0,0,0,0,"800844,0566","5830325,926","13,43695","52,53973",3061434.0,Anton-Saefkow-Park,5160.0
50196,11,2,,2019,6,16,6,3,5,3,0,1,1,0,0,0,0,0,"797065,0884","5825692,492","13,37726","52,50027",2020201.0,Gleisdreieck/Entwicklungsgebiet,4248.0
50197,11,4,,2019,8,19,4,2,5,2,0,0,1,0,1,0,0,0,"792744,9646","5826742,874","13,31472","52,51202",4030622.0,Richard-Wagner-Straße,3352.0
50198,11,3,,2019,5,8,4,2,0,5,0,0,0,0,1,0,1,0,"798175,9745","5836263,179","13,40307","52,59442",3020209.0,Niederschönhausen,4676.0
50199,11,4,,2019,11,8,5,3,2,6,0,0,1,0,0,0,0,0,"792099,0622","5823817,605","13,30267","52,48614",4041239.0,Stadion Wilmersdorf,3144.0
50200,11,1,,2019,6,7,6,3,1,5,0,1,1,0,0,0,0,0,"795927,4272","5831703,709","13,3659","52,55477",1044203.0,Leopoldplatz,4064.0
50201,11,12,,2019,12,13,3,3,2,6,0,0,1,0,0,0,1,1,"791653,9633","5830953,309","13,30239","52,55035",12214125.0,Waldidyll/Flughafensee,3163.0
50202,11,1,,2019,8,21,4,3,0,1,2,1,0,0,0,0,0,0,"799254,9966","5827906,665","13,41141","52,51892",1011303.0,Alexanderplatzviertel,4754.0
50203,11,12,,2019,5,7,4,3,5,2,0,0,1,0,0,0,0,0,"792354,4937","5837753,305","13,31869","52,61094",12301205.0,Waidmannslust,3381.0
50204,11,1,,2019,10,8,5,3,2,6,0,0,1,0,0,0,0,1,"796162,3213","5825738,348","13,36404","52,50117",1011104.0,Körnerstraße,4049.0
50205,11,2,,2019,9,8,7,3,8,1,0,1,1,0,0,0,0,0,"802124,5432","5828064,606","13,45372","52,51876",2050602.0,Samariterviertel,5454.0
50207,11,4,,2019,8,15,4,3,2,6,0,0,1,0,0,0,0,0,"790564,594","5825163,476","13,28131","52,49903",4041133.0,Güterbahnhof Grunewald,2848.0
50208,11,2,,2019,5,16,3,2,0,1,0,1,0,0,0,0,0,0,"800940,9442","5827855,448","13,43614","52,51753",2040701.0,Andreasviertel,5153.0
50209,11,2,,2019,9,6,2,2,0,2,1,0,1,0,1,0,0,1,"796852,2989","5825946,79","13,37436","52,50267",2020201.0,Gleisdreieck/Entwicklungsgebiet,4249.0
50210,11,1,,2019,6,0,4,3,0,7,2,1,0,0,0,0,0,0,"794603,4001","5827079,287","13,34233","52,51404",1011102.0,Großer Tiergarten,3752.0
50211,11,1,,2019,9,16,7,3,6,7,0,1,0,1,0,0,0,0,"796735,8683","5827424,069","13,37397","52,51597",1011102.0,Großer Tiergarten,4253.0
50212,11,7,,2019,12,19,6,2,6,4,2,0,1,1,0,0,0,1,"796077,4042","5825506,419","13,36259","52,49914",7010104.0,Dennewitzplatz,4048.0
50213,11,4,,2019,6,14,6,3,2,6,0,0,1,0,0,0,0,0,"791314,1445","5830062,785","13,29661","52,54255",4010101.0,Jungfernheide,3061.0
50214,11,2,,2019,8,15,4,3,2,6,0,0,1,0,0,1,0,0,"800453,8463","5827926,615","13,42905","52,51844",2040701.0,Andreasviertel,5054.0
50215,11,11,,2019,5,18,3,3,3,2,0,1,0,0,0,0,1,0,"805619,7501","5827378,174","13,50444","52,51066",11041022.0,Rosenfelder Ring,6151.0
50216,11,12,,2019,11,13,6,2,2,2,0,0,1,0,0,1,0,0,"794380,1627","5834498,062","13,34562","52,58066",12103218.0,Teichstraße,3772.0
50217,11,1,,2019,9,1,7,3,0,1,2,0,1,0,0,0,0,0,"796480,2594","5827381,824","13,37017","52,51573",1011102.0,Großer Tiergarten,4153.0
50218,11,1,,2019,11,16,3,3,5,3,1,0,1,0,1,0,0,0,"796094,7612","5829819,515","13,36668","52,53779",1033203.0,Humboldthain Nordwest,4159.0
50219,11,7,,2019,8,10,4,3,3,6,0,0,1,0,0,0,0,0,"796073,2788","5825484,483","13,36251","52,49895",7010104.0,Dennewitzplatz,4048.0
50220,11,1,,2019,5,21,3,3,0,3,2,1,0,0,1,0,0,0,"796349,339","5826136,498","13,36714","52,50464",1011104.0,Körnerstraße,4150.0
50221,11,9,,2019,10,16,5,3,3,6,0,0,0,0,0,1,1,0,"803811,0609","5823867,673","13,47467","52,4802",9010202.0,Köpenicker Landstraße,5742.0
50222,11,7,,2019,9,16,6,3,5,2,0,1,0,0,0,0,1,0,"797630,5181","5818588,048","13,37923","52,43628",7050502.0,Fritz-Werner-Straße,4230.0
50224,11,7,,2019,6,0,6,2,3,6,2,0,1,0,0,0,0,0,"798497,9282","5822081,189","13,39507","52,46712",7040405.0,Rathaus Tempelhof,4539.0
50225,11,7,,2019,8,9,4,3,0,2,0,0,1,0,0,0,1,0,"795661,566","5823212,339","13,35444","52,4788",7030303.0,Grazer Platz,3942.0
50226,11,3,,2019,5,16,3,3,1,5,0,1,0,0,0,0,1,0,"799210,6061","5831232,045","13,41376","52,54875",3061131.0,Falkplatz,4862.0
50227,11,1,,2019,6,20,6,3,2,6,0,0,1,0,1,0,0,0,"799235,5441","5827880,814","13,4111","52,5187",1011303.0,Alexanderplatzviertel,4754.0
50228,11,1,,2019,9,15,6,3,2,6,0,0,1,0,1,0,0,0,"799107,107","5827638,402","13,409","52,5166",1011303.0,Alexanderplatzviertel,4753.0
50229,11,1,,2019,12,12,6,3,2,6,0,0,1,0,0,0,0,0,"794720,2386","5827084,679","13,34405","52,51402",1011102.0,Großer Tiergarten,3752.0
50230,11,7,,2019,6,13,6,3,2,6,0,0,1,0,0,0,0,0,"797803,4544","5818936,061","13,38207","52,43931",7050502.0,Fritz-Werner-Straße,4330.0
50231,11,4,,2019,8,14,4,3,2,6,0,0,1,0,0,0,0,0,"790902,9036","5824698,663","13,28587","52,49468",4041134.0,Bismarckallee,2947.0
50232,11,1,,2019,11,17,7,3,5,2,2,0,1,0,0,0,0,1,"799107,009","5827693,534","13,40905","52,51709",1011303.0,Alexanderplatzviertel,4753.0
50233,11,1,,2019,8,12,4,3,0,1,0,0,1,0,1,0,0,0,"798931,2808","5828111,693","13,40684","52,52094",1011303.0,Alexanderplatzviertel,4754.0
50234,11,5,,2019,5,17,3,3,2,6,0,0,1,0,0,0,0,0,"785333,1694","5826228,836","13,20536","52,51134",5020629.0,Börnicker Straße,1752.0
50235,11,2,,2019,10,17,6,3,3,6,0,1,1,0,0,0,0,1,"802136,9021","5827508,37","13,4534","52,51376",2050802.0,Boxhagener Platz,5352.0
50236,11,9,,2019,9,14,6,3,2,6,0,0,1,0,0,0,0,0,"802865,2614","5825502,646","13,46227","52,49538",9010101.0,Elsenstraße,5547.0
50238,11,12,,2019,6,15,6,3,2,6,0,0,1,0,0,0,0,0,"792156,719","5831991,017","13,31069","52,55939",12214125.0,Waldidyll/Flughafensee,3266.0
50239,11,7,,2019,8,7,4,3,6,4,0,0,1,1,0,0,0,0,"798289,557","5818639,804","13,38894","52,43638",7050502.0,Fritz-Werner-Straße,4430.0
50240,11,7,,2019,5,17,3,3,2,6,0,0,1,0,0,0,1,0,"797547,6647","5818293,425","13,37775","52,43368",7050502.0,Fritz-Werner-Straße,4229.0
50241,11,2,,2019,11,23,2,3,0,1,2,0,0,0,1,0,0,1,"802113,4549","5827864,182","13,45338","52,51697",2050602.0,Samariterviertel,5353.0
50242,11,3,,2019,6,16,2,2,2,7,0,1,1,0,0,0,0,0,"800048,4507","5829001,055","13,42406","52,5283",3071639.0,Bötzowstraße,4957.0
50243,11,3,,2019,9,13,6,2,5,2,0,0,1,0,0,0,0,0,"800620,0014","5829921,425","13,43329","52,53623",3061434.0,Anton-Saefkow-Park,5059.0
50244,11,11,,2019,12,15,6,2,5,3,1,0,1,0,0,0,0,1,"803684,2036","5835323,917","13,48327","52,58295",11010101.0,Dorf Malchow,5872.0
50245,11,4,,2019,8,18,3,3,6,6,0,1,0,1,0,0,0,0,"792510,6618","5826724,981","13,31126","52,51199",4030622.0,Richard-Wagner-Straße,3252.0
50246,11,7,,2019,5,15,3,3,5,2,0,0,1,0,1,0,0,0,"798286,3555","5818647,082","13,3889","52,43645",7050502.0,Fritz-Werner-Straße,4430.0
50247,11,12,,2019,10,11,2,3,2,6,1,0,1,0,0,0,1,0,"790642,2844","5835004,064","13,29106","52,58721",12304314.0,Ziekowstraße/Freie Scholle,2974.0
50248,11,2,,2019,9,7,6,3,3,6,0,1,0,0,0,0,0,0,"802691,9882","5827690,948","13,46172","52,51509",2050602.0,Samariterviertel,5553.0
50249,11,3,,2019,8,10,3,3,5,3,0,1,0,0,0,0,0,0,"801390,507","5829230,814","13,44399","52,52961",3061435.0,Conrad-Blenkle-Straße,5257.0
50250,11,3,,2019,5,9,3,3,2,6,0,0,1,0,1,0,0,0,"800175,7663","5832297,939","13,42891","52,55778",3040818.0,Pankow Süd,5065.0
50251,11,3,,2019,10,17,7,3,0,3,0,1,1,0,0,0,0,0,"800711,625","5829858,49","13,43458","52,53562",3061434.0,Anton-Saefkow-Park,5159.0
50252,11,3,,2019,6,19,6,3,0,1,0,1,0,0,0,0,0,0,"801390,839","5829230,374","13,444","52,52961",3061435.0,Conrad-Blenkle-Straße,5257.0
50253,11,1,,2019,9,12,6,3,5,2,0,1,0,0,0,0,1,0,"798799,3675","5828014,712","13,40482","52,52014",1011303.0,Alexanderplatzviertel,4654.0
50255,11,2,,2019,6,11,6,3,5,2,0,1,0,0,0,0,0,0,"802451,8358","5827716,677","13,45821","52,51546",2050602.0,Samariterviertel,5453.0
50256,11,2,,2019,8,14,3,3,5,3,0,1,1,0,0,0,0,0,"802119,8959","5828034,867","13,45362","52,51849",2050602.0,Samariterviertel,5454.0
50257,11,9,,2019,5,8,3,3,3,6,0,0,1,0,1,0,0,0,"803255,2388","5824410,946","13,46701","52,48538",9010201.0,Am Treptower Park Süd,5544.0
50258,11,10,,2019,10,7,7,3,5,3,0,0,1,0,0,0,0,0,"808903,9273","5833413,708","13,55829","52,56289",10010204.0,Wuhletalstraße,6967.0
50259,11,3,,2019,9,13,6,3,2,6,0,0,1,0,1,0,0,0,"799220,3596","5831447,956","13,41409","52,55068",3061126.0,Arnimplatz,4863.0
50261,11,4,,2019,6,11,6,2,3,6,0,0,1,0,0,0,1,0,"790628,2968","5825035,478","13,28213","52,49785",4041133.0,Güterbahnhof Grunewald,2848.0
50262,11,2,,2019,8,7,3,3,5,2,0,1,1,0,0,0,0,0,"800955,2924","5827853,86","13,43635","52,51751",2040701.0,Andreasviertel,5153.0
50263,11,4,,2019,5,8,3,3,3,6,0,1,1,0,0,0,0,0,"794023,8167","5826962,253","13,33371","52,5133",4030621.0,Spreestadt,3652.0
50264,11,3,,2019,11,18,2,3,6,2,2,0,1,1,0,0,0,0,"799999,6094","5830191,538","13,42442","52,53899",3061332.0,Helmholtzplatz,4960.0
50265,11,7,,2019,6,11,3,3,5,3,0,1,1,0,0,0,0,0,"797936,838","5820057,136","13,38503","52,44928",7050501.0,Rathausstraße,4333.0
50266,11,7,,2019,9,9,6,3,2,6,0,0,1,0,0,0,0,0,"798508,4613","5822091,746","13,39523","52,46721",7040405.0,Rathaus Tempelhof,4539.0
50267,11,1,,2019,12,17,6,3,5,3,2,1,1,0,0,0,0,1,"798821,9013","5828008,617","13,40514","52,52007",1011303.0,Alexanderplatzviertel,4654.0
50268,11,3,,2019,8,6,3,3,5,3,0,1,1,0,0,0,0,0,"798329,4716","5834773,38","13,40398","52,58098",3020209.0,Niederschönhausen,4672.0
50269,11,3,,2019,10,8,3,3,5,2,0,1,1,0,0,0,0,0,"801548,726","5831172,535","13,44808","52,54693",3050925.0,Komponistenviertel Weißensee,5362.0
50270,11,11,,2019,9,17,5,2,5,3,0,1,1,0,0,0,0,0,"803720,4894","5827570,233","13,47672","52,51344",11030721.0,Rüdigerstraße,5752.0
50271,11,4,,2019,8,9,3,3,2,6,0,0,1,0,0,0,0,0,"792423,3586","5823351,652","13,30702","52,48179",4041239.0,Stadion Wilmersdorf,3243.0
50272,11,3,,2019,5,16,2,3,5,3,0,1,0,0,0,0,1,0,"799165,6783","5830373,868","13,41232","52,54109",3061131.0,Falkplatz,4760.0
50273,11,10,,2019,10,10,1,3,9,1,0,0,1,0,0,0,0,0,"808890,4742","5833379,294","13,55806","52,56259",10010204.0,Wuhletalstraße,6967.0
50274,11,3,,2019,6,12,1,3,4,6,0,0,1,0,0,0,0,0,"798132,3216","5835510,542","13,40175","52,58769",3020209.0,Niederschönhausen,4674.0
50275,11,4,,2019,9,16,5,3,2,6,0,0,1,0,0,0,0,0,"791755,1432","5824164,076","13,29792","52,48943",4041137.0,Flinsberger Platz,3045.0
50277,11,1,,2019,6,15,6,2,0,6,0,1,0,0,0,0,0,0,"799988,8969","5828081,823","13,42236","52,52009",1011304.0,Karl-Marx-Allee,4954.0
50278,11,1,,2019,5,22,2,3,5,2,2,0,1,0,0,0,0,0,"796457,6648","5827391,411","13,36985","52,51583",1011102.0,Großer Tiergarten,4153.0
50279,11,7,,2019,11,17,4,3,2,6,2,0,1,0,0,0,0,0,"796569,7861","5822512,097","13,36715","52,47203",7040402.0,Lindenhofsiedlung,4140.0
50280,11,2,,2019,6,15,6,3,0,7,0,0,0,0,1,0,1,1,"802983,9193","5827645,816","13,46597","52,51452",2050602.0,Samariterviertel,5552.0
50281,11,7,,2019,12,11,2,2,6,7,0,0,1,1,0,0,0,1,"798354,4898","5818485,519","13,38975","52,43497",7050502.0,Fritz-Werner-Straße,4429.0
50282,11,6,,2019,8,8,3,3,6,2,0,0,1,1,0,0,0,0,"791022,4468","5818795,346","13,28248","52,44169",6030503.0,Zehlendorf Mitte,2831.0
50283,11,7,,2019,5,18,2,3,2,6,0,0,1,0,0,0,0,1,"794774,3028","5823140,032","13,34135","52,47863",7020202.0,Volkspark (Rudolf-Wilde-Park),3742.0
50284,11,1,,2019,10,8,3,3,5,2,0,0,0,0,0,1,0,0,"799100,8886","5827683,362","13,40895","52,517",1011303.0,Alexanderplatzviertel,4753.0
50285,11,3,,2019,9,9,5,3,0,1,0,1,0,0,0,0,0,0,"798158,7664","5836482,58","13,40301","52,59639",3020209.0,Niederschönhausen,4676.0
50287,11,10,,2019,8,17,2,3,5,3,0,1,0,0,0,0,0,0,"808026,3396","5827457,771","13,53986","52,51002",10010308.0,Marzahner Chaussee,6651.0
50288,11,11,,2019,5,7,2,3,5,2,0,1,1,0,0,0,0,0,"804062,5683","5827550,876","13,48172","52,51307",11030721.0,Rüdigerstraße,5852.0
50289,11,7,,2019,9,16,7,3,2,6,1,0,1,0,0,0,0,1,"795329,0108","5822539,92","13,34896","52,47295",7030303.0,Grazer Platz,3840.0
50290,11,2,,2019,6,11,3,3,5,3,0,1,1,0,0,0,0,0,"797853,6638","5825504,451","13,38867","52,49816",2010101.0,Askanischer Platz,4448.0
50291,11,2,,2019,9,17,5,3,3,7,0,1,1,0,0,0,0,0,"802019,5425","5826954,069","13,45117","52,50886",2050802.0,Boxhagener Platz,5351.0
50292,11,10,,2019,12,7,6,3,3,6,2,0,1,0,0,0,0,1,"808740,6636","5827422,758","13,55032","52,5093",10030726.0,Alt-Biesdorf,6851.0
50293,11,9,,2019,6,14,6,3,6,4,0,0,1,1,0,0,0,0,"803090,7161","5824571,609","13,46474","52,48691",9010201.0,Am Treptower Park Süd,5544.0
50294,11,11,,2019,8,12,2,3,2,6,0,0,1,0,1,0,0,0,"803783,9321","5827580,287","13,47766","52,51349",11030721.0,Rüdigerstraße,5752.0
50295,11,1,,2019,5,10,2,3,3,6,0,1,0,0,0,0,0,0,"796060,0778","5831336,128","13,36752","52,55141",1044201.0,Reinickendorfer Straße,4163.0
50296,11,6,,2019,11,17,5,3,2,6,2,0,1,0,0,0,0,0,"789803,9824","5817996,146","13,26391","52,43518",6030503.0,Zehlendorf Mitte,2529.0
50297,11,7,,2019,11,14,2,3,6,4,0,0,1,1,0,0,0,0,"797377,1653","5817559,261","13,3746","52,4272",7060603.0,Marienfelde Nordost,4227.0
50298,11,4,,2019,8,13,1,3,2,6,0,0,1,0,0,0,0,0,"792200,6283","5823706,742","13,30406","52,4851",4041239.0,Stadion Wilmersdorf,3144.0
50299,11,7,,2019,5,14,1,3,0,7,0,0,1,0,1,0,0,0,"797839,1049","5820695,817","13,38416","52,45506",7040403.0,Manteuffelstraße,4335.0
50300,11,1,,2019,10,15,4,3,4,6,0,1,0,0,0,0,1,1,"796345,1834","5827359,83","13,36817","52,51561",1011102.0,Großer Tiergarten,4153.0
50301,11,7,,2019,9,17,5,2,6,4,0,0,1,1,0,0,0,0,"796007,833","5824667,387","13,36082","52,49166",7010104.0,Dennewitzplatz,4046.0
50303,11,3,,2019,6,14,6,2,6,4,0,0,1,1,0,0,0,0,"800964,9702","5830472,064","13,43886","52,54097",3061429.0,Greifswalder Straße,5160.0
50304,11,4,,2019,8,13,1,3,2,6,0,0,1,0,0,0,0,0,"790473,2444","5828433,972","13,28282","52,5284",4020310.0,Park Ruhwald,2857.0
50305,11,12,,2019,5,19,1,3,1,5,0,0,1,0,0,0,0,0,"795705,965","5832823,522","13,36364","52,56493",12103219.0,Schäfersee,4067.0
50306,11,5,,2019,6,5,5,3,2,6,0,0,1,0,0,0,0,0,"785505,7277","5826183,301","13,20786","52,51084",5020629.0,Börnicker Straße,1751.0
50307,11,11,,2019,9,17,5,3,0,2,0,1,1,0,0,0,0,0,"803699,3878","5834826,094","13,48304","52,57848",11010101.0,Dorf Malchow,5871.0
50308,11,7,,2019,12,7,5,3,2,6,1,0,1,0,0,0,0,1,"796862,0693","5822400,747","13,37134","52,47087",7040403.0,Manteuffelstraße,4140.0
50309,11,12,,2019,6,7,5,3,3,6,0,1,0,0,0,1,0,0,"795727,819","5832801,138","13,36394","52,56472",12103219.0,Schäfersee,4067.0
50310,11,2,,2019,8,9,7,3,2,6,0,0,1,0,0,0,0,0,"802824,0646","5827662,164","13,46363","52,51476",2050602.0,Samariterviertel,5553.0
50311,11,2,,2019,11,15,6,3,2,6,0,1,0,0,0,0,0,0,"797883,1358","5825415,196","13,38903","52,49734",2020202.0,Rathaus Yorckstraße,4447.0
50312,11,1,,2019,8,17,7,3,5,2,0,0,1,0,0,0,0,0,"796188,9942","5830190,814","13,3684","52,54107",1033203.0,Humboldthain Nordwest,4160.0
50313,11,7,,2019,9,8,6,3,0,1,0,1,0,0,0,0,0,1,"795635,8318","5823239,067","13,35409","52,47905",7030303.0,Grazer Platz,3942.0
50314,11,12,,2019,5,8,1,2,5,2,0,0,1,0,0,0,0,0,"795336,6393","5833744,819","13,35903","52,57339",12103115.0,Breitkopfbecken,3970.0
50315,11,9,,2019,10,17,5,3,2,6,0,0,1,0,0,0,0,1,"802594,8389","5825112,945","13,45795","52,49204",9010101.0,Elsenstraße,5446.0
50316,11,1,,2019,9,19,5,3,3,6,2,0,1,0,1,0,0,0,"798506,568","5826978,969","13,39958","52,51102",1011204.0,Leipziger Straße,4551.0
50318,11,4,,2019,6,19,5,3,5,7,1,0,1,0,0,0,0,1,"788647,6441","5826078,723","13,25394","52,50825",4020208.0,Kranzallee,2451.0
50319,11,12,,2019,8,14,7,3,2,6,0,0,1,0,0,0,0,0,"790687,9788","5834901,707","13,29164","52,58627",12214527.0,Alt-Tegel,2973.0
50320,11,7,,2019,5,16,1,3,2,6,0,1,1,0,0,0,1,0,"795930,5401","5824446,477","13,35949","52,48972",7020203.0,Kaiser-Wilhelm-Platz,4045.0
50321,11,7,,2019,11,8,2,3,6,4,0,0,1,1,0,0,0,1,"798912,6194","5817146,891","13,39674","52,42266",7050506.0,Birnhornweg,4526.0
50322,11,12,,2019,6,15,7,3,5,2,0,0,1,0,0,0,0,0,"794565,267","5833796,237","13,34772","52,57427",12103218.0,Teichstraße,3870.0
50323,11,3,,2019,9,9,5,3,4,6,0,1,0,0,0,0,0,0,"799150,9887","5830806,274","13,4125","52,54497",3061131.0,Falkplatz,4761.0
50324,11,2,,2019,12,21,5,3,2,6,2,0,1,0,0,0,0,0,"802345,4562","5826034,519","13,45512","52,50044",2050803.0,Stralauer Kiez,5448.0
50325,11,4,,2019,8,14,7,3,2,6,0,0,1,0,1,0,0,0,"790616,3017","5826143,453","13,28292","52,50779",4020313.0,Königin-Elisabeth-Straße,2851.0
50326,11,7,,2019,9,14,5,3,2,6,0,0,1,0,0,0,0,0,"797650,2421","5818636,94","13,37956","52,43671",7050502.0,Fritz-Werner-Straße,4230.0
50327,11,12,,2019,5,15,7,3,0,1,2,0,1,0,0,0,0,0,"792106,8452","5832490,731","13,3104","52,56389",12214125.0,Waldidyll/Flughafensee,3267.0
50328,11,7,,2019,10,9,7,3,5,3,0,0,1,0,0,0,0,0,797776,"5823851,908","13,38606","52,48339",7040401.0,Neu-Tempelhof,4343.0
50329,11,4,,2019,9,19,5,3,2,6,1,0,1,0,0,0,0,0,"791241,3751","5829783,843","13,29529","52,54009",4010101.0,Jungfernheide,3060.0
50330,11,1,,2019,8,22,7,3,6,7,2,1,0,1,0,0,0,0,"796741,2572","5827439,338","13,37406","52,51611",1011102.0,Großer Tiergarten,4253.0
50331,11,1,,2019,5,17,6,3,5,2,0,0,1,0,0,0,0,0,"796198,262","5830980,257","13,36924","52,54814",1044201.0,Reinickendorfer Straße,4162.0
50332,11,4,,2019,10,15,5,2,9,1,0,0,0,0,1,0,0,0,"790663,8074","5829000,453","13,28612","52,53337",4010101.0,Jungfernheide,2958.0
50333,11,3,,2019,6,11,6,3,8,1,0,0,1,0,0,0,0,0,"803040,6663","5840272,965","13,47834","52,62767",3010101.0,Bucher Forst,5786.0