OBJECTID,LAND,BEZ,LOR_ab_2021,UJAHR,UMONAT,USTUNDE,UWOCHENTAG,UKATEGORIE,UART,UTYP1,ULICHTVERH,IstRad,IstPKW,IstFuss,IstKrad,IstGkfz,IstSonstige,USTRZUSTAND,LINREFX,LINREFY,XGCSWGS84,YGCSWGS84,LOR,STRASSE,quadrant
50334,11,7,,2019,9,7,5,3,5,3,0,1,1,0,0,0,0,0,"797842,242","5818949,306","13,38265","52,4394",7050502.0,Fritz-Werner-Straße,4331.0
50335,11,6,,2019,12,13,3,3,5,3,0,0,1,0,0,0,0,0,"785697,0609","5816404,755","13,2023","52,42307",6040703.0,Nikolassee,1626.0
50336,11,7,,2019,6,21,5,3,6,4,1,0,1,1,0,0,0,1,"795234,6765","5823510,934","13,34844","52,48171",7020202.0,Volkspark (Rudolf-Wilde-Park),3843.0
50337,11,10,,2019,5,7,6,3,2,6,0,0,1,0,0,0,0,0,"808826,9663","5827437,51","13,55161","52,50938",10030726.0,Alt-Biesdorf,6851.0
50338,11,11,,2019,11,15,2,3,2,6,0,0,1,0,0,0,1,0,"804679,2575","5827466,751","13,49071","52,51198",11030721.0,Rüdigerstraße,5952.0
50339,11,9,,2019,6,16,5,3,5,2,0,1,1,0,0,0,0,1,"802690,1766","5825212,272","13,45944","52,49288",9010101.0,Elsenstraße,5446.0
50340,11,7,,2019,11,21,7,3,1,5,2,0,1,0,0,0,0,0,"797820,8737","5822905,175","13,38587","52,47487",7040401.0,Neu-Tempelhof,4341.0
50341,11,7,,2019,8,20,6,2,0,1,2,1,0,0,0,0,0,0,"797793,8998","5823466,041","13,38597","52,47992",7040401.0,Neu-Tempelhof,4342.0
50342,11,7,,2019,5,2,6,2,9,1,2,0,1,0,0,0,0,0,"796186,6996","5822718,695","13,36171","52,47409",7030303.0,Grazer Platz,4041.0
50343,11,3,,2019,10,17,2,3,2,6,1,0,1,0,0,0,1,0,"799177,5455","5831060,621","13,41311","52,54723",3061131.0,Falkplatz,4762.0
50344,11,1,,2019,9,6,5,3,5,2,0,1,1,0,0,0,0,0,"796316,1864","5830076,215","13,37016","52,53997",1033203.0,Humboldthain Nordwest,4160.0
50346,11,7,,2019,6,11,5,3,1,5,0,0,1,0,0,0,1,0,"795933,7504","5824415,61","13,35951","52,48944",7020203.0,Kaiser-Wilhelm-Platz,4045.0
50347,11,6,,2019,8,19,6,2,0,1,0,1,0,0,0,0,0,0,"782617,4543","5815791,127","13,15661","52,41917",6040701.0,Wannsee,925.0
50348,11,9,,2019,5,8,6,3,0,2,0,0,1,0,0,0,1,0,"802583,6044","5825070,236","13,45774","52,49166",9010101.0,Elsenstraße,5446.0
50349,11,2,,2019,6,9,2,3,5,2,0,1,1,0,0,0,0,0,"802594,1864","5827701,306","13,46029","52,51524",2050602.0,Samariterviertel,5453.0
50350,11,7,,2019,9,16,4,3,5,2,0,1,1,0,0,0,0,0,"798181,752","5818924,81","13,38761","52,439",7050502.0,Fritz-Werner-Straße,4430.0
50351,11,7,,2019,12,7,3,3,2,6,0,0,1,0,0,0,0,1,"795691,1645","5822605,382","13,35434","52,47334",7030303.0,Grazer Platz,3940.0
50352,11,1,,2019,6,16,5,3,5,2,0,0,1,0,0,0,0,1,"796324,9932","5830068,247","13,37029","52,5399",1033203.0,Humboldthain Nordwest,4160.0
50353,11,1,,2019,8,20,6,3,2,6,0,0,1,0,0,0,0,0,"796044,9898","5831371,579","13,36733","52,55173",1044201.0,Reinickendorfer Straße,4163.0
50354,11,6,,2019,5,13,5,3,2,6,0,0,1,0,0,0,0,0,"792399,7592","5819711,293","13,30348","52,44917",6030605.0,Botanischer Garten,3133.0
50355,11,3,,2019,11,18,3,3,3,6,2,0,1,0,1,0,0,1,"800574,2207","5829844,64","13,43255","52,53557",3071639.0,Bötzowstraße,5059.0
50356,11,3,,2019,11,3,7,3,5,3,2,1,1,0,0,0,0,0,"799297,9475","5830349,813","13,41424","52,5408",3061332.0,Helmholtzplatz,4860.0
50357,11,7,,2019,8,20,6,3,0,1,0,0,0,0,1,0,0,0,"795311,7436","5822564,488","13,34873","52,47318",7030303.0,Grazer Platz,3840.0
50358,11,7,,2019,5,13,5,3,5,2,0,0,1,0,0,0,1,0,"795639,552","5823234,884","13,35414","52,47902",7030303.0,Grazer Platz,3942.0
50359,11,7,,2019,5,13,5,2,3,6,0,0,1,0,0,1,0,0,"798085,3354","5819031,515","13,38629","52,44001",7050502.0,Fritz-Werner-Straße,4331.0
50360,11,7,,2019,11,17,3,2,2,6,2,0,1,0,0,0,1,0,"799182,5125","5816440,864","13,40007","52,41619",7070701.0,Kettinger Straße/Schillerstraße,4624.0
50361,11,6,,2019,6,14,4,3,2,6,0,0,1,0,0,0,0,0,"785262,8671","5816291,817","13,19584","52,42228",6040703.0,Nikolassee,1526.0
50362,11,1,,2019,12,1,1,2,0,1,2,0,0,0,0,0,1,0,"799469,374","5828080,256","13,41472","52,52036",1011303.0,Alexanderplatzviertel,4854.0
50363,11,2,,2019,8,23,6,3,0,7,2,1,0,0,0,0,0,0,"797753,6242","5824436,376","13,38625","52,48864",2020203.0,Viktoriapark,4345.0
50364,11,6,,2019,5,16,5,2,2,6,0,0,1,0,0,0,1,0,"786196,6066","5816802,099","13,20997","52,42637",6040703.0,Nikolassee,1727.0
50365,11,3,,2019,10,17,3,2,5,3,0,1,1,0,0,0,0,0,"800161,8722","5832359,312","13,42876","52,55833",3040818.0,Pankow Süd,5065.0
50366,11,12,,2019,9,13,4,3,2,6,0,0,1,0,0,0,0,0,"795451,0155","5833483,258","13,36048","52,57099",12103115.0,Breitkopfbecken,4069.0
50368,11,7,,2019,8,12,6,3,0,7,0,0,1,0,0,0,0,0,"798266,017","5818640,255","13,38859","52,4364",7050502.0,Fritz-Werner-Straße,4430.0
50369,11,3,,2019,5,11,5,3,0,7,0,1,0,0,0,0,0,0,"798144,5544","5835933,659","13,40231","52,59148",3020209.0,Niederschönhausen,4675.0
50370,11,4,,2019,9,14,7,3,5,2,0,1,1,0,0,0,0,1,"791294,8726","5826501,352","13,2932","52,51063",4030417.0,Schloßstraße,3051.0
50371,11,1,,2019,6,7,3,3,5,2,0,1,1,0,0,0,0,0,"796198,646","5830206,42","13,36855","52,54121",1033203.0,Humboldthain Nordwest,4160.0
50372,11,3,,2019,9,10,3,3,6,6,0,1,0,1,0,0,0,0,"800168,971","5830827,39","13,42748","52,5446",3061228.0,Erich-Weinert-Straße,5061.0
50373,11,2,,2019,12,18,4,3,3,6,2,0,1,0,1,0,0,0,"797499,2085","5825541,468","13,3835","52,49868",2020202.0,Rathaus Yorckstraße,4348.0
50374,11,4,,2019,6,9,4,3,3,6,0,0,1,0,0,0,0,0,"790478,5666","5828451,839","13,28291","52,52856",4020310.0,Park Ruhwald,2857.0
50375,11,5,,2019,8,9,6,3,6,4,0,0,1,1,0,0,0,0,"783462,8478","5826655,738","13,17824","52,51614",5020524.0,Weinmeisterhornweg,1353.0
50376,11,12,,2019,5,12,5,3,5,3,0,1,1,0,0,0,0,0,"795811,274","5832439,708","13,36485","52,56144",12103117.0,Letteplatz,4066.0
50377,11,1,,2019,11,18,4,2,6,4,2,0,1,1,0,0,0,1,"798236,0104","5826933,624","13,39557","52,51076",1011204.0,Leipziger Straße,4551.0
50378,11,8,,2019,11,13,7,3,2,2,0,0,1,0,0,0,0,0,"802646,9424","5822050,831","13,45593","52,46456",8010510.0,Gewerbegebiet Köllnische Heide,5438.0
50379,11,4,,2019,8,8,6,3,6,4,0,0,1,1,0,0,0,0,"791397,1873","5826517,22","13,29472","52,51072",4030417.0,Schloßstraße,3051.0
50380,11,7,,2019,5,12,5,3,5,2,0,0,1,0,1,0,0,0,"795636,3426","5823238,493","13,35409","52,47905",7030303.0,Grazer Platz,3942.0
50381,11,2,,2019,10,10,4,3,6,4,0,0,1,1,0,0,0,1,"802354,5384","5827709,98","13,45678","52,51545",2050602.0,Samariterviertel,5453.0
50382,11,1,,2019,9,9,3,3,6,4,0,0,1,1,0,0,0,1,"799795,5565","5828617,967","13,42","52,525",1011303.0,Alexanderplatzviertel,4956.0
50384,11,1,,2019,6,15,4,3,1,5,0,1,0,0,0,0,1,0,"796206,9153","5830826,654","13,36923","52,54676",1044201.0,Reinickendorfer Straße,4162.0
50385,11,4,,2019,8,15,6,2,5,3,0,1,1,0,0,0,0,0,"788939,73","5826125,888","13,25827","52,50852",4020208.0,Kranzallee,2451.0
50386,11,3,,2019,5,10,5,3,0,1,0,1,0,0,0,0,0,0,"802522,8567","5831672,899","13,46286","52,55088",3050925.0,Komponistenviertel Weißensee,5563.0
50387,11,12,,2019,11,12,6,3,5,2,0,1,1,0,0,0,0,0,"794461,1322","5834349,299","13,34668","52,57928",12103218.0,Teichstraße,3871.0
50388,11,7,,2019,6,5,5,3,2,6,0,0,1,0,0,0,0,0,"798205,4461","5822270,411","13,39095","52,46897",7040405.0,Rathaus Tempelhof,4439.0
50389,11,9,,2019,9,18,3,2,6,4,0,1,0,1,0,0,0,1,"802615,9638","5825142,127","13,45828","52,49229",9010101.0,Elsenstraße,5446.0
50390,11,9,,2019,12,12,3,3,2,6,0,0,1,0,0,1,0,0,"802853,3455","5825484,367","13,46208","52,49522",9010101.0,Elsenstraße,5547.0
50391,11,11,,2019,6,16,3,3,3,6,0,0,1,0,0,0,0,0,"804866,0149","5827449,455","13,49343","52,51172",11030721.0,Rüdigerstraße,5952.0
50392,11,7,,2019,8,14,6,3,2,6,0,0,1,0,0,0,0,0,"797846,1","5821267,217","13,38478","52,46018",7040403.0,Manteuffelstraße,4337.0
50393,11,4,,2019,10,16,5,3,2,6,2,0,1,0,0,0,0,0,"787757,6201","5825935,15","13,24074","52,50743",4020208.0,Kranzallee,2250.0
50394,11,3,,2019,8,13,6,3,2,6,0,0,1,0,0,0,0,0,"798035,0148","5834113,488","13,39906","52,57523",3020209.0,Niederschönhausen,4570.0
50395,11,7,,2019,9,13,6,3,0,2,0,0,1,0,0,0,1,1,"795787,1541","5824110,239","13,35708","52,48678",7020203.0,Kaiser-Wilhelm-Platz,3944.0
50396,11,1,,2019,5,8,5,3,1,5,0,1,0,0,0,0,1,0,"799013,0963","5828214,173","13,40814","52,52181",1011303.0,Alexanderplatzviertel,4755.0
50397,11,4,,2019,10,22,4,3,3,6,2,0,1,0,0,0,1,1,"790977,9056","5824665,896","13,28694","52,49435",4041134.0,Bismarckallee,2947.0
50398,11,2,,2019,9,14,3,3,6,4,0,0,1,1,0,0,0,1,"802661,0383","5827678,74","13,46125","52,515",2050602.0,Samariterviertel,5553.0
50400,11,7,,2019,6,10,3,3,6,7,0,0,0,1,0,0,1,0,"797836,8693","5821305,696","13,38468","52,46053",7040403.0,Manteuffelstraße,4337.0
50401,11,2,,2019,8,17,5,3,5,2,0,1,1,0,0,0,0,0,"797898,3103","5825432,668","13,38926","52,49749",2020202.0,Rathaus Yorckstraße,4448.0
50402,11,2,,2019,5,22,4,3,0,6,2,1,0,1,0,0,0,0,"802045,0249","5828039,686","13,45253","52,51858",2050602.0,Samariterviertel,5354.0
50403,11,6,,2019,11,17,7,3,6,2,2,0,1,1,0,0,0,0,"791054,1063","5818813,331","13,28296","52,44184",6030503.0,Zehlendorf Mitte,2831.0
50404,11,3,,2019,6,19,7,2,5,3,0,0,1,0,1,0,0,0,"798165,7503","5836122,447","13,40279","52,59316",3020209.0,Niederschönhausen,4675.0
50405,11,3,,2019,12,8,4,3,0,4,0,0,0,1,0,0,1,0,"800013,2022","5830341,627","13,42475","52,54033",3071633.0,Thälmannpark,4960.0
50406,11,3,,2019,8,17,5,3,5,2,0,1,0,0,0,0,1,0,"799216,4496","5832076,54","13,4146","52,55632",3061126.0,Arnimplatz,4865.0
50407,11,3,,2019,5,18,4,2,5,3,0,1,1,0,0,0,0,0,"800040,4483","5832914,222","13,42748","52,56337",3040818.0,Pankow Süd,5067.0
50408,11,1,,2019,10,13,7,3,3,6,0,1,0,0,0,0,0,0,"799727,6727","5828567,224","13,41895","52,52458",1011303.0,Alexanderplatzviertel,4855.0
50409,11,11,,2019,9,14,3,3,5,3,0,1,1,0,0,0,0,1,"804068,2978","5827550,295","13,48181","52,51307",11030721.0,Rüdigerstraße,5852.0
50410,11,3,,2019,8,16,5,3,5,2,0,1,1,0,0,0,0,0,"796447,267","5840400,385","13,38133","52,63245",3020203.0,Blankenfelde,4387.0
50411,11,4,,2019,5,17,4,3,2,7,0,1,1,0,0,0,0,0,"791790,4806","5826582,608","13,30056","52,5111",4030417.0,Schloßstraße,3151.0
50412,11,4,,2019,10,10,4,3,2,6,0,0,1,0,0,0,0,1,"791395,6192","5824511,645","13,29294","52,49274",4041137.0,Flinsberger Platz,3046.0
50413,11,4,,2019,6,7,5,3,3,6,0,0,1,0,0,1,0,1,"790456,508","5828429,423","13,28257","52,52837",4020310.0,Park Ruhwald,2857.0
50414,11,4,,2019,9,9,3,3,2,6,0,0,1,0,0,0,0,0,"791999,872","5823923,308","13,3013","52,48715",4041239.0,Stadion Wilmersdorf,3144.0
50415,11,6,,2019,12,8,6,3,5,3,0,1,1,0,0,0,0,0,"788208,388","5817684,025","13,24023","52,43322",6030501.0,Berlepschstraße,2229.0
50416,11,2,,2019,6,15,3,3,5,2,0,1,1,0,0,0,0,0,"802144,468","5827754,513","13,45373","52,51596",2050602.0,Samariterviertel,5453.0
50417,11,1,,2019,5,5,4,3,0,1,1,0,1,0,0,0,1,1,"798685,3383","5827893,499","13,40303","52,51912",1011303.0,Alexanderplatzviertel,4654.0
50418,11,1,,2019,11,10,1,3,0,6,0,1,0,0,0,0,1,0,"798289,2418","5827697,44","13,39704","52,51758",1011202.0,Unter den Linden Nord,4553.0
50419,11,4,,2019,6,16,3,3,2,6,0,0,1,0,0,0,0,0,"788960,5002","5826129,464","13,25858","52,50854",4020209.0,Eichkamp,2551.0
50420,11,12,,2019,11,19,5,3,5,3,2,0,1,0,0,0,1,1,"792782,7115","5837343,271","13,32463","52,60703",12302212.0,Rollbergesiedlung,3480.0
50421,11,12,,2019,8,15,5,3,2,6,0,0,1,0,0,0,0,0,"792172,5691","5832086,587","13,31101","52,56023",12214125.0,Waldidyll/Flughafensee,3266.0
50422,11,4,,2019,5,15,4,3,2,6,0,0,1,0,0,0,0,0,"789164,2116","5826160,009","13,2616","52,50871",4020311.0,Reichsstraße,2551.0
50423,11,1,,2019,10,20,1,3,2,6,2,0,1,0,0,0,0,0,"796030,741","5831374,83","13,36712","52,55177",1044203.0,Leopoldplatz,4163.0
50424,11,11,,2019,9,7,3,3,5,2,0,1,1,0,1,0,0,0,"804904,3765","5827465,101","13,49401","52,51184",11030721.0,Rüdigerstraße,6052.0
50426,11,2,,2019,6,8,3,2,3,6,0,1,0,0,0,0,0,0,"801872,0535","5827776,15","13,44975","52,51631",2040503.0,Richard-Sorge-Viertel,5353.0
50427,11,3,,2019,8,15,5,3,2,6,0,0,1,0,1,0,0,0,"800269,3317","5831879,704","13,42991","52,55398",3050923.0,Weißenseer Spitze,5064.0
50428,11,7,,2019,5,15,4,3,3,6,0,0,1,0,1,0,0,0,"797760,121","5823856,895","13,38583","52,48344",7040401.0,Neu-Tempelhof,4343.0
50429,11,4,,2019,6,18,1,3,6,2,0,0,1,1,0,0,0,0,"792092,3965","5826654,735","13,30506","52,51158",4030622.0,Richard-Wagner-Straße,3152.0
50430,11,4,,2019,9,15,3,3,6,4,0,0,1,1,0,0,0,1,"791667,2657","5826561,829","13,29873","52,51098",4030417.0,Schloßstraße,3051.0
50431,11,7,,2019,12,17,2,3,5,2,2,0,1,0,0,0,0,1,"797474,4017","5817965,558","13,37638","52,43078",7050502.0,Fritz-Werner-Straße,4228.0
50432,11,7,,2019,6,9,3,2,1,5,0,0,1,0,0,0,0,0,"799154,8331","5816563,445","13,39977","52,4173",7070701.0,Kettinger Straße/Schillerstraße,4624.0
50433,11,1,,2019,8,15,5,3,5,2,0,1,1,0,0,0,0,0,"796420,8654","5826329,938","13,36836","52,50634",1011105.0,Nördlicher Landwehrkanal,4150.0
50434,11,1,,2019,4,18,3,3,2,6,0,0,1,0,0,0,0,0,"796763,643","5826668,491","13,3737","52,50918",1011105.0,Nördlicher Landwehrkanal,4251.0
50435,11,1,,2019,11,15,2,3,0,6,0,1,0,0,0,1,1,1,"797750,0895","5826848,821","13,38835","52,51026",1011204.0,Leipziger Straße,4451.0
50436,11,7,,2019,8,11,5,3,3,6,0,0,1,0,1,0,0,0,"796011,5686","5825166,15","13,36132","52,49613",7010104.0,Dennewitzplatz,4047.0
50437,11,9,,2019,4,13,3,3,5,3,0,1,1,0,0,0,0,0,"804104,6469","5824365,095","13,47943","52,4845",9010202.0,Köpenicker Landstraße,5744.0
50438,11,6,,2019,10,3,2,3,0,7,2,0,1,0,0,0,0,0,"787036,8903","5820675,025","13,22562","52,46065",6040703.0,Nikolassee,2037.0
50439,11,12,,2019,9,8,2,3,2,6,0,0,1,0,0,0,0,0,"790110,385","5836039,91","13,28414","52,59678",12304314.0,Ziekowstraße/Freie Scholle,2877.0
50441,11,2,,2019,6,8,3,3,5,2,0,1,0,0,0,0,1,0,"802124,7546","5828063,409","13,45372","52,51874",2050602.0,Samariterviertel,5454.0
50442,11,4,,2019,8,10,5,3,2,6,0,0,1,0,0,0,0,0,"790498,7548","5827507,075","13,28238","52,52007",4020310.0,Park Ruhwald,2854.0
50443,11,4,,2019,4,7,3,3,2,6,0,0,1,0,0,0,0,0,"792846,9745","5829535,083","13,31868","52,537",4010102.0,Plötzensee,3359.0
50444,11,2,,2019,11,15,4,3,5,2,1,1,1,0,0,0,1,1,"802581,6369","5827686,702","13,46009","52,51511",2050602.0,Samariterviertel,5453.0
50445,11,11,,2019,6,15,4,2,5,2,0,1,0,0,0,1,0,0,"803742,834","5827568,253","13,47704","52,51341",11030721.0,Rüdigerstraße,5752.0
50446,11,12,,2019,9,21,2,2,6,4,2,0,1,1,0,0,0,0,"795759,1873","5832650,13","13,36427","52,56335",12103219.0,Schäfersee,4067.0
50447,11,7,,2019,12,8,2,3,2,6,0,0,1,0,0,1,1,0,"794782,4018","5823140,125","13,34147","52,47863",7020202.0,Volkspark (Rudolf-Wilde-Park),3742.0
50448,11,12,,2019,8,8,5,3,5,2,0,0,1,0,1,0,0,0,"795410,8555","5833589,954","13,35998","52,57196",12103115.0,Breitkopfbecken,4069.0
50449,11,6,,2019,10,12,4,3,2,6,0,0,1,0,0,0,0,0,"792751,0243","5819955,205","13,30885","52,45117",6030605.0,Botanischer Garten,3234.0
50450,11,11,,2019,9,20,2,2,0,1,2,0,0,0,1,0,0,0,"803721,1963","5827570,169","13,47673","52,51344",11030721.0,Rüdigerstraße,5752.0
50451,11,2,,2019,8,7,5,3,5,3,0,1,1,0,0,0,0,0,"802972,4485","5827662,85","13,46581","52,51468",2050602.0,Samariterviertel,5553.0
50452,11,2,,2019,4,7,3,3,0,2,0,1,1,0,0,0,0,0,"797759,2269","5824125,584","13,38605","52,48585",2020203.0,Viktoriapark,4344.0
50453,11,6,,2019,10,13,3,3,2,6,0,0,1,0,0,1,0,1,"791071,6917","5818846,719","13,28324","52,44213",6030605.0,Botanischer Garten,2831.0
50454,11,3,,2019,9,16,2,3,3,6,0,1,1,0,0,0,0,0,"799983,857","5828905,997","13,42302","52,52748",2040501.0,Barnimkiez,4956.0
50456,11,12,,2019,6,19,3,3,5,3,1,0,1,0,0,0,0,0,"794478,1859","5834318,183","13,3469","52,579",12103218.0,Teichstraße,3871.0
50457,11,3,,2019,8,19,4,2,6,4,0,1,0,1,0,0,0,0,"799950,3511","5830206,136","13,42371","52,53915",3061332.0,Helmholtzplatz,4960.0
50458,11,3,,2019,4,17,3,3,5,2,0,1,1,0,0,0,0,0,"801518,4407","5829102,62","13,44576","52,52839",3061435.0,Conrad-Blenkle-Straße,5257.0
50459,11,10,,2019,11,5,6,2,5,3,2,0,1,0,0,0,0,0,"808897,3951","5833398,142","13,55818","52,56276",10010204.0,Wuhletalstraße,6967.0
50460,11,4,,2019,10,11,3,2,0,1,0,0,0,0,1,0,0,0,"791014,3052","5824659,463","13,28747","52,49427",4041134.0,Bismarckallee,2947.0
50461,11,7,,2019,9,16,2,2,5,3,0,0,1,0,1,0,0,1,"799678,1367","5815247,722","13,40627","52,40522",7070701.0,Kettinger Straße/Schillerstraße,4621.0
50463,11,4,,2019,6,7,2,3,2,6,0,0,1,0,0,0,0,0,"788346,0774","5826030,168","13,24947","52,50798",4020208.0,Kranzallee,2351.0
50464,11,7,,2019,8,14,4,3,2,6,0,0,1,0,0,0,0,1,"799229,4992","5816329,158","13,40066","52,41516",7070701.0,Kettinger Straße/Schillerstraße,4623.0
50465,11,5,,2019,4,19,3,3,2,7,0,1,1,0,0,0,0,0,"784035,3235","5826575,963","13,18659","52,51513",5020628.0,Graetschelsteig,1453.0
50466,11,2,,2019,11,17,4,3,6,4,2,0,1,1,0,0,0,1,"802685,7532","5827676,261","13,46161","52,51496",2050602.0,Samariterviertel,5553.0
50467,11,1,,2019,6,9,5,3,2,1,0,0,1,0,0,0,0,0,"796317,1383","5828827,802","13,36906","52,52878",1022202.0,Heidestraße,4157.0
50468,11,4,,2019,9,10,2,3,5,2,0,1,0,0,0,1,0,0,"790514,0274","5826374,665","13,28162","52,50991",4020313.0,Königin-Elisabeth-Straße,2851.0
50469,11,7,,2019,12,18,2,3,5,3,2,1,1,0,0,0,0,1,"795794,936","5824126,932","13,35721","52,48693",7020203.0,Kaiser-Wilhelm-Platz,3944.0
50470,11,1,,2019,8,9,4,3,3,2,0,0,1,0,1,0,0,0,"796917,3784","5827467,61","13,37667","52,51626",1011202.0,Unter den Linden Nord,4253.0
50471,11,10,,2019,10,19,4,3,2,7,2,0,1,0,0,0,0,0,"807965,934","5831210,966","13,54245","52,54369",10010207.0,Marzahner Promenade,6761.0
50472,11,8,,2019,8,6,4,3,3,6,1,0,1,0,1,0,0,0,"802276,3871","5821961,769","13,45041","52,46397",8020619.0,Buschkrugallee Nord,5338.0
50473,11,3,,2019,9,18,6,3,2,6,0,0,1,0,0,0,0,1,"799933,929","5830209,502","13,42347","52,53919",3061332.0,Helmholtzplatz,4960.0
50474,11,7,,2019,4,20,2,3,3,6,1,0,1,0,0,0,0,0,"795337,846","5822754,61","13,34928","52,47487",7030303.0,Grazer Platz,3841.0
50475,11,11,,2019,10,17,3,3,3,6,1,0,1,0,0,1,0,1,"804316,1011","5827510,343","13,48541","52,51257",11030721.0,Rüdigerstraße,5852.0
50476,11,4,,2019,9,13,2,3,8,1,0,0,1,0,0,0,0,0,"790973,9418","5828992,753","13,29067","52,53314",4010101.0,Jungfernheide,2958.0
50478,11,1,,2019,6,21,2,3,0,1,2,1,0,0,0,0,0,0,"796247,0997","5825925,559","13,36545","52,50281",1011104.0,Körnerstraße,4049.0
50479,11,1,,2019,8,15,4,3,5,2,0,1,1,0,0,0,0,0,"796420,2339","5826327,806","13,36835","52,50632",1011105.0,Nördlicher Landwehrkanal,4150.0
50480,11,3,,2019,4,18,2,3,6,4,0,1,0,1,0,0,0,0,"800301,2907","5831678,598","13,4302","52,55216",3050923.0,Weißenseer Spitze,5063.0
50481,11,2,,2019,11,1,7,3,5,3,2,0,1,0,0,0,0,0,"802148,9601","5827734,648","13,45378","52,51578",2050602.0,Samariterviertel,5453.0
50482,11,5,,2019,6,19,2,3,2,6,0,0,1,0,0,0,0,0,"782197,9865","5824998,343","13,15825","52,50194",5020524.0,Weinmeisterhornweg,1049.0
50483,11,1,,2019,9,9,2,2,5,2,0,1,1,0,0,0,0,1,"796450,2777","5827390,273","13,36974","52,51582",1011102.0,Großer Tiergarten,4153.0
50484,11,4,,2019,12,15,4,3,2,6,0,0,1,0,0,0,0,0,"793456,2688","5829747,198","13,32783","52,53857",4010102.0,Plötzensee,3560.0
50485,11,7,,2019,8,12,3,3,2,6,0,0,1,0,0,0,1,0,"797827,0869","5822414,179","13,38552","52,47047",7040401.0,Neu-Tempelhof,4340.0
50486,11,3,,2019,4,9,2,3,0,2,0,0,1,0,0,0,1,1,"799975,0225","5830201,053","13,42406","52,53909",3061332.0,Helmholtzplatz,4960.0
50487,11,7,,2019,10,19,6,3,2,6,2,0,1,0,0,0,0,0,"796472,6164","5822575,939","13,36578","52,47266",7040402.0,Lindenhofsiedlung,4040.0
50488,11,10,,2019,9,11,1,3,3,6,0,1,1,0,0,0,0,0,"807653,7135","5829957,125","13,5367","52,53263",10010309.0,Springpfuhl,6658.0
50489,11,2,,2019,8,9,3,3,3,2,0,0,0,0,1,1,0,0,"800456,0741","5827947,485","13,4291","52,51863",2040701.0,Andreasviertel,5054.0
50490,11,1,,2019,4,11,2,3,5,3,0,1,0,0,0,1,0,1,"799123,2126","5827663,403","13,40926","52,51681",1011303.0,Alexanderplatzviertel,4753.0
50491,11,7,,2019,10,13,3,3,5,7,0,0,1,0,0,0,0,1,"795679,7813","5823173,24","13,35467","52,47844",7030303.0,Grazer Platz,3942.0
50492,11,2,,2019,6,17,4,2,3,6,0,1,0,0,0,0,0,0,"803373,2976","5827605,844","13,47165","52,51395",2050602.0,Samariterviertel,5652.0
50493,11,4,,2019,9,16,1,3,2,6,0,0,1,0,0,0,0,0,"789745,0425","5824735,361","13,26889","52,49563",4020209.0,Eichkamp,2647.0
50494,11,1,,2019,12,22,4,3,6,4,2,0,1,1,0,0,0,0,"796342,4704","5830079,197","13,37055","52,53999",1033203.0,Humboldthain Nordwest,4160.0
50495,11,3,,2019,6,23,2,3,5,3,2,1,1,0,0,0,0,1,"800953,0387","5830502,712","13,43871","52,54126",3061429.0,Greifswalder Straße,5160.0
50496,11,8,,2019,4,11,2,3,3,6,0,0,1,0,0,0,1,1,"802157,563","5821904,716","13,44862","52,46353",8020619.0,Buschkrugallee Nord,5338.0
50497,11,2,,2019,11,15,7,3,3,6,0,0,1,0,1,0,0,1,"797901,634","5825143,822","13,38905","52,4949",2020202.0,Rathaus Yorckstraße,4447.0
50498,11,2,,2019,6,13,2,2,6,4,0,1,0,1,0,0,0,0,"802842,211","5827675,87","13,46391","52,51487",2050602.0,Samariterviertel,5553.0
50499,11,1,,2019,11,18,4,3,5,3,2,1,0,0,1,0,0,1,"795800,8619","5827269,446","13,36009","52,51509",1011102.0,Großer Tiergarten,4053.0
50500,11,7,,2019,8,7,3,3,5,3,0,1,1,0,0,0,0,0,"796913,2353","5816488,094","13,36684","52,41785",7060601.0,Marienfelder Allee Nordwest,4124.0
50501,11,12,,2019,4,22,7,2,5,2,2,0,1,0,1,0,0,0,"794559,293","5833808,298","13,34765","52,57438",12103218.0,Teichstraße,3870.0
50502,11,3,,2019,10,18,7,2,5,2,2,0,1,0,1,0,0,0,"799196,5186","5831441,779","13,41374","52,55064",3061126.0,Arnimplatz,4863.0
50503,11,7,,2019,9,14,1,3,3,6,0,0,1,0,0,0,0,0,"797794,4614","5823140,095","13,38569","52,47699",7040401.0,Neu-Tempelhof,4342.0
50505,11,12,,2019,6,16,2,3,1,5,0,1,1,0,0,0,1,0,"795372,3246","5833713,012","13,35952","52,57309",12103115.0,Breitkopfbecken,4070.0
50506,11,3,,2019,8,15,3,3,5,3,0,1,1,0,0,0,0,0,"801175,0255","5830811,222","13,44226","52,5439",3061429.0,Greifswalder Straße,5261.0
50507,11,7,,2019,4,17,7,3,2,6,0,0,1,0,0,0,0,0,"799461,4034","5815770,561","13,40356","52,41003",7070701.0,Kettinger Straße/Schillerstraße,4622.0
50508,11,3,,2019,6,15,7,3,0,1,0,1,0,0,0,0,0,0,"799197,8984","5831042,543","13,4134","52,54706",3061131.0,Falkplatz,4862.0
50509,11,1,,2019,9,23,1,3,6,4,2,0,1,1,0,0,0,1,"800020,007","5828096,834","13,42283","52,52021",1011304.0,Karl-Marx-Allee,4954.0
50510,11,4,,2019,12,12,1,2,2,6,0,0,1,0,0,0,0,1,"790876,6417","5828953,21","13,2892","52,53284",4010101.0,Jungfernheide,2958.0
50511,11,4,,2019,6,9,2,2,5,3,0,1,0,0,0,1,0,0,"789801,7343","5826261,233","13,27105","52,50928",4020311.0,Reichsstraße,2651.0