OBJECTID,LAND,BEZ,LOR_ab_2021,UJAHR,UMONAT,USTUNDE,UWOCHENTAG,UKATEGORIE,UART,UTYP1,ULICHTVERH,IstRad,IstPKW,IstFuss,IstKrad,IstGkfz,IstSonstige,USTRZUSTAND,LINREFX,LINREFY,XGCSWGS84,YGCSWGS84,LOR,STRASSE,quadrant
50691,11,6,,2019,7,16,2,3,0,5,0,1,1,0,0,0,0,0,"789381,241","5818024,569","13,25773","52,43565",6030503.0,Zehlendorf Mitte,2429.0
50692,11,2,,2019,4,12,6,3,6,6,0,1,0,1,0,0,0,0,"802379,3853","5827724,511","13,45716","52,51557",2050602.0,Samariterviertel,5453.0
50693,11,7,,2019,10,17,6,3,5,3,1,0,1,0,0,0,0,1,"797577,2551","5818423,189","13,3783","52,43483",7050502.0,Fritz-Werner-Straße,4229.0
50694,11,4,,2019,6,15,6,3,5,2,0,0,1,0,0,0,0,0,"789823,4338","5826278,803","13,27139","52,50942",4020311.0,Reichsstraße,2651.0
50695,11,3,,2019,9,16,3,3,5,2,0,1,1,0,0,0,0,0,"799148,5951","5832225,673","13,41374","52,55769",3040818.0,Pankow Süd,4865.0
50697,11,4,,2019,5,14,5,3,2,6,0,0,1,0,0,0,0,0,"789070,6124","5826145,973","13,26021","52,50863",4020311.0,Reichsstraße,2551.0
50698,11,4,,2019,4,10,6,3,2,6,0,0,0,0,1,0,0,0,"790514,8098","5826393,411","13,28165","52,51008",4020313.0,Königin-Elisabeth-Straße,2851.0
50699,11,1,,2019,11,22,2,3,3,6,2,0,1,0,0,0,0,0,"797757,8125","5826850,054","13,38847","52,51027",1011204.0,Leipziger Straße,4451.0
50700,11,1,,2019,5,4,5,3,5,3,1,1,1,0,0,0,0,0,"799788,505","5828606,632","13,41988","52,5249",1011303.0,Alexanderplatzviertel,4856.0
50701,11,12,,2019,11,12,7,3,2,6,0,0,1,0,0,0,0,0,"790339,1278","5835572,793","13,28709","52,59247",12304314.0,Ziekowstraße/Freie Scholle,2975.0
50702,11,4,,2019,7,14,2,3,3,6,0,0,1,0,0,0,0,0,"790445,9188","5827708,009","13,28178","52,5219",4020310.0,Park Ruhwald,2855.0
50703,11,7,,2019,4,14,6,3,2,2,0,0,0,0,0,0,1,0,"797577,8701","5818425,59","13,37831","52,43485",7050502.0,Fritz-Werner-Straße,4229.0
50704,11,7,,2019,10,16,3,2,1,5,0,0,1,0,1,0,0,0,"796739,4483","5816072,572","13,36393","52,41421",7060601.0,Marienfelder Allee Nordwest,4023.0
50705,11,1,,2019,9,15,3,3,2,2,0,0,0,0,1,1,0,0,"796719,975","5826660,095","13,37305","52,50913",1011105.0,Nördlicher Landwehrkanal,4251.0
50707,11,9,,2019,7,13,2,3,2,6,0,0,1,0,1,0,0,0,"805870,5267","5821880,593","13,50308","52,46124",9020601.0,Schnellerstraße,6137.0
50708,11,5,,2019,4,15,6,3,0,1,0,0,0,0,1,0,0,0,"785788,1699","5826107,782","13,21195","52,51002",5020629.0,Börnicker Straße,1851.0
50709,11,1,,2019,9,17,6,2,6,7,0,0,0,1,0,0,1,0,"798716,7651","5827910,532","13,40351","52,51925",1011303.0,Alexanderplatzviertel,4654.0
50710,11,2,,2019,6,19,2,3,1,5,0,1,1,0,0,0,0,0,"802050,5554","5827245,004","13,45189","52,51145",2050802.0,Boxhagener Platz,5352.0
50711,11,10,,2019,9,11,3,3,0,7,0,0,1,0,0,0,0,0,"811396,2318","5827110,197","13,58903","52,50499",10040830.0,Kaulsdorf Süd,7450.0
50712,11,2,,2019,12,19,3,3,1,5,2,1,1,0,0,0,1,0,"802093,3197","5827298,508","13,45257","52,51191",2050802.0,Boxhagener Platz,5352.0
50713,11,11,,2019,5,20,4,3,2,7,0,0,1,0,0,0,1,0,"805508,9502","5827401,898","13,50284","52,51093",11041022.0,Rosenfelder Ring,6151.0
50714,11,1,,2019,7,10,2,3,5,3,0,0,1,0,0,0,1,0,"799243,3114","5827891,124","13,41123","52,51879",1011303.0,Alexanderplatzviertel,4754.0
50715,11,7,,2019,4,10,5,3,3,6,0,0,1,0,0,0,0,0,"795591,8619","5822927,991","13,35317","52,47629",7030303.0,Grazer Platz,3941.0
50716,11,1,,2019,11,12,4,3,5,7,0,0,1,0,0,0,0,1,"796471,57","5826435,462","13,3692","52,50725",1011105.0,Nördlicher Landwehrkanal,4150.0
50717,11,7,,2019,11,13,7,2,6,7,0,0,1,1,0,0,0,0,"798566,8107","5817919,341","13,39236","52,42978",7050502.0,Fritz-Werner-Straße,4428.0
50718,11,6,,2019,7,11,2,2,2,7,0,0,1,0,0,0,0,0,"794019,9639","5821081,374","13,32846","52,46058",6010209.0,Feuerbachstraße,3537.0
50719,11,3,,2019,4,20,5,3,0,6,0,0,0,0,0,0,1,0,"799195,1632","5831413,187","13,41369","52,55039",3061126.0,Arnimplatz,4863.0
50720,11,11,,2019,10,9,3,3,6,2,0,0,1,1,0,0,0,0,"805621,007","5827378,086","13,50446","52,51065",11041022.0,Rosenfelder Ring,6151.0
50721,11,12,,2019,9,9,3,3,1,7,0,0,1,1,0,0,1,0,"795737,6391","5832775,984","13,36406","52,56449",12103219.0,Schäfersee,4067.0
50723,11,2,,2019,5,22,4,3,3,6,2,0,1,0,1,0,0,0,"802522,3777","5827692,65","13,45923","52,5152",2050602.0,Samariterviertel,5453.0
50724,11,7,,2019,7,8,2,3,0,7,0,1,0,0,0,0,0,0,"797820,982","5822902,835","13,38587","52,47485",7040401.0,Neu-Tempelhof,4341.0
50725,11,2,,2019,4,22,5,3,5,2,2,0,1,0,0,0,1,0,"801649,0525","5828882,665","13,44748","52,52635",2050601.0,Hausburgviertel,5356.0
50726,11,7,,2019,11,18,5,3,3,6,2,0,1,0,0,0,0,1,"799852,9028","5813577,152","13,40733","52,39015",7070703.0,John-Locke-Straße,4716.0
50727,11,7,,2019,6,14,5,3,2,6,0,0,1,0,0,0,0,0,"797873,5393","5822329,355","13,38613","52,46968",7040405.0,Rathaus Tempelhof,4339.0
50728,11,4,,2019,9,12,3,3,0,3,0,1,1,0,0,0,0,0,"790254,7236","5826331,522","13,27777","52,50967",4020311.0,Reichsstraße,2751.0
50729,11,4,,2019,12,20,3,3,5,3,2,1,1,0,0,0,0,1,"792252,8762","5826682,022","13,30744","52,51174",4030622.0,Richard-Wagner-Straße,3252.0
50730,11,10,,2019,7,8,1,2,9,1,0,0,1,0,0,0,0,0,"808887,1721","5833369,86","13,558","52,56251",10010204.0,Wuhletalstraße,6967.0
50731,11,2,,2019,10,4,5,3,8,1,2,0,1,0,0,0,0,0,"797756,1273","5824212,571","13,38609","52,48663",2020203.0,Viktoriapark,4344.0
50732,11,6,,2019,7,23,1,3,0,7,2,0,1,0,0,0,0,0,"792888,1641","5821605,395","13,31231","52,46589",6010103.0,Markelstraße,3238.0
50733,11,2,,2019,9,15,6,3,2,6,0,0,1,0,0,0,0,1,"797757,0786","5824183,643","13,38607","52,48637",2020203.0,Viktoriapark,4344.0
50734,11,6,,2019,4,18,5,3,0,1,0,0,0,0,1,0,0,0,"788314,1793","5817727,135","13,24182","52,43355",6030503.0,Zehlendorf Mitte,2229.0
50735,11,4,,2019,10,9,4,3,2,6,0,0,1,0,0,0,0,0,"790576,3811","5825143,406","13,28146","52,49884",4041133.0,Güterbahnhof Grunewald,2848.0
50736,11,4,,2019,9,12,3,3,0,3,0,1,1,0,0,0,0,0,"790253,9521","5826331,389","13,27776","52,50966",4020311.0,Reichsstraße,2751.0
50738,11,1,,2019,5,21,4,3,2,6,0,0,1,0,0,0,1,0,"795912,6741","5831785,72","13,36575","52,55552",1044203.0,Leopoldplatz,4064.0
50739,11,2,,2019,7,19,1,3,5,2,0,0,1,0,0,0,0,0,"802180,3977","5827726,857","13,45423","52,5157",2050602.0,Samariterviertel,5453.0
50740,11,2,,2019,4,10,5,3,6,4,0,1,0,1,0,0,0,0,"801848,5111","5828476,069","13,45004","52,5226",2050601.0,Hausburgviertel,5355.0
50741,11,1,,2019,11,16,7,2,0,3,1,1,0,0,0,0,1,0,"796554,24","5826609,774","13,37057","52,50877",1011105.0,Nördlicher Landwehrkanal,4151.0
50742,11,9,,2019,6,18,7,2,3,6,0,0,1,0,0,0,0,0,"803724,8217","5824774,557","13,47423","52,48838",9010102.0,Am Treptower Park Nord,5745.0
50743,11,12,,2019,12,11,4,3,3,6,0,0,1,0,1,0,0,0,"795813,558","5832426,551","13,36487","52,56132",12103117.0,Letteplatz,4066.0
50744,11,5,,2019,7,18,1,2,5,3,0,1,1,0,0,0,0,0,"780177,9311","5822275,813","13,12628","52,47857",5040936.0,Jägerallee,542.0
50745,11,2,,2019,4,9,5,3,1,5,0,0,1,0,0,0,1,0,"797565,4461","5825536,042","13,38447","52,4986",2020202.0,Rathaus Yorckstraße,4348.0
50746,11,7,,2019,10,17,6,3,5,3,0,0,1,0,0,0,0,0,"797428,4492","5817758,982","13,37552","52,42896",7050502.0,Fritz-Werner-Straße,4227.0
50747,11,1,,2019,9,15,2,3,0,7,0,1,0,0,0,0,0,1,"796323,3157","5826085,27","13,36671","52,5042",1011104.0,Körnerstraße,4149.0
50748,11,4,,2019,7,23,7,3,5,2,2,0,1,0,1,0,0,0,"788931,6399","5826124,422","13,25815","52,50851",4020208.0,Kranzallee,2451.0
50749,11,9,,2019,4,10,5,2,5,3,0,1,1,0,0,0,0,0,"806600,3741","5821135,892","13,51311","52,45416",9020601.0,Schnellerstraße,6235.0
50750,11,3,,2019,10,8,4,3,2,7,1,1,1,0,0,0,0,1,"798195,9765","5835325,318","13,40252","52,586",3020209.0,Niederschönhausen,4673.0
50751,11,10,,2019,6,7,5,2,5,2,0,1,1,0,0,0,0,0,"808948,2401","5827441,17","13,55339","52,50935",10030726.0,Alt-Biesdorf,6851.0
50752,11,1,,2019,9,11,2,3,5,2,0,0,1,0,0,0,0,1,"796187,744","5830191,845","13,36838","52,54108",1033203.0,Humboldthain Nordwest,4160.0
50753,11,7,,2019,12,14,5,3,1,5,0,0,1,0,0,0,1,1,"799859,2541","5813506,061","13,40736","52,38951",7070703.0,John-Locke-Straße,4716.0
50754,11,2,,2019,5,10,4,3,2,6,0,0,1,0,1,0,0,0,"803518,3622","5827606,266","13,47378","52,51387",2050602.0,Samariterviertel,5752.0
50755,11,1,,2019,4,17,5,3,2,6,0,0,1,0,0,0,0,0,"795879,5741","5832054,493","13,36551","52,55795",1044102.0,Schillerpark,4065.0
50756,11,1,,2019,11,5,1,3,8,1,2,0,1,0,0,0,1,1,"795965,1762","5829433,598","13,36443","52,5344",1022202.0,Heidestraße,4058.0
50757,11,4,,2019,5,11,4,3,5,7,0,1,1,0,0,0,0,0,"793482,5843","5826888,823","13,32569","52,51293",4030623.0,Ernst-Reuter-Platz,3452.0
50758,11,3,,2019,11,18,5,3,5,2,2,1,1,0,0,0,0,1,"798367,2917","5833482,288","13,40338","52,56939",3040614.0,Pankow Zentrum,4669.0
50759,11,4,,2019,7,22,7,2,0,1,2,1,0,0,0,0,0,0,"791699,0087","5826588,62","13,29922","52,5112",4030417.0,Schloßstraße,3152.0
50760,11,10,,2019,4,7,4,2,5,2,0,0,1,0,1,0,1,0,"808054,6151","5827457,618","13,54028","52,51",10010308.0,Marzahner Chaussee,6651.0
50761,11,3,,2019,10,14,1,3,5,2,0,1,1,0,0,0,0,0,"798113,3353","5835761,436","13,40169","52,58995",3020209.0,Niederschönhausen,4675.0
50762,11,4,,2019,9,23,2,3,9,1,2,0,1,0,0,0,0,1,"790478,1635","5825452,627","13,28029","52,50167",4020314.0,Messegelände,2849.0
50764,11,4,,2019,5,17,4,3,3,6,0,0,1,0,0,0,0,0,"790304,672","5826358,429","13,27853","52,50988",4020313.0,Königin-Elisabeth-Straße,2751.0
50765,11,2,,2019,7,10,7,3,3,6,0,1,1,0,0,0,0,0,"802023,83","5827761,053","13,45196","52,51609",2040503.0,Richard-Sorge-Viertel,5353.0
50766,11,5,,2019,4,11,4,3,2,6,0,0,1,0,0,0,1,0,"783701,118","5826664,788","13,18175","52,5161",5020524.0,Weinmeisterhornweg,1353.0
50767,11,2,,2019,10,20,7,3,0,7,2,0,0,0,1,0,0,0,"797834,3426","5824980,697","13,38792","52,49347",2020202.0,Rathaus Yorckstraße,4446.0
50768,11,7,,2019,9,21,2,3,5,3,2,0,1,0,0,1,0,1,"796008,6585","5822735,546","13,35911","52,47434",7030303.0,Grazer Platz,3941.0
50769,11,3,,2019,7,10,7,3,2,6,0,0,1,0,1,0,0,0,"799196,197","5831434,082","13,41373","52,55057",3061126.0,Arnimplatz,4863.0
50770,11,4,,2019,4,12,4,3,2,6,0,0,1,0,0,0,0,0,"788070,3675","5825985,465","13,24538","52,50772",4020208.0,Kranzallee,2351.0
50771,11,1,,2019,10,6,4,3,2,6,2,0,1,0,0,0,1,1,"796236,3585","5829969,632","13,36889","52,53906",1033203.0,Humboldthain Nordwest,4160.0
50772,11,1,,2019,6,8,6,3,5,2,0,1,1,0,0,0,0,0,"796318,2849","5830074,317","13,37019","52,53996",1033203.0,Humboldthain Nordwest,4160.0
50773,11,4,,2019,9,19,2,3,5,3,2,0,1,0,0,1,0,1,"790744,2734","5826506,209","13,28512","52,51097",4020313.0,Königin-Elisabeth-Straße,2851.0
50774,11,3,,2019,12,7,7,3,4,6,0,0,1,0,0,0,0,0,"798141,409","5835428,657","13,40181","52,58696",3020209.0,Niederschönhausen,4674.0
50775,11,3,,2019,5,13,4,3,5,2,0,0,1,0,0,0,1,0,"799122,8826","5832333,516","13,41346","52,55867",3040818.0,Pankow Süd,4865.0
50776,11,7,,2019,4,13,4,3,3,6,0,0,1,0,0,1,0,0,"799325,1052","5821562,99","13,40675","52,46202",7040405.0,Rathaus Tempelhof,4737.0
50777,11,12,,2019,11,14,1,3,2,6,0,0,1,0,0,0,0,0,"787549,6002","5837851,569","13,24801","52,61438",12224230.0,Heiligensee,2382.0
50778,11,7,,2019,5,15,4,2,9,1,0,0,0,0,1,0,0,0,"799594,566","5821357,214","13,41052","52,46003",7040405.0,Rathaus Tempelhof,4737.0
50779,11,7,,2019,11,13,7,2,0,1,0,0,0,0,1,0,0,1,"797691,1569","5822311,706","13,38343","52,46963",7040403.0,Manteuffelstraße,4339.0
50780,11,9,,2019,7,0,7,2,5,3,2,1,0,0,1,0,0,0,"806605,4902","5821130,875","13,51318","52,45411",9020601.0,Schnellerstraße,6235.0
50781,11,12,,2019,4,14,4,3,0,2,0,1,0,0,0,0,1,0,"795766,7536","5832692,731","13,36442","52,56373",12103219.0,Schäfersee,4067.0
50782,11,4,,2019,10,13,2,3,2,6,0,1,1,0,0,0,0,0,"791378,094","5826534,643","13,29446","52,51089",4030417.0,Schloßstraße,3051.0
50783,11,4,,2019,9,15,2,3,4,1,0,0,1,0,0,0,0,1,"789057,543","5826144,105","13,26002","52,50862",4020311.0,Reichsstraße,2551.0
50785,11,7,,2019,5,7,4,3,5,3,0,1,0,0,0,0,0,0,"798590,7036","5817920,223","13,39271","52,42977",7050502.0,Fritz-Werner-Straße,4428.0
50786,11,1,,2019,7,23,6,2,0,7,2,0,0,0,1,0,1,0,"798678,4684","5827875,934","13,40291","52,51896",1011303.0,Alexanderplatzviertel,4654.0
50787,11,1,,2019,4,15,4,3,2,6,0,0,1,0,0,0,1,0,"796695,7199","5826198,656","13,37228","52,50501",1011105.0,Nördlicher Landwehrkanal,4150.0
50788,11,3,,2019,6,14,2,2,0,3,0,0,0,0,1,1,0,0,"797957,0005","5834563,755","13,39831","52,5793",3020209.0,Niederschönhausen,4571.0
50789,11,2,,2019,9,9,2,3,2,6,0,0,1,0,0,0,0,1,"797886,552","5825489,672","13,38914","52,49801",2010101.0,Askanischer Platz,4448.0
50790,11,1,,2019,12,19,2,3,5,3,2,1,1,0,0,0,0,1,"798831,5822","5827234,522","13,40459","52,51313",1011204.0,Leipziger Straße,4652.0
50791,11,2,,2019,5,9,4,3,5,2,0,1,0,0,0,0,1,0,"802178,5289","5827741,531","13,45422","52,51583",2050602.0,Samariterviertel,5453.0
50792,11,7,,2019,7,12,6,3,1,5,0,0,1,0,0,0,1,0,"797815,411","5823023,164","13,38589","52,47594",7040401.0,Neu-Tempelhof,4341.0
50793,11,4,,2019,4,17,3,3,3,6,0,0,1,0,1,0,0,0,"792573,3053","5826713,954","13,31217","52,51186",4030622.0,Richard-Wagner-Straße,3252.0
50794,11,6,,2019,11,14,3,3,2,6,0,0,1,0,0,0,0,1,"792374,8156","5819694,561","13,3031","52,44903",6030605.0,Botanischer Garten,3133.0
50795,11,1,,2019,11,13,6,2,5,3,0,0,1,0,0,0,0,0,"796343,923","5830077,937","13,37057","52,53997",1033203.0,Humboldthain Nordwest,4160.0
50796,11,4,,2019,7,12,6,3,2,6,0,0,1,0,0,0,0,0,"791831,0613","5826589,522","13,30116","52,51114",4030417.0,Schloßstraße,3152.0
50797,11,4,,2019,4,21,3,3,2,6,2,0,1,0,0,0,0,0,"794498,6583","5823072,204","13,33724","52,47817",7030301.0,Friedenau,3642.0
50798,11,6,,2019,10,15,2,3,5,7,0,0,1,0,0,0,0,0,"793108,744","5820189,965","13,31431","52,45308",6010101.0,Fichtenberg,3335.0
50799,11,9,,2019,9,8,2,3,3,6,0,0,1,0,0,0,1,1,"802776,3895","5825334,796","13,46081","52,49393",9010101.0,Elsenstraße,5546.0
50801,11,4,,2019,5,7,4,2,5,7,0,0,1,0,1,0,0,0,"786958,6726","5825809,561","13,22889","52,50673",4020208.0,Kranzallee,2050.0
50802,11,4,,2019,7,18,6,3,2,6,0,0,1,0,0,0,0,0,"786783,0131","5825842,369","13,22634","52,50712",4020208.0,Kranzallee,2050.0
50803,11,11,,2019,4,20,3,3,1,5,2,0,1,0,1,0,0,0,"804015,2677","5827555,826","13,48103","52,51314",11030721.0,Rüdigerstraße,5852.0
50804,11,2,,2019,11,21,4,3,3,6,2,0,1,0,0,0,1,0,"801127,5477","5827835,843","13,43886","52,51726",2040502.0,Friedenstraße,5153.0
50805,11,4,,2019,6,13,4,3,5,2,0,0,1,0,0,0,0,0,"790257,3477","5826350,577","13,27783","52,50984",4020311.0,Reichsstraße,2751.0
50806,11,7,,2019,9,14,2,3,2,6,0,0,1,0,1,0,0,1,"798224,539","5818774,69","13,38811","52,43763",7050502.0,Fritz-Werner-Straße,4430.0
50807,11,4,,2019,12,17,2,3,2,6,2,0,1,0,0,0,0,1,"792128,2643","5823765,982","13,30305","52,48567",4041239.0,Stadion Wilmersdorf,3144.0
50808,11,1,,2019,7,20,6,3,0,1,1,0,0,0,0,0,1,0,"799322,0871","5827972,354","13,41246","52,51947",1011303.0,Alexanderplatzviertel,4754.0
50809,11,9,,2019,10,18,4,3,2,6,2,0,1,0,0,0,0,0,"803738,5056","5820195,2","13,47026","52,44733",9010302.0,Späthsfelde,5633.0
50810,11,2,,2019,9,0,1,3,9,1,2,0,1,0,0,0,0,0,"802054,3155","5828002,373","13,45263","52,51824",2050602.0,Samariterviertel,5354.0
50811,11,4,,2019,7,9,6,3,2,6,0,0,1,0,0,0,0,0,"790611,3276","5828778,001","13,28515","52,53141",4010101.0,Jungfernheide,2857.0
50812,11,3,,2019,4,19,3,3,5,3,0,0,1,0,0,0,0,0,"802807,7368","5832172,436","13,4675","52,55519",3050920.0,Weißer See,5664.0
50813,11,5,,2019,10,11,3,3,2,6,0,0,1,0,0,0,0,1,"783497,6986","5826692,429","13,17879","52,51646",5020524.0,Weinmeisterhornweg,1353.0
50814,11,7,,2019,9,4,1,3,1,1,0,0,1,0,0,0,0,0,"798755,3482","5817463,518","13,39472","52,42559",7050506.0,Birnhornweg,4526.0
50816,11,4,,2019,5,8,4,3,8,1,0,0,0,0,1,0,0,0,"791555,1596","5829121,317","13,29932","52,53398",4010103.0,Paul-Hertz-Siedlung,3158.0
50817,11,2,,2019,7,2,6,3,3,6,2,0,0,0,0,0,1,0,"801877,7814","5827775,571","13,44983","52,5163",2040503.0,Richard-Sorge-Viertel,5353.0
50818,11,4,,2019,4,18,3,3,5,3,0,1,1,0,0,0,0,0,"792758,2877","5826766,69","13,31494","52,51223",4030622.0,Richard-Wagner-Straße,3352.0
50819,11,1,,2019,11,4,7,3,0,3,2,0,0,0,0,0,1,1,"799190,2375","5828394,367","13,4109","52,52333",1011303.0,Alexanderplatzviertel,4755.0
50820,11,1,,2019,5,9,3,3,5,2,0,1,1,0,0,0,0,0,"796184,661","5830195,038","13,36834","52,54111",1033203.0,Humboldthain Nordwest,4160.0
50821,11,2,,2019,12,7,3,3,5,2,1,1,1,0,0,0,0,0,"802590,2623","5827701,719","13,46023","52,51524",2050602.0,Samariterviertel,5453.0
50822,11,10,,2019,7,11,5,3,5,3,0,0,1,0,0,0,1,0,"808903,356","5833412,582","13,55828","52,56289",10010204.0,Wuhletalstraße,6967.0
50823,11,9,,2019,4,17,3,3,4,7,0,1,1,0,0,0,0,0,"802819,2752","5825432,068","13,46153","52,49477",9010101.0,Elsenstraße,5547.0
50824,11,2,,2019,10,11,6,3,5,2,0,1,0,0,0,0,1,0,"802144,1501","5827755,655","13,45373","52,51598",2050602.0,Samariterviertel,5453.0
50825,11,2,,2019,9,20,7,2,6,4,2,0,1,1,0,0,0,0,"802567,4021","5827688,131","13,45988","52,51514",2050602.0,Samariterviertel,5453.0
50826,11,4,,2019,7,23,5,2,3,1,2,0,1,0,0,0,0,0,"792233,6238","5829352,6","13,3095","52,53569",4010102.0,Plötzensee,3259.0
50827,11,3,,2019,4,7,3,3,5,2,0,1,1,0,0,0,0,0,"798001,1958","5833659,639","13,39815","52,57118",3040513.0,Schönholz,4569.0
50828,11,1,,2019,10,9,3,3,5,2,0,1,1,0,0,0,0,1,"799595,725","5828279,342","13,41676","52,52208",1011303.0,Alexanderplatzviertel,4855.0
50829,11,4,,2019,6,18,4,3,2,6,0,0,1,0,0,0,0,0,"790620,6013","5827200,323","13,28391","52,51726",4020313.0,Königin-Elisabeth-Straße,2853.0
50830,11,7,,2019,9,12,7,3,3,6,0,0,1,0,0,0,0,0,"794723,4767","5823149,647","13,34061","52,47875",7020202.0,Volkspark (Rudolf-Wilde-Park),3742.0
50831,11,1,,2019,12,16,2,3,6,2,2,0,1,1,0,0,0,0,"796042,4921","5831349,744","13,36727","52,55154",1044201.0,Reinickendorfer Straße,4163.0
50832,11,1,,2019,5,8,3,3,5,2,0,1,0,0,0,1,0,0,"796184,661","5830195,038","13,36834","52,54111",1033203.0,Humboldthain Nordwest,4160.0
50833,11,2,,2019,4,17,3,2,6,4,0,1,0,1,0,0,0,0,"800961,2254","5827853,204","13,43644","52,5175",2040701.0,Andreasviertel,5153.0
50834,11,6,,2019,11,10,7,3,0,2,0,1,1,0,0,0,0,1,"791021,6546","5818794,891","13,28246","52,44169",6030503.0,Zehlendorf Mitte,2831.0
50835,11,1,,2019,5,8,3,3,2,2,0,1,0,0,0,0,1,0,"799571,012","5828269,929","13,41638","52,522",1011303.0,Alexanderplatzviertel,4855.0
50836,11,7,,2019,11,17,4,3,2,6,2,0,1,0,0,0,0,1,"797378,7454","5822327,423","13,37886","52,46994",7040403.0,Manteuffelstraße,4239.0
50837,11,3,,2019,7,16,5,3,3,6,0,1,1,0,0,0,0,0,"801584,3731","5829015,065","13,44665","52,52757",3061435.0,Conrad-Blenkle-Straße,5256.0
50838,11,7,,2019,4,17,3,3,5,2,0,0,1,0,1,0,0,0,"795640,0762","5823234,294","13,35415","52,47901",7030303.0,Grazer Platz,3942.0
50839,11,12,,2019,10,9,6,3,5,3,0,0,1,0,1,0,0,0,"792376,7482","5837733,564","13,319","52,61075",12301205.0,Waidmannslust,3381.0
50840,11,7,,2019,9,12,7,3,5,3,0,0,1,0,1,0,0,0,"796007,2839","5824868,098","13,36099","52,49346",7010104.0,Dennewitzplatz,4046.0
50842,11,1,,2019,5,17,3,3,6,4,0,1,1,1,0,0,0,0,"795944,3302","5831686,674","13,36613","52,55461",1044203.0,Leopoldplatz,4064.0
50843,11,3,,2019,7,13,5,3,2,6,0,0,1,0,0,0,0,0,"798390,5097","5833450,388","13,40369","52,56909",3040614.0,Pankow Zentrum,4668.0
50844,11,7,,2019,4,12,2,3,5,2,0,0,1,0,0,0,0,0,"797869,6447","5820429,477","13,38438","52,45266",7050501.0,Rathausstraße,4334.0
50845,11,5,,2019,6,12,7,3,4,6,0,1,0,0,0,0,0,0,"781147,7721","5823608,577","13,14164","52,49002",5040935.0,Groß-Glienicker Weg,745.0
50846,11,2,,2019,9,11,7,3,2,6,0,0,1,0,0,0,0,0,"797761,1633","5824670,24","13,38657","52,49073",2020203.0,Viktoriapark,4446.0
50847,11,7,,2019,12,3,1,3,5,3,2,0,1,0,0,0,0,1,"797832,7128","5822294,185","13,3855","52,46939",7040403.0,Manteuffelstraße,4339.0
50848,11,3,,2019,5,11,3,2,0,2,0,0,1,0,1,0,0,0,"799982,3608","5830224,387","13,42419","52,5393",3061332.0,Helmholtzplatz,4960.0
50849,11,7,,2019,7,8,5,3,2,2,0,1,1,0,0,0,0,0,"795230,4544","5823534,838","13,3484","52,48193",7020202.0,Volkspark (Rudolf-Wilde-Park),3843.0
50850,11,12,,2019,11,0,1,2,1,1,2,0,1,0,0,0,0,1,"795706,4796","5832855,902","13,36368","52,56522",12103219.0,Schäfersee,4067.0
50851,11,2,,2019,7,6,5,3,5,2,0,0,1,0,0,0,0,0,"802147,0322","5827743,728","13,45376","52,51587",2050602.0,Samariterviertel,5453.0
50852,11,12,,2019,4,22,2,3,0,3,2,0,1,0,1,0,0,0,"795712,6231","5832840,06","13,36375","52,56508",12103219.0,Schäfersee,4067.0
50853,11,7,,2019,10,13,7,3,5,3,0,1,1,0,0,0,0,0,"798153,95","5819054,333","13,38732","52,44017",7050502.0,Fritz-Werner-Straße,4431.0
50854,11,4,,2019,9,20,6,3,0,1,2,1,1,0,0,0,0,0,"790860,6487","5826431,28","13,28676","52,51024",4030417.0,Schloßstraße,2951.0
50856,11,7,,2019,5,10,2,2,0,7,0,1,0,0,0,0,0,0,"796423,8577","5815399,872","13,3587","52,40836",7060604.0,Marienfelde Süd,3921.0
50857,11,12,,2019,7,17,4,3,1,5,0,1,1,0,0,0,0,0,"795413,5367","5833583,149","13,36001","52,5719",12103115.0,Breitkopfbecken,4069.0
50858,11,1,,2019,4,18,2,3,0,5,0,1,0,0,0,0,1,0,"798902,6546","5828084,716","13,4064","52,52071",1011303.0,Alexanderplatzviertel,4654.0
50859,11,5,,2019,11,17,3,1,6,4,1,0,1,1,0,0,1,1,"785375,0764","5826217,721","13,20597","52,51122",5020629.0,Börnicker Straße,1752.0
50860,11,1,,2019,6,11,3,3,5,2,0,1,1,0,0,0,0,0,"799761,8956","5828627,234","13,41951","52,5251",1011303.0,Alexanderplatzviertel,4856.0
50861,11,6,,2019,9,6,6,3,3,6,0,0,1,0,0,0,0,0,"785936,5173","5819063,562","13,20809","52,44678",6040703.0,Nikolassee,1733.0
50862,11,4,,2019,12,18,6,2,2,6,2,0,1,0,0,0,0,1,"790481,002","5828459,686","13,28296","52,52862",4020310.0,Park Ruhwald,2857.0
50863,11,2,,2019,7,15,4,3,0,1,0,1,0,0,0,0,0,0,"802030,3993","5828104,722","13,45237","52,51917",2050601.0,Hausburgviertel,5354.0
50864,11,9,,2019,10,13,3,3,2,6,0,0,1,0,0,0,0,0,"806635,9127","5821121,058","13,51361","52,45401",9020601.0,Schnellerstraße,6235.0
50865,11,4,,2019,9,13,6,3,3,6,0,0,1,0,0,0,1,0,"790463,3745","5825454,988","13,28007","52,5017",4020314.0,Messegelände,2849.0
50866,11,12,,2019,6,15,7,3,2,6,0,0,1,0,0,0,0,0,"792033,1386","5831711,134","13,30863","52,55694",12214125.0,Waldidyll/Flughafensee,3265.0
50867,11,12,,2019,9,13,6,3,0,6,0,0,0,0,0,0,1,0,"791557,862","5830732,139","13,30078","52,54842",4010101.0,Jungfernheide,3162.0
50868,11,12,,2019,12,13,2,3,3,6,0,0,1,0,0,1,0,0,"795749,2545","5832703,992","13,36417","52,56384",12103219.0,Schäfersee,4067.0