OBJECTID,LAND,BEZ,LOR_ab_2021,UJAHR,UMONAT,USTUNDE,UWOCHENTAG,UKATEGORIE,UART,UTYP1,ULICHTVERH,IstRad,IstPKW,IstFuss,IstKrad,IstGkfz,IstSonstige,USTRZUSTAND,LINREFX,LINREFY,XGCSWGS84,YGCSWGS84,LOR,STRASSE,quadrant
50869,11,2,,2019,5,9,2,3,3,6,0,1,1,0,0,0,0,0,"797758,56","5824138,596","13,38606","52,48596",2020203.0,Viktoriapark,4344.0
50870,11,3,,2019,7,19,4,2,2,7,0,0,1,0,0,0,0,0,"801220,0704","5837679,906","13,44916","52,60544",3020307.0,Buchholz,5379.0
50871,11,5,,2019,4,15,2,3,0,7,0,0,1,0,0,0,1,0,"783319,4461","5826476,398","13,17598","52,51461",5020524.0,Weinmeisterhornweg,1253.0
50872,11,7,,2019,11,12,2,3,0,6,0,0,1,0,1,0,0,1,"798192,196","5818900,192","13,38774","52,43877",7050502.0,Fritz-Werner-Straße,4430.0
50873,11,7,,2019,7,7,4,3,2,6,0,0,1,0,0,0,1,0,"798084,3215","5819322,401","13,38654","52,44262",7050501.0,Rathausstraße,4431.0
50874,11,4,,2019,4,8,2,3,5,2,0,1,1,0,0,0,0,0,"791173,6869","5826482,474","13,29141","52,51053",4030417.0,Schloßstraße,2951.0
50875,11,7,,2019,10,17,1,3,0,7,0,1,1,0,0,0,0,0,"797871,8593","5821606,167","13,38546","52,4632",7040403.0,Manteuffelstraße,4337.0
50876,11,12,,2019,9,12,6,3,6,7,0,0,0,1,0,1,0,0,"795493,1487","5833372,01","13,361","52,56997",12103115.0,Breitkopfbecken,4069.0
50878,11,4,,2019,5,15,1,3,6,4,0,1,0,1,0,0,0,0,"792766,7518","5826768,126","13,31506","52,51224",4030623.0,Ernst-Reuter-Platz,3352.0
50879,11,4,,2019,7,15,4,3,2,6,0,0,1,0,0,1,0,0,"793199,5736","5823013,942","13,31812","52,47835",4051551.0,Brabanter Platz,3342.0
50880,11,2,,2019,4,8,2,3,5,3,0,1,1,0,0,0,0,0,"803308,6414","5827628,703","13,47072","52,51419",2050602.0,Samariterviertel,5652.0
50881,11,3,,2019,11,22,3,3,0,3,2,1,1,0,0,0,0,1,"798165,6982","5836121,947","13,40279","52,59316",3020209.0,Niederschönhausen,4675.0
50882,11,3,,2019,6,7,4,2,5,3,0,1,0,0,0,0,0,0,"799162,7604","5830629,884","13,41251","52,54338",3061131.0,Falkplatz,4761.0
50883,11,4,,2019,9,12,6,3,2,6,0,0,1,0,0,0,0,0,"790561,4154","5825168,888","13,28126","52,49908",4041133.0,Güterbahnhof Grunewald,2848.0
50884,11,2,,2019,12,13,7,3,1,5,0,1,1,0,0,0,1,0,"802041,4204","5827052,417","13,45158","52,50973",2050802.0,Boxhagener Platz,5351.0
50885,11,9,,2019,7,16,4,3,5,2,0,0,1,0,0,0,0,0,"803117,5809","5824546,014","13,46511","52,48667",9010201.0,Am Treptower Park Süd,5544.0
50886,11,12,,2019,10,9,4,3,3,6,0,0,1,0,0,0,0,0,"795438,7631","5833516,538","13,36033","52,57129",12103115.0,Breitkopfbecken,4069.0
50887,11,7,,2019,9,15,6,3,8,7,0,0,1,0,0,0,0,0,"796604,0224","5816011,462","13,36189","52,41374",7060601.0,Marienfelder Allee Nordwest,4023.0
50888,11,7,,2019,7,14,4,3,3,6,0,0,1,0,1,0,1,0,"797780,0198","5823444,981","13,38575","52,47974",7040401.0,Neu-Tempelhof,4342.0
50889,11,12,,2019,4,0,1,3,5,2,2,1,1,0,0,0,0,0,"792728,4084","5837423,794","13,3239","52,60778",12302212.0,Rollbergesiedlung,3480.0
50890,11,4,,2019,10,0,3,3,5,2,2,0,1,0,0,0,0,0,"791027,762","5826458,485","13,28924","52,51039",4030417.0,Schloßstraße,2951.0
50891,11,4,,2019,6,13,2,3,2,6,0,0,1,0,0,1,0,0,"790539,5092","5825848,345","13,28153","52,50518",4020314.0,Messegelände,2850.0
50892,11,11,,2019,9,20,5,3,5,2,2,1,1,0,0,0,0,0,"804870,077","5827449,155","13,49349","52,51171",11030721.0,Rüdigerstraße,5952.0
50894,11,10,,2019,5,2,1,3,6,4,2,0,0,1,0,0,1,0,"808704,0049","5832916,884","13,55489","52,55856",10010204.0,Wuhletalstraße,6965.0
50895,11,10,,2019,7,19,4,3,2,6,0,0,1,0,0,0,0,0,"809474,7248","5827395,029","13,56108","52,50863",10030726.0,Alt-Biesdorf,6951.0
50896,11,4,,2019,4,13,7,3,2,6,0,0,1,0,0,0,0,0,"792327,4094","5823539,619","13,30578","52,48353",4041239.0,Stadion Wilmersdorf,3243.0
50897,11,5,,2019,11,7,5,2,4,6,1,1,0,0,0,0,0,0,"780347,0074","5822457,689","13,12891","52,48011",5040936.0,Jägerallee,542.0
50898,11,4,,2019,5,17,1,3,2,6,0,0,1,0,0,0,0,0,"791279,7996","5829931,119","13,29599","52,54139",4010101.0,Jungfernheide,3060.0
50899,11,4,,2019,12,16,3,3,5,2,2,1,1,0,0,0,0,1,"791031,9133","5826459,167","13,2893","52,5104",4030417.0,Schloßstraße,2951.0
50900,11,2,,2019,7,20,3,3,2,6,0,0,1,0,0,0,1,0,"801956,6836","5827767,694","13,45098","52,51619",2040503.0,Richard-Sorge-Viertel,5353.0
50901,11,4,,2019,4,1,7,3,5,3,2,0,1,0,0,0,0,0,"791859,781","5826594,454","13,30159","52,51117",4030417.0,Schloßstraße,3152.0
50902,11,2,,2019,10,8,5,2,0,2,0,1,1,0,0,0,0,1,"802589,2812","5827701,822","13,46022","52,51525",2050602.0,Samariterviertel,5453.0
50903,11,3,,2019,9,6,5,3,5,2,1,1,0,0,0,1,0,0,"799197,1656","5831456,209","13,41376","52,55077",3061126.0,Arnimplatz,4863.0
50905,11,3,,2019,7,18,3,3,1,5,0,1,1,0,0,0,1,0,"799244,8305","5830348,479","13,41346","52,54081",3061332.0,Helmholtzplatz,4860.0
50906,11,2,,2019,4,0,7,3,6,4,2,0,1,1,0,0,0,0,"802586,285","5827702,138","13,46017","52,51525",2050602.0,Samariterviertel,5453.0
50907,11,4,,2019,9,17,2,3,8,1,0,0,1,0,0,0,0,1,"792467,4451","5822711,22","13,30711","52,47603",4041342.0,Schlangenbader Straße,3241.0
50908,11,2,,2019,6,5,4,3,2,6,0,0,1,0,0,0,0,0,"801554,8479","5827808,342","13,44512","52,51677",2040503.0,Richard-Sorge-Viertel,5253.0
50909,11,4,,2019,9,11,5,3,5,2,0,1,1,0,0,0,0,0,"791025,9514","5826476,846","13,28923","52,51056",4030417.0,Schloßstraße,2951.0
50910,11,1,,2019,12,17,6,3,2,6,2,1,0,0,0,0,0,0,"800161,2148","5828007,345","13,42482","52,51933",1011304.0,Karl-Marx-Allee,4954.0
50911,11,4,,2019,5,0,1,3,0,1,2,1,0,0,0,0,0,0,"790487,1164","5826370,173","13,28122","52,50989",4020313.0,Königin-Elisabeth-Straße,2851.0
50912,11,12,,2019,7,16,3,3,5,3,0,1,1,0,0,0,0,0,"794405,1736","5834451,556","13,34595","52,58023",12103218.0,Teichstraße,3772.0
50913,11,2,,2019,4,11,7,2,5,3,0,0,1,0,0,0,1,0,"802179,9971","5827734,048","13,45423","52,51576",2050602.0,Samariterviertel,5453.0
50914,11,2,,2019,11,9,6,3,6,7,0,1,0,1,0,0,0,0,"802971,6255","5827662,934","13,4658","52,51469",2050602.0,Samariterviertel,5553.0
50915,11,1,,2019,9,6,5,3,5,2,0,1,1,0,0,0,0,1,"796552,0495","5826607,731","13,37054","52,50875",1011105.0,Nördlicher Landwehrkanal,4151.0
50916,11,3,,2019,11,16,3,3,2,2,2,0,1,0,0,0,0,0,"799994,5511","5830220,96","13,42437","52,53926",3061332.0,Helmholtzplatz,4960.0
50917,11,12,,2019,7,14,3,3,5,3,0,0,1,0,0,0,0,0,"794097,8371","5835017,603","13,34193","52,58547",12301203.0,Wittenau Süd,3773.0
50918,11,3,,2019,4,15,6,3,5,2,0,0,1,0,0,0,1,0,"799144,6965","5832234,253","13,41369","52,55777",3040818.0,Pankow Süd,4865.0
50919,11,1,,2019,10,17,5,3,6,4,0,1,0,1,0,0,0,0,"796020,6913","5827317,977","13,36336","52,51541",1011102.0,Großer Tiergarten,4053.0
50920,11,9,,2019,9,16,4,3,6,7,0,0,0,1,0,0,1,0,"802700,4524","5825200,286","13,45958","52,49276",9010102.0,Am Treptower Park Nord,5446.0
50922,11,1,,2019,5,11,7,3,5,3,0,0,1,0,1,0,0,0,"795878,9912","5832057,624","13,3655","52,55797",1044102.0,Schillerpark,4065.0
50923,11,12,,2019,7,14,3,3,6,4,0,1,0,1,0,0,0,0,"795607,1064","5833078,747","13,36241","52,56727",12103219.0,Schäfersee,4068.0
50924,11,10,,2019,4,9,6,3,1,6,0,0,1,0,0,0,1,0,"807658,4255","5830125,927","13,53693","52,53414",10010309.0,Springpfuhl,6658.0
50925,11,12,,2019,6,11,6,3,2,6,0,0,1,0,0,0,1,0,"794004,7104","5835187,84","13,34071","52,58705",12301203.0,Wittenau Süd,3774.0
50926,11,7,,2019,9,10,4,3,2,6,0,0,1,0,0,0,0,0,"798532,6026","5822076,619","13,39558","52,46706",7040405.0,Rathaus Tempelhof,4539.0
50927,11,6,,2019,12,17,6,3,0,2,2,1,1,0,0,0,0,0,"783380,8229","5815986,783","13,16797","52,42053",6040701.0,Wannsee,1125.0
50928,11,3,,2019,5,11,7,3,6,6,0,1,0,1,0,0,0,0,"799105,4928","5832323,698","13,41319","52,5586",3040818.0,Pankow Süd,4765.0
50929,11,3,,2019,7,12,3,3,3,6,0,1,1,0,0,0,0,0,"802026,3459","5831470,094","13,45537","52,54933",3050925.0,Komponistenviertel Weißensee,5463.0
50930,11,12,,2019,11,0,7,3,3,2,2,0,1,0,0,0,0,1,"794573,0263","5833797,856","13,34784","52,57428",12103218.0,Teichstraße,3870.0
50931,11,1,,2019,7,7,3,2,6,4,0,0,0,1,0,1,0,0,"798299,4167","5827699,107","13,39719","52,51758",1011202.0,Unter den Linden Nord,4553.0
50932,11,9,,2019,4,12,6,3,2,2,0,0,1,0,0,0,0,0,"804106,561","5824366,79","13,47946","52,48451",9010202.0,Köpenicker Landstraße,5744.0
50933,11,3,,2019,10,7,6,3,0,7,0,0,1,0,0,0,1,0,"799610,712","5840103,442","13,42766","52,62805",3010104.0,Lietzengraben,5086.0
50934,11,2,,2019,9,9,4,3,1,5,0,0,1,0,1,0,0,0,"802952,9476","5827648,731","13,46551","52,51457",2050602.0,Samariterviertel,5553.0
50936,11,1,,2019,5,3,7,3,2,6,2,1,1,0,0,0,0,0,"795936,0764","5831656,853","13,36598","52,55435",1044203.0,Leopoldplatz,4064.0
50937,11,9,,2019,7,10,3,3,0,1,0,1,0,0,0,0,0,0,"805389,6535","5822331,019","13,49644","52,46555",9020601.0,Schnellerstraße,6038.0
50938,11,3,,2019,4,23,6,3,1,5,2,1,1,0,0,0,1,0,"800191,5136","5829229,626","13,42637","52,53027",3071639.0,Bötzowstraße,4957.0
50939,11,3,,2019,11,14,2,3,1,5,0,1,1,0,0,0,0,1,"799476,782","5830320,663","13,41685","52,54044",3061332.0,Helmholtzplatz,4860.0
50940,11,12,,2019,6,6,3,3,2,6,0,0,1,0,0,0,0,0,"790265,2677","5835720,574","13,28614","52,59383",12304314.0,Ziekowstraße/Freie Scholle,2976.0
50941,11,12,,2019,9,14,4,3,5,2,0,1,1,0,0,0,0,1,"795741,5325","5832766,011","13,36411","52,5644",12103219.0,Schäfersee,4067.0
50942,11,3,,2019,12,15,6,3,1,5,1,1,1,0,0,0,1,1,"800243,1284","5829312,09","13,4272","52,53098",3071639.0,Bötzowstraße,5057.0
50943,11,1,,2019,7,16,3,3,0,4,0,1,0,1,0,0,0,0,"795880,5776","5832049,104","13,36552","52,5579",1044102.0,Schillerpark,4065.0
50944,11,3,,2019,4,16,6,3,5,3,0,1,1,0,0,0,0,0,"800081,8883","5832712,619","13,4279","52,56154",3040818.0,Pankow Süd,5066.0
50945,11,1,,2019,10,11,2,3,3,6,0,0,1,0,1,0,0,0,"797771,0665","5826852,17","13,38867","52,51028",1011204.0,Leipziger Straße,4451.0
50946,11,6,,2019,9,14,3,2,0,1,0,0,0,0,1,0,0,0,"794283,8942","5821479,34","13,33269","52,46401",6010209.0,Feuerbachstraße,3638.0
50947,11,4,,2019,7,10,3,3,2,6,0,0,1,0,0,0,0,0,"790469,0215","5828470,112","13,28279","52,52872",4020310.0,Park Ruhwald,2857.0
50948,11,3,,2019,4,7,6,3,2,6,0,0,1,0,0,0,0,0,"800254,4103","5831890,385","13,4297","52,55408",3050923.0,Weißenseer Spitze,5064.0
50949,11,1,,2019,10,20,7,3,5,3,2,1,0,0,0,0,1,0,"795877,1449","5832069,085","13,36548","52,55808",1044102.0,Schillerpark,4065.0
50950,11,2,,2019,6,7,7,3,5,2,0,0,1,0,0,0,0,0,"802580,986","5827686,767","13,46008","52,51512",2050602.0,Samariterviertel,5453.0
50951,11,6,,2019,9,17,3,3,5,2,0,1,1,0,0,0,0,0,"784010,9845","5815896,449","13,17714","52,41939",6040701.0,Wannsee,1225.0
50953,11,2,,2019,5,14,7,2,6,4,0,0,1,1,0,0,0,0,"797848,3604","5825020,28","13,38816","52,49382",2020202.0,Rathaus Yorckstraße,4446.0
50954,11,10,,2019,4,9,5,2,5,3,0,0,1,0,0,0,1,0,"808896,7093","5833396,48","13,55817","52,56274",10010204.0,Wuhletalstraße,6967.0
50955,11,9,,2019,11,16,3,2,4,6,1,1,0,0,0,0,0,0,"802744,1203","5825182,787","13,4602","52,49258",9010102.0,Am Treptower Park Nord,5446.0
50956,11,3,,2019,5,23,6,3,5,3,2,1,1,0,0,0,0,0,"799218,3272","5832063,732","13,41462","52,5562",3061126.0,Arnimplatz,4865.0
50957,11,7,,2019,12,3,1,3,3,6,2,0,1,0,0,0,0,0,"795427,1164","5823727,647","13,35146","52,48355",7020203.0,Kaiser-Wilhelm-Platz,3843.0
50958,11,3,,2019,7,8,3,3,2,6,0,0,1,0,0,1,0,0,"797987,5594","5834232,537","13,39847","52,57632",3020209.0,Niederschönhausen,4571.0
50959,11,7,,2019,4,8,5,3,2,6,0,0,1,0,0,0,0,0,"795882,5403","5822666,93","13,3572","52,47379",7030303.0,Grazer Platz,3941.0
50960,11,7,,2019,10,17,3,2,1,5,1,1,1,0,0,0,0,0,"795777,942","5824124,054","13,35696","52,48691",7020203.0,Kaiser-Wilhelm-Platz,3944.0
50961,11,12,,2019,9,17,3,3,9,1,0,0,1,0,0,0,0,0,"791725,7868","5831080,545","13,30355","52,55145",12214125.0,Waldidyll/Flughafensee,3163.0
50963,11,3,,2019,7,8,3,3,1,5,0,1,1,0,0,0,0,0,"799410,266","5830311,447","13,41586","52,54039",3061332.0,Helmholtzplatz,4860.0
50964,11,12,,2019,4,17,5,2,6,2,0,0,1,1,0,0,0,0,"794572,1608","5833819,002","13,34784","52,57447",12103218.0,Teichstraße,3870.0
50965,11,7,,2019,9,14,7,3,2,6,0,0,1,0,0,0,0,0,"795779,9387","5822653,883","13,35568","52,47373",7030303.0,Grazer Platz,3941.0
50966,11,7,,2019,6,7,3,2,0,1,0,0,0,0,1,0,0,0,"798507,0583","5822075,571","13,3952","52,46706",7040405.0,Rathaus Tempelhof,4539.0
50967,11,3,,2019,9,9,3,3,5,2,0,1,0,0,1,0,0,0,"797964,7404","5834379,815","13,39826","52,57765",3020209.0,Niederschönhausen,4571.0
50968,11,7,,2019,12,15,4,3,2,6,1,0,0,0,1,0,1,0,"796527,0164","5822534,852","13,36655","52,47226",7040402.0,Lindenhofsiedlung,4140.0
50969,11,2,,2019,5,19,6,2,6,4,0,0,1,1,0,0,0,0,"801720,0235","5827775,407","13,44751","52,51639",2040503.0,Richard-Sorge-Viertel,5353.0
50970,11,2,,2019,7,8,3,3,2,6,0,0,1,0,0,0,0,0,"802402,8225","5827721,977","13,4575","52,51553",2050602.0,Samariterviertel,5453.0
50971,11,2,,2019,7,19,3,3,3,6,0,0,1,0,0,0,0,0,"802240,8521","5827722,524","13,45512","52,51562",2050602.0,Samariterviertel,5453.0
50972,11,7,,2019,4,17,5,3,6,4,0,0,1,1,0,0,0,0,"797488,4024","5818027,404","13,37664","52,43133",7050502.0,Fritz-Werner-Straße,4228.0
50973,11,4,,2019,10,16,1,3,0,1,0,0,1,0,0,0,0,0,"791606,3029","5824315,24","13,29587","52,49087",4041137.0,Flinsberger Platz,3046.0
50974,11,3,,2019,6,17,1,3,1,5,0,1,1,0,0,0,0,0,"798036,6879","5833871,054","13,39886","52,57305",3040513.0,Schönholz,4570.0
50975,11,2,,2019,9,9,3,3,5,2,0,1,1,0,0,0,0,0,"802087,2624","5827268,67","13,45245","52,51164",2050802.0,Boxhagener Platz,5352.0
50977,11,12,,2019,5,11,6,3,2,6,0,0,1,0,0,0,0,0,"790734,878","5834804,238","13,29224","52,58537",12214527.0,Alt-Tegel,3073.0
50978,11,1,,2019,4,10,4,3,3,6,0,0,1,0,0,0,0,0,"796158,5013","5825729,913","13,36398","52,5011",1011104.0,Körnerstraße,4049.0
50979,11,4,,2019,11,18,4,3,2,6,2,0,1,0,0,0,0,0,"790538,8206","5825782,939","13,28147","52,5046",4020314.0,Messegelände,2850.0
50980,11,3,,2019,5,7,6,2,6,4,0,0,1,1,0,0,0,0,"798121,7316","5835643,263","13,40171","52,58889",3020209.0,Niederschönhausen,4674.0
50981,11,11,,2019,12,18,2,2,6,4,2,0,1,1,0,0,0,1,"804235,3995","5827533,243","13,48425","52,51282",11030721.0,Rüdigerstraße,5852.0
50982,11,12,,2019,7,16,2,3,5,2,0,1,1,0,0,0,0,1,"795766,1555","5832696,099","13,36441","52,56376",12103219.0,Schäfersee,4067.0
50983,11,1,,2019,4,13,4,3,3,6,0,0,0,0,1,0,1,0,"796257,1944","5829008,332","13,36834","52,53043",1022202.0,Heidestraße,4157.0
50984,11,12,,2019,10,9,4,3,0,2,0,0,0,0,1,1,0,0,"794482,8079","5834309,75","13,34697","52,57892",12103218.0,Teichstraße,3871.0
50985,11,2,,2019,9,16,3,3,1,5,0,0,1,0,0,0,1,0,"797853,8265","5825034,428","13,38825","52,49394",2020202.0,Rathaus Yorckstraße,4446.0
50987,11,3,,2019,7,16,2,3,2,7,0,0,0,0,1,1,0,1,"799838,101","5839521,122","13,43048","52,6227",3020307.0,Buchholz,5084.0
50988,11,12,,2019,4,11,4,3,0,6,0,1,0,1,0,0,0,0,"792202,123","5837875,658","13,31655","52,61211",12301205.0,Waidmannslust,3381.0
50989,11,4,,2019,9,6,1,2,0,1,1,1,0,0,0,0,0,1,"788602,2287","5826071,415","13,25327","52,50821",4020208.0,Kranzallee,2451.0
50990,11,3,,2019,6,7,3,2,5,2,0,1,1,0,0,0,0,0,"801323,0873","5830980,75","13,44459","52,54534",3061429.0,Greifswalder Straße,5262.0
50991,11,7,,2019,9,10,2,3,6,7,0,0,0,1,1,0,0,0,"797802,7459","5822956,91","13,38565","52,47535",7040401.0,Neu-Tempelhof,4341.0
50992,11,1,,2019,12,8,6,3,3,6,0,0,1,0,0,0,1,0,"797606,9071","5826825,796","13,38623","52,51014",1011201.0,Wilhelmstraße,4351.0
50993,11,10,,2019,5,8,6,2,2,6,0,0,1,0,0,0,0,0,"808656,095","5827443,155","13,5491","52,50953",10030726.0,Alt-Biesdorf,6851.0
50994,11,2,,2019,7,14,2,3,6,4,0,1,0,1,0,0,0,0,"797831,6495","5824972,554","13,38787","52,4934",2020202.0,Rathaus Yorckstraße,4446.0
50995,11,3,,2019,4,10,4,3,5,3,0,1,1,0,0,0,0,0,"799237,0637","5831941,674","13,41478","52,5551",3061126.0,Arnimplatz,4864.0
50996,11,4,,2019,11,21,5,3,5,3,2,0,1,0,0,0,0,1,"791239,7434","5824612,921","13,29074","52,49373",4041134.0,Bismarckallee,2946.0
50997,11,4,,2019,9,20,2,3,5,2,2,0,1,0,1,0,0,0,"790652,9678","5826416,509","13,2837","52,51022",4020313.0,Königin-Elisabeth-Straße,2851.0
50998,11,7,,2019,11,16,2,3,2,6,2,0,1,0,0,0,0,0,"797236,8087","5822344,164","13,37679","52,47016",7040403.0,Manteuffelstraße,4240.0
50999,11,7,,2019,7,19,2,3,2,6,0,0,1,0,0,1,0,0,"797689,97","5818746,418","13,38024","52,43767",7050502.0,Fritz-Werner-Straße,4330.0
51000,11,1,,2019,4,14,4,3,0,4,0,0,0,1,0,0,1,0,"799199,2594","5828376,163","13,41102","52,52316",1011303.0,Alexanderplatzviertel,4755.0
51001,11,3,,2019,10,16,4,3,2,6,0,0,1,0,0,0,0,1,"800266,2406","5831893,351","13,42987","52,5541",3050923.0,Weißenseer Spitze,5064.0
51002,11,2,,2019,9,19,2,3,3,6,1,0,1,0,1,0,0,0,"797907,0808","5825155,662","13,38915","52,495",2020202.0,Rathaus Yorckstraße,4447.0
51004,11,7,,2019,5,13,6,2,0,3,0,0,1,0,0,0,1,0,"796612,5477","5816012,405","13,36201","52,41374",7060601.0,Marienfelder Allee Nordwest,4023.0
51005,11,11,,2019,7,15,2,3,0,2,0,1,1,0,0,0,0,1,"804514,4693","5827504,73","13,48832","52,51241",11030721.0,Rüdigerstraße,5952.0
51006,11,1,,2019,4,8,4,2,1,5,0,1,1,0,0,0,0,0,"798021,4887","5827659,21","13,39307","52,51738",1011202.0,Unter den Linden Nord,4553.0
51007,11,9,,2019,6,15,5,3,2,6,0,0,1,0,0,0,0,0,"806767,8374","5820992,654","13,51543","52,45278",9020601.0,Schnellerstraße,6334.0
51008,11,1,,2019,9,18,2,3,6,4,0,1,0,1,0,0,0,0,"796214,675","5827351,115","13,36624","52,5156",1011102.0,Großer Tiergarten,4153.0
51009,11,1,,2019,12,21,5,3,5,7,2,0,1,0,0,0,0,1,"799103,263","5827687,45","13,40899","52,51704",1011303.0,Alexanderplatzviertel,4753.0
51010,11,3,,2019,5,13,6,3,0,7,0,1,1,0,0,0,0,0,"799804,7982","5830235,664","13,42159","52,5395",3061332.0,Helmholtzplatz,4960.0
51011,11,7,,2019,7,13,2,3,0,1,0,0,1,0,0,0,0,0,"799731,0818","5821397,324","13,41255","52,46031",7040406.0,Germaniagarten,4737.0
51012,11,3,,2019,11,17,6,3,0,6,2,0,1,0,0,0,1,0,"797968,8766","5834464,314","13,3984","52,57841",3020209.0,Niederschönhausen,4571.0
51013,11,4,,2019,7,0,2,3,3,6,2,0,1,0,0,0,0,0,"791183,6949","5829569,331","13,29426","52,5382",4010101.0,Jungfernheide,3059.0
51014,11,10,,2019,9,9,6,2,2,6,0,0,1,0,0,1,0,1,"807863,8575","5827447,254","13,53747","52,51001",11041023.0,Gensinger Straße,6651.0
51015,11,9,,2019,4,21,4,3,5,3,2,1,0,0,0,0,0,0,"802794,659","5825161,934","13,46093","52,49237",9010102.0,Am Treptower Park Nord,5546.0
51016,11,7,,2019,10,17,5,3,2,6,0,0,1,0,0,0,0,1,"796530,1834","5822537,805","13,36659","52,47228",7040402.0,Lindenhofsiedlung,4140.0
51017,11,6,,2019,9,18,2,3,5,3,0,1,1,0,0,0,0,0,"787893,8156","5817567,208","13,23552","52,43234",6030501.0,Berlepschstraße,2128.0
51019,11,7,,2019,5,15,6,3,2,6,0,0,1,0,0,0,0,0,"796424,9918","5822607,306","13,36511","52,47296",7040402.0,Lindenhofsiedlung,4040.0
51020,11,2,,2019,7,17,1,3,3,7,0,0,1,0,1,0,0,0,"801822,8456","5826380,543","13,44776","52,50383",2040703.0,Wriezener Bahnhof/Entwicklungsgebiet,5349.0
51021,11,12,,2019,4,15,4,3,5,7,0,0,1,0,1,0,0,0,"795697,559","5832844,843","13,36353","52,56513",12103219.0,Schäfersee,4067.0
51022,11,4,,2019,11,6,2,3,2,6,2,0,1,0,0,0,0,1,"793849,2516","5823006,052","13,32765","52,47793",4051656.0,Hildegardstraße,3542.0
51023,11,7,,2019,6,15,7,3,2,6,0,0,1,0,0,0,0,0,"797910,8828","5820199,645","13,38478","52,45057",7050501.0,Rathausstraße,4334.0
51024,11,1,,2019,9,17,2,3,5,2,0,1,1,0,0,0,0,0,"796285,6224","5830276,98","13,36989","52,54179",1033203.0,Humboldthain Nordwest,4160.0
51025,11,7,,2019,12,9,5,3,0,6,0,0,1,0,1,0,0,0,"797463,1046","5817915,655","13,37617","52,43034",7050502.0,Fritz-Werner-Straße,4228.0
51026,11,1,,2019,7,13,1,3,0,7,0,1,0,0,0,0,0,0,"796044,4008","5827309,656","13,3637","52,51532",1011102.0,Großer Tiergarten,4053.0
51027,11,3,,2019,4,8,4,3,0,6,0,1,0,0,0,0,0,0,"800011,4686","5830335,86","13,42472","52,54028",3071633.0,Thälmannpark,4960.0
51028,11,4,,2019,10,18,1,3,2,6,2,0,1,0,0,0,0,0,"790652,6353","5828832,269","13,2858","52,53187",4010101.0,Jungfernheide,2958.0
51029,11,7,,2019,9,9,2,3,2,6,0,0,1,0,0,0,0,0,"796549,9771","5822524,956","13,36687","52,47216",7040402.0,Lindenhofsiedlung,4140.0
51030,11,12,,2019,7,0,1,3,2,7,2,0,1,0,0,0,1,1,"794771,4488","5833773,85","13,35074","52,57396",12103218.0,Teichstraße,3870.0
51031,11,2,,2019,4,6,4,2,1,1,0,0,1,0,0,1,1,0,"801827,3317","5826230,764","13,44769","52,50248",2050803.0,Stralauer Kiez,5349.0
51032,11,3,,2019,10,0,6,3,0,1,2,0,0,0,0,0,1,0,"801077,3742","5830653,499","13,44068","52,54254",3061429.0,Greifswalder Straße,5261.0
51033,11,3,,2019,6,14,6,3,2,6,0,0,1,0,0,0,0,0,"804470,5933","5839656,907","13,49883","52,62135",3010102.0,Buch,6084.0
51034,11,2,,2019,9,8,2,3,2,6,0,0,1,0,0,1,0,0,"803524,9446","5827605,491","13,47388","52,51386",2050602.0,Samariterviertel,5752.0
51036,11,1,,2019,5,16,6,3,5,2,0,0,1,0,0,0,1,0,"796455,757","5827391,142","13,36982","52,51583",1011102.0,Großer Tiergarten,4153.0
51037,11,4,,2019,4,17,3,3,5,2,0,1,1,0,0,0,0,0,"793092,5534","5826823,302","13,3199","52,51256",4030623.0,Ernst-Reuter-Platz,3452.0
51038,11,1,,2019,11,5,2,3,8,1,0,1,0,0,0,0,0,0,"797926,3962","5827647,242","13,39166","52,51732",1011202.0,Unter den Linden Nord,4453.0
51039,11,7,,2019,5,17,6,3,2,6,0,0,1,0,1,0,0,0,"795497,7765","5822691,519","13,35158","52,47422",7030303.0,Grazer Platz,3841.0
51040,11,4,,2019,11,5,7,3,0,3,2,0,1,0,0,0,1,0,"791578,3933","5826568,226","13,29743","52,51108",4030417.0,Schloßstraße,3051.0
51041,11,2,,2019,7,23,7,3,2,6,2,0,1,0,1,0,0,1,"801652,4161","5828924,633","13,44756","52,52673",3061435.0,Conrad-Blenkle-Straße,5356.0
51042,11,1,,2019,4,8,3,3,2,6,0,0,1,0,0,0,0,0,"796160,7183","5829148,784","13,36705","52,53175",1022202.0,Heidestraße,4158.0
51043,11,9,,2019,10,17,2,3,3,6,2,0,1,0,1,0,0,0,"802594,1696","5825112,021","13,45794","52,49203",9010101.0,Elsenstraße,5446.0
51044,11,4,,2019,9,11,2,3,2,7,0,0,1,0,1,0,0,0,"792058,022","5826627,717","13,30453","52,51136",4030622.0,Richard-Wagner-Straße,3152.0
51046,11,11,,2019,7,22,7,3,5,2,2,1,1,0,0,0,0,1,"804236,394","5827518,617","13,48425","52,51269",11030721.0,Rüdigerstraße,5852.0
51047,11,8,,2019,4,10,3,3,3,6,0,0,1,0,0,1,0,0,"801964,1568","5821841,435","13,44572","52,46307",8020619.0,Buschkrugallee Nord,5237.0
51048,11,1,,2019,6,17,2,3,5,3,0,1,1,0,0,0,0,0,"798121,0516","5827657,628","13,39453","52,51731",1011202.0,Unter den Linden Nord,4553.0
51049,11,7,,2019,9,11,2,3,5,2,0,0,1,0,0,1,0,0,"797707,7723","5818784,224","13,38053","52,438",7050501.0,Rathausstraße,4330.0
51050,11,3,,2019,12,4,3,3,8,1,2,0,0,0,0,0,1,1,"801214,0582","5837883,665","13,44926","52,60727",3020307.0,Buchholz,5380.0