OBJECTID,LAND,BEZ,LOR_ab_2021,UJAHR,UMONAT,USTUNDE,UWOCHENTAG,UKATEGORIE,UART,UTYP1,ULICHTVERH,IstRad,IstPKW,IstFuss,IstKrad,IstGkfz,IstSonstige,USTRZUSTAND,LINREFX,LINREFY,XGCSWGS84,YGCSWGS84,LOR,STRASSE,quadrant
51051,11,7,,2019,5,13,5,3,2,6,0,0,1,0,0,0,0,0,"796876,3212","5822382,466","13,37154","52,4707",7040403.0,Manteuffelstraße,4140.0
51052,11,4,,2019,7,19,7,3,6,4,0,1,0,1,0,0,0,0,"791409,094","5826519,067","13,2949","52,51073",4030417.0,Schloßstraße,3051.0
51053,11,12,,2019,4,11,3,3,2,6,0,0,1,0,0,0,0,0,"794556,7707","5833930,942","13,34772","52,57548",12103218.0,Teichstraße,3870.0
51054,11,1,,2019,11,10,3,3,3,6,0,0,1,0,0,0,0,1,"798664,2733","5827054,413","13,40197","52,51161",1011204.0,Leipziger Straße,4652.0
51055,11,12,,2019,11,18,7,3,2,2,2,0,1,0,0,0,0,0,"792730,0962","5837421,634","13,32392","52,60776",12302212.0,Rollbergesiedlung,3480.0
51056,11,9,,2019,7,18,7,3,2,6,0,0,1,0,0,0,0,0,"805709,3209","5818826,941","13,49792","52,43397",9010401.0,Johannisthal West,6029.0
51057,11,3,,2019,4,19,3,2,5,2,1,1,1,0,0,0,0,0,"799220,5024","5832049,386","13,41464","52,55607",3061126.0,Arnimplatz,4865.0
51058,11,4,,2019,10,11,3,2,5,2,0,1,1,0,0,0,0,0,"790511,251","5826392,817","13,28159","52,51008",4020313.0,Königin-Elisabeth-Straße,2851.0
51059,11,3,,2019,9,8,2,3,6,7,0,1,0,1,0,0,0,0,"800810,4263","5829758,715","13,43594","52,53467",3061434.0,Anton-Saefkow-Park,5158.0
51061,11,3,,2019,5,11,5,2,2,6,0,0,1,0,0,0,0,0,"800574,5294","5829845,134","13,43255","52,53557",3071639.0,Bötzowstraße,5059.0
51062,11,2,,2019,7,15,7,2,0,1,0,1,0,0,0,0,0,0,"802175,1998","5827755,041","13,45418","52,51595",2050602.0,Samariterviertel,5453.0
51063,11,11,,2019,4,11,3,2,2,6,0,0,1,0,0,0,0,0,"803804,0482","5827578,336","13,47795","52,51346",11030721.0,Rüdigerstraße,5752.0
51064,11,11,,2019,11,18,5,2,2,6,2,0,1,0,0,0,1,1,"806053,9238","5827375,202","13,51082","52,51039",11041022.0,Rosenfelder Ring,6251.0
51065,11,3,,2019,6,8,5,3,5,3,0,1,1,0,0,0,0,0,"800646,3417","5830008,817","13,43376","52,537",3061434.0,Anton-Saefkow-Park,5159.0
51066,11,4,,2019,9,8,2,3,6,4,0,0,1,1,0,0,0,0,"792614,0555","5826720,811","13,31278","52,5119",4030622.0,Richard-Wagner-Straße,3352.0
51067,11,12,,2019,12,8,3,2,6,2,0,0,1,1,0,0,0,0,"792723,7812","5837429,719","13,32384","52,60784",12302212.0,Rollbergesiedlung,3480.0
51068,11,12,,2019,7,13,7,3,2,2,0,0,1,0,0,0,0,0,"795762,217","5832712,264","13,36437","52,56391",12103219.0,Schäfersee,4067.0
51069,11,3,,2019,10,18,5,3,3,6,2,0,1,0,0,0,0,0,"799141,3057","5830404,208","13,41199","52,54137",3061131.0,Falkplatz,4760.0
51070,11,7,,2019,7,9,7,3,1,5,0,1,0,0,0,1,0,0,"795252,4277","5823542,355","13,34873","52,48198",7020203.0,Kaiser-Wilhelm-Platz,3843.0
51071,11,1,,2019,9,8,6,3,5,3,0,1,1,0,0,0,0,0,"796193,7143","5830186,924","13,36846","52,54103",1033203.0,Humboldthain Nordwest,4160.0
51072,11,4,,2019,4,7,3,2,2,6,0,0,1,0,1,0,0,0,"790517,479","5825215,227","13,28066","52,49952",4041133.0,Güterbahnhof Grunewald,2848.0
51073,11,1,,2019,4,16,3,3,1,5,0,1,1,0,0,0,0,0,"797616,8856","5827564,842","13,38704","52,51675",1011202.0,Unter den Linden Nord,4453.0
51074,11,11,,2019,11,4,4,2,6,4,2,0,0,1,1,0,0,1,"803727,62","5827569,584","13,47682","52,51343",11030721.0,Rüdigerstraße,5752.0
51075,11,4,,2019,11,23,1,3,3,6,2,0,1,0,0,0,0,0,"793547,4273","5822990,759","13,32321","52,47796",4051656.0,Hildegardstraße,3442.0
51076,11,2,,2019,7,16,6,3,5,3,0,1,0,0,0,0,0,0,"802206,757","5826088,724","13,45313","52,501",2050803.0,Stralauer Kiez,5349.0
51077,11,2,,2019,4,14,3,3,2,2,0,1,1,0,0,0,0,0,"803088,988","5827651,019","13,46751","52,51451",2050602.0,Samariterviertel,5652.0
51078,11,7,,2019,10,17,4,3,2,6,0,0,1,0,0,0,1,1,"795896,7724","5822688,005","13,35743","52,47397",7030303.0,Grazer Platz,3941.0
51079,11,4,,2019,9,1,1,2,1,5,2,1,1,0,0,0,0,0,"786743,8355","5825852,751","13,22577","52,50723",4020208.0,Kranzallee,2050.0
51081,11,3,,2019,5,19,5,3,1,3,0,1,1,0,0,0,1,0,"798890,3049","5832685,015","13,41035","52,56195",3040818.0,Pankow Süd,4766.0
51082,11,4,,2019,7,17,6,2,3,6,0,0,0,0,1,0,1,0,"790518,8693","5825333,25","13,28078","52,50058",4020314.0,Messegelände,2848.0
51083,11,7,,2019,4,14,3,3,0,6,0,0,1,0,1,0,0,0,"795191,7583","5822938,255","13,3473","52,4766",7030303.0,Grazer Platz,3841.0
51084,11,2,,2019,6,15,5,3,2,6,0,0,1,0,0,0,0,0,"803177,332","5827625,39","13,46879","52,51423",2050602.0,Samariterviertel,5652.0
51085,11,7,,2019,9,6,1,3,9,1,0,0,1,0,0,0,0,0,"797953,466","5820021,671","13,38524","52,44895",7050501.0,Rathausstraße,4333.0
51086,11,2,,2019,12,13,3,3,5,2,0,1,1,0,0,0,0,0,"802578,1957","5827687,047","13,46004","52,51512",2050602.0,Samariterviertel,5453.0
51087,11,4,,2019,5,18,5,3,5,2,0,1,1,0,0,0,0,0,"791229,5489","5826510,171","13,29225","52,51075",4030417.0,Schloßstraße,3051.0
51088,11,2,,2019,7,9,6,3,5,3,0,1,1,0,0,0,0,0,"802577,1314","5827703,128","13,46004","52,51526",2050602.0,Samariterviertel,5453.0
51089,11,7,,2019,10,17,5,3,5,3,2,0,1,0,1,0,0,0,"797055,3579","5816809,694","13,36921","52,42065",7060601.0,Marienfelder Allee Nordwest,4125.0
51090,11,12,,2019,7,19,5,3,1,1,0,1,1,0,0,0,0,0,"795429,449","5833570,571","13,36024","52,57178",12103115.0,Breitkopfbecken,4069.0
51091,11,2,,2019,9,0,6,3,5,3,2,1,1,0,0,0,0,0,"797862,4187","5825448,281","13,38875","52,49765",2020202.0,Rathaus Yorckstraße,4448.0
51092,11,3,,2019,4,14,3,3,2,6,0,0,1,0,0,0,1,0,"800297,1853","5831697,85","13,43015","52,55233",3050923.0,Weißenseer Spitze,5064.0
51093,11,3,,2019,10,18,4,3,3,6,1,0,1,0,1,0,0,1,"799138,228","5832315,269","13,41367","52,5585",3040818.0,Pankow Süd,4865.0
51094,11,2,,2019,8,22,7,2,6,7,2,0,1,1,0,0,0,0,"802567,3901","5827688,132","13,45988","52,51514",2050602.0,Samariterviertel,5453.0
51096,11,2,,2019,5,17,5,3,5,2,0,1,1,0,0,0,0,0,"801917,0677","5827771,612","13,45041","52,51624",2040503.0,Richard-Sorge-Viertel,5353.0
51097,11,1,,2019,7,13,5,3,0,7,0,1,0,0,0,0,0,0,"795417,8655","5827218,214","13,35442","52,51484",1011102.0,Großer Tiergarten,3953.0
51098,11,2,,2019,4,20,2,3,5,5,1,1,1,0,0,0,0,0,"801799,6064","5828639,069","13,44947","52,52408",2050601.0,Hausburgviertel,5355.0
51099,11,2,,2019,11,10,1,3,0,7,0,0,0,0,0,0,1,1,"801804,6822","5826239,634","13,44737","52,50258",2050803.0,Stralauer Kiez,5349.0
51100,11,12,,2019,6,21,7,3,0,6,1,0,1,0,1,0,0,0,"795749,3705","5832703,363","13,36417","52,56383",12103219.0,Schäfersee,4067.0
51101,11,3,,2019,12,13,5,3,0,7,0,0,1,0,0,0,0,0,"799245,7476","5831882,352","13,41486","52,55456",3061126.0,Arnimplatz,4864.0
51102,11,1,,2019,7,9,5,3,6,4,0,0,0,1,0,0,1,0,"798684,4069","5827892,399","13,40302","52,51911",1011303.0,Alexanderplatzviertel,4654.0
51103,11,1,,2019,4,17,2,2,5,3,0,1,1,0,0,0,0,0,"795878,1192","5832062,307","13,36549","52,55802",1044102.0,Schillerpark,4065.0
51104,11,12,,2019,10,11,7,3,2,6,0,0,1,0,0,0,1,0,"792180,4175","5838398,462","13,31669","52,61681",12231101.0,Hermsdorf,3382.0
51105,11,7,,2019,8,19,7,3,5,7,2,0,1,0,0,0,0,0,"797869,7193","5820511,095","13,38445","52,45339",7040403.0,Manteuffelstraße,4335.0
51106,11,6,,2019,7,11,5,3,5,2,0,0,1,0,0,0,0,0,"793968,646","5821061,708","13,32769","52,46044",6010209.0,Feuerbachstraße,3537.0
51107,11,2,,2019,4,17,2,3,5,2,0,1,1,0,0,0,0,0,"797883,9645","5825411,815","13,38904","52,49731",2020202.0,Rathaus Yorckstraße,4447.0
51108,11,6,,2019,10,14,4,3,2,6,0,0,1,0,0,0,0,0,"790365,7235","5818432,574","13,27253","52,43879",6030503.0,Zehlendorf Mitte,2730.0
51109,11,4,,2019,6,17,5,3,2,2,0,1,1,0,0,0,0,0,"792374,6645","5826680,555","13,30923","52,51166",4030622.0,Richard-Wagner-Straße,3252.0
51110,11,2,,2019,8,20,7,3,5,3,2,0,1,0,0,0,0,0,"802797,3836","5827665,067","13,46324","52,5148",2050602.0,Samariterviertel,5553.0
51111,11,10,,2019,12,11,6,3,5,2,0,1,1,0,0,0,0,0,"808946,2745","5827441,111","13,55336","52,50935",10030726.0,Alt-Biesdorf,6851.0
51112,11,3,,2019,5,7,5,3,3,6,0,0,1,0,1,0,0,0,"798156,0851","5836030,424","13,40256","52,59234",3020209.0,Niederschönhausen,4675.0
51113,11,4,,2019,4,9,2,2,3,6,0,0,1,0,0,0,0,0,"790902,6188","5828964,154","13,28959","52,53292",4010101.0,Jungfernheide,2958.0
51114,11,7,,2019,11,11,1,3,5,3,0,0,1,0,0,0,0,0,"798176,38","5818922,967","13,38753","52,43898",7050502.0,Fritz-Werner-Straße,4430.0
51115,11,1,,2019,5,11,5,3,5,3,0,0,1,0,1,0,0,0,"799805,5966","5828633,958","13,42016","52,52514",1011303.0,Alexanderplatzviertel,4956.0
51116,11,4,,2019,11,14,6,3,3,6,0,0,1,0,0,0,0,0,"793545,1128","5826882,179","13,3266","52,51284",4030623.0,Ernst-Reuter-Platz,3552.0
51117,11,6,,2019,7,10,5,2,0,1,0,0,1,0,1,0,0,0,"794215,3155","5821402,054","13,33161","52,46335",6010209.0,Feuerbachstraße,3538.0
51118,11,1,,2019,4,15,2,3,2,6,0,0,1,0,0,0,0,0,"796154,3271","5831088,934","13,36869","52,54914",1044201.0,Reinickendorfer Straße,4163.0
51119,11,12,,2019,10,20,2,2,3,6,2,0,1,0,1,0,0,0,"795874,1412","5832087,681","13,36546","52,55825",12103117.0,Letteplatz,4065.0
51120,11,6,,2019,8,17,7,2,2,6,0,0,1,0,1,0,0,0,"791805,1464","5819301,432","13,2944","52,44581",6030605.0,Botanischer Garten,3032.0
51122,11,8,,2019,5,15,5,2,0,1,0,0,1,0,0,0,0,0,"802925,5661","5821234,665","13,45928","52,45709",9010302.0,Späthsfelde,5436.0
51123,11,4,,2019,7,11,5,3,3,6,0,0,1,0,0,0,0,0,"790689,5671","5824985,309","13,28299","52,49737",4041134.0,Bismarckallee,2847.0
51124,11,3,,2019,4,16,2,3,5,3,0,0,0,0,1,0,1,0,"798165,874","5836123,633","13,40279","52,59317",3020209.0,Niederschönhausen,4675.0
51125,11,1,,2019,6,21,1,3,2,6,1,0,1,0,0,0,0,0,"796312,9449","5830049,484","13,37009","52,53974",1033203.0,Humboldthain Nordwest,4160.0
51126,11,4,,2019,8,13,7,2,2,6,0,0,1,0,0,0,0,0,"789176,9918","5826162,083","13,26179","52,50872",4020311.0,Reichsstraße,2551.0
51127,11,3,,2019,12,5,2,3,5,2,2,1,1,0,0,0,0,0,"800204,5773","5831035,234","13,42819","52,54644",3061228.0,Erich-Weinert-Straße,5062.0
51128,11,7,,2019,5,7,5,3,2,6,0,0,1,0,0,0,0,0,"797476,3581","5822327,31","13,3803","52,46988",7040403.0,Manteuffelstraße,4339.0
51129,11,2,,2019,7,16,4,3,2,6,0,0,1,0,0,0,0,0,"797741,9534","5824190,609","13,38586","52,48644",2020203.0,Viktoriapark,4344.0
51130,11,7,,2019,4,16,2,3,5,2,0,0,1,0,1,0,0,0,"797576,0926","5818418,302","13,37828","52,43479",7050502.0,Fritz-Werner-Straße,4229.0
51131,11,4,,2019,11,5,2,3,2,6,2,0,1,0,0,0,0,1,"790545,633","5825872,348","13,28165","52,50539",4020314.0,Messegelände,2850.0
51132,11,1,,2019,7,23,4,2,5,2,2,0,1,0,0,0,0,0,"796044,8009","5831345,095","13,3673","52,5515",1044201.0,Reinickendorfer Straße,4163.0
51133,11,7,,2019,4,14,1,3,2,6,0,0,1,0,0,0,0,0,"799441,918","5815871,581","13,40336","52,41094",7070701.0,Kettinger Straße/Schillerstraße,4622.0
51134,11,4,,2019,10,6,2,3,2,6,2,0,1,0,0,0,0,0,"792095,9024","5823821,054","13,30262","52,48618",4041239.0,Stadion Wilmersdorf,3144.0
51135,11,10,,2019,8,23,6,2,0,7,2,1,0,0,0,0,0,0,"808123,4625","5827460,23","13,54129","52,50998",10010308.0,Marzahner Chaussee,6751.0
51137,11,7,,2019,5,7,5,2,3,6,0,0,1,0,1,0,1,0,"798505,1034","5822093,85","13,39519","52,46723",7040405.0,Rathaus Tempelhof,4539.0
51138,11,7,,2019,7,21,4,3,5,2,1,0,1,0,1,0,0,0,"796006,2619","5825068,802","13,36115","52,49526",7010104.0,Dennewitzplatz,4047.0
51139,11,3,,2019,4,14,1,3,6,4,0,1,0,1,0,0,0,0,"799220,9061","5831457,334","13,41411","52,55077",3061126.0,Arnimplatz,4863.0
51140,11,9,,2019,11,8,4,3,3,6,0,0,1,0,0,1,0,1,"802871,8622","5821359,926","13,45861","52,45825",9010302.0,Späthsfelde,5436.0
51141,11,1,,2019,6,13,4,3,5,2,0,0,1,0,1,0,0,0,"796161,7805","5825737,154","13,36403","52,50116",1011104.0,Körnerstraße,4049.0
51142,11,7,,2019,8,18,6,3,2,6,0,0,1,0,0,0,0,0,"795785,6215","5822628,49","13,35575","52,4735",7030303.0,Grazer Platz,3940.0
51143,11,4,,2019,12,11,2,3,3,6,0,0,1,0,0,0,0,0,"791565,9551","5826544,852","13,29722","52,51088",4030417.0,Schloßstraße,3051.0
51144,11,7,,2019,7,17,4,3,2,6,0,0,1,0,1,0,0,0,"795761,954","5823111,603","13,35583","52,47784",7030303.0,Grazer Platz,3942.0
51145,11,10,,2019,10,14,4,3,2,6,0,0,1,0,0,0,0,0,"812796,8627","5827178,29","13,60967","52,5048",10040933.0,Mahlsdorf Süd,7750.0
51146,11,1,,2019,8,17,6,3,4,6,0,1,0,0,0,0,1,0,"796376,5785","5826159,742","13,36756","52,50483",1011104.0,Körnerstraße,4150.0
51147,11,7,,2019,7,19,3,3,1,5,0,1,1,0,0,0,0,0,"795836,5783","5824212,779","13,3579","52,48767",7020203.0,Kaiser-Wilhelm-Platz,3945.0
51148,11,4,,2019,4,11,1,3,3,6,0,0,1,0,0,0,0,0,"790511,0964","5825608,994","13,28091","52,50305",4020314.0,Messegelände,2849.0
51149,11,1,,2019,10,14,3,3,6,4,0,1,0,1,0,0,0,1,"799760,5423","5828624,861","13,41949","52,52508",1011303.0,Alexanderplatzviertel,4856.0
51150,11,3,,2019,8,9,6,3,2,6,0,0,0,0,0,1,1,0,"802180,1511","5831519,278","13,45768","52,54969",3050925.0,Komponistenviertel Weißensee,5463.0
51152,11,12,,2019,5,17,4,3,2,6,0,0,1,0,0,0,0,1,"792241,7998","5837848,771","13,31711","52,61185",12301205.0,Waidmannslust,3381.0
51153,11,1,,2019,7,17,3,3,5,2,0,1,1,0,0,0,0,0,"799100,0702","5827681,953","13,40894","52,51699",1011303.0,Alexanderplatzviertel,4753.0
51154,11,2,,2019,4,18,1,3,0,1,0,0,0,0,1,0,0,0,"802367,6704","5826025,644","13,45544","52,50035",2050803.0,Stralauer Kiez,5448.0
51155,11,7,,2019,11,7,6,3,2,7,1,0,1,0,0,0,0,0,"797379,3411","5817574,356","13,37464","52,42733",7060603.0,Marienfelde Nordost,4227.0
51156,11,7,,2019,5,17,4,3,2,6,0,0,1,0,0,0,0,0,"796859,2086","5822386,656","13,37129","52,47075",7040403.0,Manteuffelstraße,4140.0
51157,11,7,,2019,12,17,3,3,1,5,2,0,1,0,0,0,0,1,"797830,6459","5822692,233","13,38582","52,47296",7040401.0,Neu-Tempelhof,4340.0
51158,11,12,,2019,7,17,3,3,0,2,0,1,1,0,0,0,0,0,"795872,473","5832096,708","13,36544","52,55833",12103117.0,Letteplatz,4065.0
51159,11,4,,2019,4,18,1,3,0,4,0,1,0,1,0,0,0,0,"793989,175","5826974,484","13,33321","52,51343",4030621.0,Spreestadt,3652.0
51160,11,12,,2019,10,7,6,3,2,6,1,0,1,0,1,0,0,0,"791584,3156","5830791,242","13,30122","52,54894",12214125.0,Waldidyll/Flughafensee,3163.0
51161,11,1,,2019,8,14,6,3,3,6,0,1,1,0,0,0,1,0,"795880,8033","5832047,892","13,36552","52,55789",1044102.0,Schillerpark,4065.0
51163,11,12,,2019,7,10,3,3,2,6,0,0,1,0,0,0,0,0,"791190,8771","5833997,257","13,29825","52,57789",12214125.0,Waldidyll/Flughafensee,3071.0
51164,11,4,,2019,4,18,1,3,2,6,0,0,1,0,0,0,0,0,"790533,5975","5825185,881","13,28087","52,49925",4041133.0,Güterbahnhof Grunewald,2848.0
51165,11,3,,2019,10,11,3,3,6,4,0,0,0,1,0,0,1,1,"799982,7988","5830224,285","13,4242","52,5393",3061332.0,Helmholtzplatz,4960.0
51166,11,7,,2019,6,22,4,3,2,6,2,0,1,0,0,0,0,0,"797850,9232","5821997,633","13,3855","52,46672",7040403.0,Manteuffelstraße,4339.0
51167,11,11,,2019,8,12,6,3,5,2,0,1,1,0,0,0,0,0,"803718,5201","5827570,413","13,47669","52,51344",11030721.0,Rüdigerstraße,5752.0
51168,11,9,,2019,12,19,7,3,2,6,2,0,1,0,0,0,0,0,"802683,7818","5825234,869","13,45936","52,49308",9010101.0,Elsenstraße,5446.0
51169,11,6,,2019,5,10,4,3,5,2,0,1,1,0,0,0,0,1,"789585,575","5817974,924","13,26068","52,4351",6030503.0,Zehlendorf Mitte,2529.0
51170,11,7,,2019,4,16,1,3,6,7,0,1,0,1,0,0,0,0,"798215,9742","5818805,108","13,38801","52,43791",7050502.0,Fritz-Werner-Straße,4430.0
51171,11,9,,2019,11,18,7,2,5,3,2,1,1,0,0,0,0,1,"806054,7022","5821679,956","13,5056","52,45934",9020601.0,Schnellerstraße,6136.0
51172,11,6,,2019,10,9,3,3,5,2,0,1,0,0,0,0,1,1,"786727,1612","5817022,873","13,21794","52,42807",6040703.0,Nikolassee,1827.0
51173,11,3,,2019,8,11,6,3,3,6,0,1,1,0,0,0,0,0,"799968,1485","5830202,487","13,42396","52,53911",3061332.0,Helmholtzplatz,4960.0
51175,11,4,,2019,5,12,4,3,2,6,0,0,1,0,1,0,0,1,"791548,3472","5826541,838","13,29696","52,51086",4030417.0,Schloßstraße,3051.0
51176,11,7,,2019,7,9,3,3,2,6,0,0,1,0,0,0,0,0,"797832,7569","5822646,221","13,38581","52,47255",7040401.0,Neu-Tempelhof,4340.0
51177,11,11,,2019,4,15,1,3,0,2,0,0,1,0,1,0,0,0,"805676,326","5827388,921","13,50528","52,51072",11041022.0,Rosenfelder Ring,6151.0
51178,11,12,,2019,11,14,7,3,5,3,0,0,1,0,0,0,0,1,"794470,9714","5834331,347","13,34681","52,57912",12103218.0,Teichstraße,3871.0
51179,11,2,,2019,5,12,4,3,2,2,0,0,1,0,0,0,0,0,"803462,4879","5827596,732","13,47295","52,51382",2050602.0,Samariterviertel,5652.0
51180,11,2,,2019,8,10,6,3,6,4,0,1,0,1,0,0,0,0,"803079,8166","5827651,944","13,46738","52,51453",2050602.0,Samariterviertel,5652.0
51181,11,4,,2019,12,6,4,3,2,6,2,0,1,0,0,0,0,0,"791384,4449","5830310,428","13,29786","52,54473",4010101.0,Jungfernheide,3061.0
51182,11,11,,2019,7,9,3,3,3,6,0,0,1,0,0,1,0,0,"803618,1179","5827594,883","13,47524","52,51372",2050602.0,Samariterviertel,5752.0
51183,11,4,,2019,4,12,7,2,6,4,0,1,0,1,0,0,0,0,"790456,7607","5826365,105","13,28077","52,50986",4020313.0,Königin-Elisabeth-Straße,2851.0
51184,11,7,,2019,10,20,6,3,2,6,2,0,1,0,0,0,0,0,"794749,6785","5822037,534","13,34002","52,46876",7030303.0,Grazer Platz,3739.0
51185,11,11,,2019,8,9,6,3,5,2,0,1,0,0,0,0,1,0,"804248,0295","5827531,967","13,48443","52,5128",11030721.0,Rüdigerstraße,5852.0
51186,11,7,,2019,7,8,3,2,3,6,0,1,1,0,0,1,0,0,"797757,3127","5823903,83","13,38583","52,48386",7040401.0,Neu-Tempelhof,4344.0
51187,11,4,,2019,4,12,7,2,6,4,0,1,0,1,0,0,0,0,"790456,7607","5826365,105","13,28077","52,50986",4020313.0,Königin-Elisabeth-Straße,2851.0
51188,11,4,,2019,10,15,3,3,2,6,0,0,1,0,0,0,0,1,"790734,9739","5826273,994","13,28478","52,50889",4030724.0,Lietzensee,2851.0
51189,11,7,,2019,6,16,5,3,2,6,0,0,1,0,0,0,1,1,"796848,0267","5822389,394","13,37113","52,47078",7040403.0,Manteuffelstraße,4140.0
51190,11,3,,2019,8,6,5,3,3,6,1,1,0,0,0,0,0,0,"800498,005","5829767,663","13,43136","52,53492",3071639.0,Bötzowstraße,5058.0
51191,11,3,,2019,12,21,5,3,0,3,2,1,0,0,0,0,1,1,"800986,7256","5830506,252","13,43921","52,54127",3061429.0,Greifswalder Straße,5160.0
51192,11,1,,2019,5,13,4,3,6,4,0,0,1,1,0,0,0,0,"796759,385","5826667,672","13,37364","52,50918",1011105.0,Nördlicher Landwehrkanal,4251.0
51193,11,7,,2019,4,23,7,3,2,6,2,0,1,0,0,0,0,0,"796845,6976","5822389,964","13,37109","52,47079",7040403.0,Manteuffelstraße,4140.0
51194,11,3,,2019,11,0,1,3,6,7,2,1,0,1,0,0,0,0,"799180,9421","5830873,102","13,413","52,54555",3061131.0,Falkplatz,4762.0
51195,11,10,,2019,5,14,3,3,5,3,0,0,1,0,0,1,0,0,"808897,2271","5833397,735","13,55818","52,56276",10010204.0,Wuhletalstraße,6967.0
51196,11,12,,2019,11,8,5,3,0,2,0,1,1,0,0,0,0,1,"794093,9168","5835024,909","13,34188","52,58554",12301203.0,Wittenau Süd,3773.0
51197,11,6,,2019,7,18,3,3,8,1,0,0,1,0,0,0,0,0,"793152,7605","5820216,118","13,31497","52,45329",6010101.0,Fichtenberg,3335.0
51198,11,1,,2019,4,23,7,3,2,6,2,0,1,0,0,0,0,0,"797658,2267","5826834,099","13,38699","52,51018",1011201.0,Wilhelmstraße,4451.0
51199,11,7,,2019,10,18,7,2,2,6,2,0,1,0,1,0,0,0,"799523,0994","5815623,211","13,40433","52,40867",7070701.0,Kettinger Straße/Schillerstraße,4622.0
51200,11,1,,2019,8,22,5,3,5,2,2,1,0,0,1,0,0,0,"796966,731","5826707,264","13,37672","52,50942",1011201.0,Wilhelmstraße,4251.0
51202,11,2,,2019,5,18,3,2,6,7,0,1,0,1,0,0,0,0,"802422,0234","5827702,723","13,45776","52,51535",2050602.0,Samariterviertel,5453.0
51203,11,2,,2019,7,3,3,3,6,7,2,0,0,1,0,0,1,0,"801904,1193","5826621,215","13,44917","52,50594",2040703.0,Wriezener Bahnhof/Entwicklungsgebiet,5350.0
51204,11,3,,2019,4,13,7,3,3,6,0,0,1,0,1,0,0,0,"799192,1287","5830358,66","13,4127","52,54093",3061332.0,Helmholtzplatz,4760.0
51205,11,1,,2019,6,15,7,2,5,3,0,0,1,0,1,0,0,0,"796438,4944","5826320,124","13,36861","52,50624",1011105.0,Nördlicher Landwehrkanal,4150.0
51206,11,12,,2019,8,20,5,3,0,1,2,1,0,0,0,0,0,0,"792650,2794","5837493,802","13,32281","52,60845",12301205.0,Waidmannslust,3480.0
51207,11,7,,2019,12,12,1,3,5,2,0,0,1,0,0,0,0,1,"797841,9927","5818949,221","13,38265","52,4394",7050502.0,Fritz-Werner-Straße,4331.0
51208,11,4,,2019,5,21,3,2,8,1,2,0,0,0,1,0,0,1,"790989,3802","5829001,855","13,2909","52,53321",4010101.0,Jungfernheide,2958.0
51209,11,3,,2019,7,15,3,3,0,1,0,1,0,0,0,0,0,0,"797952,043","5834558,36","13,39824","52,57926",3020209.0,Niederschönhausen,4571.0
51210,11,4,,2019,11,10,2,3,5,2,0,1,1,0,0,0,0,1,"792734,8139","5826741,163","13,31457","52,51201",4030622.0,Richard-Wagner-Straße,3352.0
51211,11,10,,2019,7,15,3,3,2,6,0,0,1,0,1,0,0,0,"812736,8524","5827175,302","13,60878","52,5048",10040933.0,Mahlsdorf Süd,7750.0
51212,11,3,,2019,4,0,7,3,4,6,2,1,0,0,0,0,0,0,"799179,6864","5831080,741","13,41316","52,54741",3061131.0,Falkplatz,4762.0
51213,11,4,,2019,10,13,1,3,2,2,0,0,1,0,0,0,0,0,"792111,5463","5826636,737","13,30532","52,51141",4030622.0,Richard-Wagner-Straße,3152.0
51214,11,4,,2019,8,17,5,3,3,6,0,0,1,0,1,0,0,0,"790589,0886","5826405,881","13,28275","52,51015",4020313.0,Königin-Elisabeth-Straße,2851.0
51216,11,3,,2019,5,10,3,3,5,2,0,1,1,0,0,0,0,0,"799197,1656","5831456,209","13,41376","52,55077",3061126.0,Arnimplatz,4863.0
51217,11,6,,2019,7,2,3,3,3,6,2,0,1,0,0,0,1,0,"792928,5864","5820077,022","13,31156","52,45217",6030605.0,Botanischer Garten,3234.0
51218,11,6,,2019,4,15,7,2,5,7,0,0,1,0,1,0,0,0,"781838,5869","5815614,26","13,14504","52,41798",6040701.0,Wannsee,824.0
51219,11,4,,2019,11,13,3,3,2,6,0,0,1,0,0,0,0,0,"790523,4578","5826376,255","13,28176","52,50992",4020313.0,Königin-Elisabeth-Straße,2851.0
51220,11,1,,2019,6,8,4,3,6,4,0,0,0,1,1,0,0,0,"800022,4265","5828095,788","13,42286","52,5202",1011304.0,Karl-Marx-Allee,4954.0
51221,11,1,,2019,8,15,5,3,0,7,0,1,0,0,0,0,0,0,"799788,5207","5828166,408","13,41949","52,52096",1011304.0,Karl-Marx-Allee,4854.0
51222,11,3,,2019,12,21,7,3,0,6,2,0,1,0,0,0,0,1,"798340,5187","5834789,053","13,40416","52,58111",3020209.0,Niederschönhausen,4672.0
51223,11,2,,2019,7,14,2,3,3,2,0,0,1,0,1,0,0,0,"803498,3546","5827608,623","13,47349","52,51391",2050602.0,Samariterviertel,5652.0
51224,11,3,,2019,10,16,3,3,2,6,1,0,1,0,0,0,0,0,"801399,3683","5829219,087","13,44411","52,5295",3061435.0,Conrad-Blenkle-Straße,5257.0
51225,11,4,,2019,8,13,5,3,2,6,0,0,1,0,0,0,0,0,"794052,6739","5823007,573","13,33064","52,47783",4051655.0,Babelsberger Straße,3542.0
51226,11,2,,2019,7,15,2,3,2,2,0,1,0,0,0,0,0,0,"802769,3897","5827667,874","13,46283","52,51484",2050602.0,Samariterviertel,5553.0
51227,11,1,,2019,4,11,7,3,2,6,0,0,1,0,0,0,0,0,"799252,3911","5827861,695","13,41134","52,51852",1011303.0,Alexanderplatzviertel,4754.0
51228,11,7,,2019,10,12,2,3,2,6,0,0,1,0,0,0,0,0,"797376,4581","5822340,351","13,37884","52,47005",7040403.0,Manteuffelstraße,4239.0