OBJECTID,LAND,BEZ,LOR_ab_2021,UJAHR,UMONAT,USTUNDE,UWOCHENTAG,UKATEGORIE,UART,UTYP1,ULICHTVERH,IstRad,IstPKW,IstFuss,IstKrad,IstGkfz,IstSonstige,USTRZUSTAND,LINREFX,LINREFY,XGCSWGS84,YGCSWGS84,LOR,STRASSE,quadrant
191189,11,4,,2019,1,18,3,3,2,6,2,0,1,0,0,0,0,1,"792016,0472","5824048,571","13,30165","52,48826",4051445.0,Eisenzahnstraße,3145.0
191190,11,8,,2019,1,17,3,3,5,3,2,1,1,0,0,0,0,1,"802483,13","5822557,723","13,45399","52,4692",8010510.0,Gewerbegebiet Köllnische Heide,5439.0
191191,11,6,,2019,1,15,3,2,6,4,1,0,1,1,0,0,0,1,"793970,8654","5820791,219","13,32749","52,45801",6010208.0,Bergstraße,3536.0
191192,11,1,,2019,1,9,3,3,5,2,0,0,1,0,0,0,1,1,"795680,841","5830926,05","13,36158","52,54794",1044201.0,Reinickendorfer Straße,4062.0
191193,11,2,,2019,1,17,3,3,5,3,2,1,1,0,0,0,0,1,"802670,4969","5828101,141","13,46177","52,51878",2050602.0,Samariterviertel,5554.0
191194,11,1,,2019,1,17,3,2,0,7,1,0,0,0,1,0,1,1,"796964,3909","5830547,831","13,38011","52,54385",1033202.0,Humboldthain Süd,4361.0
191195,11,6,,2019,1,17,3,2,6,4,2,0,1,1,0,0,0,1,"788952,8133","5816380,58","13,25003","52,42114",6030504.0,Teltower Damm,2325.0
191196,11,4,,2019,1,16,3,3,3,6,2,0,1,0,1,0,1,1,"792280,251","5825933,726","13,30718","52,50502",4030929.0,Hindemithplatz,3250.0
191197,11,3,,2019,1,16,3,2,6,4,2,0,1,1,0,0,0,1,"801441,2256","5830948,672","13,4463","52,54498",3061429.0,Greifswalder Straße,5261.0
191198,11,12,,2019,1,16,3,3,6,2,2,0,1,1,0,0,0,1,"796755,9131","5833625,172","13,3798","52,57155",12103116.0,Hausotterplatz,4369.0
191199,11,1,,2019,1,15,3,3,5,3,0,1,1,0,0,0,0,1,"798550,9063","5827801,871","13,40097","52,51837",1011202.0,Unter den Linden Nord,4654.0
191200,11,1,,2019,1,14,3,2,5,2,0,1,1,0,0,0,0,1,"794569,4748","5828430,72","13,34302","52,52617",1022104.0,Emdener Straße,3756.0
191201,11,12,,2019,1,13,3,2,6,4,0,0,0,1,1,0,0,1,"793107,7066","5837644,829","13,32968","52,60956",12302212.0,Rollbergesiedlung,3580.0
191202,11,11,,2019,1,13,3,3,5,3,0,0,1,0,0,0,1,1,"806200,0844","5832525,388","13,51771","52,55646",11020411.0,Malchower Weg,6365.0
191203,11,1,,2019,1,11,3,3,3,6,0,0,1,0,1,0,0,1,"794549,6452","5828928,155","13,34317","52,53064",1022104.0,Emdener Straße,3757.0
191204,11,4,,2019,1,11,3,3,5,3,0,0,1,0,0,0,0,1,"789490,8785","5826788,585","13,26695","52,51417",4020311.0,Reichsstraße,2652.0
191205,11,4,,2019,1,11,3,3,5,3,0,0,1,0,0,0,0,1,"791149,1522","5822595,994","13,28765","52,4757",4041240.0,Messelpark,2941.0
191206,11,7,,2019,1,12,3,3,0,6,0,0,1,0,0,0,1,1,"796068,961","5824041,766","13,36116","52,48602",7020204.0,Schöneberger Insel,4044.0
191207,11,9,,2019,1,6,3,3,6,2,2,0,1,1,0,0,0,1,"812138,2612","5820058,41","13,59333","52,44137",9041402.0,Siedlung Kämmereiheide,7431.0
191208,11,4,,2019,1,17,3,1,6,2,2,0,1,1,0,0,0,1,"790860,2576","5823812,355","13,28447","52,48676",4041134.0,Bismarckallee,2844.0
191209,11,9,,2019,1,17,2,3,2,7,1,0,1,0,0,0,0,0,"806806,7597","5822000,223","13,51693","52,46179",9020502.0,Oberschöneweide Ost,6337.0
191210,11,7,,2019,1,16,2,3,6,4,1,0,1,1,0,0,0,1,"795513,7035","5825400,158","13,35421","52,49849",7010102.0,Nollendorfplatz,3948.0
191211,11,10,,2019,1,18,2,2,6,4,2,0,1,1,0,0,0,1,"811217,4934","5828829,621","13,58802","52,5205",10020622.0,Kaulsdorf Nord I,7354.0
191212,11,6,,2019,1,19,2,3,1,5,2,0,1,0,0,0,0,1,"788744,6878","5820133,208","13,25022","52,4549",6040804.0,Krumme Lanke,2335.0
191213,11,6,,2019,1,19,2,3,2,6,2,0,1,0,0,0,0,1,"790386,1534","5820826,214","13,27491","52,46024",6040810.0,Dahlem,2737.0
191214,11,1,,2019,1,18,2,3,3,6,2,0,1,0,0,0,0,1,"795248,6597","5830966,197","13,35526","52,54853",1044103.0,Westliche Müllerstraße,3962.0
191215,11,5,,2019,1,21,2,2,9,1,2,0,1,0,0,0,0,1,"782433,7318","5830474,48","13,16636","52,55092",5010206.0,Gütersloher Weg,1163.0
191216,11,8,,2019,1,22,2,3,2,6,2,0,1,0,0,0,0,1,"800780,1202","5824334,085","13,4306","52,48606",8010301.0,Reuterkiez,5044.0
191217,11,1,,2019,1,21,2,3,5,2,2,1,0,0,0,0,0,1,"794622,3144","5829867,797","13,34507","52,53902",1044202.0,Sparrplatz,3760.0
191218,11,12,,2019,1,20,2,2,6,2,2,0,1,1,0,0,0,1,"795271,604","5836364,301","13,3604","52,59691",12302110.0,Dannenwalder Weg,4077.0
191219,11,8,,2019,1,15,2,3,2,2,0,0,1,0,0,0,0,1,"801457,418","5823887,892","13,44014","52,48169",8010301.0,Reuterkiez,5243.0
191220,11,3,,2019,1,8,2,3,1,5,1,1,0,0,0,0,1,1,"803691,7695","5831996,151","13,48034","52,55312",3051022.0,Hansastraße,5764.0
191221,11,5,,2019,1,7,2,3,2,6,1,0,1,0,0,0,0,1,"780851,1062","5820365,75","13,13455","52,4611",5040936.0,Jägerallee,637.0
191222,11,3,,2019,1,11,2,3,6,4,0,1,0,1,0,0,0,1,"802230,8772","5829345,134","13,45645","52,53017",3061430.0,Volkspark Prenzlauer Berg,5457.0
191223,11,12,,2019,1,8,2,3,6,2,0,0,1,1,0,0,0,1,"792457,936","5837312,801","13,31982","52,60693",12301205.0,Waidmannslust,3480.0
191224,11,6,,2019,1,17,2,3,2,2,2,0,1,0,0,0,0,1,"793196,5346","5819800,53","13,31525","52,44954",6030609.0,Augustaplatz,3333.0
191225,11,2,,2019,1,17,2,3,6,2,2,0,1,1,0,0,0,1,"802288,7021","5826308,91","13,45454","52,50293",2050803.0,Stralauer Kiez,5449.0
191226,11,1,,2019,1,17,2,3,5,2,2,1,1,0,0,0,0,1,"796947,1418","5826781,323","13,3765","52,5101",1011201.0,Wilhelmstraße,4251.0
191227,11,3,,2019,1,17,2,3,5,3,2,1,1,0,0,0,0,1,"797412,6341","5833971,338","13,38977","52,57429",3040513.0,Schönholz,4470.0
191228,11,6,,2019,1,17,2,3,1,5,2,0,1,0,0,0,0,1,"792307,4311","5819306,059","13,30177","52,44559",6030609.0,Augustaplatz,3132.0
191229,11,4,,2019,1,17,2,3,5,2,2,0,1,0,0,0,0,1,"792707,6303","5825468,019","13,31305","52,50061",4030929.0,Hindemithplatz,3348.0
191230,11,11,,2019,1,16,2,3,3,6,2,1,1,0,0,0,0,1,"807683,6568","5824547,508","13,53214","52,48413",11051331.0,Karlshorst Nord,6544.0
191231,11,5,,2019,1,16,2,3,5,3,1,0,1,0,0,0,0,1,"782246,8186","5827617,444","13,16119","52,5254",5020523.0,Maulbeerallee,1056.0
191232,11,1,,2019,1,16,2,3,5,2,1,1,1,0,0,0,0,1,"796555,0379","5831635,625","13,37507","52,55382",1044201.0,Reinickendorfer Straße,4264.0
191233,11,3,,2019,1,10,2,3,5,7,0,0,1,0,0,0,0,1,"796038,6181","5836681,631","13,37198","52,59934",3040508.0,Rosenthal,4177.0
191234,11,11,,2019,1,15,2,3,5,3,0,1,1,0,0,0,0,1,"807451,0942","5824781,364","13,52894","52,48635",11051331.0,Karlshorst Nord,6544.0
191235,11,6,,2019,1,14,2,3,2,2,0,0,1,0,0,0,0,1,"790288,472","5814825,282","13,26826","52,40649",6030502.0,Zehlendorf Süd,2621.0
191236,11,11,,2019,1,10,2,3,5,3,0,0,1,0,0,0,0,1,"806690,7674","5833399,321","13,52573","52,56402",11010205.0,Falkenberg West,6467.0
191237,11,2,,2019,1,14,2,3,4,1,0,0,1,0,0,0,0,1,"799006,6184","5824116,719","13,40436","52,48509",2020205.0,Chamissokiez,4644.0
191238,11,2,,2019,1,9,2,2,0,1,0,0,0,0,1,0,0,1,"802499,2744","5828272,437","13,45941","52,52041",2050602.0,Samariterviertel,5454.0
191239,11,1,,2019,1,12,2,3,2,6,0,0,1,0,0,0,0,1,"795189,141","5831031,924","13,35444","52,54915",1044103.0,Westliche Müllerstraße,3963.0
191240,11,4,,2019,1,11,2,3,5,2,0,0,1,0,1,0,0,1,"792978,3476","5824197,773","13,31591","52,48908",4051550.0,Leon-Jessel-Platz,3345.0
191241,11,4,,2019,1,16,2,3,5,2,2,0,1,0,0,0,0,1,"791793,2011","5827482,791","13,30139","52,51917",4030620.0,Alt-Lietzow,3154.0
191242,11,2,,2019,1,9,2,3,5,3,1,1,1,0,0,0,0,1,"800663,9747","5825829,873","13,43024","52,49953",2030302.0,Lausitzer Platz,5048.0
191243,11,6,,2019,1,15,2,3,4,6,0,0,1,0,0,0,0,1,"790235,1135","5817526,811","13,26982","52,43074",6030503.0,Zehlendorf Mitte,2628.0
191244,11,12,,2019,1,11,2,3,6,2,0,0,1,1,0,0,0,1,"792370,2405","5834065,165","13,31566","52,57787",12301203.0,Wittenau Süd,3371.0
191245,11,12,,2019,1,15,2,3,2,6,1,0,1,0,0,0,0,1,"793010,8451","5832184,233","13,32343","52,56066",12214424.0,Scharnweberstraße,3466.0
191246,11,4,,2019,1,9,2,3,5,2,0,0,1,0,1,0,0,1,"794080,368","5826308,074","13,33396","52,50741",4030931.0,Breitscheidplatz,3650.0
191247,11,1,,2019,1,8,2,3,6,4,0,0,1,1,0,0,0,1,"798072,8443","5828938,187","13,39497","52,52882",1011302.0,Oranienburger Straße,4557.0
191248,11,6,,2019,1,8,2,2,5,2,0,0,1,0,0,0,0,1,"793602,8879","5815904,581","13,31779","52,4144",6020411.0,Schütte-Lanz-Straße,3323.0
191249,11,4,,2019,1,8,2,3,5,2,1,1,1,0,0,0,0,1,"793066,1918","5827662,759","13,32025","52,5201",4030621.0,Spreestadt,3454.0
191250,11,1,,2019,1,8,2,2,6,4,0,0,1,1,0,0,0,1,"796423,6076","5830099,48","13,37176","52,54012",1033203.0,Humboldthain Nordwest,4160.0
191251,11,4,,2019,1,7,2,3,6,2,1,0,1,1,0,0,0,1,"792903,0441","5827393,842","13,31762","52,51777",4030620.0,Alt-Lietzow,3353.0
191252,11,8,,2019,1,7,2,2,6,4,2,0,1,1,0,0,0,1,"800497,6287","5819307,986","13,42192","52,44117",8020621.0,Mohriner Allee Nord,4931.0
191253,11,5,,2019,1,6,2,3,6,2,2,0,1,1,0,0,0,1,"785772,7965","5828538,105","13,21381","52,53182",5010339.0,Freiheit,1858.0
191254,11,12,,2019,1,6,2,3,5,3,2,0,1,0,1,0,0,1,"791052,558","5835457,9","13,29749","52,59106",12304314.0,Ziekowstraße/Freie Scholle,3075.0
191255,11,10,,2019,1,18,2,3,1,5,2,1,0,0,0,0,1,1,"806707,6319","5830267,094","13,52309","52,53594",10010308.0,Marzahner Chaussee,6459.0
191256,11,2,,2019,1,11,2,3,5,3,0,0,1,0,0,0,1,1,"798599,0847","5825578,718","13,39969","52,49841",2010104.0,Wassertorplatz,4548.0
191257,11,9,,2019,1,13,1,3,1,5,0,1,1,0,0,0,0,0,"814597,8148","5820806,934","13,6301","52,44667",9051702.0,Bölschestraße,8033.0
191258,11,1,,2019,1,18,1,3,2,6,2,0,1,0,0,0,0,0,"797521,1463","5829439,683","13,38731","52,53361",1033202.0,Humboldthain Süd,4458.0
191259,11,5,,2019,1,17,1,2,5,3,2,1,1,0,0,0,0,0,"787974,9746","5830384,9","13,24778","52,54721",5030731.0,Gartenfelder Straße,2362.0
191260,11,2,,2019,1,16,1,3,2,6,2,0,1,0,0,0,0,0,"800796,0483","5828199,008","13,43432","52,52069",2040502.0,Friedenstraße,5154.0
191261,11,1,,2019,1,16,1,3,5,2,2,1,1,0,0,0,0,0,"799582,7043","5828043,697","13,41635","52,51997",1011304.0,Karl-Marx-Allee,4854.0
191262,11,6,,2019,1,14,1,2,5,3,0,1,1,0,0,0,0,0,"790022,8251","5815953,84","13,26535","52,41675",6030504.0,Teltower Damm,2624.0
191263,11,12,,2019,1,3,1,2,6,4,2,0,1,1,0,0,0,0,"793835,9265","5836156,962","13,33908","52,59583",12302107.0,Schorfheidestraße,3676.0
191264,11,7,,2019,1,14,7,3,3,7,0,1,1,0,0,0,0,1,"795683,979","5824075,812","13,35554","52,48653",7020203.0,Kaiser-Wilhelm-Platz,3944.0
191265,11,1,,2019,1,11,7,3,2,6,0,0,1,0,0,0,0,1,"795748,0805","5831894,937","13,36343","52,55659",1044203.0,Leopoldplatz,4065.0
191266,11,1,,2019,1,9,7,2,4,1,0,0,1,0,0,0,1,1,"794288,6194","5829929,113","13,34022","52,53975",1044101.0,Rehberge,3760.0
191267,11,1,,2019,1,6,7,3,5,3,2,1,1,0,0,0,0,1,"799682,2285","5827210,083","13,41706","52,51244",1011305.0,Heine-Viertel West,4852.0
191268,11,8,,2019,1,0,7,3,2,2,2,0,1,0,0,1,0,1,"800515,3649","5823440,356","13,4259","52,4782",8010117.0,Schillerpromenade,4942.0
191269,11,8,,2019,1,21,7,3,6,2,2,0,1,1,0,0,0,1,"800523,707","5823439,842","13,42603","52,47819",8010117.0,Schillerpromenade,4942.0
191270,11,3,,2019,1,18,7,3,6,7,2,0,1,1,0,0,0,1,"799550,1268","5829909,848","13,41756","52,53672",3071537.0,Kollwitzplatz,4859.0
191271,11,10,,2019,1,17,7,3,2,6,2,0,1,0,0,0,0,1,"806566,5664","5828143,401","13,51905","52,51698",10010308.0,Marzahner Chaussee,6353.0
191272,11,5,,2019,1,17,7,3,2,6,2,0,1,0,0,0,0,1,"783707,0794","5830174,9","13,18484","52,54757",5010207.0,Darbystraße,1462.0
191273,11,6,,2019,1,17,7,3,6,4,2,0,1,1,0,0,0,2,"793277,3834","5819081,06","13,31581","52,44305",6030609.0,Augustaplatz,3332.0
191274,11,10,,2019,1,19,6,2,0,1,2,0,0,0,1,0,0,1,"809978,9619","5832086,215","13,57286","52,55039",10010206.0,Ringkolonnaden,7163.0
191275,11,12,,2019,1,12,6,3,5,2,0,1,1,0,0,0,0,0,"795583,1887","5833129,154","13,3621","52,56774",12103219.0,Schäfersee,4068.0
191276,11,7,,2019,1,22,6,3,5,3,2,0,1,0,0,0,0,1,"799071,3713","5821704,569","13,40315","52,46343",7040405.0,Rathaus Tempelhof,4638.0
191277,11,5,,2019,1,21,6,3,8,1,2,0,1,0,0,0,0,1,"779812,4477","5827763,774","13,12552","52,52797",5020521.0,Döberitzer Weg,556.0
191278,11,1,,2019,1,21,6,3,3,6,2,0,0,0,1,0,1,1,"796810,3688","5828836,178","13,37632","52,52859",1011301.0,Charitéviertel,4257.0
191279,11,12,,2019,1,20,6,2,6,4,2,0,1,1,0,0,0,1,"792550,2063","5832825,256","13,31722","52,56665",12214424.0,Scharnweberstraße,3368.0
191280,11,2,,2019,1,18,6,3,6,4,2,1,0,1,0,0,0,1,"802724,4493","5826970,822","13,46154","52,50862",2050802.0,Boxhagener Platz,5551.0
191281,11,11,,2019,1,13,6,3,5,2,0,1,1,0,0,0,0,1,"806700,2883","5833982,649","13,52641","52,56924",11010204.0,Falkenberg Ost,6468.0
191282,11,10,,2019,1,15,6,3,5,3,0,1,1,0,0,0,0,1,"811939,0391","5828947,763","13,59873","52,52114",10040828.0,Kaulsdorf Nord,7554.0
191283,11,4,,2019,1,14,6,3,1,5,0,0,1,0,0,0,0,1,"791884,5998","5830685,551","13,30554","52,54783",4010102.0,Plötzensee,3162.0
191284,11,4,,2019,1,15,6,3,5,3,1,1,1,0,0,0,0,1,"791526,2229","5823555,477","13,29402","52,4841",4041238.0,Kissinger Straße,3044.0
191285,11,12,,2019,1,14,6,3,6,2,0,0,1,1,0,0,0,1,"795762,2327","5832568,706","13,36424","52,56262",12103219.0,Schäfersee,4067.0
191286,11,2,,2019,1,16,6,3,6,4,2,1,0,1,0,0,0,1,"801344,3756","5825832,702","13,44024","52,49918",2030402.0,Wrangelkiez,5248.0
191287,11,2,,2019,1,13,6,3,0,7,0,0,1,0,1,0,0,1,"799182,9373","5825887,246","13,40854","52,50086",2010103.0,Moritzplatz,4748.0
191288,11,4,,2019,1,10,6,3,5,5,0,0,1,0,0,0,0,1,"791604,7108","5825598,563","13,29697","52,50237",4030726.0,Droysenstraße,3049.0
191289,11,4,,2019,1,13,6,3,5,5,0,0,1,0,0,1,0,1,"791003,6485","5827416,25","13,28972","52,51899",4030415.0,Schloßgarten,2954.0
191290,11,6,,2019,1,14,6,3,2,3,0,0,1,0,0,0,0,1,"795325,8523","5819972,578","13,34665","52,44994",6010205.0,Südende,3834.0
191291,11,12,,2019,1,13,6,3,1,5,0,0,1,0,0,0,0,1,"795019,4426","5832550,563","13,3533","52,56286",12103219.0,Schäfersee,3967.0
191292,11,11,,2019,1,8,6,3,5,3,1,0,1,0,0,0,1,1,"804831,7172","5833773,047","13,49873","52,56841",11010309.0,Zingster Straße West,6068.0
191293,11,11,,2019,1,5,6,3,5,3,2,1,1,0,0,0,0,1,"806141,1634","5826839,339","13,51161","52,50553",11040926.0,Weitlingstraße,6250.0
191294,11,5,,2019,1,5,6,3,6,2,2,0,1,1,0,0,0,0,"781549,0073","5830710,248","13,15355","52,55349",5010206.0,Gütersloher Weg,964.0
191295,11,8,,2019,1,12,6,3,5,3,0,0,1,0,0,0,1,1,"802005,5721","5823298,882","13,44765","52,47611",8010404.0,Rixdorf,5341.0
191296,11,2,,2019,1,11,5,3,0,6,0,0,1,0,0,0,1,0,"800239,2754","5824610,488","13,4229","52,48884",2020206.0,Graefekiez,4945.0
191297,11,1,,2019,1,15,5,3,2,6,0,0,1,0,0,0,0,0,"797271,7032","5831271,241","13,38528","52,55017",1033102.0,Gesundbrunnen,4363.0
191298,11,5,,2019,1,15,5,2,5,2,0,0,1,0,1,0,0,0,"785164,463","5828949,436","13,20522","52,53582",5010314.0,Carl-Schurz-Straße,1759.0
191299,11,8,,2019,1,22,5,3,5,2,2,0,1,0,0,0,0,0,"802008,6722","5822421,633","13,4469","52,46824",8010214.0,Glasower Straße,5339.0
191300,11,4,,2019,1,14,5,2,5,3,0,1,1,0,0,0,0,0,"790741,7102","5822643,997","13,28171","52,47635",4041240.0,Messelpark,2841.0
191301,11,9,,2019,1,14,5,3,5,3,0,1,1,0,0,0,0,0,"811002,3572","5821743,476","13,57824","52,45712",9051901.0,Dammvorstadt,7236.0
191302,11,4,,2019,1,14,5,3,5,2,0,0,1,0,0,0,0,1,"793513,1987","5825445,268","13,32487","52,49998",4030931.0,Breitscheidplatz,3448.0
191303,11,3,,2019,1,12,5,2,6,4,0,0,1,1,0,0,0,0,"802011,4662","5829665,872","13,45351","52,53317",3061430.0,Volkspark Prenzlauer Berg,5358.0
191304,11,9,,2019,1,19,5,3,6,4,2,0,1,1,0,0,0,0,"814210,095","5822012,573","13,62555","52,4577",9051702.0,Bölschestraße,7936.0
191305,11,1,,2019,1,13,5,3,5,2,0,0,1,0,1,0,0,1,"795271,403","5826033,423","13,35121","52,5043",1011103.0,Lützowstraße,3850.0
191306,11,5,,2019,1,17,5,2,6,4,2,0,1,1,0,0,0,0,"782241,2936","5830282,975","13,16337","52,5493",5010206.0,Gütersloher Weg,1063.0
191307,11,3,,2019,1,17,5,3,5,2,2,1,1,0,0,0,0,0,"802590,616","5829279,205","13,46167","52,52938",11030618.0,Fennpfuhl West,5557.0
191308,11,12,,2019,1,21,5,2,0,1,2,0,0,0,1,0,0,0,"793461,1474","5836991,598","13,33431","52,60351",12302211.0,Lübarser Straße,3679.0
191309,11,1,,2019,1,11,5,3,5,2,0,0,1,0,0,0,0,1,"795437,3276","5829538,445","13,35676","52,53563",1022201.0,Stephankiez,3959.0
191310,11,7,,2019,1,11,5,3,6,7,0,0,1,1,0,0,0,1,"795083,0432","5825592,153","13,34806","52,50045",7010102.0,Nollendorfplatz,3848.0
191311,11,4,,2019,1,10,5,2,5,3,0,1,1,0,0,0,0,0,"789838,0797","5827374,657","13,27256","52,51924",4020310.0,Park Ruhwald,2754.0
191312,11,7,,2019,1,8,5,3,3,6,0,1,0,0,0,0,1,0,"797408,7747","5820428,288","13,37761","52,4529",7040404.0,Marienhöhe,4234.0
191313,11,8,,2019,1,8,5,3,5,3,0,1,1,0,0,0,0,0,"804215,013","5816452,578","13,47385","52,41352",8041036.0,Zittauer Straße,5723.0
191314,11,5,,2019,1,6,5,3,5,2,2,0,1,0,0,0,0,0,"780872,9875","5828321,922","13,14158","52,53242",5020419.0,Magistratsweg,758.0
191315,11,1,,2019,1,6,5,3,6,2,2,0,1,1,0,0,0,0,"796097,8993","5828437,105","13,36549","52,5254",1022206.0,Lüneburger Straße,4056.0
191316,11,8,,2019,1,21,4,3,1,5,2,1,1,0,0,0,0,0,"801099,3013","5822182,291","13,43334","52,4666",8010214.0,Glasower Straße,5038.0
191317,11,3,,2019,1,18,4,3,0,5,2,0,1,0,1,0,0,1,"800484,4344","5829484,347","13,4309","52,53239",3071639.0,Bötzowstraße,5058.0
191318,11,4,,2019,1,18,4,3,5,3,2,1,1,0,0,0,0,0,"792965,1076","5826950,747","13,31814","52,51377",4030623.0,Ernst-Reuter-Platz,3352.0
191319,11,2,,2019,1,16,4,3,2,6,2,0,1,0,0,0,0,1,"801385,6543","5828739,203","13,44347","52,52521",2040503.0,Richard-Sorge-Viertel,5256.0
191320,11,1,,2019,1,14,4,3,3,6,0,0,1,0,0,0,0,0,"797734,0961","5827617,167","13,38881","52,51716",1011202.0,Unter den Linden Nord,4453.0
191321,11,6,,2019,1,13,4,3,2,6,0,0,1,0,0,0,0,1,"791938,5768","5819049,864","13,29614","52,44349",6030610.0,Lichterfelde West,3032.0
191322,11,8,,2019,1,12,4,3,5,3,0,0,1,0,0,0,0,1,"801239,357","5822480,497","13,43566","52,46919",8010213.0,Körnerpark,5139.0
191323,11,4,,2019,1,12,4,3,6,2,0,0,1,1,0,0,0,0,"790701,947","5822699,462","13,28117","52,47687",4041136.0,Hagenplatz,2841.0
191324,11,10,,2019,1,12,4,3,2,6,0,0,1,0,0,0,1,1,"806514,9359","5829428,772","13,51948","52,52853",10010308.0,Marzahner Chaussee,6357.0
191325,11,4,,2019,1,11,4,2,6,4,0,0,0,1,0,0,1,1,"793448,3446","5826561,315","13,3249","52,51002",4030623.0,Ernst-Reuter-Platz,3451.0
191326,11,7,,2019,1,10,4,3,5,3,0,0,1,0,0,0,0,1,"799936,3633","5816020,422","13,41074","52,412",7070702.0,Alt-Lichtenrade/Töpchiner Weg,4723.0
191327,11,6,,2019,1,7,4,3,2,7,1,0,1,0,0,0,0,1,"790181,2916","5815258,344","13,26707","52,41043",6030504.0,Teltower Damm,2622.0
191328,11,11,,2019,1,13,4,3,4,7,0,0,1,0,0,0,0,0,"805314,4795","5827226,316","13,49982","52,50947",11040926.0,Weitlingstraße,6051.0
191329,11,12,,2019,1,16,3,3,4,1,2,0,1,0,0,0,0,1,"790857,2","5839961,151","13,29858","52,63153",12231102.0,Frohnau,3087.0
191330,11,7,,2019,1,17,3,2,2,6,2,0,1,0,0,0,0,1,"793973,2127","5822309,529","13,32886","52,47162",7030301.0,Friedenau,3540.0
191331,11,6,,2019,1,17,3,3,6,2,2,0,1,1,0,0,0,1,"795051,1934","5819613,273","13,3423","52,44687",6010206.0,Stadtpark,3733.0
191332,11,8,,2019,1,16,3,3,5,3,2,0,1,0,0,0,0,1,"805840,7675","5816730,83","13,49793","52,41511",8041038.0,Waßmannsdorfer Chaussee,6023.0
191333,11,5,,2019,1,6,3,3,2,6,2,0,1,0,0,0,0,1,"787003,1036","5828154,798","13,23157","52,52773",5010339.0,Freiheit,2056.0
191334,11,2,,2019,1,5,3,3,5,3,2,0,1,0,0,0,0,1,"798931,0484","5826353,186","13,40526","52,50517",2010103.0,Moritzplatz,4650.0
191335,11,1,,2019,1,17,3,3,1,5,2,0,1,0,0,0,0,1,"796295,3414","5828281,21","13,36826","52,5239",1022206.0,Lüneburger Straße,4155.0
191336,11,1,,2019,1,2,3,2,6,4,2,0,1,1,0,0,0,1,"800120,202","5826877,772","13,4232","52,50922",1011306.0,Heine-Viertel Ost,4951.0
191337,11,1,,2019,1,3,3,3,6,2,2,0,1,1,0,0,0,1,"796032,8411","5830350,533","13,36624","52,54259",1044202.0,Sparrplatz,4161.0
191338,11,7,,2019,1,15,4,3,1,5,0,1,1,0,0,0,0,1,"796131,3631","5824119,694","13,36215","52,48668",7020203.0,Kaiser-Wilhelm-Platz,4044.0
191339,11,2,,2019,1,4,3,3,5,2,2,0,1,0,0,0,0,1,"801758,0573","5826253,305","13,44669","52,50272",2040703.0,Wriezener Bahnhof/Entwicklungsgebiet,5249.0
191340,11,7,,2019,1,0,3,2,6,4,2,0,1,1,0,0,0,1,"794995,8834","5823455,023","13,34488","52,48134",7020202.0,Volkspark (Rudolf-Wilde-Park),3743.0
191341,11,7,,2019,1,1,3,2,5,3,2,0,1,0,0,0,1,1,"799789,6539","5813976,948","13,40676","52,39377",7070703.0,John-Locke-Straße,4717.0
191342,11,1,,2019,1,3,3,3,5,3,2,0,1,0,0,0,1,1,"797560,8201","5827406,867","13,38607","52,51537",1011203.0,Unter den Linden Süd,4353.0
191345,11,1,,2019,1,15,4,3,2,6,0,0,1,0,0,0,0,1,"794584,1741","5828548,339","13,34334","52,52722",1022104.0,Emdener Straße,3756.0
191353,11,7,,2019,1,15,4,3,2,6,0,0,1,0,0,0,0,1,"795831,2553","5820978,767","13,35495","52,45869",7030303.0,Grazer Platz,3936.0
191362,11,5,,2019,1,14,4,3,5,3,0,0,1,0,0,0,0,0,"788046,7554","5829307,035","13,24791","52,53751",5030833.0,Motardstraße,2359.0
191366,11,5,,2019,1,14,4,3,5,3,0,0,1,0,0,0,1,1,"782450,6498","5828511,164","13,16494","52,53331",5020417.0,Staakener Straße,1158.0
191369,11,4,,2019,1,17,4,2,0,7,2,0,1,0,0,0,0,1,"791120,432","5829146,564","13,29296","52,53444",4010103.0,Paul-Hertz-Siedlung,3058.0
191371,11,3,,2019,1,13,4,3,5,3,0,0,1,0,0,0,0,1,"796557,9558","5840100,935","13,38269","52,6297",3020203.0,Blankenfelde,4386.0
191372,11,8,,2019,1,13,4,3,5,7,0,0,1,0,0,0,0,1,"801331,1339","5819998,801","13,43477","52,4469",8020622.0,Parchimer Allee,5133.0
191376,11,2,,2019,1,13,4,3,5,7,0,0,1,0,1,0,0,1,"797846,3633","5825288,106","13,38837","52,49622",2020202.0,Rathaus Yorckstraße,4447.0
191378,11,6,,2019,1,12,4,3,5,3,0,0,1,0,0,0,0,1,"789617,1237","5819794,86","13,26273","52,4514",6040808.0,Hüttenweg,2534.0
191381,11,4,,2019,1,16,4,3,2,6,1,0,1,0,0,0,0,1,"793363,2268","5829646,419","13,32637","52,53772",4010102.0,Plötzensee,3559.0
191388,11,3,,2019,1,18,4,3,2,2,2,0,1,0,0,0,0,1,"800051,1093","5835717,651","13,43017","52,5885",3040614.0,Pankow Zentrum,5074.0
191391,11,1,,2019,1,18,4,3,5,3,2,0,1,0,0,0,0,1,"800315,8415","5827620,451","13,42674","52,51577",2040701.0,Andreasviertel,5053.0
191400,11,4,,2019,1,12,4,3,2,6,0,0,1,0,0,0,0,1,"793147,5946","5825616,966","13,31965","52,50171",4030930.0,George-Grosz-Platz,3449.0
191406,11,11,,2019,1,19,6,3,0,1,2,0,1,0,0,0,0,1,"803556,1403","5829737,47","13,47628","52,53295",11030619.0,Fennpfuhl Ost,5758.0