OBJECTID,LAND,BEZ,LOR_ab_2021,UJAHR,UMONAT,USTUNDE,UWOCHENTAG,UKATEGORIE,UART,UTYP1,ULICHTVERH,IstRad,IstPKW,IstFuss,IstKrad,IstGkfz,IstSonstige,USTRZUSTAND,LINREFX,LINREFY,XGCSWGS84,YGCSWGS84,LOR,STRASSE,quadrant
191407,11,1,,2019,1,17,6,2,1,5,2,1,1,0,0,0,0,1,"797337,1087","5827137,561","13,38254","52,51308",1011201.0,Wilhelmstraße,4352.0
191408,11,12,,2019,1,17,6,3,1,5,2,0,1,0,0,0,0,1,"794629,572","5832993,654","13,34796","52,56704",12103218.0,Teichstraße,3868.0
191409,11,1,,2019,1,17,6,3,5,3,2,0,1,0,0,0,0,0,"798573,0321","5826872,267","13,40046","52,51002",1011204.0,Leipziger Straße,4651.0
191410,11,9,,2019,1,16,6,3,0,6,0,0,1,0,0,0,1,0,"812540,845","5820115,604","13,59929","52,44165",9041402.0,Siedlung Kämmereiheide,7531.0
191411,11,5,,2019,1,15,6,2,1,1,0,0,1,0,0,1,0,0,"785353,5319","5827856,651","13,20706","52,52593",5020627.0,Tiefwerder,1756.0
191412,11,6,,2019,1,15,6,3,0,1,0,0,0,0,1,0,0,2,"787445,911","5816273,066","13,22783","52,42097",6030501.0,Berlepschstraße,2025.0
191413,11,10,,2019,1,14,6,3,2,2,0,0,1,0,0,0,0,0,"813363,6541","5830117,118","13,62076","52,53081",10020517.0,Adele-Sandrock-Straße,7857.0
191414,11,10,,2019,1,14,6,3,5,2,0,1,1,0,0,0,0,1,"809052,6057","5828645,993","13,55604","52,52008",10030724.0,Oberfeldstraße,6954.0
191415,11,4,,2019,1,14,6,3,1,5,0,0,1,0,0,0,0,0,"792163,2858","5827963,177","13,30725","52,52327",4030519.0,Kaiserin-Augusta-Allee,3255.0
191416,11,1,,2019,1,13,6,3,5,2,0,0,1,0,0,0,0,0,"798703,146","5827080,377","13,40256","52,51182",1011204.0,Leipziger Straße,4652.0
191417,11,11,,2019,1,13,6,3,5,7,0,0,1,0,0,0,1,0,"803243,9063","5830239,802","13,47215","52,53763",11020513.0,Orankesee,5659.0
191418,11,5,,2019,1,13,6,2,2,6,0,0,1,0,0,0,0,0,"785302,7585","5830833,743","13,20887","52,55264",5010311.0,Eiswerder,1764.0
191419,11,1,,2019,1,12,6,3,5,2,0,1,0,0,0,1,0,0,"796230,7775","5828511,857","13,36751","52,526",1022206.0,Lüneburger Straße,4156.0
191420,11,2,,2019,1,0,6,3,5,3,2,1,1,0,0,0,0,1,"800119,0774","5825731,95","13,42215","52,49895",2030301.0,Oranienplatz,4948.0
191421,11,11,,2019,1,6,6,3,6,4,2,0,1,1,0,0,0,1,"803297,6726","5826311,238","13,46936","52,50239",2050803.0,Stralauer Kiez,5649.0
191422,11,10,,2019,1,6,6,3,6,2,2,0,1,1,0,0,0,1,"810915,125","5829239,809","13,58396","52,52435",10020622.0,Kaulsdorf Nord I,7355.0
191423,11,3,,2019,1,7,6,3,5,3,1,1,1,0,0,0,0,2,"798347,317","5838420,913","13,40753","52,61366",3020307.0,Buchholz,4781.0
191424,11,7,,2019,1,7,6,3,6,2,1,0,1,1,0,0,0,1,"794807,5724","5824461,898","13,34301","52,49046",7020201.0,Bayerischer Platz,3745.0
191425,11,2,,2019,1,7,6,2,6,4,1,0,1,1,0,0,0,1,"800728,157","5828471,679","13,43357","52,52318",2040502.0,Friedenstraße,5155.0
191426,11,7,,2019,1,8,6,3,6,2,0,0,1,1,0,0,0,1,"794426,7776","5822340,798","13,33554","52,47166",7030301.0,Friedenau,3640.0
191427,11,1,,2019,1,8,6,3,6,4,0,1,0,1,0,0,0,1,"799722,7643","5827451,541","13,41788","52,51459",1011303.0,Alexanderplatzviertel,4853.0
191428,11,7,,2019,1,8,6,3,1,5,0,1,1,0,0,0,0,0,"795383,5017","5824674,199","13,35166","52,49206",7010103.0,Barbarossaplatz,3846.0
191429,11,10,,2019,1,9,6,3,5,2,0,0,1,0,0,0,0,1,"809592,1697","5828542,285","13,56387","52,51885",10030724.0,Oberfeldstraße,7054.0
191430,11,1,,2019,1,11,6,3,2,7,0,0,1,0,0,0,0,0,"798476,0178","5826665,289","13,39885","52,50822",1011204.0,Leipziger Straße,4551.0
191431,11,8,,2019,1,10,6,3,2,6,0,0,1,0,0,0,1,1,"803593,2646","5818127,475","13,46626","52,42887",8030829.0,Gropiusstadt Nord,5527.0
191432,11,12,,2019,1,12,6,3,5,3,0,0,1,0,0,0,1,0,"791009,0428","5831336,575","13,29324","52,55413",12214125.0,Waldidyll/Flughafensee,3064.0
191433,11,1,,2019,1,10,1,3,5,3,0,0,1,0,0,0,0,0,"796401,6239","5826271,435","13,36803","52,50582",1011104.0,Körnerstraße,4150.0
191434,11,2,,2019,1,10,6,3,1,7,0,0,1,0,0,0,0,0,"801302,1669","5827438,229","13,44107","52,5136",2040702.0,Weberwiese,5252.0
191435,11,1,,2019,1,7,5,3,5,2,2,1,1,0,0,0,0,1,"794577,312","5829787,053","13,34434","52,53833",1022103.0,Westhafen,3759.0
191436,11,1,,2019,1,5,5,3,5,2,2,0,1,0,0,0,0,1,"795522,703","5828217,893","13,35685","52,52375",1022206.0,Lüneburger Straße,3955.0
191437,11,4,,2019,1,21,5,3,6,2,2,0,1,1,0,0,0,1,"792295,0412","5825875,467","13,30735","52,50449",4030929.0,Hindemithplatz,3250.0
191438,11,9,,2019,1,20,5,2,3,6,2,1,1,0,0,0,0,1,"811813,9744","5818128,414","13,58678","52,42426",9041301.0,Kietzer Feld/Nachtheide,7326.0
191439,11,7,,2019,1,19,5,3,6,7,2,0,1,1,0,0,0,1,"794039,6717","5821660,771","13,32926","52,46577",7030301.0,Friedenau,3538.0
191440,11,10,,2019,1,19,5,3,6,3,2,0,1,1,0,0,0,1,"809554,0766","5834201,242","13,56859","52,56958",10010102.0,Havemannstraße,7169.0
191441,11,11,,2019,1,18,5,2,6,2,2,0,1,1,0,0,0,1,"806327,0348","5833881,203","13,52083","52,56854",11010205.0,Falkenberg West,6368.0
191442,11,3,,2019,1,18,7,3,4,6,2,0,1,0,0,0,0,1,"804114,5183","5841795,36","13,49555","52,64071",3010101.0,Bucher Forst,6089.0
191443,11,1,,2019,1,19,5,3,2,6,2,0,1,0,0,0,0,1,"795780,4206","5831878,15","13,36389","52,55642",1044203.0,Leopoldplatz,4065.0
191444,11,1,,2019,1,18,5,3,5,3,1,1,1,0,0,0,0,1,"796972,821","5831932,165","13,38148","52,55625",1044201.0,Reinickendorfer Straße,4365.0
191445,11,2,,2019,1,18,5,3,5,2,2,1,1,0,0,0,0,1,"797663,4119","5826303,921","13,38659","52,50543",2010101.0,Askanischer Platz,4450.0
191446,11,8,,2019,1,18,5,3,5,7,2,0,1,0,1,0,0,1,"801806,3459","5822373,627","13,44389","52,46792",8010214.0,Glasower Straße,5239.0
191447,11,9,,2019,1,18,5,2,6,2,2,0,1,1,0,0,0,1,"805021,3747","5822710,888","13,49138","52,46916",9010301.0,Baumschulenstraße,5939.0
191448,11,1,,2019,1,18,5,3,3,6,2,1,1,0,0,0,0,1,"797479,1497","5827939,21","13,38535","52,52019",1011202.0,Unter den Linden Nord,4354.0
191449,11,2,,2019,1,18,5,2,0,2,2,0,1,0,0,0,1,1,"801214,3038","5828623,932","13,44085","52,52427",2040502.0,Friedenstraße,5255.0
191450,11,4,,2019,1,13,5,3,6,2,0,0,1,1,0,0,0,0,"792076,7259","5826805,57","13,30496","52,51294",4030622.0,Richard-Wagner-Straße,3152.0
191451,11,1,,2019,1,11,5,2,6,4,0,0,0,1,0,0,1,0,"797241,9275","5829079,206","13,38288","52,53053",1011301.0,Charitéviertel,4357.0
191452,11,6,,2019,1,12,5,3,1,5,0,1,1,0,0,0,0,0,"795101,9224","5818278,263","13,34186","52,43487",6020303.0,Lankwitz Kirche,3729.0
191453,11,4,,2019,1,14,5,2,5,7,0,0,1,0,0,0,0,0,"793918,284","5825306,031","13,33069","52,49851",4051448.0,Schaperstraße,3548.0
191454,11,4,,2019,1,18,7,3,1,5,2,1,1,0,0,0,1,0,"791116,6958","5824761,653","13,28906","52,49513",4031032.0,Halensee,2947.0
191455,11,6,,2019,1,14,5,2,2,3,0,1,1,0,0,0,0,0,"790189,3252","5815242,842","13,26717","52,41029",6030504.0,Teltower Damm,2622.0
191456,11,1,,2019,1,15,5,3,1,5,0,1,1,0,0,0,0,1,"793488,3145","5828518,985","13,32721","52,52755",1022102.0,Beusselkiez,3556.0
191457,11,7,,2019,1,15,5,3,5,2,0,0,1,0,1,0,0,0,"796383,9225","5819736,312","13,36196","52,44725",7040404.0,Marienhöhe,4033.0
191458,11,7,,2019,1,14,1,2,6,2,0,0,1,1,0,0,0,0,"799069,3914","5813141,24","13,39546","52,38667",7070705.0,Franziusweg/Rohrbachstraße,4515.0
191459,11,4,,2019,1,16,5,2,6,2,0,0,1,1,0,0,0,0,"793436,3626","5823916,366","13,32239","52,48631",4051654.0,Wilhelmsaue,3444.0
191460,11,7,,2019,1,16,5,3,0,2,1,0,1,0,0,0,1,0,"797303,0049","5817285,066","13,37326","52,42478",7060601.0,Marienfelder Allee Nordwest,4226.0
191461,11,4,,2019,1,17,5,3,2,1,1,0,1,0,0,0,0,1,"794423,5085","5825451,067","13,33824","52,49954",4051448.0,Schaperstraße,3648.0
191462,11,4,,2019,1,17,5,3,1,5,1,0,1,0,0,0,0,1,"790463,6309","5822808,588","13,27777","52,47797",4041136.0,Hagenplatz,2742.0
191463,11,9,,2019,1,17,5,2,2,6,1,0,1,0,1,0,0,1,"807427,796","5818120,331","13,52247","52,42667",9020701.0,Adlershof West,6427.0
191464,11,8,,2019,1,17,5,3,8,1,1,0,1,0,0,0,0,1,"802492,8255","5820704,401","13,45245","52,45258",8020619.0,Buschkrugallee Nord,5334.0
191465,11,11,,2019,1,10,5,2,9,1,0,0,1,0,0,0,0,0,"808692,1414","5834353,1","13,55605","52,57143",11010103.0,Dorf Falkenberg,6969.0
191466,11,8,,2019,1,22,4,2,1,1,2,0,1,0,0,0,1,0,"804670,0846","5816843,708","13,48087","52,41677",8041036.0,Zittauer Straße,5824.0
191467,11,1,,2019,1,21,4,2,6,4,2,1,0,1,0,0,0,0,"796774,7548","5830528,507","13,37731","52,54378",1033203.0,Humboldthain Nordwest,4261.0
191468,11,1,,2019,1,21,4,3,1,5,2,1,1,0,0,0,0,0,"799013,9252","5828896,581","13,40876","52,52793",1011302.0,Oranienburger Straße,4756.0
191469,11,3,,2019,1,21,4,3,5,3,2,1,1,0,0,0,0,0,"800158,7173","5831670,99","13,42809","52,55217",3061227.0,Humannplatz,5063.0
191470,11,1,,2019,1,17,4,3,2,6,2,0,1,0,0,0,0,0,"796528,2655","5828672,244","13,37203","52,52727",1022206.0,Lüneburger Straße,4156.0
191471,11,5,,2019,1,14,4,3,2,6,0,0,1,0,0,0,1,0,"786774,4112","5828202,254","13,22824","52,52828",5010339.0,Freiheit,2057.0
191472,11,11,,2019,1,15,4,3,5,2,0,0,1,0,0,0,0,0,"803882,3222","5827895,199","13,47939","52,51626",11030721.0,Rüdigerstraße,5753.0
191473,11,12,,2019,1,14,4,3,2,3,0,1,1,0,0,0,0,0,"786427,1397","5837332,67","13,23102","52,61032",12224230.0,Heiligensee,2081.0
191474,11,4,,2019,1,13,4,3,5,3,0,0,1,0,0,0,0,0,"790492,0779","5826558,62","13,28146","52,51158",4020313.0,Königin-Elisabeth-Straße,2852.0
191475,11,5,,2019,1,13,4,3,5,3,0,0,1,0,0,0,1,0,"784032,545","5827417,465","13,18727","52,52268",5020626.0,Adamstraße,1455.0
191476,11,4,,2019,1,11,4,3,6,4,0,0,1,1,0,0,0,1,"793341,7391","5827268,67","13,32395","52,51642",4030623.0,Ernst-Reuter-Platz,3453.0
191477,11,8,,2019,1,10,4,3,6,4,0,0,1,1,0,0,0,1,"800632,914","5822062,086","13,42639","52,46578",8010118.0,Silbersteinstraße,4938.0
191478,11,3,,2019,1,7,4,3,5,3,1,1,1,0,0,0,0,1,"799979,5232","5831084,88","13,42493","52,54701",3061227.0,Humannplatz,4962.0
191479,11,7,,2019,1,12,4,3,6,2,0,0,1,1,0,0,0,0,"795888,0418","5816196,507","13,35155","52,41579",7060601.0,Marienfelder Allee Nordwest,3824.0
191480,11,6,,2019,1,9,4,3,6,2,0,0,0,1,1,0,0,1,"790650,5096","5817860,919","13,27621","52,43351",6030503.0,Zehlendorf Mitte,2729.0
191481,11,11,,2019,1,7,4,3,5,2,1,0,1,0,0,1,0,1,"806092,1845","5831389,446","13,51507","52,54634",11020412.0,Hauptstraße,6362.0
191482,11,7,,2019,1,17,7,3,5,2,2,1,0,0,0,0,1,0,"798697,8409","5816021,293","13,39259","52,41269",7070701.0,Kettinger Straße/Schillerstraße,4423.0
191483,11,3,,2019,1,7,4,3,6,4,1,0,1,1,0,0,0,1,"800705,5495","5830952,307","13,43548","52,54542",3061228.0,Erich-Weinert-Straße,5162.0
191484,11,10,,2019,1,7,4,3,5,3,1,1,1,0,0,0,0,1,"813010,8353","5830201,997","13,61565","52,53177",10020517.0,Adele-Sandrock-Straße,7858.0
191485,11,12,,2019,1,8,4,3,5,2,0,0,1,0,0,0,0,1,"795479,7332","5833414,803","13,36084","52,57036",12103115.0,Breitkopfbecken,4069.0
191486,11,4,,2019,1,9,4,3,5,3,0,0,1,0,0,0,0,1,"793379,1756","5821960,22","13,31983","52,46881",4041344.0,Rüdesheimer Platz,3439.0
191487,11,8,,2019,1,15,4,3,6,2,0,0,0,1,0,0,1,0,"800514,983","5824466,169","13,42682","52,48739",8010301.0,Reuterkiez,5045.0
191488,11,1,,2019,1,12,3,3,5,2,0,1,1,0,0,0,0,0,"797642,7802","5831852,41","13,39126","52,55517",1033102.0,Gesundbrunnen,4464.0
191489,11,1,,2019,1,22,3,2,0,1,2,0,0,0,1,0,0,1,"797656,7278","5828081,419","13,38808","52,52136",1011202.0,Unter den Linden Nord,4454.0
191490,11,5,,2019,1,18,3,3,6,2,2,0,1,1,0,0,0,1,"785242,328","5832250,664","13,2092","52,56538",5010101.0,Hakenfelde Nord,1767.0
191491,11,5,,2019,1,17,3,3,9,1,2,0,1,0,0,0,0,1,"782710,2643","5826940,259","13,16742","52,51909",5020523.0,Maulbeerallee,1154.0
191492,11,10,,2019,1,12,3,3,2,2,0,0,1,0,0,0,0,1,"806486,5217","5829660,635","13,51928","52,53063",10010308.0,Marzahner Chaussee,6357.0
191493,11,4,,2019,1,20,3,3,0,3,2,0,0,0,1,0,1,1,"788855,6181","5827183,007","13,25795","52,51804",4020311.0,Reichsstraße,2454.0
191494,11,7,,2019,1,17,7,3,5,2,1,0,1,0,0,0,0,0,"798710,9056","5817580,321","13,39417","52,42666",7050502.0,Fritz-Werner-Straße,4527.0
191495,11,7,,2019,1,20,3,3,5,3,2,0,1,0,0,0,1,0,"797341,7771","5818586,032","13,37499","52,43642",7050502.0,Fritz-Werner-Straße,4230.0
191496,11,4,,2019,1,16,3,3,0,1,2,0,0,0,1,0,0,1,"787272,2737","5826012,679","13,23367","52,50839",4020207.0,Flatowallee,2151.0
191497,11,10,,2019,1,16,3,2,6,2,2,0,1,1,0,0,0,1,"809844,8703","5831011,178","13,56989","52,54083",10010310.0,Alt-Marzahn,7160.0
191498,11,12,,2019,1,16,3,3,0,5,0,0,1,0,1,0,0,1,"791302,6005","5833223,855","13,29921","52,5709",12214125.0,Waldidyll/Flughafensee,3169.0
191499,11,4,,2019,1,14,3,3,2,2,0,0,0,0,0,1,1,1,"793915,1616","5825542,656","13,33086","52,50063",4030931.0,Breitscheidplatz,3548.0
191500,11,5,,2019,1,14,3,3,0,2,0,0,1,0,0,0,1,1,"789043,3308","5829715,149","13,26291","52,54064",5030832.0,Rohrdamm,2560.0
191501,11,12,,2019,1,14,3,3,1,5,0,0,1,0,0,0,0,1,"789962,8688","5835542,509","13,28153","52,5924",12214527.0,Alt-Tegel,2875.0
191502,11,3,,2019,1,13,3,3,5,3,0,0,1,0,0,0,0,1,"801752,6458","5829154,396","13,44924","52,52873",3061435.0,Conrad-Blenkle-Straße,5357.0
191503,11,8,,2019,1,10,3,3,0,7,0,0,1,0,0,0,0,1,"801144,1684","5823779,033","13,43544","52,48089",8010303.0,Donaustraße,5143.0
191504,11,2,,2019,1,10,3,3,5,3,1,1,1,0,0,0,0,1,"802909,3735","5827125,545","13,4644","52,5099",2050801.0,Traveplatz,5551.0
191505,11,3,,2019,1,10,3,3,1,5,0,1,1,0,0,0,0,1,"800728,0755","5831963,52","13,43673","52,55447",3050923.0,Weißenseer Spitze,5164.0
191506,11,3,,2019,1,9,3,3,5,3,0,0,1,0,0,0,0,1,"799604,2876","5834019,454","13,42206","52,57352",3040614.0,Pankow Zentrum,4970.0
191507,11,1,,2019,1,5,3,3,5,2,2,0,0,0,0,0,1,0,"799242,9022","5828468,568","13,41174","52,52397",1011303.0,Alexanderplatzviertel,4755.0
191508,11,2,,2019,1,22,3,3,6,3,2,0,1,1,0,0,0,1,"801645,5498","5826476,481","13,44524","52,50479",2040703.0,Wriezener Bahnhof/Entwicklungsgebiet,5250.0
191509,11,3,,2019,1,17,3,3,2,2,1,0,1,0,0,1,0,1,"800672,3231","5830653,372","13,43472","52,54276",3061228.0,Erich-Weinert-Straße,5161.0
191510,11,6,,2019,1,17,3,3,6,4,1,0,1,1,0,0,0,1,"793679,2366","5818213,567","13,32094","52,43506",6020409.0,Königsberger Straße,3429.0
191511,11,12,,2019,1,17,3,2,6,4,1,0,1,1,0,0,0,1,"794899,2578","5836310,208","13,35487","52,59663",12302110.0,Dannenwalder Weg,3976.0
191512,11,8,,2019,1,15,3,3,6,4,0,0,1,1,0,0,0,1,"802531,4232","5822958,568","13,45506","52,47276",8010404.0,Rixdorf,5440.0
191513,11,4,,2019,1,17,3,2,5,2,1,0,1,0,0,0,0,1,"790476,0561","5826697,938","13,28134","52,51283",4020313.0,Königin-Elisabeth-Straße,2852.0
191514,11,5,,2019,1,17,3,3,6,2,2,0,1,1,0,0,0,1,"782373,0036","5830489,313","13,16548","52,55108",5010206.0,Gütersloher Weg,1163.0
191515,11,1,,2019,1,18,3,3,6,7,1,0,1,1,0,0,0,1,"798164,7088","5826606,661","13,39423","52,50787",1011204.0,Leipziger Straße,4551.0
191516,11,4,,2019,1,18,3,3,6,7,1,0,1,1,0,0,0,1,"793854,4224","5826060,167","13,33042","52,50531",4030931.0,Breitscheidplatz,3550.0
191517,11,5,,2019,1,19,3,3,4,1,2,0,1,0,0,0,0,1,"787170,49","5830666,338","13,2362","52,55016",5030730.0,Zitadellenweg,2163.0
191518,11,1,,2019,1,22,3,3,6,2,2,0,1,1,0,0,0,1,"797473,8222","5826792,13","13,38424","52,50991",1011201.0,Wilhelmstraße,4351.0
191519,11,8,,2019,1,23,3,3,6,4,2,0,1,1,0,0,0,1,"801439,1012","5823873,119","13,43985","52,48157",8010303.0,Donaustraße,5143.0
191520,11,9,,2019,1,23,3,3,5,2,2,1,1,0,0,0,0,1,"808983,6231","5818110,329","13,54527","52,4257",9020701.0,Adlershof West,6727.0
191521,11,1,,2019,1,22,2,3,0,7,2,0,1,0,0,0,0,0,"794536,333","5829324,303","13,34333","52,5342",1022104.0,Emdener Straße,3758.0
191522,11,1,,2019,1,21,2,3,5,2,2,1,1,0,0,0,0,0,"795230,5272","5826625,853","13,35114","52,50963",1011101.0,Stülerstraße,3851.0
191523,11,4,,2019,1,17,2,3,6,7,2,0,1,1,0,0,0,0,"792105,1841","5825292,444","13,30405","52,49936",4030726.0,Droysenstraße,3148.0
191524,11,8,,2019,1,6,2,3,5,3,2,0,1,0,0,0,0,1,"804454,467","5816943,144","13,4778","52,41778",8041036.0,Zittauer Straße,5724.0
191525,11,12,,2019,1,7,2,3,5,3,0,0,1,0,0,0,1,1,"793557,9707","5834252,136","13,3333","52,5789",12301203.0,Wittenau Süd,3671.0
191526,11,7,,2019,1,8,2,3,6,4,0,0,0,1,0,1,0,1,"798054,2003","5815809,427","13,38296","52,41114",7060603.0,Marienfelde Nordost,4322.0
191527,11,1,,2019,1,9,2,3,6,4,0,1,0,1,0,0,0,1,"795324,8911","5827382,69","13,3532","52,51637",1011102.0,Großer Tiergarten,3953.0
191528,11,7,,2019,1,9,2,2,5,2,0,0,1,0,0,0,1,0,"799260,9218","5816265,352","13,40106","52,41457",7070701.0,Kettinger Straße/Schillerstraße,4623.0
191529,11,6,,2019,1,18,2,2,6,2,2,0,1,1,0,0,0,0,"795445,1059","5817851,368","13,34652","52,43086",6020305.0,Gemeindepark Lankwitz,3828.0
191530,11,4,,2019,1,17,2,3,2,6,2,0,1,0,0,0,0,1,"794262,4496","5825421,594","13,33585","52,49936",4051448.0,Schaperstraße,3648.0
191531,11,7,,2019,1,17,2,3,5,3,2,0,1,0,0,0,0,0,"797674,4822","5819325,588","13,38053","52,44287",7050501.0,Rathausstraße,4332.0
191532,11,3,,2019,1,17,2,3,6,4,2,0,1,1,0,0,0,1,"800697,8222","5830705,169","13,43515","52,54321",3061228.0,Erich-Weinert-Straße,5161.0
191533,11,1,,2019,1,20,2,3,6,7,2,0,1,1,0,0,0,0,"798766,2158","5828142,297","13,40444","52,5213",1011303.0,Alexanderplatzviertel,4654.0
191534,11,8,,2019,1,17,2,3,6,4,2,0,1,1,0,0,0,1,"802285,0148","5822856,855","13,45135","52,47199",8010404.0,Rixdorf,5340.0
191535,11,7,,2019,1,16,2,3,6,4,2,0,1,1,0,0,0,1,"797337,5443","5822179,208","13,37813","52,46863",7040403.0,Manteuffelstraße,4239.0
191536,11,4,,2019,1,16,7,2,5,2,1,0,1,0,0,0,0,0,"790850,872","5826736,008","13,28688","52,51297",4030417.0,Schloßstraße,2952.0
191537,11,9,,2019,1,16,2,3,6,4,0,0,1,1,0,0,0,2,"810989,1167","5821740,289","13,57805","52,4571",9051901.0,Dammvorstadt,7236.0
191538,11,9,,2019,1,16,2,3,5,3,0,0,1,0,0,0,0,1,"809456,8241","5819065,71","13,55309","52,434",9020702.0,Adlershof Ost,6829.0
191539,11,7,,2019,1,16,2,2,6,4,2,0,1,1,0,0,0,0,"797789,5446","5819621,721","13,38248","52,44546",7050501.0,Rathausstraße,4332.0
191540,11,10,,2019,1,14,2,3,5,3,0,0,1,0,0,0,0,1,"807809,0787","5830769,897","13,53974","52,53982",10010310.0,Alt-Marzahn,6660.0
191541,11,4,,2019,1,15,2,3,6,4,0,0,1,1,0,0,0,0,"788914,7251","5825680,754","13,25752","52,50454",4020209.0,Eichkamp,2450.0
191542,11,3,,2019,1,14,2,3,5,2,0,0,1,0,0,0,0,1,"804491,1935","5840931,584","13,50031","52,63276",3010102.0,Buch,6087.0
191543,11,2,,2019,1,13,2,3,0,6,0,0,1,0,1,0,0,1,"800510,2838","5826667,649","13,42874","52,50713",2030302.0,Lausitzer Platz,5050.0
191544,11,5,,2019,1,13,2,3,5,2,0,0,1,0,0,0,0,0,"784666,894","5829708,815","13,19855","52,54289",5010313.0,Ackerstraße,1661.0
191545,11,1,,2019,1,14,7,2,0,3,0,0,1,0,0,0,1,0,"799106,4409","5828313,416","13,4096","52,52265",1011303.0,Alexanderplatzviertel,4755.0
191546,11,8,,2019,1,13,2,2,5,3,0,0,1,0,1,0,0,0,"800976,1624","5823490,13","13,43271","52,47839",8010212.0,Rollberg,5042.0
191547,11,7,,2019,1,11,2,3,5,2,0,1,1,0,0,0,0,0,"800015,0293","5813266,699","13,40943","52,38728",7070703.0,John-Locke-Straße,4715.0
191548,11,6,,2019,1,13,7,3,2,1,0,0,1,0,0,0,0,0,"796059,153","5817549,51","13,35526","52,42782",6020305.0,Gemeindepark Lankwitz,3927.0
191549,11,7,,2019,1,11,2,3,5,2,0,0,1,0,0,0,1,0,"796045,0367","5822852,09","13,35975","52,47536",7030303.0,Grazer Platz,4041.0
191550,11,5,,2019,1,7,2,3,0,5,1,0,1,0,0,0,0,0,"785042,6185","5826926,918","13,20169","52,51775",5020626.0,Adamstraße,1653.0
191551,11,3,,2019,1,10,2,3,6,4,0,0,1,1,0,0,0,1,"801852,906","5831378,02","13,45274","52,5486",3050925.0,Komponistenviertel Weißensee,5362.0
191552,11,12,,2019,1,15,1,3,5,3,1,0,1,0,0,0,0,1,"793277,5662","5837726,72","13,33226","52,6102",12302212.0,Rollbergesiedlung,3580.0
191553,11,1,,2019,1,22,1,3,5,3,2,1,0,0,0,0,1,1,"800068,1604","5828502,746","13,4239","52,52382",1011304.0,Karl-Marx-Allee,4955.0
191554,11,11,,2019,1,20,1,2,5,2,2,0,1,0,0,0,0,1,"804274,0172","5827878,344","13,48513","52,51589",11030721.0,Rüdigerstraße,5853.0
191555,11,3,,2019,1,19,1,3,5,3,2,0,1,0,0,0,1,1,"796952,065","5835829,143","13,38466","52,5912",3040512.0,Wilhelmsruh,4375.0
191556,11,8,,2019,1,18,1,2,6,4,2,0,1,1,0,0,1,1,"802574,2173","5823086,924","13,45581","52,47389",8010404.0,Rixdorf,5441.0
191557,11,4,,2019,1,17,1,3,6,2,2,0,1,1,0,0,0,1,"792080,158","5825769,76","13,3041","52,50366",4030726.0,Droysenstraße,3149.0
191558,11,10,,2019,1,17,1,3,2,6,2,0,1,0,0,0,0,1,"811156,8082","5829124,849","13,5874","52,52318",10020622.0,Kaulsdorf Nord I,7355.0
191559,11,12,,2019,1,16,1,2,6,2,2,0,1,1,0,0,0,1,"793415,8828","5836085,951","13,33284","52,59542",12301203.0,Wittenau Süd,3676.0
191560,11,5,,2019,1,13,1,3,2,6,0,0,1,0,0,0,0,1,"781430,3467","5830724,599","13,15181","52,55368",5010206.0,Gütersloher Weg,964.0
191561,11,1,,2019,1,14,1,3,5,5,0,1,1,0,0,0,0,1,"796243,2881","5826760,144","13,36614","52,51029",1011105.0,Nördlicher Landwehrkanal,4151.0
191562,11,2,,2019,1,3,1,3,5,3,2,0,1,0,0,0,0,1,"798837,5909","5825094,027","13,40276","52,49394",2020204.0,Urbanstraße,4646.0
191563,11,8,,2019,1,3,1,3,5,7,2,0,1,0,0,0,0,1,"804289,8204","5819652,456","13,47786","52,44216",8041035.0,Blumenviertel,5731.0
191564,11,6,,2019,1,7,1,3,6,2,2,0,1,1,0,0,0,1,"792248,3862","5816671,749","13,29861","52,422",6030608.0,Schweizer Viertel,3025.0
191565,11,1,,2019,1,7,1,3,2,2,2,0,1,0,0,0,0,1,"795531,9497","5830740,695","13,35922","52,54636",1044202.0,Sparrplatz,3962.0
191566,11,5,,2019,1,11,1,2,1,1,0,0,1,0,1,0,0,1,"788076,0131","5827871,012","13,24709","52,52462",5010339.0,Freiheit,2355.0
191567,11,11,,2019,1,12,1,3,5,3,0,0,1,0,0,0,0,1,"807046,8155","5824594,465","13,52284","52,48491",11051330.0,Karlshorst West,6444.0
191568,11,4,,2019,1,1,1,3,5,3,2,0,1,0,0,0,1,1,"792441,4297","5824096,203","13,30794","52,48846",4051445.0,Eisenzahnstraße,3245.0
191569,11,9,,2019,1,9,7,3,6,2,0,0,1,1,0,0,0,0,"808240,5952","5821081,937","13,53712","52,45275",9020601.0,Schnellerstraße,6634.0
191570,11,7,,2019,1,11,7,3,2,2,0,0,1,0,0,0,0,1,"795306,5277","5825551,79","13,3513","52,49996",7010102.0,Nollendorfplatz,3848.0
191571,11,8,,2019,1,17,7,3,6,2,1,0,1,1,0,0,0,1,"800319,2188","5816736,487","13,417","52,41821",8020727.0,Buckow Mitte,4824.0
191572,11,7,,2019,1,18,7,3,5,3,2,0,1,0,0,0,0,1,"799074,228","5821704,817","13,40319","52,46343",7040405.0,Rathaus Tempelhof,4638.0
191573,11,10,,2019,1,18,7,3,6,2,2,0,1,1,0,0,0,1,"812099,447","5831798,697","13,60376","52,5466",10020415.0,Hellersdorfer Promenade,7662.0
191574,11,7,,2019,1,18,7,3,6,2,2,0,1,1,0,0,0,1,"794966,4723","5825194,707","13,34599","52,49695",7010102.0,Nollendorfplatz,3847.0