OBJECTID,LAND,BEZ,LOR_ab_2021,UJAHR,UMONAT,USTUNDE,UWOCHENTAG,UKATEGORIE,UART,UTYP1,ULICHTVERH,IstRad,IstPKW,IstFuss,IstKrad,IstGkfz,IstSonstige,USTRZUSTAND,LINREFX,LINREFY,XGCSWGS84,YGCSWGS84,LOR,STRASSE,quadrant
191743,11,6,,2019,1,18,5,3,1,5,2,1,1,0,0,0,0,0,"793681,6252","5819252,035","13,32189","52,44437",6030606.0,Hindenburgdamm,3432.0
191744,11,5,,2019,1,20,2,3,6,7,2,0,1,1,0,0,0,1,"789558,6758","5829288,497","13,27012","52,53655",5030832.0,Rohrdamm,2659.0
191745,11,3,,2019,1,17,2,3,2,6,1,1,0,0,0,0,1,1,"804167,6073","5841063,768","13,49566","52,63412",3010102.0,Buch,6087.0
191746,11,10,,2019,1,20,2,2,5,3,2,0,1,0,0,0,0,1,"812995,2375","5828482,536","13,61381","52,51637",10040931.0,Mahlsdorf Nord,7753.0
191747,11,8,,2019,1,18,2,2,6,2,2,0,1,1,0,0,0,1,"800583,1994","5824578,711","13,42793","52,48836",8010301.0,Reuterkiez,5045.0
191748,11,7,,2019,1,17,2,3,6,2,2,0,1,1,0,0,0,1,"799350,898","5816114,549","13,40224","52,41317",8020726.0,Buckow West,4623.0
191749,11,6,,2019,1,17,2,2,6,4,2,0,1,1,0,0,0,1,"794230,5542","5820895,585","13,33139","52,45881",6010209.0,Feuerbachstraße,3536.0
191750,11,6,,2019,1,17,2,3,2,2,2,0,1,0,0,0,0,1,"792396,1322","5817836,175","13,30179","52,43236",6030610.0,Lichterfelde West,3128.0
191751,11,7,,2019,1,16,2,2,5,3,1,0,1,0,1,0,0,1,"798112,1228","5818348,383","13,38608","52,43387",7050502.0,Fritz-Werner-Straße,4329.0
191752,11,7,,2019,1,8,2,3,0,1,0,1,0,0,0,0,0,2,"796247,3589","5824305,958","13,36401","52,48829",7010104.0,Dennewitzplatz,4045.0
191753,11,8,,2019,1,15,2,3,5,3,1,1,1,0,0,0,0,1,"802499,736","5818946,992","13,45096","52,43683",8020625.0,Handwerker-Siedlung,5330.0
191754,11,4,,2019,1,8,2,3,2,6,0,0,1,0,0,0,0,1,"792731,0345","5829907,454","13,3173","52,5404",4010102.0,Plötzensee,3360.0
191755,11,5,,2019,1,15,2,2,5,3,0,0,1,0,0,0,0,1,"785832,101","5831732,778","13,21743","52,56043",5010101.0,Hakenfelde Nord,1866.0
191756,11,8,,2019,1,16,5,3,5,3,1,1,1,0,0,0,0,0,"803891,3852","5818944,957","13,47137","52,43604",8041035.0,Blumenviertel,5630.0
191757,11,6,,2019,1,9,2,3,1,1,0,0,1,0,0,0,1,2,"788970,5299","5818166,909","13,25183","52,43715",6040805.0,Fischerhüttenstraße,2430.0
191758,11,10,,2019,1,20,2,3,5,3,2,0,1,0,0,0,0,1,"811348,1431","5831843,897","13,59276","52,54744",10020412.0,Alte Hellersdorfer Straße,7462.0
191759,11,6,,2019,1,15,2,3,5,2,0,0,1,0,1,0,0,0,"795365,259","5818449,578","13,34588","52,43627",6020303.0,Lankwitz Kirche,3730.0
191760,11,9,,2019,1,13,2,3,5,3,0,1,1,0,0,0,0,1,"807850,2902","5822047,757","13,53228","52,46163",9020502.0,Oberschöneweide Ost,6537.0
191761,11,6,,2019,1,8,2,3,0,1,0,1,0,0,0,0,0,2,"787870,421","5818935,637","13,23635","52,44462",6040804.0,Krumme Lanke,2132.0
191762,11,8,,2019,1,8,5,3,3,6,0,0,1,0,0,1,0,0,"805566,5859","5818578,88","13,4956","52,43182",8041037.0,Alt-Rudow,6028.0
191763,11,1,,2019,1,13,2,3,2,6,0,0,1,0,0,0,1,0,"796273,9241","5830397,298","13,36983","52,54288",1033203.0,Humboldthain Nordwest,4161.0
191764,11,4,,2019,1,8,2,3,0,1,0,1,0,0,0,0,0,2,"790428,0262","5825937,222","13,27997","52,50604",4020314.0,Messegelände,2850.0
191765,11,4,,2019,1,6,2,2,6,2,2,0,1,1,0,0,0,1,"791410,9962","5827471,696","13,29576","52,51927",4030415.0,Schloßgarten,3054.0
191766,11,6,,2019,2,13,6,3,2,6,0,0,1,0,0,0,0,0,"794593,9593","5819172,286","13,3352","52,44316",6020302.0,Komponistenviertel Lankwitz,3632.0
191767,11,9,,2019,1,6,2,2,6,2,2,0,1,1,0,0,0,1,"809496,4126","5819862,729","13,55441","52,44112",9020702.0,Adlershof Ost,6831.0
191768,11,1,,2019,1,19,2,3,6,2,2,0,1,1,0,0,0,0,"794512,4543","5830640,418","13,34414","52,54601",1044103.0,Westliche Müllerstraße,3762.0
191769,11,10,,2019,1,13,2,3,5,2,0,0,1,0,0,0,0,0,"813544,7329","5827163,202","13,62064","52,50423",10040933.0,Mahlsdorf Süd,7849.0
191770,11,4,,2019,1,9,4,3,5,2,0,0,1,0,0,0,0,0,"793315,0058","5823784,523","13,32049","52,4852",4051549.0,Rathaus Wilmersdorf,3444.0
191771,11,5,,2019,1,6,2,2,5,3,2,1,1,0,0,0,0,1,"788058,1165","5829192,6","13,24797","52,53648",5030833.0,Motardstraße,2359.0
191772,11,10,,2019,1,19,2,2,6,4,2,0,1,1,0,0,0,1,"807802,9504","5830173,309","13,5391","52,53448",10010309.0,Springpfuhl,6658.0
191773,11,10,,2019,1,12,2,2,5,2,0,0,1,0,1,0,0,0,"809936,3571","5827047,623","13,56754","52,50526",10030727.0,Biesdorf Süd,7050.0
191774,11,8,,2019,1,5,2,3,5,7,2,1,0,0,0,0,1,1,"803907,9468","5821675,564","13,4741","52,4605",8010510.0,Gewerbegebiet Köllnische Heide,5737.0
191775,11,4,,2019,1,19,2,3,5,3,2,0,1,0,0,0,0,1,"791647,4627","5826418,884","13,29831","52,50971",4030725.0,Amtsgerichtsplatz,3051.0
191776,11,4,,2019,1,9,5,3,0,2,0,1,1,0,0,0,0,1,"791251,1288","5829731,136","13,29539","52,53961",4010101.0,Jungfernheide,3060.0
191777,11,1,,2019,1,5,2,3,6,2,2,0,1,1,0,0,0,1,"794528,8839","5831557,072","13,3452","52,55422",1044101.0,Rehberge,3764.0
191778,11,12,,2019,1,19,2,3,6,2,2,0,1,1,0,0,0,1,"794862,4614","5833050,134","13,35143","52,56742",12103218.0,Teichstraße,3868.0
191779,11,4,,2019,1,14,4,3,5,7,0,0,1,0,0,0,1,1,"792431,728","5825396,085","13,30894","52,50012",4030929.0,Hindemithplatz,3248.0
191780,11,1,,2019,1,10,2,3,1,5,0,0,1,0,0,0,0,1,"793875,1106","5831584,432","13,33561","52,55482",1044101.0,Rehberge,3664.0
191781,11,11,,2019,1,18,2,3,2,2,2,0,1,0,0,0,0,1,"803409,1863","5826631,554","13,47129","52,5052",11040925.0,Victoriastadt,5650.0
191782,11,3,,2019,1,10,2,3,5,3,0,1,1,0,0,0,0,1,"799663,4472","5832816,884","13,42184","52,56271",3040818.0,Pankow Süd,4967.0
191783,11,8,,2019,1,22,4,3,5,7,2,0,1,0,0,0,1,0,"800353,349","5824231,437","13,42424","52,48538",8010211.0,Flughafenstraße,4944.0
191784,11,6,,2019,1,10,2,3,0,3,0,1,1,0,0,0,0,2,"788959,044","5816405,45","13,25014","52,42136",6030504.0,Teltower Damm,2325.0
191785,11,6,,2019,1,18,2,2,6,2,2,0,1,1,0,0,0,1,"794889,244","5819743,808","13,34004","52,44813",6010206.0,Stadtpark,3733.0
191786,11,5,,2019,1,9,2,3,0,5,0,1,1,0,0,0,0,2,"789373,9781","5829812,607","13,26786","52,54134",5030832.0,Rohrdamm,2660.0
191787,11,7,,2019,1,9,2,3,2,2,0,0,1,0,0,0,0,1,"798004,1553","5819645,909","13,38565","52,44556",7050501.0,Rathausstraße,4332.0
191788,11,1,,2019,1,18,2,2,5,3,2,1,1,0,0,0,0,1,"797249,6021","5829764,836","13,38361","52,53667",1033202.0,Humboldthain Süd,4359.0
191789,11,12,,2019,1,8,2,3,0,1,0,1,0,0,0,0,0,2,"790207,5414","5839954,308","13,289","52,63182",12231102.0,Frohnau,2987.0
191790,11,7,,2019,1,13,5,3,1,5,0,1,1,0,0,0,0,0,"794218,2167","5822611,839","13,33272","52,4742",7030301.0,Friedenau,3641.0
191791,11,9,,2019,1,9,2,2,0,1,0,1,0,0,0,0,0,2,"821559,4225","5819114,733","13,73056","52,42746",9051801.0,Rahnsdorf/Hessenwinkel,9527.0
191792,11,4,,2019,1,11,2,3,6,2,0,0,0,1,0,0,1,0,"791966,0908","5825240,11","13,30196","52,49897",4030726.0,Droysenstraße,3148.0
191793,11,1,,2019,1,2,1,3,1,7,2,0,1,0,0,0,0,1,"795287,2543","5828524,422","13,35366","52,52662",1022203.0,Lübecker Straße,3956.0
191794,11,1,,2019,1,11,1,3,6,7,0,0,1,1,0,0,0,1,"798238,4672","5828757,908","13,39724","52,52711",1011302.0,Oranienburger Straße,4556.0
191795,11,5,,2019,1,19,1,3,6,2,2,0,1,1,0,0,0,1,"785231,4157","5831827,237","13,20867","52,56159",5010101.0,Hakenfelde Nord,1766.0
191796,11,5,,2019,1,19,1,3,2,6,2,0,1,0,0,0,0,1,"786362,486","5829159,866","13,22301","52,53708",5030730.0,Zitadellenweg,1959.0
191797,11,5,,2019,1,20,1,3,6,4,2,0,1,1,0,0,0,0,"783947,8378","5829087,194","13,18745","52,53769",5010314.0,Carl-Schurz-Straße,1459.0
191798,11,8,,2019,1,11,1,3,5,3,0,0,1,0,0,0,0,1,"801236,4954","5823388,131","13,43644","52,47733",8010212.0,Rollberg,5142.0
191799,11,4,,2019,1,8,1,2,1,1,0,0,1,0,0,0,0,1,"792071,3117","5825297,793","13,30356","52,49943",4030726.0,Droysenstraße,3148.0
191800,11,1,,2019,1,4,1,3,5,3,2,0,1,0,0,0,1,0,"796673,0257","5831931,257","13,37707","52,55641",1044201.0,Reinickendorfer Straße,4265.0
191801,11,8,,2019,1,18,1,3,2,6,2,0,1,0,0,0,0,1,"801571,2875","5824050,32","13,44196","52,48308",8010301.0,Reuterkiez,5243.0
191802,11,4,,2019,1,18,1,2,6,2,2,0,1,1,0,0,0,1,"792174,5388","5827292,993","13,30682","52,51726",4030620.0,Alt-Lietzow,3253.0
191803,11,3,,2019,1,5,5,3,0,6,2,0,1,0,0,0,1,1,"800514,9701","5836163,614","13,4374","52,59224",3020307.0,Buchholz,5175.0
191804,11,1,,2019,1,18,1,3,2,6,2,0,1,0,0,0,0,1,"794993,2272","5827254,821","13,34821","52,5154",1011102.0,Großer Tiergarten,3853.0
191805,11,7,,2019,1,18,1,2,6,4,2,0,1,1,0,0,0,1,"798886,1499","5819088,283","13,39809","52,44008",7050505.0,Hundsteinweg,4531.0
191806,11,5,,2019,1,17,1,3,5,3,2,0,1,0,0,0,0,1,"785102,5357","5831666,932","13,20664","52,56022",5010103.0,Amorbacher Weg,1766.0
191807,11,6,,2019,1,16,1,3,5,2,2,1,1,0,0,0,0,1,"790624,575","5815222,265","13,27353","52,40987",6030504.0,Teltower Damm,2722.0
191808,11,6,,2019,1,15,1,3,4,6,0,1,1,0,0,0,0,1,"791301,7079","5817703,782","13,28562","52,43176",6030608.0,Schweizer Viertel,2928.0
191809,11,12,,2019,1,21,7,3,4,6,2,0,1,0,0,0,0,1,"789937,9016","5836472,864","13,28197","52,60075",12214528.0,Tegeler Forst,2878.0
191810,11,4,,2019,1,22,7,2,6,4,2,0,1,1,0,0,0,1,"792404,0381","5825018,279","13,3082","52,49674",4051446.0,Preußenpark,3247.0
191811,11,7,,2019,1,14,7,2,0,7,0,0,1,0,0,0,0,1,"799159,8603","5814216,478","13,39775","52,39626",7070701.0,Kettinger Straße/Schillerstraße,4518.0
191812,11,11,,2019,1,13,7,3,6,4,0,0,0,1,0,0,1,2,"805353,7185","5833248,849","13,50593","52,56342",11010310.0,Mühlengrund,6167.0
191813,11,1,,2019,1,15,5,3,5,7,0,1,0,0,0,0,1,0,"799069,859","5827094,875","13,40796","52,51175",1011305.0,Heine-Viertel West,4752.0
191814,11,12,,2019,1,13,7,3,5,3,0,0,1,0,0,0,0,1,"796271,9056","5832762,798","13,37191","52,56408",12103117.0,Letteplatz,4167.0
191815,11,8,,2019,1,12,7,3,6,4,0,0,1,1,0,0,0,1,"801604,629","5817441,516","13,43648","52,42383",8020727.0,Buckow Mitte,5126.0
191816,11,9,,2019,1,11,7,2,4,6,0,0,1,0,0,0,0,1,"803784,9913","5823282,044","13,47375","52,47497",9010202.0,Köpenicker Landstraße,5641.0
191817,11,1,,2019,1,19,5,3,1,5,2,1,1,0,0,0,0,0,"798948,102","5828428,245","13,40737","52,52377",1011302.0,Oranienburger Straße,4755.0
191818,11,3,,2019,1,11,7,3,5,3,0,0,1,0,0,0,0,1,"799726,0171","5832496,9","13,42248","52,55981",3040818.0,Pankow Süd,4966.0
191819,11,7,,2019,1,10,7,2,1,5,0,0,1,0,0,0,0,1,"799320,5318","5820527,98","13,40575","52,45275",7050503.0,Eisenacher Straße,4634.0
191820,11,1,,2019,1,8,7,3,2,6,0,0,1,0,0,0,0,1,"796651,1043","5831920,225","13,37673","52,55632",1044201.0,Reinickendorfer Straße,4265.0
191821,11,5,,2019,1,22,7,3,6,7,2,0,1,1,0,0,0,1,"783704,8897","5830202,999","13,18483","52,54782",5010208.0,Germersheimer Platz,1462.0
191822,11,2,,2019,1,21,7,3,5,7,2,0,1,0,0,0,0,1,"801349,7813","5826458,746","13,44088","52,50479",2040703.0,Wriezener Bahnhof/Entwicklungsgebiet,5250.0
191823,11,4,,2019,1,20,7,3,6,7,2,0,1,1,0,0,0,1,"792137,4005","5825322,157","13,30455","52,49961",4030726.0,Droysenstraße,3148.0
191824,11,8,,2019,2,22,6,3,4,5,2,1,0,0,0,0,1,0,"800631,815","5823089,626","13,4273","52,47499",8010117.0,Schillerpromenade,5041.0
191825,11,6,,2019,1,20,7,3,6,2,2,0,1,1,0,0,0,1,"790178,1242","5819768,77","13,27093","52,45087",6040810.0,Dahlem,2634.0
191826,11,4,,2019,1,17,7,3,0,3,1,1,1,0,0,0,0,1,"791056,5208","5824827,522","13,28824","52,49576",4031032.0,Halensee,2947.0
191827,11,3,,2019,1,4,7,3,9,1,2,0,1,0,0,0,0,2,"800858,8465","5838764,336","13,44483","52,61536",3010104.0,Lietzengraben,5282.0
191828,11,2,,2019,1,12,4,3,5,3,0,1,1,0,0,0,0,0,"797550,2237","5825154,341","13,3839","52,49518",2020202.0,Rathaus Yorckstraße,4347.0
191829,11,9,,2019,1,18,7,3,6,2,2,0,1,1,0,0,0,1,"805884,2688","5818982,364","13,50063","52,43526",9010402.0,Johannisthal Ost,6029.0
191830,11,3,,2019,1,17,7,3,5,3,1,0,1,0,0,0,0,1,"799867,1621","5834294,351","13,42618","52,57584",3040614.0,Pankow Zentrum,4970.0
191831,11,1,,2019,1,17,7,3,5,2,1,0,1,0,0,0,0,1,"797854,8529","5826860,54","13,3899","52,51031",1011204.0,Leipziger Straße,4451.0
191832,11,7,,2019,1,17,7,2,5,3,1,1,1,0,0,0,0,1,"797090,8214","5822167,274","13,37449","52,46866",7040403.0,Manteuffelstraße,4239.0
191833,11,6,,2019,1,0,7,3,1,5,2,0,0,0,1,1,0,1,"794629,2608","5818129,887","13,3348","52,4338",6020304.0,Kaiser-Wilhelm-Straße,3629.0
191834,11,4,,2019,1,12,5,3,5,3,0,0,1,0,0,0,0,0,"793998,0148","5826068,087","13,33254","52,5053",4030931.0,Breitscheidplatz,3650.0
191835,11,9,,2019,1,17,7,3,6,4,1,0,1,1,0,0,0,1,"811048,6838","5820499,259","13,57777","52,44594",9041501.0,Altstadt Kietz,7232.0
191836,11,4,,2019,1,16,7,3,2,2,1,0,1,0,0,0,0,1,"791297,5801","5830670,852","13,2969","52,54801",4010101.0,Jungfernheide,3062.0
191837,11,10,,2019,1,13,5,3,2,6,0,0,1,0,0,0,0,0,"807045,4106","5829121,963","13,52699","52,52548",10010308.0,Marzahner Chaussee,6456.0
191838,11,7,,2019,1,16,7,3,3,6,1,1,0,0,0,0,1,1,"794555,1713","5822540,782","13,3376","52,47338",7030301.0,Friedenau,3640.0
191839,11,1,,2019,1,18,6,3,2,6,2,0,1,0,0,0,0,1,"795555,3969","5825769,199","13,35515","52,50178",1011103.0,Lützowstraße,3949.0
191840,11,7,,2019,1,20,4,3,2,6,2,0,1,0,0,0,0,0,"795385,5662","5820977,943","13,34841","52,45892",7030303.0,Grazer Platz,3836.0
191841,11,8,,2019,1,22,6,3,5,2,2,1,1,0,0,0,0,1,"801013,7949","5823905,808","13,43364","52,48209",8010303.0,Donaustraße,5143.0
191842,11,3,,2019,1,21,6,2,0,7,2,0,1,0,0,0,1,0,"800167,5294","5836913,521","13,43297","52,59915",3020307.0,Buchholz,5077.0
191843,11,10,,2019,1,12,6,3,9,1,0,0,1,0,0,0,0,2,"807677,511","5830789,621","13,53782","52,54007",10010203.0,Gewerbegebiet Bitterfelder Straße,6660.0
191844,11,8,,2019,1,19,6,3,0,5,2,1,1,0,0,0,0,1,"800686,7528","5822950,802","13,42798","52,47371",8010117.0,Schillerpromenade,5041.0
191845,11,6,,2019,1,7,6,3,0,1,1,1,0,0,0,0,0,1,"792242,3439","5820561,329","13,30192","52,45688",6040809.0,Thielallee,3136.0
191846,11,1,,2019,1,7,6,2,5,2,1,1,1,0,0,0,0,1,"800161,8114","5827358,629","13,42424","52,51351",2040701.0,Andreasviertel,4952.0
191847,11,6,,2019,1,6,5,3,2,6,2,0,1,0,0,0,1,0,"794076,031","5818788,917","13,32727","52,44",6020302.0,Komponistenviertel Lankwitz,3531.0
191848,11,1,,2019,1,8,6,3,2,6,0,0,1,0,0,0,0,2,"795191,7185","5827239,765","13,35111","52,51516",1011102.0,Großer Tiergarten,3853.0
191849,11,1,,2019,1,10,6,3,6,2,0,0,0,1,0,0,1,1,"799663,7495","5827043,318","13,41664","52,51096",1011306.0,Heine-Viertel Ost,4851.0
191850,11,4,,2019,1,11,6,3,5,2,0,0,1,0,0,0,1,0,"790209,2888","5826041,022","13,27685","52,50709",4020313.0,Königin-Elisabeth-Straße,2750.0
191851,11,7,,2019,1,11,6,3,2,7,0,0,1,0,0,0,0,1,"797276,1305","5823682,122","13,37856","52,48214",7040401.0,Neu-Tempelhof,4243.0
191852,11,11,,2019,1,13,6,3,6,4,0,0,1,1,0,0,0,1,"803977,9697","5826070,74","13,47913","52,49985",11051229.0,Rummelsburg,5748.0
191853,11,11,,2019,1,13,6,2,2,2,0,1,0,0,0,1,0,0,"803345,6762","5826301,38","13,47005","52,50227",11051229.0,Rummelsburg,5649.0
191854,11,9,,2019,1,14,6,3,5,3,0,0,1,0,0,0,0,0,"811576,9799","5820376,777","13,5854","52,44454",9041401.0,Allende I,7332.0
191855,11,12,,2019,1,6,6,3,5,2,1,0,1,0,0,0,0,1,"792827,961","5836797,167","13,32481","52,60211",12301204.0,Wittenau Nord,3478.0
191856,11,2,,2019,1,18,6,3,5,2,2,0,1,0,1,0,0,1,"803398,2589","5826865,207","13,47134","52,5073",2050801.0,Traveplatz,5650.0
191857,11,9,,2019,1,10,6,3,0,7,0,0,1,0,0,0,0,1,"815143,0261","5821059,387","13,63834","52,44862",9051702.0,Bölschestraße,8133.0
191858,11,8,,2019,1,18,6,2,6,4,2,0,1,1,0,0,0,1,"803739,373","5817990,696","13,46827","52,42757",8030831.0,Gropiusstadt Ost,5627.0
191859,11,9,,2019,1,17,6,3,5,2,2,0,1,0,0,0,0,1,"808089,6915","5818627,215","13,53264","52,43084",9020701.0,Adlershof West,6528.0
191860,11,7,,2019,1,18,5,3,6,2,2,0,1,1,0,0,0,0,"798445,7357","5821049,159","13,39338","52,4579",7040405.0,Rathaus Tempelhof,4536.0
191861,11,4,,2019,1,16,6,3,5,3,1,0,1,0,0,0,0,0,"793965,7875","5824960,752","13,33109","52,49539",4051448.0,Schaperstraße,3547.0
191862,11,4,,2019,1,19,5,3,3,6,2,1,1,0,0,0,0,0,"793253,6136","5826186,529","13,32171","52,50676",4030828.0,Savignyplatz,3450.0
191863,11,11,,2019,1,18,5,3,2,6,2,0,1,0,0,0,0,0,"804146,289","5829813,659","13,48502","52,53331",11030619.0,Fennpfuhl Ost,5858.0
191864,11,8,,2019,1,17,5,2,5,3,2,0,1,0,0,0,1,0,"801616,6078","5821693,636","13,44049","52,46193",8020619.0,Buschkrugallee Nord,5237.0
191865,11,6,,2019,1,16,5,3,5,3,2,1,1,0,0,0,0,0,"785322,4398","5817729,986","13,19794","52,43515",6040703.0,Nikolassee,1529.0
191866,11,10,,2019,1,15,5,2,6,4,0,0,1,1,0,0,0,0,"810137,0137","5833918,832","13,5769","52,56672",10010102.0,Havemannstraße,7268.0
191867,11,6,,2019,2,15,6,3,5,3,0,0,1,0,0,0,0,0,"781877,5118","5813349,348","13,14371","52,39765",6040701.0,Wannsee,718.0
191868,11,10,,2019,1,15,5,3,5,3,0,0,1,0,0,1,0,0,"808889,9656","5833395,236","13,55807","52,56274",10010204.0,Wuhletalstraße,6967.0
191869,11,8,,2019,1,14,5,3,6,7,0,1,0,1,0,0,0,0,"801181,7254","5821806,219","13,43421","52,46318",8010118.0,Silbersteinstraße,5137.0
191870,11,9,,2019,1,9,5,3,6,4,0,0,1,1,0,0,0,0,"808338,7579","5819178,825","13,5368","52,43564",9020701.0,Adlershof West,6629.0
191871,11,9,,2019,1,7,5,3,1,5,0,0,1,0,0,0,0,0,"808370,128","5816940,436","13,5352","52,41556",9030901.0,Dorf Altglienicke,6624.0
191872,11,7,,2019,1,12,4,3,2,6,0,0,1,0,0,0,0,0,"796601,2784","5823946,242","13,36889","52,48487",7020204.0,Schöneberger Insel,4144.0
191873,11,5,,2019,1,15,4,2,6,4,0,0,1,1,0,0,0,0,"782033,3748","5827359,776","13,15783","52,5232",5020522.0,Pillnitzer Weg,1055.0
191874,11,8,,2019,1,16,4,3,5,2,2,0,1,0,0,0,0,0,"805548,3298","5818553,236","13,49531","52,4316",8041037.0,Alt-Rudow,6028.0
191875,11,9,,2019,1,17,5,3,2,2,1,0,1,0,0,0,0,0,"802351,5107","5824749,136","13,45404","52,48891",9010101.0,Elsenstraße,5445.0
191876,11,1,,2019,1,15,4,3,5,2,0,1,1,0,0,0,0,0,"797623,8441","5827017,473","13,38665","52,51184",1011203.0,Unter den Linden Süd,4452.0
191877,11,7,,2019,1,15,4,3,2,6,0,0,0,0,1,0,0,0,"796334,468","5825111,897","13,36601","52,49546",7010104.0,Dennewitzplatz,4047.0
191878,11,3,,2019,1,15,4,3,1,5,0,1,1,0,0,0,0,0,"802687,7117","5831395,923","13,46503","52,5483",3050925.0,Komponistenviertel Weißensee,5562.0
191879,11,3,,2019,1,14,4,3,1,5,0,0,1,0,0,0,0,0,"798667,2163","5831768,213","13,40625","52,55386",3061126.0,Arnimplatz,4664.0
191880,11,4,,2019,1,12,4,2,5,2,0,0,1,0,1,0,0,0,"791577,6258","5825525,58","13,2965","52,50173",4030726.0,Droysenstraße,3049.0
191881,11,3,,2019,1,7,5,3,2,6,0,0,1,0,0,0,0,0,"802865,2545","5833539,449","13,46959","52,56741",3030716.0,Märchenland,5668.0
191882,11,9,,2019,1,6,4,3,2,6,2,0,1,0,0,0,0,1,"805742,4277","5820365,49","13,49981","52,44774",9010401.0,Johannisthal West,6033.0
191883,11,9,,2019,1,6,4,3,0,6,2,0,1,0,0,0,1,0,"806348,2068","5821000,52","13,50928","52,45309",9010401.0,Johannisthal West,6235.0
191884,11,2,,2019,1,22,4,3,5,3,2,0,1,0,0,0,0,0,"800307,6524","5827626,121","13,42663","52,51583",2040701.0,Andreasviertel,4953.0
191885,11,3,,2019,1,7,4,3,6,4,0,0,1,1,0,0,0,0,"799534,1922","5837801,758","13,42445","52,60746",3020307.0,Buchholz,4980.0
191886,11,4,,2019,1,7,4,3,3,6,0,1,1,0,0,0,0,0,"793935,143","5825147,122","13,3308","52,49708",4051448.0,Schaperstraße,3547.0
191887,11,1,,2019,1,8,4,3,2,6,0,1,1,0,0,0,0,1,"796949,3682","5829436,585","13,3789","52,5339",1011301.0,Charitéviertel,4258.0
191888,11,9,,2019,1,17,4,3,5,2,2,1,1,0,0,0,0,0,"805008,5271","5822690,938","13,49117","52,46899",9010301.0,Baumschulenstraße,5939.0
191889,11,4,,2019,1,8,4,3,2,6,0,0,1,0,0,0,0,0,"791618,314","5827511,634","13,29884","52,51952",4030415.0,Schloßgarten,3054.0
191890,11,4,,2019,1,8,4,3,5,2,0,1,1,0,0,0,0,0,"792596,0674","5828268,647","13,31388","52,52578",4030519.0,Kaiserin-Augusta-Allee,3356.0
191891,11,5,,2019,1,9,4,3,6,2,0,0,1,1,0,0,0,0,"783828,6377","5830130,656","13,18659","52,54711",5010208.0,Germersheimer Platz,1462.0
191892,11,7,,2019,1,11,4,2,6,2,0,0,1,1,0,0,0,0,"798696,2745","5816020,906","13,39257","52,41269",7070701.0,Kettinger Straße/Schillerstraße,4423.0
191893,11,12,,2019,1,6,4,3,2,6,2,0,1,0,0,0,0,0,"794631,0586","5836292,83","13,35091","52,59662",12302108.0,Märkisches Zentrum,3876.0
191894,11,8,,2019,1,9,5,3,0,3,0,0,1,0,1,0,0,0,"801715,4663","5824253,362","13,44426","52,48482",8010301.0,Reuterkiez,5244.0
191895,11,6,,2019,1,19,4,2,5,3,2,0,1,0,0,0,0,2,"791684,9672","5818800,308","13,2922","52,44139",6030610.0,Lichterfelde West,3031.0
191896,11,2,,2019,1,18,4,3,5,2,2,1,1,0,0,0,0,0,"798489,3602","5825229,342","13,39776","52,49534",2020204.0,Urbanstraße,4547.0
191897,11,4,,2019,1,14,4,3,6,4,0,1,0,1,0,0,0,0,"793339,5256","5826672,701","13,3234","52,51107",4030623.0,Ernst-Reuter-Platz,3451.0
191898,11,4,,2019,1,12,4,3,6,4,0,0,1,1,0,0,0,0,"793229,1012","5823990,763","13,31941","52,48709",4051550.0,Leon-Jessel-Platz,3444.0
191899,11,8,,2019,1,18,4,3,2,6,2,0,1,0,0,0,0,0,"800904,3416","5824271,697","13,43236","52,48543",8010301.0,Reuterkiez,5044.0
191900,11,6,,2019,1,18,4,3,5,3,2,1,1,0,0,0,0,0,"794486,9374","5821598,398","13,33577","52,46497",6010209.0,Feuerbachstraße,3638.0
191901,11,3,,2019,1,12,4,2,5,3,0,1,1,0,0,0,0,0,"799664,4076","5832817,111","13,42186","52,56271",3040818.0,Pankow Süd,4967.0
191902,11,2,,2019,1,4,4,2,8,1,2,0,1,0,0,0,0,0,"799457,919","5824933,364","13,41172","52,49216",2020206.0,Graefekiez,4746.0
191903,11,4,,2019,1,17,4,3,6,4,2,1,0,1,0,0,0,0,"793847,1224","5825873,673","13,33015","52,50364",4030931.0,Breitscheidplatz,3549.0
191904,11,7,,2019,1,17,4,3,5,2,2,1,1,0,0,0,0,0,"797945,3969","5822209,957","13,38708","52,46857",7040405.0,Rathaus Tempelhof,4439.0
191905,11,2,,2019,1,17,4,3,2,6,2,0,1,0,0,0,0,0,"801389,2705","5828723,685","13,44351","52,52507",2040503.0,Richard-Sorge-Viertel,5256.0
191906,11,2,,2019,1,13,4,3,1,5,0,1,0,0,0,0,1,0,"800297,0314","5825830,517","13,42485","52,49974",2030302.0,Lausitzer Platz,4948.0
191907,11,6,,2019,1,13,5,3,5,2,0,1,1,0,0,0,0,0,"794140,6087","5817715,924","13,32727","52,43035",6020409.0,Königsberger Straße,3528.0
191908,11,8,,2019,1,7,3,3,2,6,0,0,1,0,0,0,0,0,"801254,5084","5819762,051","13,43343","52,44482",8020622.0,Parchimer Allee,5132.0
191909,11,3,,2019,1,10,3,2,5,7,0,0,1,0,0,0,1,0,"798662,6622","5831707,276","13,40613","52,55331",3061126.0,Arnimplatz,4664.0
191910,11,1,,2019,1,16,3,3,6,4,0,1,0,1,0,0,0,0,"798172,9525","5830043,176","13,39743","52,53867",1033201.0,Brunnenstraße,4560.0
191911,11,4,,2019,1,13,4,2,5,3,0,1,1,0,0,0,0,0,"792916,931","5826772,084","13,31727","52,51219",4030623.0,Ernst-Reuter-Platz,3352.0