OBJECTID,LAND,BEZ,LOR_ab_2021,UJAHR,UMONAT,USTUNDE,UWOCHENTAG,UKATEGORIE,UART,UTYP1,ULICHTVERH,IstRad,IstPKW,IstFuss,IstKrad,IstGkfz,IstSonstige,USTRZUSTAND,LINREFX,LINREFY,XGCSWGS84,YGCSWGS84,LOR,STRASSE,quadrant
192250,11,10,,2019,2,17,4,2,6,4,1,0,1,1,0,0,0,1,"809304,0654","5833251,096","13,56402","52,56121",10010204.0,Wuhletalstraße,7066.0
192251,11,7,,2019,2,16,7,3,3,2,2,0,1,0,0,0,1,1,"800050,5856","5820446,349","13,41639","52,45161",7050504.0,Imbrosweg,4834.0
192252,11,1,,2019,2,16,7,3,5,3,1,0,1,0,0,0,0,1,"796805,276","5831272,527","13,37842","52,55043",1033203.0,Humboldthain Nordwest,4263.0
192253,11,11,,2019,2,16,7,3,5,3,1,0,1,0,0,0,0,1,"804531,1334","5827753,191","13,48879","52,51463",11030721.0,Rüdigerstraße,5953.0
192254,11,1,,2019,2,14,6,3,2,6,0,0,1,0,0,0,0,0,"793308,2499","5828260,773","13,32434","52,52533",1022101.0,Huttenkiez,3456.0
192255,11,7,,2019,2,15,7,3,5,3,0,1,1,0,0,0,0,1,"795226,77","5825154,604","13,34978","52,49645",7010102.0,Nollendorfplatz,3847.0
192256,11,6,,2019,2,15,7,3,5,2,0,0,1,0,0,0,0,2,"790385,2272","5820847,328","13,27491","52,46043",6040810.0,Dahlem,2737.0
192257,11,5,,2019,2,15,7,3,2,6,0,0,1,0,0,0,0,1,"783959,8415","5830098,802","13,18849","52,54676",5010208.0,Germersheimer Platz,1462.0
192258,11,9,,2019,2,15,7,3,5,3,0,0,1,0,0,0,0,1,"803063,207","5820926,183","13,46102","52,45425",9010302.0,Späthsfelde,5535.0
192259,11,4,,2019,2,11,6,3,5,2,0,0,1,0,0,0,0,0,"787712,0896","5826435,547","13,2405","52,51195",4020204.0,Olympiagelände,2252.0
192260,11,2,,2019,2,12,7,3,1,5,0,1,1,0,0,0,0,0,"799776,1131","5825763,986","13,41714","52,49943",2010103.0,Moritzplatz,4848.0
192261,11,12,,2019,2,9,7,3,2,2,0,0,1,0,0,0,0,1,"792653,6771","5834699,95","13,32039","52,5834",12301203.0,Wittenau Süd,3473.0
192262,11,8,,2019,2,17,4,3,5,3,1,1,1,0,0,0,0,0,"801264,7116","5819705,65","13,43353","52,44431",8020622.0,Parchimer Allee,5132.0
192263,11,4,,2019,2,19,6,3,2,6,2,0,1,0,0,0,0,0,"794409,0856","5824886,859","13,33753","52,49449",7010101.0,Wittenbergplatz/Viktoria-Luise-Platz,3647.0
192264,11,5,,2019,2,10,6,3,3,6,0,0,1,0,0,0,0,0,"784977,3416","5829485,951","13,20293","52,54073",5010314.0,Carl-Schurz-Straße,1660.0
192265,11,1,,2019,2,12,6,3,2,6,0,0,1,0,0,0,0,1,"794435,337","5828436,611","13,34106","52,5263",1022104.0,Emdener Straße,3756.0
192266,11,2,,2019,2,7,4,3,2,2,0,0,1,0,0,0,0,1,"800907,1112","5826859,872","13,43474","52,50863",2040703.0,Wriezener Bahnhof/Entwicklungsgebiet,5151.0
192267,11,1,,2019,2,17,6,3,1,5,1,0,1,0,0,0,0,0,"797135,1728","5831845,568","13,38379","52,55539",1033102.0,Gesundbrunnen,4364.0
192268,11,4,,2019,2,20,6,3,5,2,2,0,1,0,0,0,1,0,"793941,2539","5825913,463","13,33157","52,50394",4030931.0,Breitscheidplatz,3549.0
192269,11,5,,2019,2,19,6,3,5,2,2,0,1,0,0,0,0,1,"784745,2903","5826390,162","13,19686","52,5131",5020628.0,Graetschelsteig,1552.0
192270,11,11,,2019,2,18,5,3,2,6,2,0,1,0,0,0,0,0,"804118,3111","5829847,095","13,48464","52,53362",11030619.0,Fennpfuhl Ost,5858.0
192271,11,9,,2019,2,17,6,3,2,6,2,0,1,0,0,0,0,1,"810485,6933","5820185,744","13,56922","52,44345",9020802.0,Köllnische Vorstadt,7132.0
192272,11,6,,2019,2,15,6,3,5,3,0,0,1,0,0,0,0,1,"795854,8151","5817511,041","13,35223","52,42759",6020305.0,Gemeindepark Lankwitz,3827.0
192273,11,5,,2019,2,16,4,2,6,4,1,0,1,1,0,0,0,1,"782130,8557","5830499,635","13,16193","52,5513",5010206.0,Gütersloher Weg,1063.0
192274,11,3,,2019,2,23,6,2,6,4,2,0,1,1,0,0,0,1,"802304,9395","5829214,379","13,45742","52,52896",3061430.0,Volkspark Prenzlauer Berg,5457.0
192275,11,3,,2019,2,8,6,3,5,3,0,1,1,0,0,0,0,1,"799662,4868","5832816,658","13,42183","52,56271",3040818.0,Pankow Süd,4967.0
192276,11,3,,2019,2,7,4,3,3,2,0,0,1,0,0,1,0,0,"798342,175","5834830,075","13,40422","52,58148",3020209.0,Niederschönhausen,4672.0
192277,11,7,,2019,2,16,6,3,2,6,1,0,1,0,0,0,0,0,"794214,2832","5821987,664","13,33211","52,4686",7030301.0,Friedenau,3539.0
192278,11,1,,2019,2,17,6,3,1,5,1,1,1,0,0,0,0,0,"797052,008","5826872,147","13,37812","52,51085",1011201.0,Wilhelmstraße,4251.0
192279,11,3,,2019,2,10,6,3,0,2,0,0,1,0,0,0,1,0,"799997,1797","5834946,167","13,42868","52,58161",3040614.0,Pankow Zentrum,5072.0
192280,11,2,,2019,2,7,4,3,2,6,0,0,1,0,0,0,1,0,"798449,8765","5824770,584","13,39677","52,49125",2020204.0,Urbanstraße,4546.0
192281,11,4,,2019,2,10,6,3,0,5,0,0,1,0,1,0,0,0,"792936,7652","5825758,069","13,31667","52,50309",4030930.0,George-Grosz-Platz,3349.0
192282,11,4,,2019,2,9,6,2,1,5,0,1,1,0,0,0,1,0,"791762,1648","5825979,742","13,29961","52,50571",4030725.0,Amtsgerichtsplatz,3150.0
192283,11,4,,2019,2,9,6,3,1,5,0,0,1,0,1,0,0,0,"794377,0211","5825896,412","13,33795","52,50356",4030931.0,Breitscheidplatz,3649.0
192284,11,2,,2019,2,19,5,3,1,5,2,1,1,0,0,0,0,0,"800335,1607","5825815,873","13,4254","52,49959",2030302.0,Lausitzer Platz,4948.0
192285,11,6,,2019,2,7,6,3,5,2,1,1,1,0,0,0,0,1,"788136,3651","5818749,989","13,24009","52,44282",6040804.0,Krumme Lanke,2232.0
192286,11,1,,2019,2,7,6,3,5,3,1,0,1,0,0,0,0,0,"796217,505","5831516,042","13,37","52,55293",1044201.0,Reinickendorfer Straße,4164.0
192287,11,8,,2019,2,7,6,3,5,3,1,0,1,0,0,0,0,0,"804478,8534","5816941,643","13,47816","52,41775",8041036.0,Zittauer Straße,5724.0
192288,11,1,,2019,2,9,3,3,2,6,0,0,1,0,0,0,0,0,"800213,3546","5827482,282","13,42511","52,51459",2040701.0,Andreasviertel,4953.0
192289,11,2,,2019,2,7,6,3,5,3,1,1,1,0,0,0,0,1,"799444,1273","5825668,013","13,41218","52,49875",2010104.0,Wassertorplatz,4748.0
192290,11,2,,2019,2,6,6,3,6,4,2,0,1,1,0,0,0,1,"799546,8981","5824913,747","13,41301","52,49193",2020206.0,Graefekiez,4746.0
192291,11,2,,2019,2,20,1,3,5,3,2,0,1,0,1,0,0,0,"797704,579","5825813,425","13,38676","52,50101",2010101.0,Askanischer Platz,4449.0
192292,11,1,,2019,2,12,4,3,6,4,0,1,0,1,0,0,0,0,"798558,2973","5829218,511","13,40235","52,53106",1011402.0,Arkonaplatz,4657.0
192293,11,9,,2019,2,14,1,3,5,3,0,0,1,0,1,0,0,0,"811334,012","5815651,485","13,57744","52,40234",9031001.0,Bohnsdorf,7220.0
192294,11,12,,2019,2,13,1,3,6,4,0,0,1,1,0,0,0,0,"794439,0667","5837013,148","13,34872","52,60318",12302108.0,Märkisches Zentrum,3878.0
192295,11,12,,2019,2,7,4,3,5,2,0,1,1,0,0,0,0,0,"791310,7822","5838652,615","13,30411","52,61956",12231101.0,Hermsdorf,3183.0
192296,11,3,,2019,2,12,1,3,5,3,0,0,1,0,0,0,0,0,"799967,0901","5831076,006","13,42474","52,54694",3061227.0,Humannplatz,4962.0
192297,11,4,,2019,2,0,1,3,2,6,2,0,1,0,0,0,0,0,"791562,1443","5825090,526","13,2959","52,49784",4031032.0,Halensee,3048.0
192298,11,2,,2019,2,0,1,3,5,3,2,0,1,0,0,0,0,0,"797574,5628","5825331,774","13,38442","52,49676",2020202.0,Rathaus Yorckstraße,4347.0
192299,11,1,,2019,2,22,4,3,5,3,2,0,1,0,0,0,0,0,"798022,5701","5826590,182","13,39213","52,5078",1011204.0,Leipziger Straße,4451.0
192300,11,2,,2019,2,5,7,3,5,3,1,0,1,0,0,0,0,0,"800634,705","5825682,868","13,42968","52,49823",2030401.0,Reichenberger Straße,5048.0
192301,11,10,,2019,2,13,7,3,6,4,0,0,1,1,0,0,0,0,"809554,5342","5826617,183","13,56153","52,50162",10030727.0,Biesdorf Süd,7049.0
192302,11,10,,2019,2,19,7,2,6,4,2,0,0,1,0,0,1,0,"808987,9101","5832688,382","13,55885","52,55635",10010204.0,Wuhletalstraße,6965.0
192303,11,2,,2019,2,20,7,3,5,3,2,1,1,0,0,0,0,0,"800462,3464","5825770,043","13,42723","52,49911",2030302.0,Lausitzer Platz,5048.0
192304,11,11,,2019,2,20,7,3,2,6,2,0,1,0,0,0,0,0,"808672,2621","5834214,375","13,55563","52,5702",11010103.0,Dorf Falkenberg,6969.0
192305,11,12,,2019,2,19,7,3,5,2,2,0,1,0,0,0,0,0,"791910,2282","5834712,377","13,30946","52,58391",12304313.0,Borsigwalde,3273.0
192306,11,4,,2019,2,19,7,3,3,6,2,0,1,0,0,0,0,0,"791886,114","5823940,008","13,29965","52,48736",4041137.0,Flinsberger Platz,3145.0
192307,11,5,,2019,2,21,7,2,0,1,2,0,1,0,0,0,0,0,"785011,6404","5829499,892","13,20344","52,54084",5010314.0,Carl-Schurz-Straße,1660.0
192308,11,4,,2019,2,8,7,3,1,5,0,1,1,0,0,0,0,0,"793208,3652","5824022,875","13,31914","52,48739",4051550.0,Leon-Jessel-Platz,3445.0
192309,11,6,,2019,2,20,4,3,1,5,2,0,1,0,0,0,0,0,"791585,8215","5816212,847","13,28849","52,41824",6030607.0,Goerzwerke,2924.0
192310,11,5,,2019,2,13,7,3,0,7,0,0,1,0,0,0,0,0,"784449,1502","5832411,707","13,19767","52,56724",5010101.0,Hakenfelde Nord,1568.0
192311,11,4,,2019,2,20,4,3,5,3,2,1,1,0,0,0,0,0,"791802,0499","5826224,883","13,30041","52,50788",4030725.0,Amtsgerichtsplatz,3151.0
192312,11,3,,2019,2,12,7,3,2,6,0,0,1,0,0,0,0,0,"799800,784","5829552,663","13,42092","52,53338",3071537.0,Kollwitzplatz,4958.0
192313,11,7,,2019,2,12,7,2,6,4,0,0,1,1,0,0,0,0,"799270,2078","5819056,232","13,40369","52,43958",7050505.0,Hundsteinweg,4631.0
192314,11,11,,2019,2,12,7,3,6,4,0,1,0,1,0,0,0,0,"805279,8212","5833243,439","13,50484","52,56341",11010310.0,Mühlengrund,6167.0
192315,11,4,,2019,2,19,4,3,3,6,2,0,1,0,0,0,0,0,"790705,325","5822726,526","13,28125","52,47711",4041136.0,Hagenplatz,2842.0
192316,11,4,,2019,2,11,7,3,0,1,0,0,0,0,1,0,0,0,"791925,5389","5826104,735","13,30212","52,50674",4030725.0,Amtsgerichtsplatz,3150.0
192317,11,9,,2019,2,11,7,3,5,2,0,1,1,0,0,0,0,0,"805012,4605","5822697,024","13,49124","52,46904",9010301.0,Baumschulenstraße,5939.0
192318,11,4,,2019,2,11,7,3,5,2,0,1,1,0,0,0,0,0,"790025,389","5825236,385","13,27345","52,49997",4020314.0,Messegelände,2748.0
192319,11,12,,2019,2,19,4,2,6,4,2,0,1,1,0,0,0,0,"789989,7629","5835723,329","13,28208","52,594",12214527.0,Alt-Tegel,2876.0
192320,11,10,,2019,2,10,7,3,2,6,0,0,1,0,0,0,0,0,"806488,4565","5829476,172","13,51913","52,52897",10010308.0,Marzahner Chaussee,6357.0
192321,11,2,,2019,2,1,7,3,1,5,2,1,1,0,0,0,0,0,"800771,8637","5826179,869","13,43214","52,50261",2030302.0,Lausitzer Platz,5049.0
192322,11,1,,2019,2,19,4,3,5,2,2,1,0,0,0,0,1,0,"797575,1544","5826531,775","13,3855","52,50752",1011201.0,Wilhelmstraße,4350.0
192323,11,9,,2019,2,3,7,2,5,3,2,0,1,0,0,0,0,0,"802327,3725","5825309,699","13,4542","52,49395",9010101.0,Elsenstraße,5446.0
192324,11,5,,2019,2,9,7,3,5,2,0,0,1,0,0,0,0,0,"784358,9034","5830001,294","13,19427","52,54567",5010313.0,Ackerstraße,1562.0
192325,11,12,,2019,2,10,7,3,6,7,0,0,1,1,0,0,0,0,"795476,7293","5836835,832","13,36384","52,60102",12302109.0,Treuenbrietzener Straße,4078.0
192326,11,8,,2019,2,19,4,3,6,2,2,0,1,1,0,0,0,0,"803211,5228","5818470,739","13,46097","52,43216",8040933.0,Vogelviertel Süd,5528.0
192327,11,1,,2019,2,10,7,3,2,6,0,0,1,0,0,0,0,0,"794326,216","5828450,461","13,33947","52,52648",1022104.0,Emdener Straße,3756.0
192328,11,11,,2019,2,19,5,2,0,1,2,1,0,0,0,0,0,0,"803470,5022","5826533,652","13,4721","52,50429",11040925.0,Victoriastadt,5649.0
192329,11,1,,2019,2,19,7,3,2,6,2,0,1,0,0,0,0,0,"799530,0633","5828814,673","13,41627","52,52691",1011303.0,Alexanderplatzviertel,4856.0
192330,11,12,,2019,2,17,7,3,5,3,1,0,1,0,0,0,1,0,"791932,6746","5834136,109","13,30929","52,57874",12304313.0,Borsigwalde,3271.0
192331,11,4,,2019,2,18,4,3,1,5,1,1,1,0,0,0,0,0,"792610,8122","5826113,386","13,3122","52,50645",4030827.0,Karl-August-Platz,3250.0
192332,11,1,,2019,2,10,5,3,1,5,0,1,1,0,0,0,0,0,"797086,9012","5828187,321","13,37981","52,52262",1011301.0,Charitéviertel,4355.0
192333,11,3,,2019,2,17,7,3,2,6,2,0,1,0,0,0,0,0,"800374,4999","5831549,874","13,43116","52,55096",3061228.0,Erich-Weinert-Straße,5063.0
192334,11,1,,2019,2,16,7,3,5,3,0,1,1,0,0,0,0,0,"796679,9247","5828759,818","13,37434","52,52798",1011301.0,Charitéviertel,4256.0
192335,11,7,,2019,2,18,4,3,5,3,2,0,1,0,0,0,0,0,"798131,0863","5816687,783","13,38487","52,41897",7060603.0,Marienfelde Nordost,4325.0
192336,11,3,,2019,2,15,7,3,5,3,0,0,1,0,0,0,0,0,"802542,7867","5831446,868","13,46294","52,54884",3050925.0,Komponistenviertel Weißensee,5563.0
192337,11,1,,2019,2,13,7,3,6,7,0,0,1,1,0,0,0,0,"799348,8505","5828110,555","13,41298","52,5207",1011303.0,Alexanderplatzviertel,4754.0
192338,11,3,,2019,2,17,4,3,2,7,1,1,1,0,0,0,0,0,"799375,2612","5829512,726","13,41463","52,53325",3071537.0,Kollwitzplatz,4858.0
192339,11,12,,2019,2,13,7,2,6,7,0,0,0,1,0,0,1,0,"795953,6469","5833850,933","13,3682","52,57401",12103115.0,Breitkopfbecken,4170.0
192340,11,4,,2019,2,9,6,3,0,5,0,0,1,0,1,0,0,0,"792439,1893","5824962,534","13,30867","52,49623",4051446.0,Preußenpark,3247.0
192341,11,3,,2019,2,18,4,3,5,3,1,1,0,0,0,0,0,0,"802809,2767","5828610,776","13,46428","52,52327",3061441.0,Eldenaer Straße,5555.0
192342,11,6,,2019,2,18,6,3,3,2,2,1,1,0,0,0,0,1,"792814,3417","5816211,41","13,3065","52,41757",6020408.0,Lichterfelde Süd,3224.0
192343,11,3,,2019,2,13,4,3,5,2,0,1,1,0,0,0,0,0,"799241,889","5831771,604","13,4147","52,55357",3061126.0,Arnimplatz,4864.0
192344,11,6,,2019,2,14,6,3,2,6,0,0,1,0,0,0,0,0,"794320,591","5820488,998","13,33235","52,45511",6010208.0,Bergstraße,3535.0
192345,11,6,,2019,2,8,6,3,2,6,0,0,1,0,0,0,1,0,"790288,472","5814825,282","13,26826","52,40649",6030502.0,Zehlendorf Süd,2621.0
192346,11,4,,2019,2,17,4,3,5,2,0,1,1,0,0,0,0,0,"793300,7336","5823601,729","13,32012","52,48356",4051549.0,Rathaus Wilmersdorf,3443.0
192347,11,4,,2019,2,21,6,3,5,2,2,1,1,0,0,0,0,0,"791015,0738","5824859,226","13,28766","52,49606",4031032.0,Halensee,2947.0
192348,11,11,,2019,2,13,6,3,6,4,0,0,1,1,0,0,0,0,"804458,3787","5833718,008","13,49319","52,56813",11010309.0,Zingster Straße West,5968.0
192349,11,1,,2019,2,12,6,3,5,2,0,1,0,0,0,1,0,0,"794609,9111","5829869,148","13,34489","52,53904",1044202.0,Sparrplatz,3760.0
192350,11,1,,2019,2,16,4,3,2,6,1,0,1,0,0,0,1,0,"797892,3584","5831860,907","13,39494","52,55511",1033102.0,Gesundbrunnen,4564.0
192351,11,2,,2019,2,13,6,3,6,2,0,0,1,1,0,0,0,0,"800733,7418","5828103,081","13,43332","52,51987",2040502.0,Friedenstraße,5054.0
192352,11,5,,2019,2,13,6,3,6,4,0,0,1,1,0,0,0,0,"784738,5872","5828820,988","13,19885","52,53489",5010314.0,Carl-Schurz-Straße,1658.0
192353,11,1,,2019,2,14,6,3,2,2,0,1,1,0,0,0,0,0,"796438,0222","5831976,239","13,37365","52,55694",1044201.0,Reinickendorfer Straße,4265.0
192354,11,6,,2019,2,17,4,3,2,6,2,1,1,0,0,0,0,0,"787560,5137","5816401,839","13,22963","52,42207",6030501.0,Berlepschstraße,2025.0
192355,11,3,,2019,2,13,6,3,0,3,0,1,0,0,1,0,0,0,"799347,7782","5829466,363","13,41418","52,53285",3071537.0,Kollwitzplatz,4858.0
192356,11,3,,2019,2,14,6,3,2,6,0,0,1,0,0,0,0,0,"802964,435","5841989,287","13,47879","52,64309",3010101.0,Bucher Forst,5790.0
192357,11,2,,2019,2,14,6,3,1,5,0,1,1,0,0,0,0,0,"800728,6578","5828014,004","13,43316","52,51907",2040502.0,Friedenstraße,5054.0
192358,11,8,,2019,2,16,4,3,1,5,0,0,1,0,0,0,0,0,"800849,8796","5816984,877","13,425","52,42015",8020727.0,Buckow Mitte,4925.0
192359,11,9,,2019,2,14,6,3,6,4,0,0,1,1,0,0,0,0,"806440,5494","5822605,249","13,51211","52,46742",9020501.0,Oberschöneweide West,6239.0
192360,11,9,,2019,2,10,4,3,2,6,0,0,1,0,0,0,0,0,"807850,1717","5818113,884","13,52866","52,42637",9020701.0,Adlershof West,6527.0
192361,11,2,,2019,2,7,6,3,6,7,0,0,1,1,0,0,0,0,"801205,6662","5828639,855","13,44074","52,52442",2040502.0,Friedenstraße,5255.0
192362,11,2,,2019,2,15,6,3,5,3,0,1,1,0,0,0,0,0,"801133,8827","5827231,312","13,43841","52,51183",2040703.0,Wriezener Bahnhof/Entwicklungsgebiet,5152.0
192363,11,1,,2019,2,15,4,3,5,3,0,0,1,0,0,0,0,0,"797709,9351","5830185,727","13,39075","52,5402",1033202.0,Humboldthain Süd,4460.0
192364,11,2,,2019,2,12,6,3,5,7,0,1,1,0,0,0,0,0,"799190,4857","5824229,189","13,40716","52,48599",2020205.0,Chamissokiez,4744.0
192365,11,7,,2019,2,5,6,3,0,5,2,0,0,0,0,0,1,0,"793955,9366","5821925,13","13,32827","52,46818",7030301.0,Friedenau,3539.0
192366,11,1,,2019,2,16,6,3,5,3,0,0,1,0,0,0,0,0,"798610,6365","5826916,806","13,40106","52,5104",1011204.0,Leipziger Straße,4651.0
192367,11,4,,2019,2,15,4,3,1,5,0,1,1,0,0,0,0,0,"792903,6719","5825521,565","13,31598","52,50099",4030930.0,George-Grosz-Platz,3349.0
192368,11,2,,2019,2,11,6,3,5,5,0,0,1,0,1,0,0,0,"800560,5567","5825711,508","13,42862","52,49853",2030401.0,Reichenberger Straße,5048.0
192369,11,2,,2019,2,16,6,3,1,5,0,1,1,0,0,0,1,0,"801405,8562","5826415,337","13,44167","52,50437",2040703.0,Wriezener Bahnhof/Entwicklungsgebiet,5250.0
192370,11,3,,2019,2,11,6,3,5,2,0,0,0,0,1,1,0,1,"801348,4282","5832471,114","13,44631","52,55868",3050919.0,Gustav-Adolf-Straße,5265.0
192371,11,11,,2019,2,16,6,3,2,7,0,0,1,0,0,0,0,0,"805813,942","5832289,712","13,51181","52,55457",11020411.0,Malchower Weg,6264.0
192372,11,8,,2019,2,15,4,2,6,4,0,0,1,1,0,0,0,0,"805563,5175","5817122,234","13,49423","52,41877",8041037.0,Alt-Rudow,6024.0
192373,11,4,,2019,2,11,6,3,2,6,0,0,0,0,0,1,1,0,"791654,1035","5827913,748","13,29972","52,5231",4030518.0,Tegeler Weg,3155.0
192374,11,4,,2019,2,10,6,3,5,3,0,0,1,0,0,0,0,0,"792609,9731","5824956,268","13,31117","52,49608",4051446.0,Preußenpark,3247.0
192375,11,1,,2019,2,18,6,3,1,5,1,1,1,0,0,0,0,0,"798480,2995","5828386,55","13,40046","52,52365",1011302.0,Oranienburger Straße,4655.0
192376,11,5,,2019,2,7,4,3,0,2,0,1,1,0,0,0,0,0,"784509,2249","5828605,99","13,19529","52,53309",5020625.0,Borkumer Straße,1558.0
192377,11,3,,2019,2,14,6,3,5,2,0,1,1,0,0,0,0,0,"799177,295","5831110,598","13,41316","52,54768",3061131.0,Falkplatz,4762.0
192378,11,3,,2019,2,19,6,3,2,6,2,0,1,0,1,0,0,0,"798689,1868","5830905,619","13,40579","52,54611",3061131.0,Falkplatz,4662.0
192379,11,4,,2019,2,5,4,3,6,4,2,0,1,1,0,0,0,0,"792046,0916","5825849,916","13,30367","52,50439",4030726.0,Droysenstraße,3150.0
192380,11,11,,2019,2,10,6,3,5,2,0,1,1,0,0,0,0,0,"803887,4877","5827939,284","13,47951","52,51665",11030721.0,Rüdigerstraße,5753.0
192381,11,4,,2019,2,19,6,3,6,7,2,0,1,1,0,0,0,0,"793124,0917","5825215,575","13,31895","52,49813",4051447.0,Ludwigkirchplatz,3348.0
192382,11,2,,2019,2,20,6,3,5,3,2,1,1,0,0,0,0,0,"802859,1831","5827477,993","13,46398","52,51309",2050801.0,Traveplatz,5552.0
192383,11,5,,2019,2,7,3,3,2,6,0,0,1,0,0,0,0,0,"785089,0971","5828965,438","13,20412","52,53601",5010314.0,Carl-Schurz-Straße,1659.0
192384,11,7,,2019,2,20,6,3,6,4,2,1,0,1,0,0,0,0,"800200,7118","5813333,434","13,41221","52,38777",7070704.0,Nahariyastraße,4715.0
192385,11,4,,2019,2,21,6,3,5,2,2,0,1,0,0,0,0,0,"792442,0155","5824101,776","13,30795","52,48851",4051445.0,Eisenzahnstraße,3245.0
192386,11,10,,2019,2,11,6,2,5,3,0,1,1,0,0,0,0,0,"813309,0097","5828734,39","13,61865","52,51845",10040931.0,Mahlsdorf Nord,7854.0
192387,11,5,,2019,2,13,3,3,5,3,0,0,1,0,0,0,0,0,"784898,2895","5830497,355","13,20263","52,54984",5010312.0,Kurstraße,1663.0
192388,11,1,,2019,2,9,6,3,2,6,0,0,1,0,0,0,1,0,"795516,0151","5830722,595","13,35897","52,5462",1044202.0,Sparrplatz,3962.0
192389,11,8,,2019,2,14,6,3,5,2,0,0,1,0,0,0,1,0,"800603,2608","5816867,031","13,42128","52,41923",8020727.0,Buckow Mitte,4925.0
192390,11,10,,2019,2,7,3,3,5,3,0,0,1,0,0,0,1,0,"809975,3127","5832061,819","13,57278","52,55017",10010206.0,Ringkolonnaden,7163.0
192391,11,12,,2019,2,16,6,2,3,6,0,1,1,0,0,0,0,0,"788713,5851","5833359,048","13,26123","52,57349",12214125.0,Waldidyll/Flughafensee,2570.0
192392,11,6,,2019,2,20,6,3,0,1,2,0,0,0,1,0,0,0,"796243,1388","5818611,039","13,3589","52,43724",6020301.0,Alt-Lankwitz,3930.0
192393,11,9,,2019,2,16,6,2,0,1,0,0,0,0,1,0,0,0,"811614,2722","5821150,041","13,58667","52,45145",9051901.0,Dammvorstadt,7334.0
192394,11,12,,2019,2,12,3,3,6,4,0,0,1,1,0,0,0,0,"791066,0399","5831166,862","13,29393","52,55258",12214125.0,Waldidyll/Flughafensee,3064.0
192395,11,7,,2019,2,16,5,3,3,6,0,0,1,0,0,0,0,0,"794956,8088","5824448,003","13,34519","52,49026",7020201.0,Bayerischer Platz,3745.0
192396,11,7,,2019,2,15,5,3,5,2,0,0,1,0,0,0,1,0,"796384,2203","5819736,513","13,36197","52,44725",7040404.0,Marienhöhe,4033.0
192397,11,7,,2019,2,18,5,2,6,2,2,0,1,1,0,0,0,1,"794931,7147","5824662,007","13,34501","52,49219",7020201.0,Bayerischer Platz,3746.0
192398,11,7,,2019,2,15,3,3,5,3,0,0,1,0,0,0,0,0,"799476,6099","5813653,464","13,40189","52,39104",7070703.0,John-Locke-Straße,4616.0
192399,11,8,,2019,2,16,5,3,1,5,0,0,1,0,0,0,0,1,"802028,9323","5823591,062","13,44826","52,47871",8010405.0,Hertzbergplatz,5342.0
192400,11,8,,2019,2,20,5,3,6,2,2,0,1,1,0,0,0,0,"801300,8819","5824010,038","13,43795","52,48287",8010301.0,Reuterkiez,5143.0
192401,11,7,,2019,2,11,5,3,2,6,0,0,1,0,0,0,0,1,"793967,676","5821530,288","13,32809","52,46464",7030301.0,Friedenau,3538.0
192402,11,4,,2019,2,21,5,3,6,2,2,0,1,1,0,0,0,1,"791348,8998","5822564,516","13,29055","52,47531",4041241.0,Breite Straße,2941.0
192403,11,10,,2019,2,12,3,3,5,3,0,0,1,0,0,0,0,0,"812386,0313","5824308,53","13,60094","52,47932",10040933.0,Mahlsdorf Süd,7542.0
192404,11,1,,2019,2,19,5,2,5,2,2,0,1,0,1,0,0,1,"796640,2538","5826651,994","13,37187","52,5091",1011105.0,Nördlicher Landwehrkanal,4151.0
192405,11,2,,2019,2,19,5,3,6,2,2,0,1,1,0,0,0,1,"799899,918","5825981,922","13,41916","52,50132",2030301.0,Oranienplatz,4849.0
192406,11,2,,2019,2,9,3,3,3,6,0,1,0,0,0,1,0,0,"801629,2853","5826033,857","13,4446","52,50083",2030302.0,Lausitzer Platz,5248.0
192407,11,1,,2019,2,19,5,3,5,3,2,1,1,0,0,0,0,1,"794805,1802","5825990,495","13,34433","52,50417",7010101.0,Wittenbergplatz/Viktoria-Luise-Platz,3749.0
192408,11,8,,2019,2,19,5,3,5,2,2,0,0,0,1,0,1,1,"800990,9392","5824209,697","13,43358","52,48483",8010301.0,Reuterkiez,5144.0
192409,11,2,,2019,2,9,3,3,5,2,0,1,1,0,0,0,0,0,"801353,1441","5826456,898","13,44093","52,50477",2040703.0,Wriezener Bahnhof/Entwicklungsgebiet,5250.0
192410,11,10,,2019,2,19,5,2,6,2,2,0,1,1,0,0,0,1,"813736,5301","5829980,558","13,62611","52,52937",10040931.0,Mahlsdorf Nord,7957.0
192411,11,4,,2019,2,13,4,3,6,2,0,0,1,1,0,0,0,0,"789003,1923","5826971,668","13,25994","52,51607",4020311.0,Reichsstraße,2553.0
192412,11,7,,2019,2,18,5,3,5,2,1,0,1,0,1,0,0,1,"798772,4223","5819086,06","13,39642","52,44012",7050505.0,Hundsteinweg,4531.0
192413,11,5,,2019,2,17,5,3,5,7,2,0,1,0,1,0,0,1,"787204,2461","5829743,85","13,2359","52,54187",5030731.0,Gartenfelder Straße,2160.0
192414,11,1,,2019,2,8,3,3,5,2,0,1,1,0,0,0,0,0,"796254,3824","5825960,306","13,36559","52,50311",1011104.0,Körnerstraße,4049.0
192415,11,3,,2019,2,17,5,3,5,3,2,1,1,0,0,0,0,1,"800751,6117","5831291,354","13,43647","52,54844",3061228.0,Erich-Weinert-Straße,5162.0
192416,11,1,,2019,2,15,4,3,2,6,0,0,1,0,0,0,0,0,"798710,1789","5827548,942","13,40309","52,51601",1011204.0,Leipziger Straße,4653.0
192417,11,4,,2019,2,16,5,3,5,7,0,0,1,0,0,0,0,1,"792095,9804","5825760,877","13,30432","52,50357",4030726.0,Droysenstraße,3149.0