OBJECTID,LAND,BEZ,LOR_ab_2021,UJAHR,UMONAT,USTUNDE,UWOCHENTAG,UKATEGORIE,UART,UTYP1,ULICHTVERH,IstRad,IstPKW,IstFuss,IstKrad,IstGkfz,IstSonstige,USTRZUSTAND,LINREFX,LINREFY,XGCSWGS84,YGCSWGS84,LOR,STRASSE,quadrant
192923,11,7,,2019,3,16,3,3,2,6,0,0,1,0,0,1,0,0,"796369,7041","5819726,733","13,36174","52,44717",7040404.0,Marienhöhe,4033.0
192924,11,1,,2019,3,17,7,3,6,4,1,0,1,1,0,0,0,0,"798961,3042","5828525,637","13,40765","52,52463",1011303.0,Alexanderplatzviertel,4755.0
192925,11,3,,2019,3,16,3,3,3,6,0,0,1,0,0,0,1,0,"802763,3012","5832374,953","13,46703","52,55703",3050920.0,Weißer See,5665.0
192926,11,4,,2019,3,18,7,3,5,2,2,1,1,0,0,0,0,0,"792174,1124","5827293,184","13,30682","52,51726",4030620.0,Alt-Lietzow,3253.0
192927,11,5,,2019,3,14,7,3,5,3,0,0,1,0,0,0,0,0,"783139,7998","5826434,053","13,17331","52,51432",5020524.0,Weinmeisterhornweg,1252.0
192928,11,4,,2019,3,14,3,3,1,5,0,0,1,0,1,0,0,0,"790879,7646","5827050,138","13,28758","52,51578",4030416.0,Klausenerplatz,2953.0
192929,11,11,,2019,3,13,7,3,5,2,0,0,1,0,0,0,0,0,"802883,73","5831201,591","13,46773","52,54645",11020513.0,Orankesee,5662.0
192930,11,4,,2019,3,12,7,3,3,1,0,1,0,0,0,0,1,0,"793245,8398","5827801,771","13,32302","52,52125",4030621.0,Spreestadt,3454.0
192931,11,3,,2019,3,18,7,3,5,3,2,0,1,0,0,0,0,0,"802494,4189","5832696,476","13,46337","52,56007",3051017.0,Rennbahnstraße,5566.0
192932,11,4,,2019,3,14,3,2,5,2,0,0,1,0,1,0,0,0,"791216,058","5829730,96","13,29487","52,53963",4010101.0,Jungfernheide,3060.0
192933,11,7,,2019,3,12,7,3,6,4,0,1,0,1,0,0,0,0,"795726,978","5824016,603","13,35612","52,48598",7020203.0,Kaiser-Wilhelm-Platz,3944.0
192934,11,9,,2019,3,18,5,2,6,2,2,0,1,1,0,0,0,1,"809668,744","5819050,76","13,55618","52,43374",9020702.0,Adlershof Ost,6929.0
192935,11,2,,2019,3,12,7,3,5,7,0,0,1,0,0,0,0,0,"800778,3025","5828423,489","13,43426","52,52272",2040502.0,Friedenstraße,5155.0
192936,11,1,,2019,3,6,7,3,2,6,2,0,1,0,0,0,1,1,"795218,8942","5829333,622","13,35337","52,53391",1022201.0,Stephankiez,3958.0
192937,11,1,,2019,3,19,7,3,2,2,2,0,1,0,0,0,0,0,"797180,9336","5827188,066","13,38029","52,51361",1011201.0,Wilhelmstraße,4352.0
192938,11,12,,2019,3,14,3,3,5,3,0,0,1,0,0,0,0,0,"794831,4543","5833499,647","13,35138","52,57147",12103218.0,Teichstraße,3869.0
192939,11,8,,2019,3,19,7,2,6,7,2,1,0,1,0,0,0,0,"805777,9561","5817112,593","13,49736","52,41856",8041037.0,Alt-Rudow,6024.0
192940,11,1,,2019,3,18,5,3,5,2,1,1,1,0,0,0,0,1,"796963,9548","5830140,609","13,37974","52,5402",1033202.0,Humboldthain Süd,4360.0
192941,11,5,,2019,3,18,7,2,1,1,2,0,1,0,0,0,0,0,"782330,8149","5827312,483","13,16216","52,52262",5020523.0,Maulbeerallee,1055.0
192942,11,3,,2019,3,1,7,3,5,5,2,0,1,0,0,0,0,0,"799342,9889","5829458,284","13,4141","52,53278",3071537.0,Kollwitzplatz,4858.0
192943,11,4,,2019,3,18,2,3,6,2,1,0,1,1,0,0,0,0,"792914,2762","5824363,081","13,31512","52,4906",4051446.0,Preußenpark,3345.0
192944,11,11,,2019,3,1,7,3,0,1,2,1,0,0,0,0,0,0,"806980,5867","5823416,997","13,52078","52,47439",11051332.0,Karlshorst Süd,6341.0
192945,11,2,,2019,3,15,6,2,5,2,0,1,1,0,0,0,0,0,"802110,0106","5827355,439","13,45286","52,51241",2050802.0,Boxhagener Platz,5352.0
192946,11,3,,2019,3,14,2,3,2,6,0,0,1,0,0,0,0,1,"799663,2174","5833724,552","13,42266","52,57085",3040818.0,Pankow Süd,4969.0
192947,11,1,,2019,3,17,6,3,2,2,1,0,1,0,0,0,0,0,"796974,4818","5826706,322","13,37683","52,50941",1011201.0,Wilhelmstraße,4251.0
192948,11,8,,2019,3,17,6,3,6,4,0,1,0,1,0,0,0,0,"802238,0143","5819101,448","13,44726","52,43835",8020622.0,Parchimer Allee,5330.0
192949,11,2,,2019,3,16,6,3,2,3,0,1,0,0,0,0,1,0,"799574,8006","5825635,107","13,41407","52,49839",2010104.0,Wassertorplatz,4848.0
192950,11,2,,2019,3,19,2,3,6,2,2,0,1,1,0,0,0,1,"798707,835","5824709,015","13,4005","52,49056",2020204.0,Urbanstraße,4645.0
192951,11,3,,2019,3,13,6,3,6,3,0,0,1,1,0,0,0,0,"798971,9462","5835025,925","13,41366","52,58289",3040614.0,Pankow Zentrum,4872.0
192952,11,4,,2019,3,12,2,3,6,2,0,0,1,1,0,0,0,0,"789727,1188","5826409,311","13,27009","52,51064",4020311.0,Reichsstraße,2651.0
192953,11,4,,2019,3,14,6,3,2,2,0,0,0,0,0,0,1,0,"793981,8524","5826162,257","13,33238","52,50615",4030931.0,Breitscheidplatz,3550.0
192954,11,5,,2019,3,14,6,2,5,3,0,1,0,0,1,0,0,0,"784517,7478","5827998,304","13,19489","52,52763",5020626.0,Adamstraße,1556.0
192955,11,6,,2019,3,12,2,3,5,7,0,0,1,0,1,0,0,1,"793478,6011","5820180,581","13,31973","52,4528",6010207.0,Mittelstraße,3434.0
192956,11,4,,2019,3,12,6,3,5,3,0,0,1,0,0,0,0,0,"791642,0997","5824519,555","13,29657","52,49268",4031032.0,Halensee,3046.0
192957,11,9,,2019,3,13,6,3,5,2,0,1,1,0,0,0,0,0,"808325,7457","5818864,446","13,53632","52,43283",9020701.0,Adlershof West,6629.0
192958,11,6,,2019,3,14,6,3,0,7,0,0,1,0,0,0,0,0,"791693,611","5819352,98","13,29281","52,44634",6040809.0,Thielallee,3033.0
192959,11,1,,2019,3,8,6,3,5,7,0,0,1,0,1,0,0,0,"798871,4315","5827929,594","13,4058","52,51934",1011303.0,Alexanderplatzviertel,4654.0
192960,11,5,,2019,3,7,2,3,0,5,0,0,1,0,0,0,0,0,"786989,2124","5830133,217","13,23307","52,54548",5030731.0,Gartenfelder Straße,2162.0
192961,11,10,,2019,3,8,6,2,0,6,0,0,1,0,0,0,1,0,"809546,1065","5827038,484","13,5618","52,5054",10030727.0,Biesdorf Süd,7050.0
192962,11,3,,2019,3,14,6,3,5,3,0,1,1,0,0,0,0,0,"797965,2071","5835015,982","13,39884","52,58335",3020209.0,Niederschönhausen,4573.0
192963,11,9,,2019,3,8,2,3,5,3,0,1,1,0,0,0,0,1,"813590,8992","5821668,966","13,61615","52,45497",9051701.0,Hirschgarten,7835.0
192964,11,1,,2019,3,1,6,3,3,6,2,0,1,0,0,0,0,0,"798175,89","5829815,102","13,39727","52,53662",1011402.0,Arkonaplatz,4559.0
192965,11,8,,2019,3,19,6,3,5,3,2,0,1,0,0,0,0,0,"801230,9766","5822467,843","13,43553","52,46908",8010213.0,Körnerpark,5139.0
192966,11,3,,2019,3,18,6,2,4,2,2,0,1,0,1,0,0,0,"802881,5991","5828633,541","13,46536","52,52343",3061441.0,Eldenaer Straße,5555.0
192967,11,8,,2019,3,10,2,3,2,6,0,0,0,0,0,0,1,0,"801132,6868","5824109,906","13,43557","52,48386",8010301.0,Reuterkiez,5144.0
192968,11,1,,2019,3,18,6,3,2,6,2,0,1,0,0,0,0,0,"794380,0342","5827618,864","13,33952","52,519",1022207.0,Hansaviertel,3754.0
192969,11,4,,2019,3,11,2,3,5,3,0,1,1,0,0,0,0,1,"792730,7974","5824454,424","13,3125","52,49151",4051446.0,Preußenpark,3346.0
192970,11,5,,2019,3,18,6,3,0,2,2,0,1,0,1,0,0,0,"782447,1142","5831049,668","13,16705","52,55607",5010206.0,Gütersloher Weg,1165.0
192971,11,10,,2019,2,13,5,3,3,6,0,1,0,0,0,0,1,0,"810926,2181","5826866,863","13,58191","52,50308",10040830.0,Kaulsdorf Süd,7349.0
192972,11,10,,2019,3,13,2,3,6,4,0,0,1,1,0,0,0,1,"809719,1147","5826252,779","13,56361","52,49826",10030727.0,Biesdorf Süd,7048.0
192973,11,8,,2019,2,16,5,3,5,3,0,0,1,0,1,0,0,0,"800667,8905","5825096,72","13,42964","52,49296",8010301.0,Reuterkiez,5046.0
192974,11,4,,2019,2,10,5,3,5,3,0,0,1,0,0,0,0,0,"789992,273","5826317,665","13,2739","52,50968",4020311.0,Reichsstraße,2751.0
192975,11,8,,2019,3,15,2,3,5,3,0,0,1,0,0,0,0,1,"800866,1553","5820935,969","13,42879","52,45555",8020620.0,Tempelhofer Weg,5035.0
192976,11,5,,2019,2,12,5,3,5,2,0,0,1,0,1,0,0,0,"789197,438","5829295,488","13,26481","52,5368",5030833.0,Motardstraße,2559.0
192977,11,8,,2019,2,8,5,3,5,2,0,0,1,0,1,0,0,0,"802823,0839","5818895,289","13,45566","52,43618",8040933.0,Vogelviertel Süd,5430.0
192978,11,12,,2019,3,15,2,3,2,6,0,0,1,0,0,0,0,0,"790203,4545","5835864,46","13,28535","52,59516",12304314.0,Ziekowstraße/Freie Scholle,2876.0
192979,11,7,,2019,2,8,5,3,5,7,0,0,1,0,1,0,0,0,"797589,8291","5823875,455","13,38334","52,4837",7040401.0,Neu-Tempelhof,4343.0
192980,11,12,,2019,2,15,5,3,5,3,0,0,1,0,0,0,0,0,"792823,8576","5832743,854","13,32117","52,56578",12214424.0,Scharnweberstraße,3467.0
192981,11,8,,2019,2,15,5,2,5,2,0,0,1,0,0,0,0,0,"803573,5748","5818648,137","13,46644","52,43355",8040933.0,Vogelviertel Süd,5529.0
192982,11,11,,2019,3,16,2,3,2,6,0,0,1,0,0,0,0,1,"803195,6948","5829601,537","13,47086","52,53194",11030618.0,Fennpfuhl West,5658.0
192983,11,1,,2019,2,16,5,2,6,4,0,0,1,1,0,0,0,0,"795204,7096","5828254,259","13,3522","52,52425",1022204.0,Thomasiusstraße,3855.0
192984,11,11,,2019,3,19,2,3,6,4,2,0,1,1,0,0,0,1,"803957,9886","5829072,214","13,48158","52,52677",11030619.0,Fennpfuhl Ost,5856.0
192985,11,1,,2019,2,16,5,2,3,6,1,1,0,0,0,0,0,0,"800252,5202","5828426,328","13,42654","52,52303",2040501.0,Barnimkiez,4955.0
192986,11,4,,2019,2,16,5,3,5,2,0,1,1,0,0,0,0,0,"792145,4044","5827329,869","13,30643","52,51761",4030620.0,Alt-Lietzow,3253.0
192987,11,8,,2019,3,21,2,2,6,4,2,0,1,1,0,0,0,1,"803126,2791","5818428,076","13,45968","52,43183",8030829.0,Gropiusstadt Nord,5428.0
192988,11,1,,2019,2,17,5,3,6,7,1,0,1,1,0,0,0,0,"797796,8685","5827223,848","13,38938","52,5136",1011203.0,Unter den Linden Süd,4452.0
192989,11,12,,2019,2,11,5,3,6,7,0,0,1,1,0,0,0,0,"789990,4553","5835207,498","13,28164","52,58938",12214527.0,Alt-Tegel,2874.0
192990,11,11,,2019,2,11,5,2,5,2,0,0,1,0,1,0,0,0,"805177,535","5829640,98","13,50002","52,53118",11030720.0,Herzbergstraße,6057.0
192991,11,2,,2019,3,22,2,3,2,6,2,1,0,0,0,1,0,1,"797955,4158","5824572,391","13,38933","52,48975",2020205.0,Chamissokiez,4445.0
192992,11,3,,2019,2,11,5,2,6,4,0,0,1,1,0,0,0,0,"798238,9904","5833057,411","13,40111","52,56565",3040614.0,Pankow Zentrum,4667.0
192993,11,5,,2019,3,5,5,2,6,4,2,0,1,1,0,0,0,1,"782362,4141","5830484,834","13,16532","52,55105",5010206.0,Gütersloher Weg,1163.0
192994,11,8,,2019,3,8,2,3,3,6,0,0,0,0,0,0,1,1,"800471,8821","5823605,295","13,42541","52,4797",8010117.0,Schillerpromenade,4942.0
192995,11,2,,2019,3,19,5,3,5,2,2,0,1,0,1,0,0,1,"799966,9681","5824448,336","13,41876","52,48753",2020206.0,Graefekiez,4845.0
192996,11,10,,2019,3,12,2,3,0,1,0,0,0,0,1,0,0,1,"807850,7033","5829081,968","13,53879","52,52467",10010309.0,Springpfuhl,6655.0
192997,11,1,,2019,3,10,1,3,5,2,0,1,1,0,0,0,0,0,"799060,3904","5829007,106","13,40954","52,52889",1011302.0,Oranienburger Straße,4757.0
192998,11,2,,2019,3,15,5,3,5,3,0,1,1,0,0,0,0,1,"802478,9704","5827048,91","13,458","52,50946",2050802.0,Boxhagener Platz,5451.0
192999,11,7,,2019,3,20,1,2,0,1,2,0,0,0,1,0,0,0,"796001,183","5825140,227","13,36114","52,4959",7010104.0,Dennewitzplatz,4047.0
193000,11,9,,2019,3,14,1,2,3,6,0,1,0,0,0,0,0,0,"812479,6566","5820105,84","13,59838","52,4416",9041402.0,Siedlung Kämmereiheide,7531.0
193001,11,1,,2019,3,22,5,3,6,2,2,0,1,1,0,0,0,1,"794559,7557","5828452,036","13,3429","52,52637",1022104.0,Emdener Straße,3756.0
193002,11,9,,2019,3,14,1,3,5,3,0,1,1,0,0,0,0,0,"818885,3831","5820468,318","13,69266","52,44115",9051801.0,Rahnsdorf/Hessenwinkel,8931.0
193003,11,5,,2019,3,16,5,3,1,5,0,1,1,0,0,0,0,1,"785183,4255","5829463,044","13,20594","52,54042",5010312.0,Kurstraße,1760.0
193004,11,11,,2019,3,13,1,3,3,6,0,1,1,0,0,0,0,0,"806095,2598","5830640,962","13,51443","52,53963",11020516.0,Weiße Taube,6360.0
193005,11,8,,2019,3,16,5,2,5,3,0,0,1,0,0,0,0,1,"801488,0742","5817852,985","13,43514","52,42758",8020625.0,Handwerker-Siedlung,5127.0
193006,11,7,,2019,3,12,1,3,2,6,0,0,1,0,0,0,0,0,"794301,1414","5822143,203","13,33352","52,46995",7030301.0,Friedenau,3639.0
193007,11,1,,2019,3,11,1,3,6,4,0,0,1,1,0,0,0,0,"796998,4923","5828875,872","13,37912","52,52884",1011301.0,Charitéviertel,4257.0
193008,11,1,,2019,3,11,1,3,2,7,0,1,1,0,0,0,0,0,"799502,4453","5828872,739","13,41592","52,52745",3071537.0,Kollwitzplatz,4856.0
193009,11,7,,2019,3,10,1,3,5,3,0,0,1,0,0,0,0,0,"797018,1071","5823302,089","13,37444","52,47887",7040401.0,Neu-Tempelhof,4242.0
193010,11,6,,2019,3,10,1,3,5,3,0,0,1,0,0,0,0,0,"790404,9748","5820902,902","13,27525","52,46092",6040810.0,Dahlem,2737.0
193011,11,8,,2019,3,14,6,3,5,3,0,0,1,0,0,0,0,0,"804621,3515","5816384,309","13,47974","52,41268",8041036.0,Zittauer Straße,5723.0
193012,11,4,,2019,3,0,1,3,5,2,2,1,1,0,0,0,0,0,"793915,4291","5825885,462","13,33116","52,50371",4030931.0,Breitscheidplatz,3549.0
193013,11,12,,2019,3,13,1,1,6,4,0,0,0,1,1,0,0,0,"794621,4118","5832991,569","13,34783","52,56703",12103218.0,Teichstraße,3868.0
193014,11,4,,2019,3,8,5,3,5,2,0,1,1,0,0,0,0,1,"792692,1291","5827061,108","13,31423","52,5149",4030620.0,Alt-Lietzow,3353.0
193015,11,10,,2019,3,9,7,3,6,2,0,0,1,1,0,0,0,0,"810877,1569","5828857,907","13,58304","52,52095",10020622.0,Kaulsdorf Nord I,7354.0
193016,11,5,,2019,3,16,5,3,2,6,0,0,1,0,0,0,1,1,"781568,1217","5835391,191","13,1578","52,59545",5010101.0,Hakenfelde Nord,1076.0
193017,11,1,,2019,3,13,7,3,2,6,0,0,1,0,0,0,0,0,"794315,3942","5830510,949","13,34113","52,54496",1044101.0,Rehberge,3761.0
193018,11,10,,2019,3,16,5,3,6,4,0,0,1,1,0,0,0,1,"811313,7933","5831717,287","13,59214","52,54632",10020412.0,Alte Hellersdorfer Straße,7462.0
193019,11,2,,2019,3,5,7,3,4,1,2,0,1,0,0,0,0,1,"803133,2794","5826334,007","13,46696","52,50268",2050803.0,Stralauer Kiez,5549.0
193020,11,6,,2019,3,9,7,3,2,6,0,0,1,0,0,0,0,0,"792525,3884","5817835,801","13,30369","52,43229",6030610.0,Lichterfelde West,3128.0
193021,11,1,,2019,3,0,5,3,5,3,2,0,1,0,0,0,0,1,"795147,5102","5828498,712","13,35158","52,52647",1022203.0,Lübecker Straße,3856.0
193022,11,5,,2019,3,14,7,3,2,6,0,0,1,0,0,0,0,0,"786922,8194","5829322,538","13,23139","52,53824",5030730.0,Zitadellenweg,2059.0
193023,11,8,,2019,3,16,5,3,3,6,0,0,1,0,0,0,0,1,"801284,1379","5819669,38","13,43379","52,44397",8020622.0,Parchimer Allee,5132.0
193024,11,5,,2019,3,14,7,3,6,7,0,0,1,1,0,0,0,0,"784174,3098","5825613,128","13,18781","52,50643",5020629.0,Börnicker Straße,1450.0
193025,11,7,,2019,3,16,5,3,6,4,0,0,1,1,0,0,0,1,"794949,7937","5825396,285","13,34592","52,49876",7010102.0,Nollendorfplatz,3748.0
193026,11,5,,2019,3,12,7,3,5,2,0,0,1,0,1,0,0,0,"781905,9733","5829570,797","13,15783","52,54309",5010209.0,An der Kappe,1061.0
193027,11,8,,2019,3,10,7,3,5,3,0,0,1,0,1,0,0,0,"803289,7408","5818541,007","13,46218","52,43275",8040933.0,Vogelviertel Süd,5529.0
193028,11,5,,2019,3,17,5,3,5,2,0,0,1,0,0,0,0,1,"783600,9053","5829153,288","13,1824","52,53847",5010314.0,Carl-Schurz-Straße,1359.0
193029,11,5,,2019,3,11,7,3,5,2,0,0,1,0,0,0,1,0,"782888,4102","5826890,829","13,17","52,51855",5020524.0,Weinmeisterhornweg,1154.0
193030,11,5,,2019,3,12,7,3,0,6,0,0,0,0,1,0,1,0,"784616,556","5828359,544","13,19666","52,53082",5020625.0,Borkumer Straße,1557.0
193031,11,7,,2019,3,22,6,3,5,3,2,0,1,0,0,0,0,0,"797852,4643","5822041,709","13,38556","52,46712",7040403.0,Manteuffelstraße,4339.0
193032,11,11,,2019,3,15,5,3,0,1,0,1,0,0,0,0,0,1,"804557,4365","5831025,362","13,49218","52,54394",11020514.0,Große-Leege-Straße,5961.0
193033,11,2,,2019,3,14,7,3,1,5,0,1,1,0,0,0,0,0,"799384,8473","5826175,77","13,41176","52,50334",2010103.0,Moritzplatz,4749.0
193034,11,6,,2019,3,14,7,2,0,6,0,0,0,0,0,0,1,0,"795055,636","5819037,914","13,34186","52,44171",6020302.0,Komponistenviertel Lankwitz,3731.0
193035,11,4,,2019,3,12,5,3,2,6,0,0,1,0,0,0,0,0,"792356,9457","5825264,208","13,30772","52,49897",4051446.0,Preußenpark,3248.0
193036,11,1,,2019,3,14,7,3,1,5,0,1,1,0,0,0,0,0,"798550,6965","5829201,427","13,40223","52,53091",1011402.0,Arkonaplatz,4657.0
193037,11,2,,2019,3,18,5,3,0,5,1,0,1,0,1,0,0,1,"799282,83","5824682,958","13,40893","52,49001",2020206.0,Graefekiez,4745.0
193038,11,5,,2019,3,14,7,3,5,3,0,1,1,0,0,0,0,0,"783789,7698","5824251,092","13,181","52,49441",5040934.0,Alt-Gatow,1347.0
193039,11,5,,2019,3,12,5,2,9,1,0,0,1,0,0,0,0,1,"782719,7042","5834603,061","13,17409","52,58779",5010101.0,Hakenfelde Nord,1274.0
193040,11,8,,2019,3,15,7,3,1,5,0,1,1,0,0,0,0,0,"801214,1233","5821546,789","13,43445","52,46084",8020620.0,Tempelhofer Weg,5137.0
193041,11,4,,2019,3,15,7,3,6,7,0,0,1,1,0,0,0,0,"791441,6298","5825070,642","13,29411","52,49773",4031032.0,Halensee,3048.0
193042,11,1,,2019,3,18,5,3,5,3,0,1,1,0,0,0,0,0,"795285,9032","5826173,714","13,35155","52,50555",1011103.0,Lützowstraße,3850.0
193043,11,1,,2019,3,13,5,3,8,1,0,0,0,0,1,0,0,0,"797090,9346","5828040,521","13,37973","52,5213",1011301.0,Charitéviertel,4354.0
193044,11,4,,2019,3,15,7,3,1,5,0,1,1,0,0,0,0,0,"793070,1472","5825592,106","13,31849","52,50153",4030930.0,George-Grosz-Platz,3349.0
193045,11,1,,2019,3,6,7,3,5,3,0,0,1,0,0,0,0,0,"795461,1193","5827768,515","13,35554","52,51975",1022206.0,Lüneburger Straße,3954.0
193046,11,6,,2019,3,17,5,3,0,6,0,0,1,0,1,0,0,1,"794179,9602","5820926,976","13,33067","52,45911",6010209.0,Feuerbachstraße,3536.0
193047,11,4,,2019,3,9,7,3,2,6,0,0,1,0,0,0,0,0,"791248,9289","5828966,97","13,29469","52,53276",4030519.0,Kaiserin-Augusta-Allee,3058.0
193048,11,4,,2019,3,15,7,3,1,5,0,1,1,0,0,0,0,0,"794449,2884","5823603,233","13,33699","52,48296",4051655.0,Babelsberger Straße,3643.0
193049,11,9,,2019,3,17,6,3,5,3,0,0,1,0,1,0,0,0,"809339,7628","5821491,07","13,55362","52,4558",9020502.0,Oberschöneweide Ost,6835.0
193050,11,4,,2019,3,9,4,3,5,7,0,0,1,0,0,0,0,0,"792724,1132","5826039,033","13,3138","52,50572",4030827.0,Karl-August-Platz,3350.0
193051,11,11,,2019,3,10,7,3,5,3,0,0,1,0,0,0,0,0,"804623,6403","5827978,002","13,49036","52,51659",11030721.0,Rüdigerstraße,5953.0
193052,11,1,,2019,3,19,5,3,1,5,2,1,1,0,0,0,0,0,"798755,5721","5828242,701","13,40438","52,52221",1011303.0,Alexanderplatzviertel,4655.0
193053,11,12,,2019,3,19,7,3,0,3,2,0,1,0,1,0,0,0,"785491,5434","5837376,698","13,21728","52,61121",12224230.0,Heiligensee,1881.0
193054,11,10,,2019,3,10,4,3,5,3,0,1,1,0,0,0,0,0,"814754,3077","5829905,675","13,64099","52,52811",10040931.0,Mahlsdorf Nord,8156.0
193055,11,3,,2019,3,10,7,3,5,2,0,0,1,0,1,0,0,0,"800094,112","5835991,995","13,43105","52,59093",3020210.0,Herthaplatz,5075.0
193056,11,1,,2019,3,7,4,3,5,2,0,1,1,0,0,0,0,0,"797549,5433","5827085,636","13,38562","52,5125",1011203.0,Unter den Linden Süd,4352.0
193057,11,2,,2019,3,2,7,3,2,4,2,0,1,1,0,0,0,0,"801763,6067","5826246,909","13,44677","52,50266",2040703.0,Wriezener Bahnhof/Entwicklungsgebiet,5249.0
193058,11,2,,2019,3,9,7,2,8,1,0,0,1,0,0,0,0,0,"801627,8386","5826030,546","13,44458","52,5008",2030302.0,Lausitzer Platz,5248.0
193059,11,2,,2019,3,6,4,3,2,2,0,1,1,0,0,0,0,0,"801439,6575","5826057,2","13,44184","52,50114",2030302.0,Lausitzer Platz,5249.0
193060,11,2,,2019,3,2,7,2,0,1,2,1,0,0,0,0,0,0,"800047,4633","5825751,906","13,42112","52,49917",2030301.0,Oranienplatz,4948.0
193061,11,5,,2019,3,17,6,3,6,2,0,0,0,1,0,0,1,0,"786747,2058","5829294,453","13,22879","52,53809",5030730.0,Zitadellenweg,2059.0
193062,11,10,,2019,3,14,6,2,0,1,0,0,0,0,1,0,0,0,"813032,4675","5827883,611","13,61379","52,51098",10040932.0,Alt-Mahlsdorf,7751.0
193063,11,8,,2019,3,23,6,3,5,3,2,1,1,0,0,0,0,0,"801552,9109","5824351,517","13,44196","52,48579",8010301.0,Reuterkiez,5244.0
193064,11,1,,2019,3,22,4,2,5,3,2,0,1,0,0,0,1,1,"797865,717","5827613,017","13,39074","52,51705",1011202.0,Unter den Linden Nord,4453.0
193065,11,6,,2019,3,8,6,3,0,2,0,0,0,0,0,0,1,0,"792948,4029","5817754,421","13,30982","52,43133",6030610.0,Lichterfelde West,3228.0
193066,11,2,,2019,3,17,6,2,5,7,0,1,1,0,0,0,0,0,"798025,5823","5825342,518","13,39105","52,49661",2020204.0,Urbanstraße,4447.0
193067,11,12,,2019,3,0,6,3,0,7,2,0,1,0,1,0,0,1,"790538,3571","5837154,185","13,29141","52,60654",12231101.0,Hermsdorf,2979.0
193068,11,9,,2019,3,16,6,3,5,3,0,1,1,0,0,0,0,0,"807991,637","5816687,863","13,52942","52,41351",9030901.0,Dorf Altglienicke,6523.0
193069,11,10,,2019,3,16,4,3,2,2,0,0,1,0,0,0,1,0,"810859,4388","5826903,751","13,58096","52,50344",10040830.0,Kaulsdorf Süd,7249.0
193070,11,9,,2019,3,9,6,2,6,4,0,0,1,1,0,0,0,0,"810907,8648","5821515,285","13,57665","52,45513",9051901.0,Dammvorstadt,7235.0
193071,11,9,,2019,3,11,6,3,5,3,0,1,1,0,0,0,0,0,"807565,5992","5815410,053","13,522","52,4023",9030901.0,Dorf Altglienicke,6420.0
193072,11,1,,2019,3,8,6,3,1,5,0,1,1,0,0,0,1,0,"797810,1696","5827137,744","13,3895","52,51282",1011203.0,Unter den Linden Süd,4452.0
193073,11,6,,2019,3,15,4,3,2,2,0,1,1,0,0,0,0,0,"790151,3647","5819783,666","13,27056","52,45102",6040810.0,Dahlem,2634.0
193074,11,1,,2019,3,8,6,3,0,2,0,0,1,0,0,0,1,0,"796539,8546","5831962,343","13,37514","52,55676",1044201.0,Reinickendorfer Straße,4265.0
193075,11,7,,2019,3,14,4,3,5,3,0,0,1,0,0,0,0,0,"799156,8234","5821308,714","13,40405","52,45983",7040405.0,Rathaus Tempelhof,4636.0
193076,11,4,,2019,3,7,6,3,3,6,0,1,1,0,0,0,0,0,"791317,2076","5824951,68","13,29218","52,49673",4031032.0,Halensee,3047.0
193077,11,2,,2019,3,7,6,3,0,7,0,0,1,0,1,0,0,0,"803147,7296","5827439,316","13,46818","52,51258",2050801.0,Traveplatz,5652.0
193078,11,9,,2019,3,13,4,3,5,2,0,0,1,0,0,1,0,0,"804396,7358","5821745,863","13,48133","52,46086",9010301.0,Baumschulenstraße,5837.0
193079,11,6,,2019,3,14,6,2,3,6,0,0,1,0,1,0,0,0,"795786,126","5819907,344","13,35334","52,44911",6010205.0,Südende,3933.0
193080,11,2,,2019,3,15,6,2,1,5,0,0,1,0,0,0,1,0,"798430,9446","5826498,983","13,39804","52,50676",2010102.0,Mehringplatz,4550.0
193081,11,6,,2019,3,16,5,3,0,6,0,0,1,0,0,0,1,0,"793981,6447","5820427,284","13,32732","52,45474",6010207.0,Mittelstraße,3535.0
193082,11,1,,2019,3,18,6,2,5,2,1,0,0,0,1,0,1,0,"794159,8639","5828284,226","13,33687","52,52508",1022106.0,Elberfelder Straße,3656.0
193083,11,4,,2019,3,17,4,3,5,2,0,0,1,0,0,0,0,0,"791386,2485","5828590,34","13,29638","52,52931",4030518.0,Tegeler Weg,3057.0
193084,11,9,,2019,3,14,6,3,2,6,0,0,1,0,0,0,0,0,"809817,4574","5821919,777","13,56103","52,45937",9052001.0,Köpenick Nord,6936.0
193085,11,5,,2019,3,11,4,3,5,3,0,1,1,0,0,0,0,0,"788912,1202","5829321,946","13,26064","52,53719",5030833.0,Motardstraße,2559.0
193086,11,5,,2019,3,19,6,3,5,3,2,1,1,0,0,0,0,0,"785355,2009","5833384,233","13,21184","52,57548",5010101.0,Hakenfelde Nord,1870.0
193087,11,8,,2019,3,12,6,3,5,3,0,0,1,0,0,0,0,0,"800874,2131","5824919,304","13,43251","52,49125",8010301.0,Reuterkiez,5046.0
193088,11,12,,2019,3,19,6,2,5,3,2,0,1,0,0,0,0,0,"796287,3136","5833234,867","13,37256","52,5683",12103116.0,Hausotterplatz,4168.0
193089,11,1,,2019,3,21,4,3,5,3,2,1,1,0,0,0,0,1,"795334,9885","5826147,263","13,35225","52,50529",1011103.0,Lützowstraße,3850.0
193090,11,1,,2019,3,8,5,3,5,2,0,1,1,0,0,0,0,0,"795449,5697","5827682,869","13,3553","52,51899",1022206.0,Lüneburger Straße,3954.0
193091,11,8,,2019,3,22,4,3,5,3,2,0,1,0,0,0,0,1,"802002,6296","5823299,732","13,44761","52,47611",8010404.0,Rixdorf,5341.0
193092,11,12,,2019,3,23,5,3,5,2,2,0,1,0,0,0,0,0,"792900,675","5832166,526","13,32179","52,56056",12214424.0,Scharnweberstraße,3466.0