OBJECTID,LAND,BEZ,LOR_ab_2021,UJAHR,UMONAT,USTUNDE,UWOCHENTAG,UKATEGORIE,UART,UTYP1,ULICHTVERH,IstRad,IstPKW,IstFuss,IstKrad,IstGkfz,IstSonstige,USTRZUSTAND,LINREFX,LINREFY,XGCSWGS84,YGCSWGS84,LOR,STRASSE,quadrant
193262,11,3,,2019,3,8,3,3,5,3,0,1,1,0,0,0,0,0,"800420,4385","5832299,261","13,43251","52,55765",3050923.0,Weißenseer Spitze,5065.0
193263,11,2,,2019,3,18,2,3,6,4,1,0,0,1,1,0,0,1,"800447,8684","5825898,905","13,42713","52,50027",2030302.0,Lausitzer Platz,5048.0
193264,11,11,,2019,3,18,2,3,5,3,1,1,0,0,0,0,1,1,"803619,017","5826582,501","13,47433","52,50464",11040925.0,Victoriastadt,5750.0
193265,11,12,,2019,3,9,3,3,1,5,0,1,1,0,0,0,0,0,"786169,7596","5834304,579","13,22462","52,58331",12224229.0,Konradshöhe/Tegelort,1973.0
193266,11,5,,2019,3,18,2,2,6,4,1,0,1,1,0,0,0,1,"784776,0394","5830375,875","13,20073","52,54882",5010310.0,Eckschanze,1663.0
193267,11,7,,2019,3,20,2,3,5,2,2,1,1,0,0,0,0,1,"796566,3081","5815869,989","13,36121","52,41249",7060604.0,Marienfelde Süd,4023.0
193268,11,6,,2019,3,12,5,2,1,5,0,0,1,0,0,0,1,1,"789706,856","5818413,4","13,26284","52,43897",6040807.0,Zehlendorf Eiche,2530.0
193269,11,2,,2019,3,20,2,3,5,7,2,0,1,0,0,0,0,1,"800155,1275","5825054,002","13,42207","52,49286",2020206.0,Graefekiez,4946.0
193270,11,2,,2019,3,9,3,3,5,3,0,1,1,0,0,0,0,0,"801895,8754","5825670,013","13,44819","52,49742",2030402.0,Wrangelkiez,5347.0
193271,11,9,,2019,3,20,2,3,6,4,2,0,1,1,0,0,0,1,"811395,6628","5821164,189","13,58347","52,4517",9051901.0,Dammvorstadt,7334.0
193272,11,9,,2019,3,14,3,3,5,2,0,1,1,0,0,0,0,0,"809516,3314","5818774,6","13,55369","52,43136",9020702.0,Adlershof Ost,6828.0
193273,11,1,,2019,3,22,2,3,5,2,2,1,1,0,0,0,0,1,"797161,6073","5831879,126","13,38421","52,55568",1033102.0,Gesundbrunnen,4365.0
193274,11,6,,2019,3,9,2,3,0,6,0,1,1,0,0,0,0,0,"791996,3412","5821478,858","13,29911","52,46523",6040810.0,Dahlem,3138.0
193275,11,6,,2019,3,14,3,3,5,2,0,1,1,0,0,0,0,1,"790598,4663","5815205,987","13,27314","52,40974",6030504.0,Teltower Damm,2722.0
193276,11,3,,2019,3,15,2,3,5,3,0,0,1,0,0,0,0,1,"803343,8236","5842648,203","13,48498","52,64879",3010101.0,Bucher Forst,5892.0
193277,11,12,,2019,3,15,2,3,0,1,0,0,0,0,1,0,0,1,"793734,7127","5836145,283","13,33758","52,59578",12302107.0,Schorfheidestraße,3676.0
193278,11,5,,2019,3,22,6,2,6,2,2,0,1,1,0,0,0,0,"784548,2518","5828157,089","13,19548","52,52904",5020626.0,Adamstraße,1557.0
193279,11,2,,2019,3,9,3,3,2,6,0,0,1,0,0,0,0,1,"800206,2487","5827467,181","13,42499","52,51446",2040701.0,Andreasviertel,4952.0
193280,11,8,,2019,3,14,2,3,0,3,0,1,1,0,0,0,0,1,"801804,2647","5821957,6","13,44348","52,46419",8010214.0,Glasower Straße,5238.0
193281,11,4,,2019,3,14,5,2,6,4,0,0,1,1,0,0,0,1,"791568,8464","5828014,577","13,29856","52,52405",4030518.0,Tegeler Weg,3055.0
193282,11,8,,2019,3,14,2,3,2,6,0,0,1,0,0,0,0,1,"805551,7745","5818558,138","13,49536","52,43164",8041037.0,Alt-Rudow,6028.0
193283,11,11,,2019,3,10,3,3,5,3,0,0,1,0,0,0,0,0,"804678,321","5828701,204","13,49182","52,52304",11030720.0,Herzbergstraße,5955.0
193284,11,1,,2019,3,13,2,3,6,2,0,0,0,1,0,0,1,0,"799985,7015","5826927,415","13,42127","52,50974",1011306.0,Heine-Viertel Ost,4951.0
193285,11,7,,2019,3,10,3,3,6,7,0,0,1,1,0,0,0,0,"794915,0567","5825407,358","13,34542","52,49888",7010101.0,Wittenbergplatz/Viktoria-Luise-Platz,3748.0
193286,11,10,,2019,3,12,2,3,2,6,0,0,1,0,0,0,0,0,"809635,8784","5829710,297","13,5656","52,52929",10030724.0,Oberfeldstraße,7057.0
193287,11,8,,2019,3,9,5,2,1,5,0,0,1,0,1,0,0,1,"801495,8468","5820441,985","13,43759","52,45078",8020622.0,Parchimer Allee,5134.0
193288,11,4,,2019,3,12,2,3,6,2,0,0,1,1,0,0,0,0,"793503,2255","5826470,505","13,32562","52,50917",4030623.0,Ernst-Reuter-Platz,3451.0
193289,11,2,,2019,3,14,3,3,2,2,0,0,1,0,0,0,0,1,"799079,4598","5824615,105","13,40588","52,48951",2020206.0,Graefekiez,4645.0
193290,11,3,,2019,3,11,2,3,5,2,0,0,1,0,0,0,0,0,"800122,7423","5833866,284","13,42955","52,57186",3030715.0,Heinersdorf,5069.0
193291,11,9,,2019,3,10,3,3,6,4,0,0,1,1,0,0,0,0,"811342,3639","5822448,626","13,58389","52,46324",9052001.0,Köpenick Nord,7337.0
193292,11,10,,2019,3,11,2,3,5,3,0,1,1,0,0,0,0,0,"813439,4104","5828065,705","13,61994","52,51238",10040932.0,Alt-Mahlsdorf,7852.0
193293,11,2,,2019,3,7,2,3,3,6,0,0,1,0,0,1,0,0,"797881,9313","5825062,514","13,38869","52,49418",2020202.0,Rathaus Yorckstraße,4447.0
193294,11,1,,2019,3,10,3,2,2,7,0,0,1,0,0,0,0,0,"794303,1318","5828483,01","13,33916","52,52678",1022104.0,Emdener Straße,3656.0
193295,11,7,,2019,3,7,2,2,6,4,0,0,1,1,0,0,0,0,"800886,1873","5814178,714","13,42301","52,39498",7070704.0,Nahariyastraße,4918.0
193296,11,11,,2019,3,8,2,3,1,5,0,1,1,0,0,0,0,0,"806610,9331","5825145,705","13,51695","52,49009",11051330.0,Karlshorst West,6345.0
193297,11,2,,2019,3,13,6,2,5,3,0,1,1,0,0,0,0,0,"801874,7765","5825713,125","13,44792","52,49782",2030402.0,Wrangelkiez,5348.0
193298,11,1,,2019,3,14,3,3,6,4,0,0,1,1,0,0,0,1,"796352,9474","5826134,047","13,36719","52,50462",1011104.0,Körnerstraße,4150.0
193299,11,6,,2019,3,9,2,2,5,3,0,0,1,0,0,0,1,0,"788362,9946","5817767,573","13,24257","52,43389",6030503.0,Zehlendorf Mitte,2229.0
193300,11,3,,2019,3,15,5,3,6,4,0,0,1,1,0,0,0,1,"799084,6752","5832199,511","13,41278","52,55749",3061126.0,Arnimplatz,4765.0
193301,11,6,,2019,3,10,2,3,0,1,0,1,0,0,0,0,0,0,"794859,5309","5817943,433","13,33801","52,432",6020304.0,Kaiser-Wilhelm-Straße,3628.0
193302,11,12,,2019,3,13,3,3,1,5,0,0,1,0,0,0,0,1,"791342,6392","5833160,638","13,29975","52,57031",12214125.0,Waldidyll/Flughafensee,3169.0
193303,11,2,,2019,3,8,2,3,0,1,0,0,0,0,0,0,1,1,"799067,5283","5824625,215","13,40571","52,48961",2020206.0,Graefekiez,4645.0
193304,11,12,,2019,3,10,3,3,2,6,0,0,1,0,0,0,0,1,"794846,623","5833748,013","13,35182","52,57369",12103218.0,Teichstraße,3870.0
193305,11,2,,2019,3,19,1,3,5,7,2,0,1,0,0,0,0,0,"800724,89","5827968,454","13,43307","52,51867",2040502.0,Friedenstraße,5054.0
193306,11,8,,2019,3,19,1,3,2,6,2,0,1,0,0,0,0,1,"801137,7538","5824126,159","13,43566","52,484",8010301.0,Reuterkiez,5144.0
193307,11,9,,2019,3,12,3,3,0,4,0,0,1,1,0,0,0,0,"805792,0064","5820334,51","13,50051","52,44743",9010401.0,Johannisthal West,6033.0
193308,11,6,,2019,3,18,1,3,5,3,2,0,1,0,0,0,0,1,"794642,0769","5821087,913","13,3376","52,46031",6010209.0,Feuerbachstraße,3637.0
193309,11,12,,2019,3,15,1,2,5,3,0,0,1,0,1,0,0,0,"796281,5022","5833224,058","13,37246","52,56821",12103116.0,Hausotterplatz,4168.0
193310,11,12,,2019,3,11,1,3,2,6,0,0,1,0,0,0,0,0,"792116,6905","5833097,534","13,31108","52,56933",12214422.0,Klixstraße,3269.0
193311,11,12,,2019,3,13,3,3,5,3,0,0,1,0,0,0,0,1,"791440,5252","5834734,935","13,30257","52,58437",12304313.0,Borsigwalde,3173.0
193312,11,11,,2019,3,10,1,3,1,1,0,0,1,0,0,0,1,0,"805232,9283","5826380,06","13,49784","52,50193",11040926.0,Weitlingstraße,6049.0
193313,11,1,,2019,3,11,1,3,2,6,0,0,1,0,0,0,0,0,"798857,927","5829030,984","13,40659","52,52922",1011302.0,Oranienburger Straße,4757.0
193314,11,4,,2019,3,14,6,3,0,4,0,1,0,1,0,0,0,0,"789071,798","5827015,865","13,26099","52,51643",4020312.0,Branitzer Platz,2553.0
193315,11,2,,2019,3,12,1,3,5,3,0,0,1,0,0,0,0,0,"799602,155","5825833,764","13,41465","52,50015",2010103.0,Moritzplatz,4848.0
193316,11,1,,2019,3,13,3,3,0,7,0,0,0,0,1,0,0,1,"795880,6404","5830598,592","13,36423","52,54489",1033203.0,Humboldthain Nordwest,4061.0
193317,11,5,,2019,3,14,1,3,5,2,0,0,1,0,0,0,0,1,"782364,715","5830494,274","13,16536","52,55113",5010206.0,Gütersloher Weg,1163.0
193318,11,1,,2019,3,14,1,3,5,7,0,0,1,0,0,0,0,1,"795108,5656","5830354,026","13,35266","52,54312",1044202.0,Sparrplatz,3861.0
193319,11,3,,2019,3,17,1,3,9,1,1,0,1,0,0,0,0,1,"797279,8919","5835397,354","13,3891","52,58715",3020209.0,Niederschönhausen,4474.0
193320,11,4,,2019,3,12,3,3,2,6,0,0,1,0,0,0,0,1,"792937,4194","5825532,386","13,31649","52,50107",4030930.0,George-Grosz-Platz,3349.0
193321,11,9,,2019,3,19,1,3,2,6,2,0,1,0,0,0,0,1,"810755,659","5821230,344","13,57415","52,45266",9051901.0,Dammvorstadt,7134.0
193322,11,11,,2019,3,12,2,3,0,3,0,0,0,0,0,0,1,0,"804786,1684","5826286,232","13,4912","52,50134",11040926.0,Weitlingstraße,5949.0
193323,11,10,,2019,3,20,1,2,5,2,2,1,1,0,0,0,0,1,"809635,794","5830391,691","13,56624","52,5354",10010310.0,Alt-Marzahn,7059.0
193324,11,1,,2019,3,21,1,3,2,6,2,0,1,0,0,0,0,1,"797615,3557","5828329,399","13,3877","52,52361",1011301.0,Charitéviertel,4455.0
193325,11,12,,2019,3,7,2,2,6,4,0,0,1,1,0,0,0,1,"793557,9123","5835435,04","13,33435","52,58951",12301203.0,Wittenau Süd,3674.0
193326,11,3,,2019,3,10,1,3,1,5,0,0,1,0,0,0,0,0,"799949,3521","5831431,666","13,4248","52,55014",3061227.0,Humannplatz,4963.0
193327,11,3,,2019,3,9,1,3,5,3,0,0,1,0,0,0,1,0,"799842,9095","5831532,503","13,42332","52,5511",3061227.0,Humannplatz,4963.0
193328,11,1,,2019,3,21,5,3,5,3,2,0,1,0,0,0,0,1,"798862,1052","5826770,913","13,40462","52,50896",1011204.0,Leipziger Straße,4651.0
193329,11,11,,2019,3,8,1,3,5,3,0,0,1,0,1,0,0,0,"804682,6026","5830739,678","13,49376","52,54131",11020514.0,Große-Leege-Straße,5960.0
193330,11,5,,2019,3,6,2,3,5,3,0,0,1,0,0,1,0,1,"782460,0271","5828519,059","13,16509","52,53337",5020417.0,Staakener Straße,1158.0
193331,11,11,,2019,3,17,7,3,5,3,2,0,1,0,1,0,0,1,"805041,3408","5830416,583","13,49873","52,53821",11020515.0,Landsberger Allee,6059.0
193332,11,2,,2019,3,4,2,2,0,1,2,1,0,0,0,0,0,0,"803108,3288","5827107,481","13,4673","52,50963",2050801.0,Traveplatz,5651.0
193333,11,1,,2019,3,18,7,2,1,5,2,1,1,0,0,0,0,1,"797610,5583","5828361,173","13,38766","52,5239",1011301.0,Charitéviertel,4455.0
193334,11,7,,2019,3,12,7,2,1,5,0,1,1,0,0,0,0,1,"798656,4172","5813639,883","13,38986","52,39137",7070705.0,Franziusweg/Rohrbachstraße,4416.0
193335,11,11,,2019,3,16,5,3,2,6,0,0,1,0,0,0,0,1,"805905,2116","5825953,036","13,50733","52,49772",11041128.0,Sewanstraße,6148.0
193336,11,7,,2019,3,13,7,3,1,5,0,0,1,0,0,0,0,1,"794563,4851","5824262,954","13,33925","52,48881",7020201.0,Bayerischer Platz,3745.0
193337,11,6,,2019,3,0,2,2,5,7,2,0,1,0,0,0,0,0,"794339,5453","5820571,87","13,3327","52,45584",6010208.0,Bergstraße,3635.0
193338,11,7,,2019,3,14,7,3,2,6,0,0,1,0,0,0,0,1,"795897,0686","5824963,269","13,35945","52,49437",7010102.0,Nollendorfplatz,4047.0
193339,11,2,,2019,3,16,2,3,2,6,0,1,0,0,0,0,0,0,"801646,5713","5826073,509","13,44489","52,50117",2030302.0,Lausitzer Platz,5249.0
193340,11,1,,2019,3,15,7,3,2,6,0,0,1,0,0,0,0,1,"798883,3482","5827365,878","13,40547","52,51428",1011204.0,Leipziger Straße,4652.0
193341,11,7,,2019,3,18,7,3,2,6,1,0,1,0,0,0,0,1,"798336,1916","5823980,052","13,3944","52,48423",2020205.0,Chamissokiez,4544.0
193342,11,6,,2019,3,17,2,3,6,4,0,0,1,1,0,0,0,0,"790173,1358","5818917,086","13,27012","52,44324",6040807.0,Zehlendorf Eiche,2632.0
193343,11,8,,2019,3,18,7,3,6,4,1,0,1,1,0,0,0,1,"802571,4662","5823064,479","13,45574","52,47369",8010404.0,Rixdorf,5441.0
193344,11,6,,2019,3,18,7,3,6,2,1,0,1,1,0,0,0,1,"795909,969","5818720,015","13,35411","52,4384",6020303.0,Lankwitz Kirche,3930.0
193345,11,4,,2019,3,9,6,3,1,5,0,1,1,0,0,0,0,0,"794384,5795","5825699,322","13,33789","52,50179",4030931.0,Breitscheidplatz,3649.0
193346,11,9,,2019,3,9,2,3,5,3,0,0,1,0,0,0,1,1,"808172,3789","5815763,921","13,53122","52,40513",9030902.0,Wohngebiet II,6521.0
193347,11,7,,2019,3,18,7,3,6,2,1,0,1,1,0,0,0,1,"794979,1224","5825230,728","13,34621","52,49726",7010102.0,Nollendorfplatz,3847.0
193348,11,1,,2019,3,18,7,3,0,3,1,0,1,0,0,0,1,1,"796945,022","5826780,999","13,37647","52,51009",1011201.0,Wilhelmstraße,4251.0
193349,11,11,,2019,3,7,5,3,6,4,0,0,1,1,0,0,0,1,"805207,726","5828190,635","13,49913","52,51817",11030721.0,Rüdigerstraße,6054.0
193350,11,7,,2019,3,19,7,3,6,4,1,0,1,1,0,0,0,1,"796345,8317","5822963,64","13,36427","52,4762",7020204.0,Schöneberger Insel,4041.0
193351,11,7,,2019,3,11,2,3,5,2,0,0,1,0,0,0,0,0,"797601,4622","5815557,194","13,3761","52,40913",7060604.0,Marienfelde Süd,4222.0
193352,11,10,,2019,3,19,7,3,6,2,2,0,1,1,0,0,0,1,"809783,5604","5834072,849","13,57184","52,5683",10010102.0,Havemannstraße,7168.0
193353,11,1,,2019,3,11,2,3,2,6,0,0,1,0,0,0,0,1,"796527,1046","5828671,573","13,37201","52,52727",1022206.0,Lüneburger Straße,4156.0
193354,11,1,,2019,3,20,7,3,2,6,2,0,1,0,0,0,0,1,"794885,5195","5831065,063","13,35001","52,54961",1044103.0,Westliche Müllerstraße,3863.0
193355,11,11,,2019,3,20,7,3,5,2,2,0,1,0,0,0,0,1,"805964,6703","5833685,583","13,51532","52,56699",11010205.0,Falkenberg West,6368.0
193356,11,11,,2019,3,12,2,3,0,6,0,0,1,0,1,0,0,1,"803399,7437","5830004,106","13,47423","52,53543",11020515.0,Landsberger Allee,5759.0
193357,11,1,,2019,3,20,7,2,1,5,2,0,1,0,0,1,0,1,"797272,8649","5833186,517","13,38701","52,56733",1033101.0,Soldiner Straße,4468.0
193358,11,7,,2019,3,21,7,3,6,7,2,1,0,1,0,0,0,1,"798703,7066","5823950,383","13,39976","52,48376",7040401.0,Neu-Tempelhof,4543.0
193359,11,4,,2019,3,17,6,3,2,6,2,0,1,0,0,0,0,0,"792715,6143","5825785,787","13,31345","52,50346",4030929.0,Hindemithplatz,3349.0
193360,11,1,,2019,3,21,7,3,6,4,2,0,1,1,0,0,0,1,"797738,8871","5829704,41","13,39075","52,53587",1033202.0,Humboldthain Süd,4459.0
193361,11,4,,2019,3,10,7,3,5,2,0,0,1,0,0,0,0,0,"792526,692","5822912,069","13,30815","52,4778",4041342.0,Schlangenbader Straße,3242.0
193362,11,1,,2019,3,12,2,3,1,5,0,1,1,0,0,0,0,0,"797598,454","5828437,201","13,38755","52,52458",1011301.0,Charitéviertel,4455.0
193363,11,11,,2019,3,10,7,2,6,4,0,0,1,1,0,0,0,0,"803810,6689","5826178,406","13,47677","52,50091",11051229.0,Rummelsburg,5749.0
193364,11,7,,2019,3,6,7,2,1,1,1,0,1,0,0,0,1,0,"796097,2418","5823928,615","13,36147","52,48499",7020204.0,Schöneberger Insel,4044.0
193365,11,8,,2019,3,18,6,3,5,3,0,0,1,0,0,0,0,0,"801114,9198","5821902,753","13,43332","52,46408",8010118.0,Silbersteinstraße,5038.0
193366,11,1,,2019,3,13,2,3,1,5,0,0,1,0,0,0,0,1,"796478,8546","5830108,06","13,37258","52,54017",1033203.0,Humboldthain Nordwest,4160.0
193367,11,3,,2019,3,17,6,3,6,4,1,0,1,1,0,0,0,1,"799525,3578","5833155,082","13,42012","52,56582",3040818.0,Pankow Süd,4967.0
193368,11,1,,2019,3,9,6,3,1,5,0,1,1,0,0,0,0,1,"800065,2522","5826647,181","13,42218","52,50719",1011306.0,Heine-Viertel Ost,4950.0
193369,11,2,,2019,3,10,5,3,5,2,0,1,1,0,0,0,0,1,"800718,0131","5827873,272","13,43288","52,51782",2040701.0,Andreasviertel,5053.0
193370,11,11,,2019,3,21,6,2,0,7,2,1,0,0,0,0,0,1,"803342,1793","5830064,206","13,47343","52,536",11020515.0,Landsberger Allee,5659.0
193371,11,5,,2019,3,15,2,3,6,2,0,0,1,1,0,0,0,0,"785242,9911","5832253,088","13,20921","52,5654",5010101.0,Hakenfelde Nord,1767.0
193372,11,7,,2019,3,18,6,3,5,2,1,1,1,0,0,0,0,1,"794985,5787","5822319,453","13,34373","52,47116",7030303.0,Grazer Platz,3740.0
193373,11,9,,2019,3,15,2,3,2,6,0,0,1,0,0,0,0,1,"809728,9225","5820798,599","13,55869","52,44937",9020801.0,Spindlersfeld,6933.0
193374,11,4,,2019,3,23,6,3,2,6,2,0,1,0,0,0,0,0,"791299,1141","5826072,998","13,29289","52,50679",4030725.0,Amtsgerichtsplatz,3050.0
193375,11,1,,2019,3,20,6,2,6,2,2,0,1,1,0,0,0,1,"797912,9562","5827374,924","13,39122","52,51489",1011203.0,Unter den Linden Süd,4453.0
193376,11,8,,2019,3,16,2,3,0,6,0,0,1,0,1,0,0,1,"802702,0267","5818355,836","13,45339","52,43142",8030829.0,Gropiusstadt Nord,5328.0
193377,11,2,,2019,3,21,6,3,5,3,2,1,1,0,0,0,0,0,"800404,8964","5825792,815","13,4264","52,49934",2030302.0,Lausitzer Platz,4948.0
193378,11,11,,2019,3,18,6,3,5,7,1,0,1,0,0,0,1,1,"807364,2702","5825164,526","13,52802","52,48984",11051331.0,Karlshorst Nord,6545.0
193379,11,7,,2019,3,16,6,3,0,3,0,1,0,0,0,0,1,0,"799980,3808","5813236,745","13,4089","52,38703",7070703.0,John-Locke-Straße,4715.0
193380,11,11,,2019,3,16,2,3,2,6,0,0,1,0,0,0,0,0,"805020,5262","5831474,584","13,4994","52,5477",11020412.0,Hauptstraße,6062.0
193381,11,3,,2019,3,16,6,3,2,6,1,0,1,0,1,0,0,1,"800735,7457","5831799,798","13,43669","52,553",3050923.0,Weißenseer Spitze,5164.0
193382,11,8,,2019,3,15,6,3,5,3,0,1,1,0,0,0,0,1,"801743,5588","5824293,78","13,44471","52,48517",8010302.0,Bouchéstraße,5244.0
193383,11,12,,2019,3,17,2,3,6,7,0,0,1,1,0,0,0,0,"786407,7139","5837735,591","13,23109","52,61394",12224230.0,Heiligensee,2082.0
193384,11,12,,2019,3,15,6,3,2,6,0,0,1,0,0,0,0,1,"792461,9549","5833301,191","13,31634","52,57097",12214423.0,Mellerbogen,3369.0
193385,11,2,,2019,3,15,6,3,1,5,0,1,1,0,0,0,0,1,"799662,7346","5825809,464","13,41552","52,4999",2010103.0,Moritzplatz,4848.0
193386,11,7,,2019,3,20,5,3,2,6,2,0,1,0,0,0,0,1,"796273,9481","5824924,293","13,36495","52,49382",7010104.0,Dennewitzplatz,4046.0
193387,11,1,,2019,3,16,6,3,0,1,0,0,0,0,1,0,0,1,"797314,0443","5829013,434","13,38388","52,5299",1011301.0,Charitéviertel,4357.0
193388,11,2,,2019,3,17,2,2,5,2,0,1,1,0,0,0,0,0,"798706,946","5824706,785","13,40049","52,49054",2020204.0,Urbanstraße,4645.0
193389,11,4,,2019,3,1,6,2,9,1,2,0,1,0,0,0,0,1,"790223,3292","5828157,307","13,2789","52,52605",4020310.0,Park Ruhwald,2856.0
193390,11,3,,2019,3,16,2,3,2,6,0,0,1,0,0,0,0,0,"802542,1969","5829336,977","13,46101","52,52993",3061430.0,Volkspark Prenzlauer Berg,5557.0
193391,11,1,,2019,3,1,6,2,5,2,2,1,1,0,0,0,0,1,"799235,8031","5828467,756","13,41164","52,52396",1011303.0,Alexanderplatzviertel,4755.0
193392,11,9,,2019,3,6,6,2,5,3,1,1,1,0,0,0,0,1,"809466,6848","5819054,922","13,55323","52,4339",9020702.0,Adlershof Ost,6829.0
193393,11,12,,2019,3,13,2,2,0,4,0,0,0,1,0,0,1,1,"790066,563","5835340,156","13,28288","52,59053",12214527.0,Alt-Tegel,2875.0
193394,11,3,,2019,3,9,6,3,0,1,0,0,0,0,1,0,0,1,"805196,5748","5841110,637","13,51086","52,63397",3010102.0,Buch,6287.0
193395,11,4,,2019,3,9,6,3,5,2,0,1,1,0,0,0,0,0,"792918,575","5826769,19","13,3173","52,51217",4030623.0,Ernst-Reuter-Platz,3352.0
193396,11,4,,2019,3,14,6,3,3,6,0,0,1,0,0,0,1,0,"793664,889","5826369,838","13,32791","52,50818",4030623.0,Ernst-Reuter-Platz,3551.0
193397,11,1,,2019,3,15,6,2,0,1,0,0,0,0,1,0,0,1,"799622,7204","5827581,517","13,41652","52,51581",1011303.0,Alexanderplatzviertel,4853.0
193398,11,5,,2019,3,11,2,3,5,2,0,0,1,0,0,0,0,1,"783993,5385","5826853,358","13,18621","52,51764",5020628.0,Graetschelsteig,1453.0
193399,11,11,,2019,3,14,6,3,5,2,0,1,1,0,0,0,0,0,"805724,6992","5831360,256","13,50964","52,54629",11020412.0,Hauptstraße,6262.0
193400,11,2,,2019,4,15,5,3,6,4,0,0,1,1,0,0,0,0,"799863,5622","5825853,946","13,41851","52,50019",2030301.0,Oranienplatz,4848.0
193401,11,4,,2019,4,20,4,3,2,6,2,0,1,0,0,0,0,0,"793185,2145","5830141,776","13,32419","52,54226",4010102.0,Plötzensee,3461.0
193402,11,8,,2019,4,7,5,3,5,3,0,0,1,0,1,0,0,0,"803752,474","5822184,216","13,47228","52,46515",8010509.0,Schulenburgpark,5638.0
193403,11,6,,2019,4,18,4,3,2,7,0,0,1,0,0,0,0,0,"789989,5948","5817262,075","13,26599","52,4285",6030504.0,Teltower Damm,2627.0
193404,11,2,,2019,4,0,7,3,2,2,2,1,1,0,0,0,0,0,"803329,2148","5826743,578","13,47022","52,50625",2050801.0,Traveplatz,5650.0
193405,11,6,,2019,4,17,4,3,2,6,0,0,1,0,0,0,0,0,"793413,6161","5817718,102","13,31661","52,43076",6020409.0,Königsberger Straße,3328.0
193406,11,8,,2019,4,17,4,3,5,3,0,0,1,0,1,0,0,0,"802369,6522","5823221,455","13,45293","52,47521",8010404.0,Rixdorf,5341.0
193407,11,1,,2019,4,8,6,2,5,2,0,0,1,0,1,0,0,0,"798079,604","5829993,131","13,39601","52,53827",1033201.0,Brunnenstraße,4559.0
193408,11,10,,2019,4,16,4,3,2,7,0,1,1,0,0,0,0,0,"809704,9283","5826049,81","13,56321","52,49645",10030727.0,Biesdorf Süd,7047.0
193409,11,2,,2019,4,15,5,3,2,6,0,0,1,0,0,0,0,0,"800698,2016","5828469,571","13,43313","52,52317",2040502.0,Friedenstraße,5055.0
193410,11,11,,2019,4,12,1,3,6,4,0,0,1,1,0,0,0,0,"804104,8014","5827321,149","13,48214","52,51099",11030824.0,Frankfurter Allee Süd,5851.0
193411,11,2,,2019,4,16,4,3,6,4,0,0,1,1,0,0,0,0,"802301,7411","5827816,566","13,4561","52,51643",2050602.0,Samariterviertel,5453.0
193412,11,4,,2019,4,13,7,3,5,2,0,0,1,0,0,0,0,0,"792326,2752","5828246,852","13,30989","52,52573",4030519.0,Kaiserin-Augusta-Allee,3256.0
193413,11,1,,2019,4,15,4,3,6,2,0,1,0,1,0,0,0,0,"797150,028","5831400,811","13,38361","52,55139",1033102.0,Gesundbrunnen,4363.0
193414,11,8,,2019,4,15,4,3,5,3,0,0,1,0,0,0,1,0,"805795,7042","5816197,599","13,49678","52,41035",8041038.0,Waßmannsdorfer Chaussee,6022.0
193415,11,4,,2019,4,2,6,2,1,5,2,1,1,0,0,0,0,0,"793670,3461","5825858,154","13,32754","52,50359",4030931.0,Breitscheidplatz,3549.0
193416,11,3,,2019,4,14,4,2,5,3,0,1,0,0,0,0,0,0,"799798,4518","5831176,502","13,42235","52,54793",3061227.0,Humannplatz,4962.0
193417,11,9,,2019,4,15,7,2,2,2,0,0,1,0,1,0,0,0,"817477,3764","5816709,176","13,66844","52,40829",9041601.0,Müggelheim,8521.0
193418,11,9,,2019,4,14,4,2,0,5,0,1,0,0,0,0,1,0,"810980,3395","5819984,217","13,57628","52,44137",9041501.0,Altstadt Kietz,7231.0
193419,11,12,,2019,4,16,4,2,5,2,0,0,1,0,0,0,0,0,"794839,7292","5833068,212","13,35111","52,5676",12103218.0,Teichstraße,3868.0
193420,11,2,,2019,4,19,6,2,0,2,1,0,0,1,1,0,0,0,"801767,78","5826253,667","13,44684","52,50272",2040703.0,Wriezener Bahnhof/Entwicklungsgebiet,5249.0
193421,11,9,,2019,4,12,4,3,5,7,0,0,1,0,0,0,1,0,"809404,5691","5821504,534","13,55458","52,45588",9020502.0,Oberschöneweide Ost,6935.0
193422,11,9,,2019,4,14,5,3,0,1,0,1,0,0,0,0,0,0,"806621,6109","5820450,557","13,51279","52,44801",9010402.0,Johannisthal Ost,6233.0
193423,11,8,,2019,4,12,4,3,0,7,0,1,0,0,0,0,1,1,"802487,2081","5822551,781","13,45404","52,46914",8010510.0,Gewerbegebiet Köllnische Heide,5439.0
193424,11,11,,2019,4,14,1,3,2,2,0,0,1,0,0,0,0,0,"806305,1362","5833901,131","13,52052","52,56873",11010205.0,Falkenberg West,6368.0
193425,11,4,,2019,4,12,4,3,5,2,0,1,1,0,0,0,0,0,"792895,5909","5826797,735","13,31698","52,51243",4030623.0,Ernst-Reuter-Platz,3352.0
193426,11,4,,2019,4,10,4,2,5,2,0,1,1,0,0,0,0,0,"789617,3298","5823355,274","13,26582","52,48332",4041136.0,Hagenplatz,2643.0
193427,11,8,,2019,4,15,7,3,5,3,0,0,0,0,0,0,1,0,"801231,7274","5822468,048","13,43554","52,46909",8010213.0,Körnerpark,5139.0
193428,11,1,,2019,4,9,4,2,1,5,0,1,1,0,0,0,1,0,"799057,4228","5827190,194","13,40787","52,51261",1011305.0,Heine-Viertel West,4752.0
193429,11,1,,2019,4,8,4,3,1,5,0,1,1,0,0,0,1,0,"798331,188","5828924,511","13,39875","52,52855",1011302.0,Oranienburger Straße,4557.0