OBJECTID,LAND,BEZ,LOR_ab_2021,UJAHR,UMONAT,USTUNDE,UWOCHENTAG,UKATEGORIE,UART,UTYP1,ULICHTVERH,IstRad,IstPKW,IstFuss,IstKrad,IstGkfz,IstSonstige,USTRZUSTAND,LINREFX,LINREFY,XGCSWGS84,YGCSWGS84,LOR,STRASSE,quadrant
193430,11,1,,2019,4,1,5,3,2,6,2,1,0,0,0,0,1,0,"795549,4703","5829244,956","13,35815","52,53294",1022201.0,Stephankiez,3958.0
193431,11,8,,2019,4,7,4,3,6,2,0,0,0,1,0,0,1,0,"801146,1549","5823779,681","13,43547","52,48089",8010303.0,Donaustraße,5143.0
193432,11,4,,2019,4,10,5,3,5,2,0,1,1,0,0,0,0,0,"792977,2669","5826182,288","13,31764","52,50687",4030828.0,Savignyplatz,3350.0
193433,11,3,,2019,4,7,4,3,1,5,0,0,1,0,1,0,0,0,"799377,923","5831077,09","13,41608","52,54727",3061332.0,Helmholtzplatz,4862.0
193434,11,1,,2019,4,7,4,3,5,3,0,1,1,0,0,0,0,0,"795343,4296","5830390,818","13,35614","52,54332",1044202.0,Sparrplatz,3961.0
193435,11,8,,2019,4,17,5,3,0,4,0,1,0,1,0,0,0,0,"800785,5182","5824392,97","13,43073","52,48659",8010301.0,Reuterkiez,5044.0
193436,11,9,,2019,4,7,4,3,0,1,0,1,0,0,0,0,0,0,"808330,2849","5819200,762","13,5367","52,43584",9020701.0,Adlershof West,6629.0
193437,11,12,,2019,4,16,1,3,5,2,0,0,1,0,0,0,0,0,"792354,1331","5834072,136","13,31543","52,57794",12304313.0,Borsigwalde,3371.0
193438,11,3,,2019,4,7,4,3,6,6,0,1,0,1,0,0,0,0,"798915,9664","5830386,162","13,40866","52,54133",3061131.0,Falkplatz,4760.0
193439,11,3,,2019,4,5,4,3,2,6,2,0,1,0,0,0,0,0,"796987,3057","5835832,827","13,38518","52,59121",3040512.0,Wilhelmsruh,4375.0
193440,11,1,,2019,4,17,6,3,6,4,0,0,1,1,0,0,0,0,"795939,2649","5828328,295","13,36307","52,52451",1022206.0,Lüneburger Straße,4055.0
193441,11,7,,2019,4,1,4,3,5,3,2,0,1,0,0,0,0,0,"797897,8565","5818354,261","13,38294","52,43404",7050502.0,Fritz-Werner-Straße,4329.0
193442,11,11,,2019,4,16,3,3,6,7,0,0,1,1,0,0,0,0,"805431,545","5827935,793","13,50219","52,51576",11030721.0,Rüdigerstraße,6153.0
193443,11,5,,2019,4,11,5,3,0,7,0,0,1,0,0,0,1,0,"783945,3015","5828947,354","13,18729","52,53644",5010314.0,Carl-Schurz-Straße,1459.0
193444,11,1,,2019,4,14,3,3,0,5,0,1,1,0,0,0,0,0,"793737,9481","5832005,137","13,33396","52,55866",1044101.0,Rehberge,3665.0
193445,11,2,,2019,4,9,5,2,3,6,0,0,1,0,1,0,0,0,"800534,5364","5828474,65","13,43073","52,52331",2040502.0,Friedenstraße,5055.0
193446,11,8,,2019,4,16,3,3,2,6,0,0,1,0,0,0,0,0,"800668,1426","5824292,276","13,42891","52,48575",8010303.0,Donaustraße,5044.0
193447,11,1,,2019,4,19,7,3,5,2,0,0,1,0,0,0,1,0,"794536,6214","5831570,43","13,34533","52,55433",1044101.0,Rehberge,3764.0
193448,11,8,,2019,4,7,3,3,6,7,0,1,0,1,0,0,0,0,"801106,2886","5822184,106","13,43344","52,46661",8010214.0,Glasower Straße,5138.0
193449,11,10,,2019,4,16,3,3,5,3,0,1,1,0,0,0,0,0,"809644,2053","5828927,397","13,565","52,52227",10030725.0,Buckower Ring,7055.0
193450,11,4,,2019,4,9,6,3,5,3,0,1,0,0,0,0,0,0,"794140,0088","5824322,366","13,33308","52,48957",4051653.0,Prager Platz,3645.0
193451,11,4,,2019,4,15,7,3,7,7,0,0,0,0,1,0,0,0,"789539,1073","5830525,48","13,27091","52,54765",4010101.0,Jungfernheide,2662.0
193452,11,4,,2019,4,16,3,3,5,3,0,0,1,0,0,0,0,0,"793379,1756","5821960,22","13,31983","52,46881",4041344.0,Rüdesheimer Platz,3439.0
193453,11,12,,2019,4,16,3,3,2,2,0,0,1,0,0,0,1,0,"792464,8551","5837326,894","13,31993","52,60705",12301205.0,Waidmannslust,3480.0
193454,11,4,,2019,4,14,6,3,5,2,0,0,1,0,1,0,0,0,"791388,4928","5828585,036","13,2964","52,52926",4030518.0,Tegeler Weg,3057.0
193455,11,6,,2019,4,16,3,3,6,4,0,0,1,1,0,0,0,0,"791878,5162","5818982,031","13,2952","52,44291",6030610.0,Lichterfelde West,3032.0
193456,11,6,,2019,4,15,5,3,2,6,0,0,1,0,0,0,0,0,"795100,2279","5819675,569","13,34307","52,4474",6010205.0,Südende,3733.0
193457,11,8,,2019,4,16,3,3,1,1,0,0,1,0,0,0,0,0,"801768,7801","5823786,264","13,44462","52,48061",8010405.0,Hertzbergplatz,5243.0
193458,11,1,,2019,4,16,2,3,2,6,0,0,1,0,0,0,0,0,"796678,2998","5831653,58","13,3769","52,55392",1044201.0,Reinickendorfer Straße,4264.0
193459,11,8,,2019,4,17,5,3,5,3,0,1,1,0,0,0,0,0,"804117,8197","5817627,958","13,47349","52,42411",8030831.0,Gropiusstadt Ost,5626.0
193460,11,1,,2019,4,18,3,3,2,6,0,0,1,0,0,0,0,0,"799519,2538","5828857,611","13,41615","52,5273",3071537.0,Kollwitzplatz,4856.0
193461,11,3,,2019,4,16,7,3,0,3,0,1,1,0,0,0,0,0,"798124,485","5835605,449","13,40172","52,58855",3020209.0,Niederschönhausen,4674.0
193462,11,12,,2019,4,16,3,3,5,2,0,0,1,0,0,0,1,0,"792902,1472","5832166,951","13,32181","52,56056",12214424.0,Scharnweberstraße,3466.0
193463,11,6,,2019,4,18,3,3,0,6,0,1,0,0,0,0,1,0,"792189,1758","5818718,978","13,29953","52,44039",6030610.0,Lichterfelde West,3131.0
193464,11,8,,2019,4,7,6,3,4,5,0,1,1,0,0,0,0,0,"801976,4173","5822892,549","13,44686","52,47248",8010404.0,Rixdorf,5340.0
193465,11,2,,2019,4,18,3,3,5,2,0,0,1,0,1,0,0,0,"798334,1937","5825557,154","13,39578","52,49837",2010102.0,Mehringplatz,4548.0
193466,11,1,,2019,4,15,5,2,3,6,0,1,0,0,0,0,0,0,"799737,7325","5827692,193","13,41831","52,51673",1011304.0,Karl-Marx-Allee,4853.0
193467,11,2,,2019,4,18,3,3,5,2,0,1,1,0,0,0,0,0,"797843,44","5824926,336","13,38801","52,49298",2020203.0,Viktoriapark,4446.0
193468,11,5,,2019,4,11,1,3,1,5,0,1,1,0,0,0,0,0,"782005,8276","5828367,369","13,15828","52,53225",5020419.0,Magistratsweg,1058.0
193469,11,4,,2019,4,17,3,2,6,7,0,0,1,1,0,0,0,0,"791662,0347","5827613,02","13,29957","52,5204",4030415.0,Schloßgarten,3154.0
193470,11,1,,2019,4,16,5,3,2,2,0,1,1,0,0,0,0,0,"797143,959","5826449,027","13,37909","52,50701",1011201.0,Wilhelmstraße,4250.0
193471,11,11,,2019,4,11,3,2,2,6,0,0,1,0,1,0,0,0,"804617,6802","5829927,184","13,49206","52,53406",11030720.0,Herzbergstraße,5958.0
193472,11,4,,2019,4,15,1,3,1,5,0,1,1,0,0,0,0,0,"792105,056","5825991,547","13,30466","52,50563",4030827.0,Karl-August-Platz,3150.0
193473,11,1,,2019,4,17,3,2,5,2,0,0,1,0,1,0,0,0,"799186,4977","5828678,081","13,4111","52,52587",1011303.0,Alexanderplatzviertel,4756.0
193474,11,10,,2019,4,8,3,3,3,6,0,0,1,0,0,1,0,0,"807786,1483","5830791,461","13,53942","52,54003",10010310.0,Alt-Marzahn,6660.0
193475,11,10,,2019,4,9,7,3,2,2,0,0,1,0,1,0,0,0,"806580,621","5828344,093","13,51945","52,51877",10010308.0,Marzahner Chaussee,6354.0
193476,11,8,,2019,4,23,3,2,5,2,2,0,0,0,1,0,1,0,"801544,3045","5820646,99","13,43848","52,45259",8020619.0,Buschkrugallee Nord,5134.0
193477,11,1,,2019,4,22,3,3,1,5,2,0,1,0,0,0,0,0,"798422,0738","5828768,836","13,39995","52,52711",1011302.0,Oranienburger Straße,4656.0
193478,11,8,,2019,4,20,6,2,5,3,2,1,1,0,0,0,0,0,"801730,7488","5817139,199","13,43805","52,42105",8020727.0,Buckow Mitte,5125.0
193479,11,7,,2019,4,21,3,3,6,4,2,0,1,1,0,0,0,0,"794762,1287","5825692,966","13,34343","52,50152",7010101.0,Wittenbergplatz/Viktoria-Luise-Platz,3749.0
193480,11,7,,2019,4,18,5,3,6,4,0,1,0,1,0,0,0,0,"793903,5752","5822951,543","13,3284","52,47741",7030301.0,Friedenau,3542.0
193481,11,7,,2019,4,21,3,3,5,2,2,0,1,0,0,0,1,0,"800891,1616","5814179,572","13,42308","52,39498",7070704.0,Nahariyastraße,4918.0
193482,11,1,,2019,4,22,1,3,5,3,2,0,1,0,0,0,0,0,"792739,1497","5828287,577","13,316","52,52587",1022101.0,Huttenkiez,3356.0
193483,11,2,,2019,4,13,3,3,5,2,0,0,0,0,0,0,1,0,"799064,611","5825613,45","13,40656","52,49847",2010104.0,Wassertorplatz,4748.0
193484,11,1,,2019,4,12,3,3,2,6,0,0,1,0,0,0,0,0,"797335,7412","5831216,626","13,38617","52,54964",1033102.0,Gesundbrunnen,4363.0
193485,11,12,,2019,4,13,6,3,2,6,0,0,1,0,0,0,0,0,"793179,3439","5832282,316","13,32599","52,56145",12214424.0,Scharnweberstraße,3566.0
193486,11,3,,2019,4,12,3,3,2,6,0,0,1,0,0,0,0,0,"799387,9352","5831788,462","13,41686","52,55364",3061227.0,Humannplatz,4864.0
193487,11,2,,2019,4,12,3,3,0,2,0,0,0,0,0,0,1,0,"800476,8876","5825763,251","13,42743","52,49904",2030401.0,Reichenberger Straße,5048.0
193488,11,9,,2019,4,14,3,3,4,6,0,0,1,0,0,0,0,0,"809606,9805","5822254,985","13,55825","52,46249",9052001.0,Köpenick Nord,6937.0
193489,11,8,,2019,4,13,7,3,2,6,0,0,1,0,0,0,0,0,"803743,8605","5818003,903","13,46835","52,42768",8030831.0,Gropiusstadt Ost,5627.0
193490,11,1,,2019,4,11,3,3,2,6,0,0,1,0,0,0,0,0,"794798,3165","5830933,256","13,34861","52,54848",1044103.0,Westliche Müllerstraße,3862.0
193491,11,9,,2019,4,15,3,3,2,6,0,0,1,0,0,1,0,0,"806281,4444","5820971,522","13,50828","52,45287",9010401.0,Johannisthal West,6234.0
193492,11,1,,2019,4,17,6,3,2,6,1,0,1,0,0,0,0,0,"797647,9212","5828135,129","13,388","52,52185",1011301.0,Charitéviertel,4455.0
193493,11,5,,2019,4,11,3,3,1,1,0,0,1,0,1,0,0,0,"784149,9174","5828026,068","13,18951","52,52807",5020625.0,Borkumer Straße,1456.0
193494,11,5,,2019,4,16,5,3,5,3,0,0,1,0,0,0,0,0,"784006,3018","5829049,2","13,18827","52,53732",5010314.0,Carl-Schurz-Straße,1459.0
193495,11,12,,2019,4,15,3,3,5,3,0,1,0,0,1,0,0,0,"791930,4078","5833389,26","13,30859","52,57204",12214422.0,Klixstraße,3269.0
193496,11,5,,2019,4,19,1,3,5,3,0,0,1,0,0,0,1,0,"784495,6925","5828871,961","13,19532","52,53548",5010314.0,Carl-Schurz-Straße,1559.0
193497,11,1,,2019,4,11,3,3,3,6,0,0,1,0,1,0,1,0,"797882,1463","5828529,245","13,3918","52,52525",1011302.0,Oranienburger Straße,4456.0
193498,11,2,,2019,4,15,3,2,3,6,0,1,1,0,0,0,0,0,"801745,9908","5826253,908","13,44652","52,50274",2040703.0,Wriezener Bahnhof/Entwicklungsgebiet,5249.0
193499,11,1,,2019,4,15,6,3,5,2,0,1,1,0,0,0,0,0,"798081,0077","5830001,847","13,39604","52,53835",1033201.0,Brunnenstraße,4559.0
193500,11,4,,2019,4,16,3,2,5,2,0,0,1,0,1,0,0,0,"791469,5071","5828283,532","13,29733","52,52652",4030518.0,Tegeler Weg,3056.0
193501,11,4,,2019,4,10,3,2,6,7,0,0,0,1,0,0,1,0,"791769,6853","5827104,258","13,30071","52,51578",4030417.0,Schloßstraße,3153.0
193502,11,5,,2019,4,11,5,3,5,7,0,0,1,0,0,0,0,0,"786557,7718","5830558,698","13,22709","52,54952",5030730.0,Zitadellenweg,2063.0
193503,11,1,,2019,4,10,3,2,5,2,0,0,1,0,1,0,0,0,"795534,6992","5830743,844","13,35927","52,54638",1044202.0,Sparrplatz,3962.0
193504,11,1,,2019,4,11,3,3,1,5,0,1,0,0,0,0,1,0,"796482,1622","5828645,599","13,37133","52,52706",1022206.0,Lüneburger Straße,4156.0
193505,11,11,,2019,4,8,5,3,5,2,0,1,1,0,0,0,0,0,"807202,831","5823906,186","13,52449","52,47865",11051332.0,Karlshorst Süd,6442.0
193506,11,2,,2019,4,10,3,3,0,4,0,1,1,0,0,0,1,0,"803331,0701","5827421,354","13,47086","52,51232",2050801.0,Traveplatz,5652.0
193507,11,6,,2019,4,10,5,3,3,6,0,0,1,0,1,0,0,0,"793684,159","5820596,387","13,32311","52,45642",6010102.0,Schloßstraße,3436.0
193508,11,1,,2019,4,9,3,3,1,5,0,1,0,0,0,0,1,0,"800030,3172","5826464,125","13,42151","52,50557",1011306.0,Heine-Viertel Ost,4950.0
193509,11,3,,2019,4,20,7,3,2,7,2,1,1,0,0,0,0,0,"801698,1731","5829409,153","13,44868","52,53104",3061435.0,Conrad-Blenkle-Straße,5357.0
193510,11,1,,2019,4,1,3,3,1,5,2,1,1,0,0,0,0,0,"798200,4742","5828743,789","13,39667","52,527",1011302.0,Oranienburger Straße,4556.0
193511,11,5,,2019,4,5,3,3,5,3,2,0,1,0,0,0,0,0,"784632,72","5828423,984","13,19695","52,53139",5020625.0,Borkumer Straße,1557.0
193512,11,9,,2019,4,12,6,3,5,7,0,0,1,0,0,0,1,0,"811352,1644","5819987,768","13,58174","52,44119",9041501.0,Altstadt Kietz,7331.0
193513,11,9,,2019,4,7,3,3,5,3,0,0,1,0,1,0,0,0,"806252,8127","5822194,216","13,50898","52,46384",9020501.0,Oberschöneweide West,6238.0
193514,11,5,,2019,4,14,5,3,6,3,0,0,1,1,0,0,0,0,"788802,9017","5830206,501","13,25981","52,54518",5030832.0,Rohrdamm,2561.0
193515,11,11,,2019,4,7,3,3,2,1,0,0,1,0,0,0,0,0,"805755,7017","5827182,064","13,50626","52,50882",11040926.0,Weitlingstraße,6151.0
193516,11,12,,2019,4,17,1,3,2,6,0,0,1,0,0,0,0,0,"792067,9483","5832942,159","13,31022","52,56796",12214422.0,Klixstraße,3268.0
193517,11,5,,2019,4,5,5,3,2,6,2,0,1,0,1,0,0,0,"784718,5759","5828571,16","13,19834","52,53266",5020625.0,Borkumer Straße,1658.0
193518,11,4,,2019,4,7,3,3,6,7,0,0,1,1,0,0,0,0,"791162,4385","5826636,186","13,29138","52,51191",4030417.0,Schloßstraße,2952.0
193519,11,3,,2019,4,16,7,3,5,3,0,0,1,0,0,0,0,0,"800421,9557","5832305,752","13,43254","52,55771",3050923.0,Weißenseer Spitze,5065.0
193520,11,1,,2019,4,8,3,3,5,3,0,0,1,0,0,0,0,0,"794814,4132","5830667,198","13,34861","52,54609",1044103.0,Westliche Müllerstraße,3862.0
193521,11,1,,2019,4,8,5,3,5,3,0,1,1,0,0,0,0,0,"796123,173","5826294,134","13,36396","52,50618",1011105.0,Nördlicher Landwehrkanal,4050.0
193522,11,6,,2019,4,8,3,2,0,6,0,0,1,0,0,0,0,0,"785348,6552","5818639,927","13,1991","52,44329",6040703.0,Nikolassee,1632.0
193523,11,12,,2019,4,18,7,3,2,6,0,0,1,0,0,0,0,0,"790720,279","5835389,21","13,29254","52,59062",12304314.0,Ziekowstraße/Freie Scholle,3075.0
193524,11,10,,2019,4,8,3,3,5,2,0,0,1,0,0,0,0,0,"808839,241","5831800,438","13,55584","52,54847",10010207.0,Marzahner Promenade,6962.0
193525,11,4,,2019,4,9,3,2,6,2,0,0,1,1,0,0,0,0,"789445,3532","5826652,797","13,26616","52,51298",4020311.0,Reichsstraße,2652.0
193526,11,5,,2019,4,11,6,2,6,4,0,0,1,1,0,0,0,0,"783961,1083","5828707,677","13,18732","52,53428",5020625.0,Borkumer Straße,1458.0
193527,11,2,,2019,4,18,2,3,3,6,1,1,0,0,0,0,0,0,"798040,3466","5824836,506","13,39082","52,49207",2020204.0,Urbanstraße,4446.0
193528,11,8,,2019,4,16,5,3,6,6,0,0,1,1,0,0,0,0,"805538,5917","5817148,562","13,49388","52,41902",8041037.0,Alt-Rudow,5925.0
193529,11,1,,2019,4,9,2,3,4,6,0,1,0,0,0,0,0,0,"798791,1645","5829066,087","13,40564","52,52957",1011302.0,Oranienburger Straße,4657.0
193530,11,8,,2019,4,13,1,3,5,2,0,0,1,0,1,0,0,0,"802292,8379","5817834,577","13,44692","52,42697",8030830.0,Gropiusstadt Süd,5327.0
193531,11,9,,2019,4,19,2,3,5,2,0,1,1,0,0,0,0,0,"811081,4557","5821962,811","13,57961","52,45904",9052001.0,Köpenick Nord,7236.0
193532,11,11,,2019,4,12,2,3,3,6,0,0,1,0,0,1,0,0,"803872,2183","5826138,796","13,47764","52,50052",11051229.0,Rummelsburg,5748.0
193533,11,4,,2019,4,12,7,3,5,2,0,1,1,0,0,0,0,0,"790025,7165","5825236,173","13,27345","52,49997",4020314.0,Messegelände,2748.0
193534,11,7,,2019,4,12,2,3,5,2,0,1,1,0,0,0,0,0,"797870,7518","5821888,092","13,38569","52,46573",7040403.0,Manteuffelstraße,4338.0
193535,11,8,,2019,4,16,2,3,1,5,0,1,1,0,0,0,0,0,"801039,3387","5823941,757","13,43405","52,4824",8010303.0,Donaustraße,5143.0
193536,11,1,,2019,4,9,6,3,2,6,0,0,1,0,1,0,0,0,"797453,6655","5827394,685","13,38449","52,51532",1011203.0,Unter den Linden Süd,4353.0
193537,11,12,,2019,4,16,2,2,2,6,0,0,1,0,0,0,0,0,"788333,5598","5832029,059","13,25449","52,56177",12214125.0,Waldidyll/Flughafensee,2466.0
193538,11,10,,2019,4,17,5,3,5,3,0,1,1,0,0,0,0,0,"811034,7713","5829168,046","13,58565","52,52364",10020622.0,Kaulsdorf Nord I,7355.0
193539,11,9,,2019,4,16,2,3,5,3,0,1,1,0,0,0,0,0,"808810,4515","5819001,109","13,54355","52,43378",9020701.0,Adlershof West,6729.0
193540,11,8,,2019,4,7,6,3,3,6,0,1,1,0,0,0,0,0,"804343,8247","5817008,628","13,47624","52,41843",8041036.0,Zittauer Straße,5724.0
193541,11,8,,2019,4,15,2,3,5,3,0,1,0,0,0,0,1,0,"801209,6008","5822594,389","13,43533","52,47023",8010213.0,Körnerpark,5140.0
193542,11,3,,2019,4,12,5,3,5,2,0,0,0,0,0,1,1,0,"800023,9726","5834669,569","13,42882","52,57912",3040614.0,Pankow Zentrum,5071.0
193543,11,1,,2019,4,15,2,3,2,4,0,1,1,1,0,0,0,0,"799078,0739","5828652,848","13,40949","52,52571",1011303.0,Alexanderplatzviertel,4756.0
193544,11,5,,2019,4,14,1,3,5,2,0,0,1,0,0,0,0,0,"782359,5205","5827215,934","13,1625","52,52174",5020523.0,Maulbeerallee,1055.0
193545,11,1,,2019,4,15,2,3,5,3,0,1,0,0,0,0,0,0,"799492,623","5828155,222","13,41513","52,52102",1011303.0,Alexanderplatzviertel,4854.0
193546,11,1,,2019,4,15,2,3,5,2,0,1,1,0,0,0,0,0,"794800,4801","5828308,971","13,34631","52,52495",1022204.0,Thomasiusstraße,3856.0
193547,11,5,,2019,4,15,7,3,5,2,0,0,1,0,0,0,0,0,"780672,53","5827518,676","13,13796","52,52533",5020521.0,Döberitzer Weg,756.0
193548,11,5,,2019,4,13,2,3,0,3,0,1,0,0,0,0,1,0,"783068,7404","5828602,32","13,17411","52,5338",5020417.0,Staakener Straße,1258.0
193549,11,10,,2019,4,14,2,3,5,3,0,1,0,0,0,0,1,0,"806466,4796","5830188,432","13,51947","52,53537",10010308.0,Marzahner Chaussee,6359.0
193550,11,2,,2019,4,7,5,3,3,6,0,1,0,0,0,0,0,0,"798191,1307","5825520,901","13,39364","52,49812",2010102.0,Mehringplatz,4548.0
193551,11,5,,2019,4,14,2,3,5,3,0,0,1,0,1,0,0,0,"784586,4914","5827976,26","13,19589","52,5274",5020626.0,Adamstraße,1556.0
193552,11,10,,2019,4,16,5,3,2,6,0,0,1,0,0,0,0,0,"811281,1546","5829681,427","13,58975","52,5281",10020620.0,Kaulsdorf Nord II,7456.0
193553,11,6,,2019,4,16,2,2,6,4,0,1,0,1,0,0,0,0,"794764,8602","5821573,567","13,33983","52,4646",6010210.0,Bismarckstraße,3738.0
193554,11,3,,2019,4,13,7,3,5,3,0,1,1,0,0,0,0,0,"799748,8568","5831750,897","13,42214","52,55311",3061227.0,Humannplatz,4964.0
193555,11,4,,2019,4,18,2,3,1,5,0,0,1,0,0,0,0,0,"794094,4952","5825723,652","13,33365","52,50216",4030931.0,Breitscheidplatz,3649.0
193556,11,10,,2019,4,13,2,3,5,3,0,1,1,0,0,0,0,0,"813805,8283","5829744,574","13,6269","52,52721",10040931.0,Mahlsdorf Nord,7956.0
193557,11,2,,2019,4,16,2,3,2,6,0,0,1,0,0,0,0,0,"799070,5913","5824634,581","13,40577","52,48969",2020206.0,Graefekiez,4645.0
193558,11,3,,2019,4,19,1,3,2,6,0,0,1,0,0,0,0,0,"801347,5457","5829653,981","13,44374","52,53343",3061434.0,Anton-Saefkow-Park,5258.0
193559,11,4,,2019,4,12,2,3,1,5,0,1,1,0,0,0,0,0,"790080,8315","5822967,803","13,27229","52,4796",4041136.0,Hagenplatz,2742.0
193560,11,5,,2019,4,14,2,3,0,7,0,0,0,0,1,0,0,1,"786983,4231","5829578,553","13,23251","52,54051",5030731.0,Gartenfelder Straße,2160.0
193561,11,4,,2019,4,19,4,3,5,3,1,1,1,0,0,0,0,0,"793467,6212","5826331,507","13,32498","52,50795",4030828.0,Savignyplatz,3451.0
193562,11,2,,2019,4,18,6,3,5,3,0,0,1,0,0,0,0,0,"799060,6754","5825597,059","13,40648","52,49833",2010104.0,Wassertorplatz,4648.0
193563,11,1,,2019,4,17,2,3,5,5,0,1,1,0,0,0,0,0,"796940,248","5831531,897","13,38064","52,55268",1044201.0,Reinickendorfer Straße,4364.0
193564,11,1,,2019,4,18,4,3,2,6,0,0,1,0,0,0,0,0,"798244,714","5829612,779","13,3981","52,53477",1011402.0,Arkonaplatz,4558.0
193565,11,5,,2019,4,12,2,3,2,6,0,0,1,0,0,0,0,0,"784722,5527","5828624,191","13,19844","52,53314",5020625.0,Borkumer Straße,1658.0
193566,11,1,,2019,4,18,4,3,3,6,0,1,1,0,0,0,0,0,"799042,4544","5828828,203","13,40912","52,5273",1011303.0,Alexanderplatzviertel,4756.0
193567,11,6,,2019,4,14,5,3,5,2,0,0,1,0,1,0,0,0,"789048,3194","5819042,53","13,25373","52,44496",6040806.0,Fischtal,2432.0
193568,11,6,,2019,4,16,2,3,5,3,0,1,1,0,0,0,0,0,"795778,0994","5818439,984","13,35192","52,43596",6020303.0,Lankwitz Kirche,3830.0
193569,11,8,,2019,4,18,4,3,2,7,0,1,0,0,0,0,1,0,"801535,0133","5822636,633","13,44015","52,47043",8010213.0,Körnerpark,5240.0
193570,11,3,,2019,4,17,4,3,1,1,0,0,0,0,1,1,0,0,"799980,02","5832363,256","13,42609","52,55847",3040818.0,Pankow Süd,4965.0
193571,11,4,,2019,4,9,5,3,5,7,0,0,1,0,0,0,0,0,"793817,7887","5826703,716","13,33045","52,51109",4030623.0,Ernst-Reuter-Platz,3551.0
193572,11,1,,2019,4,13,2,3,0,3,0,1,1,0,0,0,0,0,"798672,5649","5829459,717","13,40425","52,53316",1011402.0,Arkonaplatz,4658.0
193573,11,9,,2019,4,17,4,3,2,7,0,0,1,0,0,0,0,0,"809994,9568","5820358,307","13,56218","52,44528",9020802.0,Köllnische Vorstadt,7032.0
193574,11,4,,2019,4,18,7,3,6,4,1,0,0,1,1,0,0,0,"792710,4184","5830652,843","13,31766","52,54709",4010102.0,Plötzensee,3362.0
193575,11,7,,2019,4,17,4,3,0,6,0,0,1,0,0,0,1,0,"795080,6897","5825808,097","13,34821","52,50238",7010102.0,Nollendorfplatz,3849.0
193576,11,1,,2019,4,13,2,3,1,5,0,0,1,0,0,0,1,0,"794931,3672","5831040,758","13,35066","52,54937",1044103.0,Westliche Müllerstraße,3863.0
193577,11,4,,2019,4,17,4,3,5,3,0,0,1,0,1,0,0,0,"789992,273","5826317,665","13,2739","52,50968",4020311.0,Reichsstraße,2751.0
193578,11,5,,2019,4,18,2,3,5,2,0,1,1,0,0,0,0,0,"786983,4223","5829577,424","13,2325","52,5405",5030731.0,Gartenfelder Straße,2160.0
193579,11,2,,2019,4,17,4,3,5,3,0,1,1,0,0,0,0,0,"801966,6974","5829025,696","13,45227","52,52746",2050601.0,Hausburgviertel,5356.0
193580,11,7,,2019,4,10,6,3,3,6,0,0,1,0,1,0,0,0,"797483,2632","5820263,559","13,37856","52,45138",7050501.0,Rathausstraße,4234.0
193581,11,7,,2019,4,11,2,3,2,6,0,0,1,0,0,0,0,0,"794944,4721","5824454,423","13,34501","52,49032",7020201.0,Bayerischer Platz,3745.0
193582,11,7,,2019,4,16,4,3,2,6,0,0,1,0,0,0,0,0,"796911,1076","5820709,162","13,37056","52,45568",7040403.0,Manteuffelstraße,4135.0
193583,11,2,,2019,4,16,4,3,5,2,0,1,1,0,0,0,0,0,"798311,3687","5825328,012","13,39524","52,49632",2020204.0,Urbanstraße,4547.0
193584,11,6,,2019,4,15,5,3,3,2,0,0,1,0,0,0,0,0,"792937,9071","5817752,317","13,30966","52,43132",6030610.0,Lichterfelde West,3228.0
193585,11,6,,2019,4,16,4,3,4,6,0,1,1,0,0,0,0,0,"781474,5127","5813277,035","13,13774","52,39721",6040701.0,Wannsee,718.0
193586,11,7,,2019,4,14,6,3,5,3,0,0,1,0,0,0,0,0,"797855,2601","5817824,508","13,38184","52,42931",7050502.0,Fritz-Werner-Straße,4328.0
193587,11,12,,2019,4,15,4,3,6,6,0,1,0,1,0,0,0,0,"793557,8211","5835435,522","13,33435","52,58951",12301203.0,Wittenau Süd,3674.0
193588,11,4,,2019,4,15,4,3,5,3,0,0,1,0,0,0,0,0,"788806,4094","5827270,419","13,25731","52,51885",4020311.0,Reichsstraße,2454.0
193589,11,6,,2019,4,15,4,3,5,7,0,0,1,0,1,0,0,0,"794806,0715","5820061,012","13,3391","52,45101",6010205.0,Südende,3634.0
193590,11,1,,2019,4,14,5,3,5,7,0,0,1,0,1,0,0,0,"798217,9588","5828412,841","13,39663","52,52403",1011302.0,Oranienburger Straße,4555.0
193591,11,7,,2019,4,18,2,3,5,2,0,1,1,0,0,0,0,0,"796253,4522","5822956,133","13,3629","52,47618",7020204.0,Schöneberger Insel,4041.0
193592,11,7,,2019,4,14,4,3,5,3,0,0,1,0,0,0,0,0,"798886,1128","5820527,231","13,39938","52,45298",7040405.0,Rathaus Tempelhof,4534.0
193593,11,4,,2019,4,16,2,3,6,4,0,0,1,1,0,0,0,0,"793818,4343","5824654,804","13,32865","52,49273",4051652.0,Nikolsburger Platz,3546.0
193594,11,1,,2019,4,14,4,3,5,3,0,0,1,0,1,0,0,0,"798854,387","5826757,48","13,4045","52,50884",1011204.0,Leipziger Straße,4651.0
193595,11,7,,2019,4,7,5,3,0,7,0,0,0,1,1,0,0,0,"796487,1793","5821140,488","13,36472","52,45978",7040402.0,Lindenhofsiedlung,4036.0
193596,11,1,,2019,4,10,2,3,6,2,0,0,1,1,0,0,0,0,"797029,9306","5828455,926","13,37921","52,52506",1011301.0,Charitéviertel,4256.0
193597,11,10,,2019,4,17,4,3,0,1,0,0,0,0,1,0,0,0,"807879,3028","5829198,878","13,53932","52,5257",10010309.0,Springpfuhl,6656.0
193598,11,1,,2019,4,17,7,3,6,7,0,1,0,1,0,0,0,0,"797550,6104","5830944,853","13,38909","52,54709",1033201.0,Brunnenstraße,4462.0