OBJECTID,LAND,BEZ,LOR_ab_2021,UJAHR,UMONAT,USTUNDE,UWOCHENTAG,UKATEGORIE,UART,UTYP1,ULICHTVERH,IstRad,IstPKW,IstFuss,IstKrad,IstGkfz,IstSonstige,USTRZUSTAND,LINREFX,LINREFY,XGCSWGS84,YGCSWGS84,LOR,STRASSE,quadrant
193599,11,7,,2019,4,8,4,3,5,3,0,0,1,0,0,0,0,0,"798480,1511","5821774,481","13,39453","52,46438",7040405.0,Rathaus Tempelhof,4538.0
193600,11,10,,2019,4,17,2,2,5,2,0,0,1,0,1,0,0,0,"811203,9997","5824713,67","13,58397","52,48362",10040830.0,Kaulsdorf Süd,7343.0
193601,11,7,,2019,4,8,4,3,5,2,0,1,1,0,0,0,0,0,"796422,5798","5824865,98","13,36709","52,49321",7010104.0,Dennewitzplatz,4146.0
193602,11,1,,2019,4,18,2,3,6,4,0,0,1,1,0,0,0,0,"793717,3837","5831833,798","13,33351","52,55714",1044101.0,Rehberge,3665.0
193603,11,2,,2019,4,9,3,3,2,6,0,1,0,0,0,0,0,0,"801957,2184","5825641,863","13,44906","52,49713",2030402.0,Wrangelkiez,5347.0
193604,11,4,,2019,4,8,6,3,2,6,0,0,1,0,0,0,1,0,"793047,9266","5822017,008","13,31502","52,46949",4041344.0,Rüdesheimer Platz,3339.0
193605,11,3,,2019,4,19,2,3,2,6,0,0,1,0,1,0,0,0,"799227,2149","5837622,208","13,41977","52,60602",3020307.0,Buchholz,4879.0
193606,11,1,,2019,4,18,3,3,5,2,0,0,1,0,0,0,0,0,"797739,1048","5827587,546","13,38885","52,51689",1011202.0,Unter den Linden Nord,4453.0
193607,11,1,,2019,4,9,3,3,2,6,0,0,1,0,0,0,0,0,"794558,619","5826085,973","13,34079","52,50516",1011101.0,Stülerstraße,3750.0
193608,11,4,,2019,4,16,5,3,2,6,0,0,1,0,0,0,0,0,"790857,2986","5824362,42","13,28491","52,49169",4041134.0,Bismarckallee,2846.0
193609,11,3,,2019,4,12,3,3,5,2,0,1,1,0,0,0,0,0,"795821,949","5835221,284","13,36748","52,58636",3040512.0,Wilhelmsruh,4173.0
193610,11,8,,2019,4,17,3,3,6,3,0,0,1,1,0,0,0,0,"802615,4797","5820927,092","13,45445","52,45451",8020619.0,Buschkrugallee Nord,5435.0
193611,11,9,,2019,4,11,1,3,2,6,0,0,1,0,0,0,0,0,"813735,7581","5821732,686","13,61833","52,45546",9051702.0,Bölschestraße,7835.0
193612,11,1,,2019,4,17,3,3,6,4,0,1,0,1,0,0,0,0,"794595,3594","5828452,249","13,34342","52,52635",1022104.0,Emdener Straße,3756.0
193613,11,11,,2019,4,20,2,2,6,4,2,0,1,1,0,0,0,0,"807316,1062","5824786,772","13,52697","52,48648",11051331.0,Karlshorst Nord,6444.0
193614,11,7,,2019,4,10,2,3,5,2,0,1,0,0,0,1,0,0,"799254,7145","5816248,93","13,40096","52,41443",7070701.0,Kettinger Straße/Schillerstraße,4623.0
193615,11,2,,2019,4,17,3,3,2,6,0,1,1,0,0,0,0,0,"797886,542","5824886,242","13,3886","52,4926",2020204.0,Urbanstraße,4446.0
193616,11,4,,2019,4,13,7,2,5,3,0,0,1,0,1,0,0,0,"789010,6208","5827026,172","13,26009","52,51655",4020311.0,Reichsstraße,2553.0
193617,11,7,,2019,4,12,3,3,5,3,0,0,1,0,0,0,0,0,"797425,3103","5820942,286","13,37831","52,45749",7040403.0,Manteuffelstraße,4236.0
193618,11,1,,2019,4,9,2,3,5,3,0,1,1,0,0,0,0,0,"798590,0176","5828886,68","13,40252","52,52807",1011302.0,Oranienburger Straße,4656.0
193619,11,1,,2019,4,18,3,3,2,6,0,1,1,0,0,0,0,0,"796451,5614","5829959,54","13,37205","52,53885",1033203.0,Humboldthain Nordwest,4160.0
193620,11,4,,2019,4,1,1,2,9,1,2,0,0,0,1,0,0,0,"785774,6802","5825068,402","13,21086","52,50071",4061757.0,Forst Grunewald,1748.0
193621,11,6,,2019,4,12,3,3,5,3,0,0,1,0,1,0,0,0,"791208,1286","5819689,592","13,28598","52,44961",6040809.0,Thielallee,2934.0
193622,11,3,,2019,4,14,4,3,2,2,0,0,1,0,0,0,0,0,"801704,6792","5830097,633","13,4494","52,53721",3061429.0,Greifswalder Straße,5359.0
193623,11,10,,2019,4,9,2,3,5,3,0,1,1,0,0,0,0,0,"811375,439","5831553,765","13,59289","52,54482",10020413.0,Gut Hellersdorf,7461.0
193624,11,8,,2019,4,11,3,3,6,4,0,0,1,1,0,0,0,0,"802567,8446","5823054,332","13,45568","52,4736",8010404.0,Rixdorf,5441.0
193625,11,8,,2019,4,1,7,3,1,6,2,1,1,0,0,0,0,0,"800773,2547","5822727,992","13,42905","52,47167",8010118.0,Silbersteinstraße,5040.0
193626,11,6,,2019,4,11,3,3,5,3,0,0,1,0,0,0,0,0,"794004,9187","5818143,132","13,32566","52,43425",6020409.0,Königsberger Straße,3429.0
193627,11,5,,2019,4,8,2,3,1,5,0,0,1,0,0,0,1,0,"786049,4063","5829179,258","13,21843","52,53742",5030730.0,Zitadellenweg,1959.0
193628,11,4,,2019,4,10,3,3,5,3,0,0,1,0,0,0,0,0,"789319,1483","5826829,795","13,26446","52,51463",4020311.0,Reichsstraße,2553.0
193629,11,7,,2019,4,8,2,3,2,6,0,0,0,0,1,0,1,0,"795953,15","5825369,649","13,36064","52,49798",7010102.0,Nollendorfplatz,4048.0
193630,11,1,,2019,4,18,3,2,5,2,1,1,1,0,0,0,0,0,"799111,8672","5828465,953","13,40981","52,52401",1011303.0,Alexanderplatzviertel,4755.0
193631,11,6,,2019,4,11,6,3,1,5,0,1,1,0,0,0,1,0,"793945,7622","5819587,701","13,32606","52,44723",6010207.0,Mittelstraße,3533.0
193632,11,1,,2019,4,8,2,2,6,4,0,0,1,1,0,0,0,0,"793452,5371","5828523,661","13,32669","52,52761",1022102.0,Beusselkiez,3556.0
193633,11,11,,2019,4,20,3,3,5,3,2,1,1,0,0,0,0,0,"805694,9833","5827907,782","13,50603","52,51536",11030721.0,Rüdigerstraße,6153.0
193634,11,4,,2019,4,10,3,3,2,7,0,1,0,0,0,0,1,0,"793448,1251","5824304,447","13,32291","52,48979",4051652.0,Nikolsburger Platz,3445.0
193635,11,12,,2019,4,20,5,3,5,3,2,0,1,0,0,0,0,0,"791132,0912","5833989,038","13,29737","52,57785",12214125.0,Waldidyll/Flughafensee,3071.0
193636,11,2,,2019,4,8,2,3,2,6,0,1,0,0,0,0,0,0,"802514,4155","5826557,014","13,45808","52,50503",2050803.0,Stralauer Kiez,5450.0
193637,11,12,,2019,4,21,3,3,5,2,2,0,1,0,0,0,0,0,"795480,4557","5833415,283","13,36085","52,57036",12103115.0,Breitkopfbecken,4069.0
193638,11,1,,2019,4,12,1,3,0,1,0,1,0,0,0,0,0,0,"798211,6395","5829356,587","13,39738","52,53249",1011401.0,Invalidenstraße,4558.0
193639,11,4,,2019,4,10,3,3,3,6,0,1,1,0,0,0,0,0,"792036,1492","5825773,688","13,30346","52,50371",4030726.0,Droysenstraße,3149.0
193640,11,9,,2019,4,11,2,2,0,1,0,0,0,0,1,0,0,0,"806379,367","5819836,918","13,50867","52,44264",9010402.0,Johannisthal Ost,6231.0
193641,11,12,,2019,4,17,2,3,2,6,0,0,1,0,0,0,1,0,"792639,6501","5832795,717","13,31851","52,56634",12214424.0,Scharnweberstraße,3368.0
193642,11,12,,2019,4,9,3,3,3,6,0,0,1,0,0,0,0,0,"786968,9414","5838319,123","13,23986","52,61888",12224230.0,Heiligensee,2283.0
193643,11,1,,2019,4,19,6,3,2,6,0,1,1,0,0,0,0,0,"800211,4265","5826843,577","13,42451","52,50887",1011306.0,Heine-Viertel Ost,4951.0
193644,11,9,,2019,3,18,1,3,5,3,0,0,1,0,0,0,0,0,"803094,187","5820940,736","13,46149","52,45437",9010302.0,Späthsfelde,5535.0
193645,11,7,,2019,4,21,3,3,5,2,2,1,1,0,0,0,0,0,"796377,5754","5825236,689","13,36675","52,49656",7010104.0,Dennewitzplatz,4147.0
193646,11,1,,2019,3,18,1,3,3,6,0,0,1,0,1,0,0,0,"793687,0594","5832191,615","13,33338","52,56036",1044101.0,Rehberge,3666.0
193647,11,5,,2019,4,13,3,3,2,6,0,0,1,0,0,0,0,0,"789473,4467","5829287,152","13,26886","52,53658",5030832.0,Rohrdamm,2659.0
193648,11,1,,2019,4,11,5,3,3,6,0,1,0,0,0,1,0,0,"798845,456","5828565,208","13,40599","52,52505",1011302.0,Oranienburger Straße,4656.0
193649,11,12,,2019,3,17,1,3,5,2,0,1,0,0,0,0,0,0,"794207,2626","5838507,077","13,34664","52,61669",12301206.0,Lübars,3882.0
193650,11,2,,2019,4,22,3,3,5,7,2,1,1,0,0,0,0,0,"802221,186","5827333,061","13,45448","52,51214",2050802.0,Boxhagener Platz,5452.0
193651,11,12,,2019,3,17,1,3,2,2,0,0,1,0,0,0,0,0,"791191,5785","5830904,403","13,29554","52,55016",12214125.0,Waldidyll/Flughafensee,3063.0
193652,11,1,,2019,4,7,3,3,5,3,0,1,0,0,1,0,0,0,"796119,6284","5828435,868","13,36581","52,52538",1022206.0,Lüneburger Straße,4056.0
193653,11,9,,2019,3,15,1,3,6,4,0,0,0,1,0,0,1,0,"807136,4147","5821887,061","13,52166","52,46059",9020502.0,Oberschöneweide Ost,6437.0
193654,11,7,,2019,4,6,3,3,3,6,0,1,1,0,0,0,0,0,"797966,447","5820453,83","13,38582","52,45282",7050503.0,Eisenacher Straße,4334.0
193655,11,12,,2019,4,14,6,3,2,7,0,0,1,0,1,0,0,0,"790181,307","5835149,479","13,2844","52,58876",12214527.0,Alt-Tegel,2874.0
193656,11,1,,2019,3,13,1,3,5,2,0,1,1,0,0,0,0,0,"798114,4359","5829346,758","13,39595","52,53246",1011401.0,Invalidenstraße,4558.0
193657,11,12,,2019,4,13,3,3,0,6,0,0,1,0,0,0,1,0,"793349,9062","5832401,187","13,32861","52,56242",12214424.0,Scharnweberstraße,3566.0
193658,11,3,,2019,4,17,3,2,5,3,0,0,1,0,0,0,0,0,"800188,5901","5834842,371","13,4314","52,58058",3040818.0,Pankow Süd,5072.0
193659,11,10,,2019,4,17,5,3,6,4,0,0,1,1,0,0,0,0,"812166,6672","5831031,303","13,60403","52,53969",10020415.0,Hellersdorfer Promenade,7660.0
193660,11,12,,2019,3,16,1,3,3,6,0,0,1,0,0,0,0,0,"792217,8923","5833729,52","13,31312","52,57494",12214422.0,Klixstraße,3370.0
193661,11,6,,2019,4,11,3,2,6,4,0,0,1,1,0,0,0,0,"787709,3991","5816953,529","13,23228","52,42693",6030501.0,Berlepschstraße,2127.0
193662,11,1,,2019,4,16,1,3,2,1,0,0,1,0,1,0,0,0,"798105,2862","5827406,96","13,39407","52,51507",1011203.0,Unter den Linden Süd,4553.0
193663,11,6,,2019,4,22,3,2,6,2,2,0,1,1,0,0,0,0,"794715,3906","5820068,772","13,33777","52,45113",6010206.0,Stadtpark,3634.0
193664,11,4,,2019,3,16,1,2,2,6,0,0,1,0,0,0,0,0,"794024,5071","5825930,494","13,33281","52,50405",4030931.0,Breitscheidplatz,3649.0
193665,11,3,,2019,3,1,1,3,6,4,2,0,1,1,0,0,0,0,"800294,149","5832201,773","13,43056","52,55685",3050923.0,Weißenseer Spitze,5065.0
193666,11,4,,2019,4,9,3,3,1,5,0,1,1,0,0,0,1,0,"793442,3269","5824131,256","13,32267","52,48824",4051652.0,Nikolsburger Platz,3445.0
193667,11,5,,2019,4,18,6,3,5,2,1,1,1,0,0,0,0,0,"789916,2313","5829223,82","13,27532","52,53578",5030832.0,Rohrdamm,2759.0
193668,11,8,,2019,3,0,1,3,3,6,2,0,1,0,0,0,0,0,"800560,6233","5823299,078","13,42644","52,4769",8010117.0,Schillerpromenade,4941.0
193669,11,4,,2019,4,17,3,3,1,5,0,1,1,0,0,0,0,0,"792728,5228",5822835,"13,31105","52,477",4041343.0,Binger Straße,3242.0
193670,11,5,,2019,3,9,1,3,2,6,0,0,1,0,0,0,0,0,"781976,7862","5828460,462","13,15793","52,5331",5020419.0,Magistratsweg,1058.0
193671,11,5,,2019,4,20,3,3,0,1,2,1,0,0,0,0,0,0,"784615,8185","5828385,928","13,19667","52,53106",5020625.0,Borkumer Straße,1557.0
193672,11,8,,2019,4,15,5,3,6,4,0,0,1,1,0,0,0,0,"803926,6462","5822015,214","13,47468","52,46353",8010509.0,Schulenburgpark,5738.0
193673,11,5,,2019,3,11,1,3,5,3,0,1,1,0,0,0,0,0,"782858,378","5826852,043","13,16952","52,51822",5020524.0,Weinmeisterhornweg,1154.0
193674,11,1,,2019,4,17,3,3,0,1,0,1,0,0,0,0,0,0,"797729,9195","5828158,655","13,38923","52,52202",1011202.0,Unter den Linden Nord,4455.0
193675,11,2,,2019,4,18,3,3,0,1,0,1,0,0,0,0,0,0,"802167,1524","5827542,99","13,45387","52,51406",2050801.0,Traveplatz,5452.0
193676,11,10,,2019,4,9,5,3,5,2,0,1,1,0,0,0,0,0,"806680,15","5829147,225","13,52165","52,52592",10010308.0,Marzahner Chaussee,6456.0
193677,11,4,,2019,3,12,1,3,5,2,0,0,1,0,0,0,0,0,"791387,4637","5828587,468","13,29639","52,52929",4030518.0,Tegeler Weg,3057.0
193678,11,3,,2019,4,7,3,2,5,3,0,1,1,0,0,0,0,0,"803224,5867","5838598,208","13,47951","52,61255",3030406.0,Alt-Karow,5781.0
193679,11,7,,2019,4,18,7,2,5,3,0,1,1,0,0,0,0,0,"799481,1328","5820508,321","13,40809","52,45248",7050503.0,Eisenacher Straße,4734.0
193680,11,7,,2019,4,16,3,3,1,5,0,1,1,0,0,0,0,0,"796331,6984","5825121,098","13,36598","52,49555",7010104.0,Dennewitzplatz,4047.0
193681,11,1,,2019,4,16,3,3,5,2,0,0,1,0,1,0,0,0,"796510,7689","5827614,387","13,37083","52,5178",1011102.0,Großer Tiergarten,4153.0
193682,11,1,,2019,4,10,5,3,6,4,0,0,0,1,0,0,1,0,"797694,95","5827848,279","13,38844","52,51925",1011202.0,Unter den Linden Nord,4454.0
193683,11,5,,2019,3,13,7,3,5,3,0,0,1,0,0,0,0,0,"784518,1025","5828638,325","13,19545","52,53337",5020625.0,Borkumer Straße,1558.0
193684,11,9,,2019,4,16,3,3,5,2,0,1,1,0,0,0,0,0,"808253,7967","5818811,915","13,53522","52,4324",9020701.0,Adlershof West,6628.0
193685,11,1,,2019,4,23,7,3,5,7,2,0,1,0,0,0,1,0,"799065,2353","5828982,261","13,40959","52,52867",1011302.0,Oranienburger Straße,4757.0
193686,11,7,,2019,4,16,3,3,0,6,0,0,1,0,0,0,1,0,"796421,0704","5816580,246","13,35971","52,41894",7060601.0,Marienfelder Allee Nordwest,4025.0
193687,11,3,,2019,3,15,7,3,5,3,0,1,1,0,0,0,0,0,"796494,0495","5839974,964","13,38163","52,62861",3020203.0,Blankenfelde,4386.0
193688,11,7,,2019,4,15,3,3,5,2,0,1,1,0,0,0,0,0,"799587,3403","5820836,566","13,40994","52,45537",7040405.0,Rathaus Tempelhof,4735.0
193689,11,12,,2019,3,15,7,3,1,1,0,0,1,0,0,1,0,0,"794276,9379","5832920,202","13,3427","52,56657",12103218.0,Teichstraße,3768.0
193690,11,11,,2019,4,15,3,2,6,4,0,0,1,1,0,0,0,0,"803670,8997","5828632,259","13,47696","52,52298",11030721.0,Rüdigerstraße,5755.0
193691,11,1,,2019,4,13,6,3,3,6,0,0,1,0,1,0,0,0,"796873,1741","5828871,512","13,37728","52,52887",1011301.0,Charitéviertel,4257.0
193692,11,4,,2019,4,14,3,2,6,4,0,0,1,1,0,0,0,0,"791616,0798","5827959,22","13,2992","52,52353",4030518.0,Tegeler Weg,3155.0
193693,11,4,,2019,4,14,3,3,2,6,0,0,1,0,1,0,0,0,"790665,3948","5827366,854","13,28471","52,51873",4030415.0,Schloßgarten,2854.0
193694,11,3,,2019,3,14,7,3,5,3,0,1,0,0,0,0,0,0,"799183,2068","5831331,857","13,41344","52,54966",3061126.0,Arnimplatz,4863.0
193695,11,8,,2019,4,14,3,3,2,6,0,0,1,0,0,0,0,0,"803645,9863","5822288,279","13,47081","52,46614",8010509.0,Schulenburgpark,5638.0
193696,11,7,,2019,4,16,5,3,5,2,0,0,1,0,1,0,0,0,"798106,2261","5820487,974","13,3879","52,45305",7050503.0,Eisenacher Straße,4435.0
193697,11,7,,2019,3,14,7,3,5,2,0,0,1,0,1,0,0,0,"797163,1618","5823809,165","13,37702","52,48334",7040401.0,Neu-Tempelhof,4243.0
193698,11,12,,2019,4,14,3,3,5,2,0,0,1,0,0,0,1,0,"795644,9498","5833009,388","13,36291","52,56663",12103219.0,Schäfersee,4068.0
193699,11,11,,2019,4,17,1,2,5,7,0,0,1,0,1,0,0,0,"803449,3891","5828618,57","13,47369","52,52298",11030721.0,Rüdigerstraße,5655.0
193700,11,1,,2019,4,14,3,3,5,2,0,1,1,0,0,0,0,0,"799108,7869","5828466,04","13,40977","52,52402",1011303.0,Alexanderplatzviertel,4755.0
193701,11,2,,2019,4,7,5,3,6,4,0,0,1,1,0,0,0,0,"800494,8358","5828606,774","13,43026","52,52452",2040501.0,Barnimkiez,5055.0
193702,11,3,,2019,3,14,7,3,2,2,0,0,1,0,0,0,0,0,"799315,5294","5835982,128","13,41958","52,59127",3020210.0,Herthaplatz,4875.0
193703,11,2,,2019,4,13,3,3,0,1,0,1,0,0,0,0,1,0,"797146,6935","5824492,513","13,37739","52,48947",2020203.0,Viktoriapark,4245.0
193704,11,4,,2019,4,16,7,3,1,5,0,1,1,0,0,0,0,0,"793452,0574",5824383,"13,32303","52,49049",4051652.0,Nikolsburger Platz,3445.0
193705,11,12,,2019,4,13,3,3,5,2,0,0,1,0,0,0,0,0,"789906,2212","5835692,762","13,28083","52,59378",12214527.0,Alt-Tegel,2876.0
193706,11,7,,2019,3,14,7,2,5,2,0,1,1,0,0,0,0,0,"798540,5011","5814419,384","13,38885","52,39842",7070705.0,Franziusweg/Rohrbachstraße,4419.0
193707,11,3,,2019,4,13,3,3,5,2,0,0,0,0,1,0,1,0,"799456,8781","5833930,499","13,41981","52,5728",3040614.0,Pankow Zentrum,4870.0
193708,11,6,,2019,3,13,7,2,0,5,0,0,0,0,1,0,1,0,"795994,6379","5817763,885","13,3545","52,42978",6020305.0,Gemeindepark Lankwitz,3928.0
193709,11,7,,2019,4,13,3,3,1,5,0,1,1,0,0,0,0,0,"795659,6885","5824475,521","13,35553","52,49013",7020203.0,Kaiser-Wilhelm-Platz,3945.0
193710,11,2,,2019,4,7,6,3,0,2,0,1,1,0,0,0,0,0,"799229,3584","5825987,368","13,40931","52,50173",2010103.0,Moritzplatz,4749.0
193711,11,11,,2019,3,13,7,3,1,5,0,0,1,0,0,0,0,0,"803824,6896","5828975,06","13,47953","52,52597",11030618.0,Fennpfuhl West,5756.0
193712,11,11,,2019,4,15,2,3,0,1,0,1,0,0,0,0,0,0,"804438,3892","5829083,873","13,48865","52,5266",11030720.0,Herzbergstraße,5956.0
193713,11,3,,2019,4,23,2,3,5,2,2,1,0,0,0,0,0,0,"799148,4138","5829204,802","13,41102","52,53062",3071536.0,Teutoburger Platz,4757.0
193714,11,8,,2019,3,13,7,3,2,6,0,0,1,0,0,0,0,0,"802853,7298","5818684,186","13,45592","52,43427",8030829.0,Gropiusstadt Nord,5429.0
193715,11,3,,2019,4,15,2,3,2,6,0,0,1,0,0,0,0,0,"800837,0166","5838746,425","13,44449","52,61521",3010104.0,Lietzengraben,5282.0
193716,11,12,,2019,3,13,7,2,5,3,0,1,1,0,0,0,0,0,"791908,1241","5831508,141","13,30661","52,55519",12214125.0,Waldidyll/Flughafensee,3264.0
193717,11,3,,2019,4,15,2,3,6,2,0,0,1,1,0,0,0,0,"798915,7475","5833763,205","13,4117","52,5716",3040614.0,Pankow Zentrum,4769.0
193718,11,10,,2019,4,16,6,2,6,4,0,0,1,1,0,0,0,0,"812207,8375","5830677,245","13,6043","52,53649",10020414.0,Helle Mitte,7659.0
193719,11,10,,2019,3,12,7,3,6,4,0,0,1,1,0,0,0,0,"810203,4735","5833403,617","13,57739","52,56207",10010102.0,Havemannstraße,7266.0
193720,11,5,,2019,4,17,2,3,5,3,0,1,1,0,0,0,0,0,"785264,6124","5831584,788","13,20895","52,5594",5010101.0,Hakenfelde Nord,1766.0
193721,11,7,,2019,4,14,2,3,6,4,0,0,1,1,0,0,0,0,"797283,0273","5823252,853","13,37828","52,47828",7040401.0,Neu-Tempelhof,4242.0
193722,11,12,,2019,4,14,5,3,1,5,0,0,1,0,1,0,0,0,"795367,1514","5833921,721","13,35963","52,57496",12103115.0,Breitkopfbecken,4070.0
193723,11,2,,2019,3,8,7,2,5,2,0,0,1,0,0,0,0,0,"797122,075","5823997,437","13,37658","52,48505",2020203.0,Viktoriapark,4244.0
193724,11,1,,2019,4,15,2,3,2,7,0,0,1,0,0,0,0,0,"795519,4884","5828343,361","13,35691","52,52487",1022205.0,Zillesiedlung,3956.0
193725,11,3,,2019,4,15,1,3,0,2,0,1,1,0,0,0,0,0,"799982,7569","5835096,756","13,4286","52,58297",3040614.0,Pankow Zentrum,5073.0
193726,11,8,,2019,4,8,2,3,5,3,0,1,1,0,0,0,0,0,"800518,654","5824464,318","13,42687","52,48737",8010301.0,Reuterkiez,5045.0
193727,11,12,,2019,3,8,7,3,1,1,0,0,1,0,0,0,0,0,"793996,6908","5836677,648","13,34191","52,60041",12302108.0,Märkisches Zentrum,3778.0
193728,11,7,,2019,3,7,7,2,6,2,0,0,0,1,0,0,1,0,"798895,1843","5821221,509","13,40013","52,4592",7040405.0,Rathaus Tempelhof,4636.0
193729,11,4,,2019,4,22,2,3,5,2,2,0,1,0,0,0,0,0,"791287,3535","5830682,786","13,29676","52,54812",4010101.0,Jungfernheide,3062.0
193730,11,6,,2019,4,11,7,2,5,2,0,1,1,0,0,0,0,0,"779429,8994","5815040,975","13,10924","52,41408",6040701.0,Wannsee,223.0
193731,11,3,,2019,4,21,2,3,3,6,2,1,1,0,0,0,0,0,"802268,288","5831574,409","13,45902","52,55013",3050925.0,Komponistenviertel Weißensee,5463.0
193732,11,3,,2019,3,8,7,3,0,1,0,1,0,0,0,0,0,0,"798806,5504","5831276,55","13,40785","52,54937",3061131.0,Falkplatz,4763.0
193733,11,8,,2019,4,20,2,3,6,7,2,0,1,1,0,0,0,0,"802005,955","5820022,601","13,44469","52,44674",8020622.0,Parchimer Allee,5233.0
193734,11,5,,2019,3,13,7,3,0,1,0,0,0,0,1,0,0,0,"784768,5903","5827092,844","13,19781","52,51938",5020626.0,Adamstraße,1554.0
193735,11,2,,2019,4,20,2,3,6,2,2,0,1,1,0,0,0,0,"799843,2973","5825766,272","13,41813","52,49941",2010103.0,Moritzplatz,4848.0
193736,11,4,,2019,4,19,6,3,4,5,1,1,0,0,0,0,0,0,"794268,6378","5825046,108","13,33561","52,49599",4051448.0,Schaperstraße,3647.0
193737,11,7,,2019,3,0,7,3,5,3,2,0,1,0,0,0,0,0,"794957,801","5825654,373","13,34627","52,50107",7010102.0,Nollendorfplatz,3849.0
193738,11,2,,2019,4,20,2,3,2,6,2,0,1,0,1,0,0,0,"798365,9502","5825560,792","13,39625","52,49838",2010102.0,Mehringplatz,4548.0
193739,11,8,,2019,4,19,2,3,2,7,1,0,1,0,1,0,0,0,"801805,2113","5823989,635","13,44534","52,48241",8010405.0,Hertzbergplatz,5243.0
193740,11,5,,2019,4,17,5,3,2,6,0,0,1,0,0,0,0,0,"786227,6428","5830462,948","13,22215","52,54883",5010311.0,Eiswerder,1963.0
193741,11,2,,2019,3,15,7,3,0,4,0,1,0,1,0,0,0,0,"800745,2632","5825821,399","13,43143","52,49941",2030302.0,Lausitzer Platz,5048.0
193742,11,1,,2019,4,18,2,3,5,2,0,0,1,0,1,0,0,0,"796122,0213","5828428,873","13,36584","52,52531",1022206.0,Lüneburger Straße,4056.0
193743,11,4,,2019,4,19,1,3,6,2,2,0,1,1,0,0,0,0,"794000,7785","5824043,812","13,33079","52,48715",4051655.0,Babelsberger Straße,3544.0
193744,11,11,,2019,4,18,2,3,5,2,0,1,1,0,0,0,0,0,"804550,7888","5830582,598","13,49167","52,53997",11020514.0,Große-Leege-Straße,5960.0
193745,11,11,,2019,3,15,7,3,2,2,0,0,1,0,0,0,0,0,"803546,2607","5829751,574","13,47615","52,53309",11030619.0,Fennpfuhl Ost,5758.0
193746,11,9,,2019,4,17,2,3,2,6,0,0,1,0,0,1,0,0,"810040,1358","5819480,675","13,56203","52,43739",9020802.0,Köllnische Vorstadt,7030.0
193747,11,12,,2019,4,12,5,3,5,2,0,0,1,0,0,0,1,0,"790683,9355","5835383,35","13,292","52,59059",12304314.0,Ziekowstraße/Freie Scholle,2975.0
193748,11,4,,2019,4,16,2,3,2,6,0,0,1,0,0,0,0,0,"791373,7673","5826081,664","13,294","52,50683",4030725.0,Amtsgerichtsplatz,3050.0
193749,11,9,,2019,3,15,7,3,5,3,0,1,1,0,0,0,0,0,"810794,6985","5820328,302","13,57388","52,44455",9041501.0,Altstadt Kietz,7132.0
193750,11,2,,2019,4,8,2,3,3,6,0,0,1,0,0,0,0,0,"800010,7501","5824455,637","13,41941","52,48757",2020206.0,Graefekiez,4845.0
193751,11,3,,2019,4,12,1,3,2,6,0,1,1,0,0,0,0,0,"799394,2247","5830824,059","13,41609","52,545",3061332.0,Helmholtzplatz,4861.0
193752,11,1,,2019,4,8,2,3,5,3,0,1,1,0,0,0,0,0,"796640,8219","5826649,78","13,37188","52,50908",1011105.0,Nördlicher Landwehrkanal,4151.0
193753,11,10,,2019,3,15,7,3,5,2,0,0,1,0,0,0,0,0,"811351,0449","5831955,948","13,59291","52,54844",10020412.0,Alte Hellersdorfer Straße,7462.0
193754,11,2,,2019,3,16,7,3,5,7,0,0,1,0,0,0,0,0,"800283,9088","5824377,608","13,42335","52,48672",2020206.0,Graefekiez,4944.0
193755,11,4,,2019,4,8,2,3,5,2,0,1,0,0,1,0,0,0,"794465,0626","5825854,221","13,33921","52,50313",4030931.0,Breitscheidplatz,3649.0
193756,11,2,,2019,4,14,7,3,0,3,0,0,1,0,1,0,0,0,"803001,5844","5828275,934","13,4668","52,52016",2050602.0,Samariterviertel,5554.0
193757,11,3,,2019,4,8,2,3,2,6,0,0,1,0,0,0,0,0,"800464,0055","5830781,81","13,43178","52,54403",3061228.0,Erich-Weinert-Straße,5061.0
193758,11,9,,2019,3,16,7,3,2,6,0,0,1,0,0,0,1,0,"805936,0095","5821845,412","13,50401","52,46089",9020601.0,Schnellerstraße,6137.0
193759,11,9,,2019,4,7,2,3,2,6,0,0,1,0,0,0,0,0,"819184,6136","5819992,012","13,69659","52,43671",9051801.0,Rahnsdorf/Hessenwinkel,9030.0
193760,11,1,,2019,3,20,7,3,6,2,2,0,1,1,0,0,0,0,"794894,3661","5830254,571","13,34942","52,54234",1044202.0,Sparrplatz,3861.0
193761,11,2,,2019,4,7,2,3,6,7,0,1,0,1,0,0,0,0,"802190,3607","5826878,584","13,45361","52,50809",2050802.0,Boxhagener Platz,5451.0
193762,11,11,,2019,4,14,6,3,0,7,0,0,1,0,0,0,0,0,"802642,3177","5829357,635","13,4625","52,53006",11030618.0,Fennpfuhl West,5557.0
193763,11,12,,2019,3,21,7,3,5,3,2,0,1,0,0,0,0,0,"794480,9087","5837096,108","13,34941","52,6039",12302108.0,Märkisches Zentrum,3879.0
193764,11,1,,2019,4,8,2,3,2,6,0,1,1,0,0,0,0,0,"797205,9045","5827497,087","13,38094","52,51637",1011202.0,Unter den Linden Nord,4353.0
193765,11,3,,2019,4,9,2,3,5,3,0,0,1,0,0,0,0,0,"800112,7011","5831694,542","13,42744","52,5524",3061227.0,Humannplatz,5064.0
193766,11,7,,2019,4,17,5,2,0,7,0,1,0,0,0,0,0,0,"797325,1638","5817266,872","13,37357","52,4246",7060602.0,Kirchstraße,4226.0