OBJECTID,LAND,BEZ,LOR_ab_2021,UJAHR,UMONAT,USTUNDE,UWOCHENTAG,UKATEGORIE,UART,UTYP1,ULICHTVERH,IstRad,IstPKW,IstFuss,IstKrad,IstGkfz,IstSonstige,USTRZUSTAND,LINREFX,LINREFY,XGCSWGS84,YGCSWGS84,LOR,STRASSE,quadrant
193767,11,1,,2019,3,21,7,3,1,5,2,1,1,0,0,0,0,0,"794771,4841","5830388,014","13,34773","52,54361",1044103.0,Westliche Müllerstraße,3861.0
193768,11,2,,2019,4,10,2,3,5,3,0,0,1,0,0,0,0,0,"800585,7312","5827025,55","13,43017","52,51029",2040701.0,Andreasviertel,5051.0
193769,11,6,,2019,4,18,7,3,6,4,0,0,1,1,0,0,0,0,"793720,043","5816402,912","13,31995","52,4188",6020411.0,Schütte-Lanz-Straße,3425.0
193770,11,1,,2019,4,10,2,3,5,3,0,0,1,0,0,0,0,0,"796964,9112","5828855,81","13,37861","52,52868",1011301.0,Charitéviertel,4257.0
193771,11,9,,2019,3,14,7,3,2,6,0,1,1,0,1,0,0,0,"802430,4446","5824668,286","13,45513","52,48814",9010101.0,Elsenstraße,5445.0
193772,11,2,,2019,3,21,7,3,0,7,2,1,0,0,0,0,0,0,"803207,6682","5826818,079","13,4685","52,50698",2050801.0,Traveplatz,5650.0
193773,11,4,,2019,4,10,2,3,5,3,0,0,1,0,0,0,0,0,"789490,0713","5826785,036","13,26693","52,51414",4020311.0,Reichsstraße,2652.0
193774,11,2,,2019,4,14,6,3,5,2,0,0,1,0,0,0,0,0,"799071,3187","5825609,358","13,40665","52,49843",2010104.0,Wassertorplatz,4748.0
193775,11,10,,2019,4,11,2,3,2,6,0,0,1,0,0,0,0,0,"806524,8745","5829350,305","13,51955","52,52782",10010308.0,Marzahner Chaussee,6356.0
193776,11,3,,2019,3,20,7,3,0,1,2,1,0,0,0,0,0,0,"799258,9079","5830528,125","13,41383","52,54242",3061332.0,Helmholtzplatz,4861.0
193777,11,1,,2019,4,12,2,3,2,6,0,0,1,0,1,0,0,0,"795676,849","5829721,148","13,36045","52,53714",1022202.0,Heidestraße,4059.0
193778,11,4,,2019,4,22,6,2,2,6,2,0,1,0,0,0,0,0,"791895,0435","5823949,254","13,29979","52,48743",4041137.0,Flinsberger Platz,3145.0
193779,11,8,,2019,4,13,2,3,6,7,0,0,1,1,0,0,0,0,"801048,8665","5822344,462","13,43275","52,46808",8010213.0,Körnerpark,5039.0
193780,11,7,,2019,3,11,7,3,5,3,0,0,1,0,0,0,1,0,"795970,8943","5824531,299","13,36015","52,49046",7020203.0,Kaiser-Wilhelm-Platz,4045.0
193781,11,5,,2019,4,12,2,3,5,3,0,0,1,0,0,0,0,0,"783814,9115","5828690,411","13,18515","52,5342",5020625.0,Borkumer Straße,1458.0
193782,11,2,,2019,3,23,6,3,5,7,2,1,1,0,0,0,0,0,"801705,4775","5826158,034","13,44583","52,5019",2040703.0,Wriezener Bahnhof/Entwicklungsgebiet,5249.0
193783,11,8,,2019,4,12,2,3,2,2,0,0,1,0,0,0,1,0,"800666,8535","5824389,872","13,42898","52,48662",8010301.0,Reuterkiez,5044.0
193784,11,6,,2019,4,11,5,3,5,2,0,0,1,0,0,0,0,0,"793315,148","5820744,511","13,31782","52,45794",6010101.0,Fichtenberg,3336.0
193785,11,2,,2019,3,9,6,3,1,7,0,0,1,0,0,0,0,0,"799726,7438","5824717,269","13,41547","52,49007",2020206.0,Graefekiez,4845.0
193786,11,10,,2019,4,15,2,3,5,3,0,1,1,0,0,0,0,0,"808578,3683","5829002,418","13,54941","52,52355",10030724.0,Oberfeldstraße,6855.0
193787,11,3,,2019,4,15,2,3,1,5,0,1,1,0,0,0,0,0,"800026,9729","5830790,292","13,42536","52,54434",3061332.0,Helmholtzplatz,4961.0
193788,11,2,,2019,4,10,5,3,2,6,0,0,1,0,1,0,0,0,"801792,2393","5825783,079","13,44677","52,49849",2030402.0,Wrangelkiez,5248.0
193789,11,4,,2019,3,13,6,3,5,2,0,1,0,0,0,0,1,0,"791278,3815","5822043,146","13,28906","52,47067",4041241.0,Breite Straße,2940.0
193790,11,11,,2019,4,15,2,3,5,3,0,1,1,0,0,0,0,0,"806923,9717","5834059,826","13,52977","52,5698",11010204.0,Falkenberg Ost,6569.0
193791,11,1,,2019,4,19,7,3,5,3,1,0,1,0,0,0,0,0,"794422,6183","5829391,563","13,34172","52,53486",1022103.0,Westhafen,3758.0
193792,11,4,,2019,4,15,2,3,1,5,0,1,1,0,0,0,0,0,"791578,7929","5822623,524","13,29398","52,47572",4041241.0,Breite Straße,3041.0
193793,11,7,,2019,3,12,6,3,2,2,0,0,1,0,0,0,0,0,"797598,0063","5815556,343","13,37605","52,40912",7060604.0,Marienfelde Süd,4222.0
193794,11,8,,2019,4,16,2,3,1,5,0,1,1,0,0,0,0,0,"800916,6356","5822459,579","13,43091","52,46918",8010213.0,Körnerpark,5039.0
193795,11,7,,2019,3,12,6,3,5,3,0,1,1,0,0,0,0,0,"794246,8671","5822018,816","13,33262","52,46887",7030301.0,Friedenau,3639.0
193796,11,8,,2019,4,11,6,3,5,3,0,0,1,0,0,0,1,0,"800559,9954","5825043,006","13,428","52,49254",8010301.0,Reuterkiez,5046.0
193797,11,4,,2019,4,18,4,3,6,4,0,1,0,1,0,0,0,0,"790326,5635","5827297,479","13,27967","52,51829",4020310.0,Park Ruhwald,2854.0
193798,11,2,,2019,4,15,5,3,5,2,0,0,1,0,0,0,0,0,"799067,5829","5825599,892","13,40659","52,49835",2010104.0,Wassertorplatz,4748.0
193799,11,1,,2019,4,13,1,3,6,4,0,0,1,1,0,0,0,0,"797709,2849","5831761,627","13,39215","52,55432",1033102.0,Gesundbrunnen,4464.0
193800,11,5,,2019,4,15,4,2,0,2,0,0,0,0,0,0,1,0,"781558,2863","5819636,169","13,14432","52,45419",5040936.0,Jägerallee,835.0
193801,11,10,,2019,4,19,4,3,5,2,0,1,1,0,0,0,0,0,"812486,4973","5824890,536","13,60296","52,48447",10040933.0,Mahlsdorf Süd,7644.0
193802,11,4,,2019,4,9,4,3,3,6,0,1,1,0,0,0,0,0,"792658,5954","5826096,791","13,31289","52,50628",4030827.0,Karl-August-Platz,3350.0
193803,11,1,,2019,4,10,7,2,0,1,0,1,0,0,0,0,0,0,"798231,9458","5829359,295","13,39768","52,5325",1011401.0,Invalidenstraße,4558.0
193804,11,5,,2019,4,17,6,3,5,2,0,1,0,0,0,0,1,0,"783981,3829","5830108,287","13,18881","52,54683",5010208.0,Germersheimer Platz,1462.0
193805,11,2,,2019,4,15,6,3,6,7,0,1,0,1,0,0,0,0,"801974,9288","5826927,588","13,45049","52,50865",2050802.0,Boxhagener Platz,5351.0
193806,11,8,,2019,4,16,6,3,2,6,0,0,1,0,0,0,0,0,"801157,5405","5823536,887","13,43542","52,47871",8010212.0,Rollberg,5142.0
193807,11,9,,2019,4,13,6,3,0,7,0,1,0,0,0,0,0,0,"811054,2938","5820256,887","13,57762","52,44377",9041501.0,Altstadt Kietz,7232.0
193808,11,4,,2019,4,14,6,3,2,6,0,0,1,0,0,0,0,0,"790808,2101","5827385,079","13,28683","52,51882",4030415.0,Schloßgarten,2954.0
193809,11,5,,2019,4,11,6,3,5,3,0,1,1,0,0,0,0,0,"782133,9344","5829921,89","13,16148","52,54612",5010206.0,Gütersloher Weg,1062.0
193810,11,9,,2019,4,10,6,2,0,6,0,0,1,0,1,0,0,0,"812192,7213","5821359,76","13,59535","52,453",9051701.0,Hirschgarten,7535.0
193811,11,7,,2019,4,8,6,3,9,1,0,0,1,0,0,0,0,0,"796917,6733","5820257,804","13,37025","52,45163",7040404.0,Marienhöhe,4134.0
193812,11,4,,2019,4,9,6,3,5,7,0,0,1,0,0,0,0,0,"791783,1876","5827471,407","13,30123","52,51907",4030620.0,Alt-Lietzow,3154.0
193813,11,4,,2019,4,12,6,3,3,6,0,0,1,0,1,0,0,0,"793261,6879","5826955,057","13,3225","52,51365",4030623.0,Ernst-Reuter-Platz,3452.0
193814,11,5,,2019,4,14,6,3,2,2,0,0,1,0,0,0,0,0,"787003,184","5829462,042","13,2327","52,53945",5030731.0,Gartenfelder Straße,2160.0
193815,11,4,,2019,4,14,6,3,0,1,0,1,0,0,0,0,0,0,"792711,171","5821801,363","13,30989","52,46774",4041344.0,Rüdesheimer Platz,3239.0
193816,11,4,,2019,4,11,6,3,0,1,0,0,0,0,1,0,0,0,"787112,2678","5826167,416","13,23145","52,50986",4020204.0,Olympiagelände,2051.0
193817,11,1,,2019,4,16,6,3,6,2,0,1,0,1,0,0,0,0,"798956,3708","5827843,358","13,40697","52,51852",1011303.0,Alexanderplatzviertel,4754.0
193818,11,4,,2019,4,16,6,2,5,3,0,0,1,0,0,0,0,0,"789850,3949","5827403,754","13,27277","52,51949",4020310.0,Park Ruhwald,2754.0
193819,11,7,,2019,4,14,4,2,5,3,0,1,1,0,0,0,0,0,"797838,339","5822536,493","13,3858","52,47156",7040401.0,Neu-Tempelhof,4340.0
193820,11,7,,2019,4,17,6,3,3,2,0,1,0,0,0,0,1,0,"795892,0688","5820833,479","13,35572","52,45735",7030303.0,Grazer Platz,3936.0
193821,11,3,,2019,4,17,6,2,1,5,0,1,1,0,0,0,0,0,"801873,9557","5830359,741","13,45212","52,53947",3061429.0,Greifswalder Straße,5360.0
193822,11,12,,2019,4,18,6,3,2,6,0,0,1,0,0,0,0,0,"791205,9618","5830828,227","13,29569","52,54947",12214125.0,Waldidyll/Flughafensee,3063.0
193823,11,4,,2019,4,20,6,3,2,6,2,0,1,0,0,0,0,0,"794399,4293","5825883,582","13,33827","52,50343",4030931.0,Breitscheidplatz,3649.0
193824,11,8,,2019,4,17,6,3,5,7,0,0,1,0,0,0,0,0,"801459,0406","5823878,483","13,44015","52,4816",8010301.0,Reuterkiez,5243.0
193825,11,4,,2019,4,18,6,3,0,1,0,1,0,0,0,0,0,0,"790414,909","5825962,641","13,2798","52,50627",4020313.0,Königin-Elisabeth-Straße,2850.0
193826,11,12,,2019,4,15,5,3,0,1,0,1,0,0,0,0,0,0,"790460,3261","5834734,95","13,28814","52,58489",12214527.0,Alt-Tegel,2973.0
193827,11,8,,2019,4,19,5,3,6,4,0,1,0,1,0,0,0,0,"800642,6455","5823060,643","13,42743","52,47472",8010117.0,Schillerpromenade,5041.0
193828,11,1,,2019,4,16,5,3,0,2,0,1,1,0,0,0,0,0,"795258,056","5826615,301","13,35153","52,50952",1011101.0,Stülerstraße,3851.0
193829,11,2,,2019,4,20,5,3,6,4,2,0,0,1,1,0,0,0,"799782,8324","5825716,02","13,4172","52,499",2010104.0,Wassertorplatz,4848.0
193830,11,9,,2019,4,14,5,3,2,2,0,1,0,0,0,0,1,0,"816417,845","5817579,791","13,65374","52,4167",9041601.0,Müggelheim,8324.0
193831,11,12,,2019,4,20,5,3,1,5,1,0,1,0,1,0,0,0,"792953,42","5835394,873","13,32542","52,58947",12301203.0,Wittenau Süd,3474.0
193832,11,11,,2019,4,20,5,3,1,5,1,0,1,0,1,0,0,0,"806724,8294","5825651,509","13,51908","52,49456",11041128.0,Sewanstraße,6347.0
193833,11,9,,2019,4,14,5,3,5,5,0,1,1,0,0,0,0,0,"810116,9392","5821605,098","13,56513","52,45638",9051901.0,Dammvorstadt,7035.0
193834,11,10,,2019,4,5,5,3,5,7,0,0,1,0,1,0,0,0,"813441,4219","5831116,771","13,62284","52,53972",10020416.0,Böhlener Straße,7960.0
193835,11,4,,2019,4,20,5,2,5,7,0,0,1,0,1,0,0,0,"793932,868","5826057,131","13,33157","52,50524",4030931.0,Breitscheidplatz,3550.0
193836,11,6,,2019,4,19,5,3,5,3,1,1,1,0,0,0,0,0,"794553,8098","5821399,32","13,33658","52,46315",6010209.0,Feuerbachstraße,3637.0
193837,11,10,,2019,4,12,5,3,5,2,0,0,1,0,0,0,0,0,"807605,3616","5832376,671","13,53823","52,55434",10010203.0,Gewerbegebiet Bitterfelder Straße,6664.0
193838,11,8,,2019,4,12,5,3,6,4,0,0,1,1,0,0,0,0,"802375,9257","5818955,988","13,44915","52,43697",8020625.0,Handwerker-Siedlung,5330.0
193839,11,1,,2019,4,11,5,3,6,7,0,0,0,1,0,0,1,0,"797128,322","5831826,11","13,38367","52,55522",1033102.0,Gesundbrunnen,4364.0
193840,11,2,,2019,4,19,5,3,5,3,0,1,1,0,0,0,0,0,"800118,4228","5825756,993","13,42216","52,49918",2030301.0,Oranienplatz,4948.0
193841,11,6,,2019,4,19,5,3,2,6,1,0,1,0,0,0,0,0,"793091,2876","5816614,941","13,31092","52,42104",6020409.0,Königsberger Straße,3225.0
193842,11,2,,2019,4,18,5,3,6,2,0,0,1,1,0,0,0,0,"801889,2795","5828453,941","13,45062","52,52238",2050601.0,Hausburgviertel,5355.0
193843,11,4,,2019,4,18,5,3,5,3,0,1,1,0,0,0,0,0,"794185,3726","5823227,397","13,33278","52,47973",4051655.0,Babelsberger Straße,3642.0
193844,11,2,,2019,4,18,5,3,5,2,0,1,1,0,0,0,0,0,"801865,7288","5828983,034","13,45075","52,52713",2050601.0,Hausburgviertel,5356.0
193845,11,1,,2019,4,10,5,3,4,6,0,1,0,0,0,0,1,0,"798332,0689","5828366,856","13,39827","52,52355",1011302.0,Oranienburger Straße,4555.0
193846,11,12,,2019,4,8,5,3,5,2,0,1,1,0,0,0,0,0,"794819,992","5836297,618","13,3537","52,59656",12302110.0,Dannenwalder Weg,3976.0
193847,11,1,,2019,4,7,5,3,1,5,0,1,1,0,0,0,0,0,"795020,9757","5828260,299","13,34951","52,5244",1022204.0,Thomasiusstraße,3855.0
193848,11,5,,2019,4,5,5,3,2,7,0,0,0,0,1,0,1,0,"784866,796","5829227,986","13,20108","52,53848",5010314.0,Carl-Schurz-Straße,1659.0
193849,11,12,,2019,4,12,5,3,5,2,0,0,1,0,0,0,0,0,"795338,2143","5833841,185","13,35914","52,57425",12103115.0,Breitkopfbecken,3970.0
193850,11,5,,2019,4,12,5,3,2,6,0,0,1,0,0,0,0,0,"786643,6379","5829241,32","13,22722","52,53766",5030730.0,Zitadellenweg,2059.0
193851,11,1,,2019,4,11,5,3,0,1,0,1,0,0,0,0,0,0,"797225,8584","5829070,62","13,38264","52,53047",1011301.0,Charitéviertel,4357.0
193852,11,6,,2019,4,4,5,3,1,1,2,1,1,0,0,0,0,0,"792993,0479","5819674,58","13,31216","52,44852",6030609.0,Augustaplatz,3233.0
193853,11,3,,2019,4,17,5,3,5,2,0,0,1,0,1,0,0,0,"801170,9737","5833190,975","13,44436","52,56523",3030715.0,Heinersdorf,5267.0
193854,11,1,,2019,4,17,5,3,2,6,0,0,1,0,0,0,0,0,"797004,6179","5831478,192","13,38154","52,55217",1033102.0,Gesundbrunnen,4363.0
193855,11,1,,2019,4,16,5,3,0,6,0,0,1,0,0,0,1,0,"795290,0221","5826132,728","13,35158","52,50518",1011103.0,Lützowstraße,3850.0
193856,11,9,,2019,4,16,5,3,5,2,0,1,1,0,0,0,0,0,"802326,4527","5825310,554","13,45419","52,49396",9010101.0,Elsenstraße,5446.0
193857,11,1,,2019,4,15,5,3,5,3,0,1,1,0,0,0,0,0,"797157,7267","5826452,482","13,3793","52,50703",1011201.0,Wilhelmstraße,4250.0
193858,11,4,,2019,4,15,5,3,2,2,0,0,1,0,0,0,1,0,"793473,5461","5824731,684","13,32366","52,4936",4051448.0,Schaperstraße,3446.0
193859,11,5,,2019,4,15,5,3,2,6,0,0,1,0,0,0,0,0,"785217,0001","5831058,045","13,2078","52,5547",5010311.0,Eiswerder,1764.0
193860,11,4,,2019,4,15,5,3,5,7,0,0,1,0,0,0,0,0,"793316,0111","5823617,992","13,32036","52,4837",4051549.0,Rathaus Wilmersdorf,3443.0
193861,11,5,,2019,4,14,5,3,5,3,0,0,1,0,0,0,0,0,"782797,0484","5827821,202","13,16945","52,52694",5020523.0,Maulbeerallee,1156.0
193862,11,7,,2019,4,14,5,3,5,2,0,0,1,0,0,0,0,0,"799131,16","5821712,84","13,40403","52,46347",7040405.0,Rathaus Tempelhof,4638.0
193863,11,10,,2019,4,17,4,3,2,3,0,1,1,0,0,0,0,0,"809637,9877","5829697,958","13,56562","52,52918",10030724.0,Oberfeldstraße,7057.0
193864,11,6,,2019,4,17,4,3,1,1,0,1,1,0,0,0,0,0,"792132,057","5821042,948","13,30072","52,46125",6040810.0,Dahlem,3137.0
193865,11,1,,2019,4,9,4,3,3,6,0,0,1,0,0,1,0,0,"796554,672","5831927,042","13,37532","52,55644",1044201.0,Reinickendorfer Straße,4265.0
193866,11,1,,2019,4,12,4,3,6,7,0,0,1,1,0,0,0,0,"798341,0118","5828577,825","13,39859","52,52544",1011302.0,Oranienburger Straße,4556.0
193867,11,1,,2019,4,19,4,3,0,1,0,0,1,0,1,0,0,0,"797647,6274","5831884,789","13,39136","52,55546",1033102.0,Gesundbrunnen,4464.0
193868,11,1,,2019,4,23,4,3,1,5,2,1,1,0,0,0,0,0,"797729,8446","5829250,077","13,39021","52,5318",1011401.0,Invalidenstraße,4458.0
193869,11,6,,2019,4,23,4,3,8,1,2,0,1,0,0,0,0,0,"793294,6211","5817692,842","13,31484","52,4306",6020409.0,Königsberger Straße,3328.0
193870,11,3,,2019,4,22,4,3,5,3,2,0,1,0,0,0,0,0,"795969,0776","5835562,637","13,36995","52,58934",3040512.0,Wilhelmsruh,4174.0
193871,11,6,,2019,4,22,4,3,0,1,2,1,0,0,0,0,0,0,"782829,8901","5817441,992","13,16113","52,43386",6040701.0,Wannsee,1029.0
193872,11,5,,2019,4,22,4,2,5,3,2,0,1,0,0,0,1,0,"780036,557","5829199,348","13,13002","52,54072",5020415.0,Isenburger Weg,560.0
193873,11,12,,2019,4,20,4,3,6,7,1,0,1,1,0,0,0,0,"794968,8251","5836428,042","13,356","52,59764",12302109.0,Treuenbrietzener Straße,3977.0
193874,11,4,,2019,4,20,4,3,3,2,2,0,0,0,1,1,0,0,"790383,03","5825664,354","13,27908","52,50362",4020314.0,Messegelände,2849.0
193875,11,5,,2019,4,18,4,3,2,6,0,0,1,0,0,0,0,0,"785433,3284","5829253,368","13,20943","52,53841",5010312.0,Kurstraße,1759.0
193876,11,1,,2019,4,11,4,3,1,7,0,1,1,0,0,0,0,0,"794973,7022","5831001,123","13,35125","52,54899",1044103.0,Westliche Müllerstraße,3863.0
193877,11,9,,2019,4,10,4,3,5,3,0,1,1,0,0,0,0,0,"810257,8182","5820349,139","13,56603","52,44505",9020802.0,Köllnische Vorstadt,7032.0
193878,11,7,,2019,4,10,4,3,5,2,0,0,1,0,0,0,0,0,"799261,0663","5816265,428","13,40106","52,41457",7070701.0,Kettinger Straße/Schillerstraße,4623.0
193879,11,3,,2019,4,10,4,3,3,6,0,1,1,0,0,0,0,0,"799671,5188","5829003,721","13,41852","52,52853",3071638.0,Winsstraße,4857.0
193880,11,4,,2019,4,17,4,3,6,7,0,1,0,0,0,0,1,0,"794091,1486","5825975,756","13,33382","52,50442",4030931.0,Breitscheidplatz,3650.0
193881,11,5,,2019,4,9,4,3,2,6,0,0,1,0,0,0,1,0,"788063,4283","5829187,952","13,24805","52,53644",5030833.0,Motardstraße,2359.0
193882,11,9,,2019,4,9,4,3,5,3,0,1,1,0,0,0,0,0,"805091,5655","5822807,704","13,4925","52,46999",9010301.0,Baumschulenstraße,5939.0
193883,11,2,,2019,4,9,4,3,6,4,0,1,0,1,0,0,0,0,"800008,7156","5825473,508","13,4203","52,4967",2030301.0,Oranienplatz,4947.0
193884,11,2,,2019,4,9,4,3,3,6,0,1,0,0,1,0,0,0,"802448,0545","5827415,09","13,45788","52,51275",2050801.0,Traveplatz,5452.0
193885,11,5,,2019,4,8,4,3,2,6,0,0,1,0,0,0,0,0,"783705,3133","5828528,589","13,1834","52,53281",5020625.0,Borkumer Straße,1358.0
193886,11,3,,2019,4,8,4,3,5,3,0,0,1,0,0,0,1,0,"802185,5057","5832421,73","13,45858","52,55777",3050920.0,Weißer See,5465.0
193887,11,5,,2019,4,16,4,3,6,7,0,0,1,1,0,0,0,0,"785662,7132","5831751,841","13,21495","52,56069",5010101.0,Hakenfelde Nord,1866.0
193888,11,3,,2019,4,7,4,3,0,3,0,0,1,0,1,0,0,0,"797872,5035","5836024,766","13,39838","52,59245",3020209.0,Niederschönhausen,4575.0
193889,11,1,,2019,4,12,4,3,5,3,0,1,1,0,0,0,0,0,"796218,369","5831514,633","13,37001","52,55292",1044201.0,Reinickendorfer Straße,4164.0
193890,11,11,,2019,4,9,4,2,5,3,0,0,1,0,1,0,0,0,"804838,8951","5827755,761","13,49332","52,51448",11030721.0,Rüdigerstraße,5952.0
193891,11,3,,2019,4,13,4,3,8,1,0,0,1,0,0,0,0,0,"797092,3363","5835720,109","13,38663","52,59014",3040512.0,Wilhelmsruh,4475.0
193892,11,1,,2019,4,13,4,3,6,4,0,1,0,1,0,0,0,0,"794861,4129","5830994,969","13,34959","52,549",1044103.0,Westliche Müllerstraße,3863.0
193893,11,11,,2019,4,14,4,3,2,2,0,1,1,0,0,0,0,0,"806143,781","5834855,405","13,51903","52,57737",11010102.0,Dorf Wartenberg,6371.0
193894,11,10,,2019,4,14,4,3,5,3,0,0,1,0,0,1,0,0,"811683,7195","5824681,056","13,59098","52,48306",10040933.0,Mahlsdorf Süd,7443.0
193895,11,9,,2019,4,15,4,3,4,6,0,0,1,0,0,1,0,0,"818727,9335","5818694,854","13,68866","52,42535",9041601.0,Müggelheim,8826.0
193896,11,7,,2019,4,15,4,3,2,6,0,0,1,0,0,0,0,0,"797461,589","5823763,466","13,38136","52,48276",7040401.0,Neu-Tempelhof,4343.0
193897,11,4,,2019,4,15,4,3,5,3,0,0,1,0,1,0,0,0,"792314,7918","5824573,167","13,3065","52,4928",4051445.0,Eisenzahnstraße,3246.0
193898,11,1,,2019,4,15,4,3,5,2,0,1,1,0,0,0,0,0,"797990,1738","5828910,737","13,39373","52,52861",1011302.0,Oranienburger Straße,4557.0
193899,11,5,,2019,4,15,4,3,1,5,0,0,1,0,1,0,0,0,"787554,3244","5829435,91","13,24078","52,53893",5030731.0,Gartenfelder Straße,2260.0
193900,11,5,,2019,4,16,4,2,2,1,0,0,1,0,1,0,0,0,"781783,8897","5830638,81","13,15694","52,55273",5010206.0,Gütersloher Weg,964.0
193901,11,2,,2019,4,16,4,3,0,5,0,1,1,0,0,0,0,0,"803234,7822","5826322,504","13,46845","52,50252",2050803.0,Stralauer Kiez,5649.0
193902,11,3,,2019,4,16,4,3,6,4,0,1,0,1,0,0,0,0,"798997,1663","5830065,102","13,40957","52,53841",3071536.0,Teutoburger Platz,4759.0
193903,11,9,,2019,4,16,4,3,2,6,0,0,0,0,1,0,1,0,"811136,233","5821575,68","13,58005","52,45554",9051901.0,Dammvorstadt,7235.0
193904,11,8,,2019,4,16,4,2,2,1,0,0,1,0,0,0,0,0,"801291,0629","5820456,174","13,4346","52,45102",8020620.0,Tempelhofer Weg,5134.0
193905,11,3,,2019,4,16,4,3,0,1,0,1,0,0,0,0,0,0,"801237,5179","5831577,507","13,44387","52,55073",3050924.0,Behaimstraße,5263.0
193906,11,5,,2019,4,11,4,2,0,7,0,0,1,0,0,0,0,0,"784130,9891","5827301,091","13,18861","52,52158",5020628.0,Graetschelsteig,1455.0
193907,11,2,,2019,4,16,3,3,0,5,0,0,1,0,1,0,0,0,"798605,5167","5825607,377","13,39981","52,49867",2010103.0,Moritzplatz,4648.0
193908,11,2,,2019,4,15,3,3,5,2,0,1,1,0,0,0,0,0,"801870,3225","5829009,039","13,45084","52,52736",2050601.0,Hausburgviertel,5356.0
193909,11,2,,2019,4,18,3,3,5,3,0,0,1,0,0,0,0,0,"803057,0611","5827448,395","13,46686","52,51271",2050801.0,Traveplatz,5552.0
193910,11,9,,2019,4,11,3,3,5,3,0,1,0,0,0,0,1,0,"811055,3733","5820310,73","13,57769","52,44425",9041501.0,Altstadt Kietz,7232.0
193911,11,2,,2019,4,9,3,3,5,2,0,1,1,0,0,0,0,0,"797814,7878","5824933,508","13,38759","52,49306",2020203.0,Viktoriapark,4446.0
193912,11,2,,2019,4,10,3,3,2,6,0,1,1,0,0,0,0,0,"799990,001","5824728,659","13,41935","52,49003",2020206.0,Graefekiez,4845.0
193913,11,1,,2019,4,9,3,3,5,2,0,1,1,0,0,0,0,0,"797550,5191","5828717,526","13,38709","52,52712",1011301.0,Charitéviertel,4456.0
193914,11,1,,2019,4,8,3,3,6,6,0,1,0,1,0,0,0,0,"797719,9416","5831257,736","13,39186","52,5498",1033102.0,Gesundbrunnen,4463.0
193915,11,1,,2019,4,17,3,3,0,7,0,0,0,0,1,0,0,0,"797529,4644","5827886,581","13,38604","52,51969",1011202.0,Unter den Linden Nord,4354.0
193916,11,12,,2019,4,20,3,3,2,6,2,0,1,0,0,0,0,0,"792917,8099","5832171,397","13,32205","52,56059",12214424.0,Scharnweberstraße,3466.0
193917,11,11,,2019,4,19,3,3,5,2,1,1,1,0,0,0,0,0,"806684,9851","5826907,683","13,51966","52,50584",11040926.0,Weitlingstraße,6350.0
193918,11,2,,2019,4,10,3,3,6,4,0,1,0,1,0,0,0,0,"800276,8459","5824801,021","13,42363","52,49052",2020206.0,Graefekiez,4945.0
193919,11,12,,2019,4,18,3,3,3,6,0,0,1,0,0,0,0,0,"793537,9091","5834125,324","13,3329","52,57778",12214421.0,Reinickes Hof,3671.0
193920,11,5,,2019,4,7,3,3,2,6,0,0,1,0,0,0,0,0,"785431,5019","5829253,576","13,20941","52,53841",5010312.0,Kurstraße,1759.0
193921,11,10,,2019,4,18,3,3,4,5,0,0,1,0,1,0,0,0,"812038,1429","5830889,431","13,60201","52,53849",10020414.0,Helle Mitte,7659.0
193922,11,8,,2019,4,18,3,3,5,3,0,1,1,0,0,0,0,0,"800399,4711","5823335,403","13,42411","52,47732",8010117.0,Schillerpromenade,4942.0
193923,11,2,,2019,4,6,3,3,5,3,0,0,0,0,1,0,1,0,"801723,7065","5828129,18","13,44789","52,51956",2040503.0,Richard-Sorge-Viertel,5354.0
193924,11,7,,2019,4,18,3,3,2,6,0,0,1,0,0,0,0,0,"793952,05","5822236,749","13,32848","52,47098",7030301.0,Friedenau,3540.0
193925,11,7,,2019,4,9,3,3,5,2,0,1,1,0,0,0,0,0,"794782,3337","5825696,723","13,34373","52,50155",7010101.0,Wittenbergplatz/Viktoria-Luise-Platz,3749.0
193926,11,2,,2019,4,8,3,3,2,6,0,0,1,0,0,0,0,0,"797770,0399","5826028,043","13,38791","52,5029",2010101.0,Askanischer Platz,4449.0
193927,11,3,,2019,4,3,3,2,5,2,2,0,1,0,1,0,0,0,"802184,0535","5829413,744","13,45582","52,53081",3061430.0,Volkspark Prenzlauer Berg,5457.0
193928,11,12,,2019,4,9,3,3,0,2,0,0,1,0,0,0,1,0,"794902,641","5836310,745","13,35492","52,59663",12302110.0,Dannenwalder Weg,3976.0
193929,11,2,,2019,4,22,3,3,0,6,2,0,1,0,1,0,0,0,"800134,0131","5825397,945","13,42207","52,49595",2030401.0,Reichenberger Straße,4947.0
193930,11,8,,2019,4,21,3,3,5,2,2,1,1,0,0,0,0,0,"800622,7614","5823114,628","13,42719","52,47522",8010117.0,Schillerpromenade,5041.0
193931,11,7,,2019,4,17,3,3,1,5,0,1,1,0,0,0,0,0,"793481,9515","5822137,45","13,32149","52,47034",7030301.0,Friedenau,3440.0
193932,11,9,,2019,4,16,3,3,3,6,0,0,1,0,1,0,0,0,"806340,6309","5820990,562","13,50916","52,453",9010401.0,Johannisthal West,6235.0
193933,11,4,,2019,4,16,3,3,1,5,0,1,1,0,0,0,0,0,"794250,5038","5825274,788","13,33555","52,49805",4051448.0,Schaperstraße,3648.0
193934,11,7,,2019,4,15,3,2,4,6,0,0,1,0,0,0,0,0,"799373,3481","5819048,75","13,4052","52,43946",7050505.0,Hundsteinweg,4631.0
193935,11,6,,2019,4,14,3,3,3,6,0,0,1,0,0,1,0,0,"796241,9056","5819640,87","13,35979","52,44647",6010205.0,Südende,4033.0