OBJECTID,LAND,BEZ,LOR_ab_2021,UJAHR,UMONAT,USTUNDE,UWOCHENTAG,UKATEGORIE,UART,UTYP1,ULICHTVERH,IstRad,IstPKW,IstFuss,IstKrad,IstGkfz,IstSonstige,USTRZUSTAND,LINREFX,LINREFY,XGCSWGS84,YGCSWGS84,LOR,STRASSE,quadrant
194104,11,3,,2019,4,16,2,3,1,5,0,1,1,0,0,0,0,0,"802399,2005","5831140,467","13,46055","52,54617",3050925.0,Komponistenviertel Weißensee,5562.0
194105,11,5,,2019,4,16,2,3,3,6,0,0,1,0,0,1,0,0,"784934,0731","5829388,15","13,20221","52,53988",5010314.0,Carl-Schurz-Straße,1660.0
194106,11,1,,2019,4,6,2,3,2,6,1,0,1,0,0,0,0,1,"795192,8587","5825865,055","13,34991","52,50283",7010102.0,Nollendorfplatz,3849.0
194107,11,8,,2019,4,7,2,3,5,3,0,0,1,0,0,0,0,1,"803803,4324","5821739,508","13,47262","52,46113",8010510.0,Gewerbegebiet Köllnische Heide,5637.0
194108,11,7,,2019,4,7,2,3,0,7,0,0,1,0,1,0,0,1,"793433,9737","5822274,186","13,32091","52,47159",7030301.0,Friedenau,3440.0
194109,11,3,,2019,4,8,2,3,6,4,0,0,1,1,0,0,0,1,"801170,2197","5832336,586","13,44357","52,55757",3050919.0,Gustav-Adolf-Straße,5265.0
194110,11,4,,2019,4,8,2,3,5,2,0,1,1,0,0,0,0,1,"793328,3693","5829772,175","13,32597","52,53887",4010102.0,Plötzensee,3560.0
194111,11,8,,2019,4,9,2,3,4,6,0,0,1,0,0,0,0,1,"801457,418","5823887,892","13,44014","52,48169",8010301.0,Reuterkiez,5243.0
194112,11,4,,2019,4,9,2,3,2,6,0,0,1,0,0,0,0,1,"790563,4161","5825415,56","13,28151","52,50129",4020314.0,Messegelände,2849.0
194113,11,2,,2019,4,9,2,3,6,4,0,0,1,1,0,0,0,1,"801491,1364","5828800,463","13,44508","52,5257",2040503.0,Richard-Sorge-Viertel,5256.0
194114,11,6,,2019,4,10,2,3,2,6,0,0,1,0,0,0,1,1,"792192,0885","5816617,198","13,29773","52,42154",6030607.0,Goerzwerke,3025.0
194115,11,12,,2019,4,10,2,3,2,1,0,0,1,0,0,0,0,1,"794990,3825","5833130,763","13,35339","52,56808",12103218.0,Teichstraße,3968.0
194116,11,12,,2019,4,10,2,2,5,2,0,0,1,0,0,0,0,1,"792353,6654","5834071,66","13,31542","52,57793",12304313.0,Borsigwalde,3371.0
194117,11,5,,2019,4,10,2,3,6,2,0,0,1,1,0,0,0,1,"782390,1614","5827029,101","13,16279","52,52005",5020523.0,Maulbeerallee,1054.0
194118,11,1,,2019,4,11,2,3,2,7,0,1,1,0,0,0,0,0,"796855,0637","5828221,086","13,37643","52,52305",1011301.0,Charitéviertel,4255.0
194119,11,2,,2019,4,13,2,3,5,3,0,1,1,0,0,0,0,1,"798823,744","5825589,569","13,403","52,49839",2010104.0,Wassertorplatz,4648.0
194120,11,10,,2019,4,13,2,3,0,4,0,0,1,1,0,0,0,0,"812225,3459","5830925,058","13,60479","52,5387",10020414.0,Helle Mitte,7660.0
194121,11,5,,2019,4,15,2,2,5,3,0,1,1,0,0,0,0,0,"782698,5198","5827487,572","13,16772","52,524",5020523.0,Maulbeerallee,1155.0
194122,11,10,,2019,4,15,2,2,6,7,0,0,1,1,0,0,0,0,"810181,9572","5833898,088","13,57754","52,56651",10010102.0,Havemannstraße,7268.0
194123,11,4,,2019,4,15,2,3,2,2,0,1,0,0,0,0,1,0,"788291,7877","5826880,581","13,2494","52,51563",4020204.0,Olympiagelände,2353.0
194124,11,9,,2019,4,16,2,3,5,7,0,0,1,0,0,0,0,0,"820737,7143","5819169,114","13,71857","52,42843",9051801.0,Rahnsdorf/Hessenwinkel,9327.0
194125,11,4,,2019,4,16,2,3,1,5,0,1,1,0,0,0,0,0,"793541,8764","5826333,133","13,32607","52,50792",4030623.0,Ernst-Reuter-Platz,3551.0
194126,11,1,,2019,4,8,2,3,1,5,0,1,0,0,0,1,0,1,"796859,8799","5831342,505","13,37929","52,55103",1033203.0,Humboldthain Nordwest,4263.0
194127,11,6,,2019,4,7,2,3,0,3,0,0,1,0,1,0,0,1,"790050,9157","5819428,511","13,26877","52,44789",6040808.0,Hüttenweg,2633.0
194128,11,12,,2019,4,6,2,3,2,2,1,0,1,0,1,0,0,1,"795781,2846","5832577,624","13,36453","52,56269",12103117.0,Letteplatz,4067.0
194129,11,4,,2019,4,9,2,2,8,1,0,1,0,0,0,0,0,1,"791441,9611","5826032,31","13,29495","52,50635",4030725.0,Amtsgerichtsplatz,3050.0
194130,11,2,,2019,4,8,2,3,0,1,0,0,0,0,1,0,0,1,"801281,5199","5828753,661","13,44196","52,5254",2040501.0,Barnimkiez,5256.0
194131,11,4,,2019,4,6,2,3,0,1,0,0,0,0,1,0,0,1,"794229,978","5825418,116","13,33537","52,49935",4051448.0,Schaperstraße,3648.0
194132,11,1,,2019,4,17,1,3,0,1,0,1,0,0,0,0,0,0,"798351,1314","5829393,416","13,39947","52,53274",1011402.0,Arkonaplatz,4558.0
194133,11,1,,2019,4,21,1,3,0,7,2,0,0,0,0,1,1,0,"795588,2816","5830805,847","13,36011","52,54691",1044201.0,Reinickendorfer Straße,4062.0
194134,11,1,,2019,4,23,1,3,5,2,2,1,1,0,0,0,0,0,"794568,984","5828331,74","13,34293","52,52528",1022106.0,Elberfelder Straße,3756.0
194135,11,11,,2019,4,18,1,3,1,5,0,1,1,0,0,0,0,0,"805558,2177","5825985,845","13,50226","52,49821",11041128.0,Sewanstraße,6148.0
194136,11,11,,2019,4,17,1,3,4,6,0,0,1,0,0,0,0,0,"806874,6864","5832658,617","13,52775","52,55728",11010205.0,Falkenberg West,6565.0
194137,11,2,,2019,4,16,1,3,5,3,0,0,1,0,0,0,0,0,"799552,814","5824898,452","13,41308","52,49179",2020206.0,Graefekiez,4746.0
194138,11,8,,2019,4,14,1,3,0,6,0,0,1,0,1,0,0,0,"802965,5705","5822502,309","13,46102","52,46843",8010510.0,Gewerbegebiet Köllnische Heide,5539.0
194139,11,11,,2019,4,13,1,3,5,2,0,1,0,0,0,0,1,0,"805154,7897","5831640,191","13,50152","52,54911",11020412.0,Hauptstraße,6163.0
194140,11,2,,2019,4,8,1,3,1,5,0,1,1,0,0,0,0,1,"800002,594","5825388,233","13,42013","52,49594",2020206.0,Graefekiez,4947.0
194141,11,2,,2019,4,11,1,3,5,2,0,0,1,0,0,0,0,0,"799220,3084","5825991,083","13,40918","52,50177",2010103.0,Moritzplatz,4749.0
194142,11,11,,2019,4,13,1,3,0,1,0,0,0,0,1,0,0,0,"803910,7516","5828363,453","13,48024","52,52044",11030721.0,Rüdigerstraße,5754.0
194143,11,2,,2019,4,17,7,3,5,7,0,1,1,0,0,0,0,0,"801108,7954","5825448,782","13,43643","52,49587",2030401.0,Reichenberger Straße,5147.0
194144,11,8,,2019,4,0,7,3,6,2,2,0,1,1,0,0,0,1,"801308,0781","5823824,726","13,43789","52,4812",8010303.0,Donaustraße,5143.0
194145,11,7,,2019,4,21,7,3,2,6,2,0,1,0,0,0,0,0,"798176,0185","5818951,46","13,38755","52,43924",7050502.0,Fritz-Werner-Straße,4430.0
194146,11,6,,2019,4,15,7,3,0,7,0,1,0,0,0,0,0,0,"789105,0675","5815565,294","13,25155","52,41375",6030502.0,Zehlendorf Süd,2323.0
194147,11,1,,2019,4,0,7,3,5,3,2,1,1,0,0,0,0,1,"799063,7938","5828982,661","13,40957","52,52867",1011302.0,Oranienburger Straße,4757.0
194148,11,4,,2019,4,16,7,3,3,6,0,1,1,0,0,0,0,0,"792920,0836","5825526,827","13,31623","52,50103",4030930.0,George-Grosz-Platz,3349.0
194149,11,1,,2019,4,15,7,3,5,3,0,1,0,0,0,0,0,0,"795046,8451","5829939,971","13,35138","52,53944",1044202.0,Sparrplatz,3860.0
194150,11,4,,2019,4,14,7,3,5,2,0,1,1,0,0,0,0,0,"792081,3667","5826801,406","13,30502","52,5129",4030622.0,Richard-Wagner-Straße,3152.0
194151,11,9,,2019,4,14,7,3,4,6,0,1,0,0,0,0,0,0,"810864,4215","5820305,408","13,57488","52,44431",9041501.0,Altstadt Kietz,7232.0
194152,11,5,,2019,4,13,7,3,2,6,0,0,1,0,0,0,0,0,"787500,9366","5829892,06","13,24039","52,54305",5030731.0,Gartenfelder Straße,2261.0
194153,11,3,,2019,4,13,7,3,5,2,0,1,0,0,0,0,1,0,"799212,7943","5831806,193","13,4143","52,5539",3061126.0,Arnimplatz,4864.0
194154,11,7,,2019,4,13,7,3,5,2,0,1,0,0,1,0,0,0,"797897,0474","5823993,004","13,38796","52,48458",7040401.0,Neu-Tempelhof,4444.0
194155,11,1,,2019,4,12,7,3,6,4,0,0,0,1,0,1,0,0,"794665,4198","5831462,944","13,34712","52,5533",1044101.0,Rehberge,3864.0
194156,11,8,,2019,4,11,7,3,0,2,0,1,1,0,0,0,0,0,"800657,3573","5824525,239","13,42897","52,48784",8010301.0,Reuterkiez,5045.0
194157,11,11,,2019,4,10,7,3,6,2,0,0,1,1,0,0,0,0,"805181,9179","5827914,561","13,4985","52,51571",11030721.0,Rüdigerstraße,6053.0
194158,11,12,,2019,4,8,7,2,3,6,0,1,0,0,0,0,0,0,"789581,8513","5839728,279","13,27958","52,63013",12231102.0,Frohnau,2886.0
194159,11,3,,2019,4,3,7,3,0,1,2,0,1,0,0,0,0,1,"802720,7701","5831745,098","13,46583","52,55141",3050925.0,Komponistenviertel Weißensee,5563.0
194160,11,11,,2019,4,23,7,3,0,1,2,1,0,0,0,0,0,0,"804212,5482","5829057,891","13,48531","52,5265",11030619.0,Fennpfuhl Ost,5856.0
194161,11,3,,2019,4,9,6,3,5,2,0,1,1,0,0,0,0,0,"799178,6146","5831110,502","13,41318","52,54768",3061131.0,Falkplatz,4762.0
194162,11,9,,2019,4,17,6,3,5,3,0,1,1,0,0,0,0,0,"804745,6067","5822303,526","13,48696","52,46566",9010301.0,Baumschulenstraße,5838.0
194163,11,1,,2019,4,23,6,3,5,2,2,1,0,0,1,0,0,0,"797688,1972","5829240,419","13,38958","52,53173",1011401.0,Invalidenstraße,4458.0
194164,11,2,,2019,4,20,6,3,5,2,1,1,1,0,0,0,0,0,"799990,1634","5826204,586","13,42068","52,50326",2030301.0,Oranienplatz,4949.0
194165,11,3,,2019,4,20,6,3,5,3,0,1,1,0,0,0,0,0,"797413,379","5833970,934","13,38978","52,57429",3040513.0,Schönholz,4470.0
194166,11,8,,2019,4,19,6,3,2,6,1,0,1,0,0,0,0,0,"801284,5059","5819668,198","13,43379","52,44396",8020622.0,Parchimer Allee,5132.0
194167,11,3,,2019,4,18,6,3,5,3,0,1,1,0,0,0,0,0,"799550,5591","5835429,366","13,42254","52,58619",3020210.0,Herthaplatz,4973.0
194168,11,6,,2019,4,18,6,3,5,5,0,1,1,0,0,0,0,0,"792374,891","5820852,956","13,30412","52,45942",6040810.0,Dahlem,3136.0
194169,11,12,,2019,4,22,6,3,1,5,2,0,1,0,0,0,0,0,"792324,9462","5837248,083","13,3178","52,60642",12301205.0,Waidmannslust,3379.0
194170,11,8,,2019,4,20,6,2,5,2,0,0,1,0,0,0,0,0,"802479,1545","5820699,096","13,45225","52,45254",8020619.0,Buschkrugallee Nord,5334.0
194171,11,4,,2019,4,9,6,3,5,3,0,1,1,0,0,0,0,0,"792400,8931","5825062,973","13,30819","52,49715",4051446.0,Preußenpark,3247.0
194172,11,7,,2019,4,8,6,3,0,7,0,0,1,0,0,0,1,0,"797451,8596","5820558,382","13,37836","52,45404",7040403.0,Manteuffelstraße,4235.0
194173,11,3,,2019,4,7,6,3,1,5,0,1,0,0,0,0,1,0,"800444,4647","5829725,867","13,43054","52,53457",3071638.0,Winsstraße,5058.0
194174,11,1,,2019,4,7,6,3,1,5,0,1,1,0,0,0,0,0,"796850,6254","5826159,049","13,37452","52,50457",1011105.0,Nördlicher Landwehrkanal,4250.0
194175,11,7,,2019,4,9,6,3,1,5,0,1,1,0,0,0,0,0,"796400,4461","5824750,77","13,36666","52,49219",7010104.0,Dennewitzplatz,4146.0
194176,11,1,,2019,4,10,6,3,3,6,0,0,1,0,0,1,0,0,"793948,0185","5830111,574","13,33538","52,54157",1044101.0,Rehberge,3660.0
194177,11,4,,2019,4,12,6,3,5,3,0,1,0,0,1,0,0,0,"791185,055","5826502,927","13,29159","52,51071",4030417.0,Schloßstraße,2951.0
194178,11,2,,2019,4,12,6,3,5,2,0,1,1,0,0,0,0,0,"803578,9822","5827251,877","13,47435","52,51066",2050801.0,Traveplatz,5751.0
194179,11,1,,2019,4,14,6,3,5,3,0,0,1,0,0,1,0,0,"797959,8412","5827080,318","13,39164","52,51222",1011203.0,Unter den Linden Süd,4452.0
194180,11,5,,2019,4,14,6,3,2,6,0,0,1,0,0,0,0,0,"786439,3415","5831084,346","13,2258","52,55429",5030730.0,Zitadellenweg,2064.0
194181,11,4,,2019,4,14,6,3,3,6,0,1,1,0,0,0,0,0,"789804,4801","5826344,368","13,27117","52,51002",4020311.0,Reichsstraße,2651.0
194182,11,4,,2019,4,14,6,3,3,6,0,1,1,0,0,0,0,0,"792146,214","5826474,891","13,30569","52,50994",4030827.0,Karl-August-Platz,3251.0
194183,11,10,,2019,4,15,6,3,2,6,0,0,1,0,0,0,0,0,"806289,7591","5830171,449","13,51686","52,53531",11030720.0,Herzbergstraße,6359.0
194184,11,1,,2019,4,17,6,3,1,5,0,1,1,0,0,0,0,0,"794260,5912","5828452,536","13,3385","52,52653",1022104.0,Emdener Straße,3656.0
194185,11,9,,2019,4,16,6,3,2,6,0,0,1,0,0,0,1,0,"810015,3674","5816020,722","13,55846","52,40639",9031001.0,Bohnsdorf,6921.0
194186,11,3,,2019,4,16,6,3,6,4,0,0,1,1,0,0,0,0,"799899,7069","5830608,422","13,42332","52,54278",3061332.0,Helmholtzplatz,4961.0
194187,11,6,,2019,4,16,6,3,5,3,0,1,1,0,0,0,0,0,"790839,9497","5817584,754","13,27875","52,43094",6030504.0,Teltower Damm,2828.0
194188,11,8,,2019,4,16,6,3,2,6,0,0,1,0,0,0,0,0,"800684,9757","5824989,945","13,42979","52,49199",8010301.0,Reuterkiez,5046.0
194189,11,6,,2019,4,17,6,3,2,6,0,0,1,0,1,0,0,0,"793299,1418","5818922,562","13,31599","52,44162",6030609.0,Augustaplatz,3331.0
194190,11,8,,2019,4,17,6,3,5,2,0,0,1,0,0,0,0,0,"800663,8472","5824386,211","13,42894","52,48659",8010301.0,Reuterkiez,5044.0
194191,11,7,,2019,4,13,6,3,1,5,0,0,1,0,0,0,0,0,"794540,318","5822679,555","13,33751","52,47463",7030301.0,Friedenau,3641.0
194192,11,10,,2019,4,11,5,3,5,3,0,1,1,0,0,0,0,0,"813472,0452","5824893,868","13,61743","52,48394",10040933.0,Mahlsdorf Süd,7844.0
194193,11,10,,2019,4,20,5,3,0,2,1,0,1,0,0,0,1,0,"812237,6057","5830686,518","13,60475","52,53655",10020414.0,Helle Mitte,7659.0
194194,11,7,,2019,4,12,5,3,5,3,0,1,1,0,0,0,0,0,"796576,6901","5824829,316","13,36932","52,4928",7010104.0,Dennewitzplatz,4146.0
194195,11,4,,2019,4,16,5,3,6,2,0,0,1,1,0,0,0,0,"789726,5398","5826409,797","13,27008","52,51065",4020311.0,Reichsstraße,2651.0
194196,11,4,,2019,4,18,5,3,3,6,0,0,1,0,0,1,0,0,"790411,0545","5825795,998","13,2796","52,50478",4020314.0,Messegelände,2850.0
194197,11,7,,2019,4,18,5,3,2,2,0,0,1,0,0,0,0,0,"796144,2381","5820776,295","13,35937","52,4567",7040402.0,Lindenhofsiedlung,3936.0
194198,11,8,,2019,4,17,5,3,2,6,0,0,1,0,1,0,0,0,"801602,1252","5817444,888","13,43644","52,42386",8020727.0,Buckow Mitte,5126.0
194199,11,7,,2019,4,7,5,3,6,4,0,0,1,1,0,0,0,0,"796015,2328","5825137,69","13,36134","52,49587",7010104.0,Dennewitzplatz,4047.0
194200,11,7,,2019,4,6,5,3,3,6,0,0,1,0,0,0,0,0,"798649,5398","5820508,38","13,39589","52,45294",7050503.0,Eisenacher Straße,4534.0
194201,11,3,,2019,4,17,5,3,1,5,0,1,1,0,0,0,0,0,"799327,0936","5830077,249","13,41443","52,53834",3071537.0,Kollwitzplatz,4859.0
194202,11,7,,2019,4,16,5,3,0,3,0,0,1,0,1,0,0,0,"796820,3246","5820139,648","13,36872","52,45063",7040404.0,Marienhöhe,4134.0
194203,11,5,,2019,4,16,5,3,0,3,0,0,1,0,0,0,1,0,"785563,3451","5826155,458","13,20868","52,51056",5020629.0,Börnicker Straße,1751.0
194204,11,2,,2019,4,16,5,3,5,1,0,0,1,0,1,0,0,0,"801458,406","5827274,313","13,44322","52,51204",2040703.0,Wriezener Bahnhof/Entwicklungsgebiet,5252.0
194205,11,9,,2019,4,16,5,2,5,3,0,1,1,0,0,0,0,0,"809656,3168","5821501,986","13,55827","52,45572",9051901.0,Dammvorstadt,6935.0
194206,11,4,,2019,4,16,5,3,0,4,0,1,0,1,0,0,0,0,"790788,1732","5824798,841","13,28427","52,49564",4041134.0,Bismarckallee,2847.0
194207,11,3,,2019,4,15,5,2,5,3,0,1,1,0,0,0,0,0,"800516,6052","5836163,158","13,43743","52,59223",3020307.0,Buchholz,5175.0
194208,11,4,,2019,4,16,5,3,2,6,0,0,1,0,0,0,0,0,"793930,953","5825041,733","13,33065","52,49613",4051448.0,Schaperstraße,3547.0
194209,11,6,,2019,4,15,5,3,5,2,0,1,1,0,0,0,0,0,"788224,898","5818882,666","13,24151","52,44396",6040804.0,Krumme Lanke,2232.0
194210,11,9,,2019,4,15,5,3,3,6,0,0,1,0,1,0,0,0,"810530,6137","5820315,245","13,57","52,44459",9020802.0,Köllnische Vorstadt,7132.0
194211,11,2,,2019,4,5,5,2,2,6,0,1,1,0,0,0,0,0,"801830,3115","5828987,959","13,45023","52,52719",2050601.0,Hausburgviertel,5356.0
194212,11,1,,2019,4,15,5,3,2,2,0,1,1,0,0,0,0,0,"799248,351","5828469,191","13,41182","52,52397",1011303.0,Alexanderplatzviertel,4755.0
194213,11,11,,2019,4,13,5,3,5,5,0,1,1,0,0,0,1,0,"803513,5106","5826456,442","13,47266","52,50357",11040925.0,Victoriastadt,5649.0
194214,11,9,,2019,4,12,5,2,5,3,0,1,1,0,0,0,0,0,"811636,2127","5820017,711","13,58593","52,44129",9041501.0,Altstadt Kietz,7331.0
194215,11,3,,2019,4,12,5,3,5,3,0,1,0,0,0,0,1,0,"801579,3545","5836356,045","13,45324","52,59337",3030711.0,Blankenburg,5376.0
194216,11,9,,2019,4,12,5,3,0,3,0,1,1,0,0,0,0,0,"811639,6673","5818610,11","13,58467","52,42868",9041301.0,Kietzer Feld/Nachtheide,7327.0
194217,11,5,,2019,4,12,5,3,5,3,0,0,1,0,1,0,0,0,"780885,8714","5829128,976","13,14246","52,53965",5020415.0,Isenburger Weg,760.0
194218,11,2,,2019,4,12,5,3,5,2,0,0,1,0,1,0,0,0,"801864,804","5828982,56","13,45074","52,52713",2050601.0,Hausburgviertel,5356.0
194219,11,7,,2019,4,11,5,3,5,3,0,1,1,0,0,0,0,0,"794736,482","5825538,538","13,34292","52,50015",7010101.0,Wittenbergplatz/Viktoria-Luise-Platz,3748.0
194220,11,3,,2019,4,10,5,3,3,6,0,1,1,0,0,0,0,0,"801269,9545","5831848,101","13,44459","52,55314",3050923.0,Weißenseer Spitze,5264.0
194221,11,9,,2019,4,9,5,3,5,2,0,1,0,0,0,1,0,0,"807686,6878","5817735,954","13,52591","52,42308",9030901.0,Dorf Altglienicke,6426.0
194222,11,8,,2019,4,9,5,3,1,5,0,1,1,0,0,0,0,0,"801498,0457","5824692,06","13,44146","52,48887",8010302.0,Bouchéstraße,5245.0
194223,11,12,,2019,4,9,5,3,0,6,0,0,0,0,0,0,1,0,"793465,3911","5836104,558","13,33358","52,59556",12301203.0,Wittenau Süd,3676.0
194224,11,3,,2019,4,9,5,3,5,2,0,1,1,0,0,0,0,0,"801855,7578","5832900,487","13,45416","52,56225",3050919.0,Gustav-Adolf-Straße,5466.0
194225,11,7,,2019,4,8,5,3,5,3,0,1,1,0,0,0,0,0,"795395,8201","5821210,634","13,34877","52,461",7030303.0,Grazer Platz,3837.0
194226,11,1,,2019,4,8,5,3,5,3,0,1,1,0,0,0,0,0,"798589,419","5829514,15","13,40308","52,5337",1011402.0,Arkonaplatz,4658.0
194227,11,2,,2019,4,13,5,3,1,7,0,0,1,0,0,0,0,0,"801001,6775","5825499,645","13,4349","52,49639",2030401.0,Reichenberger Straße,5147.0
194228,11,3,,2019,4,16,5,3,5,7,0,1,1,0,0,0,0,0,"801841,191","5830733,662","13,45198","52,54283",3061429.0,Greifswalder Straße,5361.0
194229,11,5,,2019,4,20,4,3,1,1,2,0,1,0,0,0,0,0,"786652,7915","5830453,765","13,2284","52,54853",5030730.0,Zitadellenweg,2062.0
194230,11,5,,2019,4,20,4,2,5,3,2,0,1,0,1,0,0,0,"782818,7088","5830395,794","13,17196","52,55001",5010209.0,An der Kappe,1263.0
194231,11,9,,2019,4,16,4,3,0,3,0,1,1,0,0,0,0,0,"820200,6077","5819629,404","13,71114","52,43287",9051801.0,Rahnsdorf/Hessenwinkel,9229.0
194232,11,2,,2019,4,22,4,3,6,2,2,0,1,1,0,0,0,0,"799599,2407","5825844,639","13,41462","52,50025",2010103.0,Moritzplatz,4848.0
194233,11,9,,2019,4,11,4,3,0,3,0,0,1,0,0,0,0,0,"809216,4716","5823033,017","13,55324","52,46969",9052001.0,Köpenick Nord,6839.0
194234,11,1,,2019,4,11,4,3,2,6,0,0,1,0,1,0,0,0,"796222,0713","5828479,488","13,36736","52,52571",1022206.0,Lüneburger Straße,4156.0
194235,11,1,,2019,4,20,4,3,5,3,2,0,1,0,0,0,1,0,"793686,5861","5832251,554","13,33343","52,5609",1044101.0,Rehberge,3666.0
194236,11,4,,2019,4,5,4,3,6,2,1,1,0,1,0,0,0,0,"792875,9004","5824340,117","13,31453","52,49041",4051446.0,Preußenpark,3345.0
194237,11,2,,2019,4,20,4,3,5,3,1,1,0,0,0,0,0,0,"797956,2256","5824572,259","13,38935","52,48974",2020205.0,Chamissokiez,4445.0
194238,11,7,,2019,4,22,4,3,3,6,2,0,1,0,0,0,0,0,"795859,9075","5823156,402","13,3573","52,47819",7020204.0,Schöneberger Insel,3942.0
194239,11,1,,2019,4,21,4,3,5,7,2,0,1,0,1,0,0,0,"794737,4757","5826038,095","13,34337","52,50463",1011101.0,Stülerstraße,3750.0
194240,11,4,,2019,4,20,4,3,5,3,1,1,1,0,0,0,0,0,"792956,8541","5825541,968","13,31678","52,50114",4030930.0,George-Grosz-Platz,3349.0
194241,11,6,,2019,4,18,4,3,3,6,0,1,1,0,0,0,0,0,"791446,323","5819340,096","13,28917","52,44635",6040809.0,Thielallee,2933.0
194242,11,7,,2019,4,18,4,3,0,6,0,1,0,0,0,0,1,0,"795851,7939","5822567,074","13,35666","52,47291",7030303.0,Grazer Platz,3940.0
194243,11,5,,2019,4,17,4,3,6,7,0,0,1,1,0,0,0,0,"784859,9298","5829533,696","13,20124","52,54122",5010313.0,Ackerstraße,1660.0
194244,11,6,,2019,4,20,4,3,1,1,1,0,1,0,0,0,0,0,"790476,5668","5817557,308","13,27339","52,43089",6030503.0,Zehlendorf Mitte,2728.0
194245,11,1,,2019,4,13,4,3,0,1,0,1,0,0,0,0,0,0,"795945,711","5825827,545","13,36094","52,50209",1011103.0,Lützowstraße,4049.0
194246,11,3,,2019,4,17,4,3,1,1,0,0,1,0,1,0,0,0,"800483,2138","5836390,306","13,43714","52,59429",3020307.0,Buchholz,5176.0
194247,11,7,,2019,4,17,4,3,2,6,0,0,1,0,0,0,0,0,"798893,7152","5821134,063","13,40003","52,45841",7040405.0,Rathaus Tempelhof,4636.0
194248,11,10,,2019,4,12,4,3,2,6,0,0,1,0,1,0,0,0,"812197,9682","5830919,895","13,60438","52,53867",10020414.0,Helle Mitte,7660.0
194249,11,2,,2019,4,12,4,3,2,7,0,0,1,0,0,0,1,0,"800984,3166","5828251,911","13,43714","52,52106",2040502.0,Friedenstraße,5154.0
194250,11,11,,2019,4,16,4,3,6,4,0,0,1,1,0,0,0,0,"804578,0699","5829087,519","13,4907","52,52656",11030720.0,Herzbergstraße,5956.0
194251,11,1,,2019,4,13,4,3,1,5,0,1,1,0,0,0,0,0,"798437,707","5829159,231","13,40053","52,5306",1011401.0,Invalidenstraße,4657.0
194252,11,2,,2019,4,13,4,3,5,2,0,1,1,0,0,0,0,0,"801765,0173","5826249,193","13,44679","52,50268",2040703.0,Wriezener Bahnhof/Entwicklungsgebiet,5249.0
194253,11,5,,2019,4,13,4,3,5,2,0,0,1,0,0,0,0,0,"784662,6664","5829704,043","13,19849","52,54285",5010313.0,Ackerstraße,1661.0
194254,11,1,,2019,4,15,4,3,5,3,0,1,1,0,0,0,0,0,"798582,1308","5829513,656","13,40297","52,5337",1011402.0,Arkonaplatz,4658.0
194255,11,1,,2019,4,15,4,3,5,2,0,1,1,0,0,0,0,0,"793952,8586","5830171,198","13,3355","52,54211",1044101.0,Rehberge,3661.0
194256,11,1,,2019,4,10,4,3,5,2,0,0,1,0,0,0,1,0,"798079,604","5829993,131","13,39601","52,53827",1033201.0,Brunnenstraße,4559.0
194257,11,11,,2019,4,10,4,3,2,2,0,1,0,0,0,0,1,0,"803334,8062","5826303,637","13,4699","52,5023",11051229.0,Rummelsburg,5649.0
194258,11,1,,2019,4,10,4,3,6,2,0,1,0,1,0,0,0,0,"797079,7622","5828184,997","13,3797","52,52261",1011301.0,Charitéviertel,4355.0
194259,11,5,,2019,4,9,4,3,2,6,0,0,1,0,0,0,0,0,"784586,6278","5829180,428","13,19692","52,5382",5010314.0,Carl-Schurz-Straße,1559.0
194260,11,10,,2019,4,8,4,3,5,2,0,1,1,0,0,0,0,0,"809117,8859","5829716,913","13,558","52,52964",10030724.0,Oberfeldstraße,6957.0
194261,11,3,,2019,4,6,4,3,2,2,0,0,1,0,0,0,0,0,"799387,9321","5835264,099","13,42","52,5848",3040614.0,Pankow Zentrum,4973.0
194262,11,8,,2019,4,17,4,3,1,2,0,0,1,1,0,0,1,0,"800479,9787","5823616,033","13,42554","52,47979",8010117.0,Schillerpromenade,4942.0
194263,11,7,,2019,4,14,3,3,5,2,0,1,1,0,0,0,0,0,"798730,812","5821869,15","13,3983","52,46509",7040405.0,Rathaus Tempelhof,4538.0
194264,11,3,,2019,4,21,3,3,6,4,2,1,1,1,0,0,0,0,"800914,8682","5830713,172","13,43834","52,54316",3061228.0,Erich-Weinert-Straße,5161.0
194265,11,12,,2019,4,21,3,3,2,2,2,0,1,0,0,0,0,0,"790731,0245","5835265,945","13,29259","52,58951",12304314.0,Ziekowstraße/Freie Scholle,3074.0
194266,11,1,,2019,4,21,3,3,0,7,2,0,0,0,1,0,0,0,"797927,969","5829908,712","13,39371","52,53759",1033202.0,Humboldthain Süd,4559.0
194267,11,11,,2019,4,10,3,3,5,2,0,0,1,0,1,0,0,0,"806095,1541","5834571,353","13,51805","52,57486",11010102.0,Dorf Wartenberg,6370.0
194268,11,4,,2019,4,10,3,3,5,3,0,1,1,0,0,0,0,0,"791665,3445","5830679,34","13,30231","52,54789",4010102.0,Plötzensee,3162.0
194269,11,9,,2019,4,20,3,3,5,2,2,0,1,0,0,0,0,0,"808977,0649","5818113,376","13,54518","52,42573",9020701.0,Adlershof West,6727.0
194270,11,12,,2019,4,10,3,3,2,2,0,0,1,0,0,0,0,0,"792927,309","5837087,05","13,32653","52,60466",12302211.0,Lübarser Straße,3579.0
194271,11,5,,2019,4,12,3,3,2,6,0,0,1,0,0,0,0,0,"784789,0412","5828838,99","13,1996","52,53503",5010314.0,Carl-Schurz-Straße,1658.0
194272,11,4,,2019,4,17,3,3,5,2,0,0,1,0,1,0,0,0,"792055,444","5822456,13","13,30083","52,47396",4041342.0,Schlangenbader Straße,3141.0