OBJECTID,LAND,BEZ,LOR_ab_2021,UJAHR,UMONAT,USTUNDE,UWOCHENTAG,UKATEGORIE,UART,UTYP1,ULICHTVERH,IstRad,IstPKW,IstFuss,IstKrad,IstGkfz,IstSonstige,USTRZUSTAND,LINREFX,LINREFY,XGCSWGS84,YGCSWGS84,LOR,STRASSE,quadrant
194273,11,5,,2019,4,10,3,3,8,1,0,0,1,0,0,0,0,0,"782120,7773","5827991,353","13,15965","52,52882",5020417.0,Staakener Straße,1057.0
194274,11,1,,2019,4,9,3,3,5,3,0,1,1,0,0,0,0,0,"796957,4239","5826860,907","13,37672","52,5108",1011201.0,Wilhelmstraße,4251.0
194275,11,7,,2019,4,9,3,3,0,2,0,0,1,0,0,0,1,0,"795525,365","5823858,672","13,35302","52,48467",7020203.0,Kaiser-Wilhelm-Platz,3944.0
194276,11,4,,2019,4,9,3,2,5,2,0,1,1,0,0,0,0,0,"794163,004","5826986,618","13,33577","52,51344",4030621.0,Spreestadt,3652.0
194277,11,3,,2019,4,8,3,3,5,2,0,0,1,0,0,0,0,0,"800221,7068","5831191,252","13,42858","52,54783",3061228.0,Erich-Weinert-Straße,5062.0
194278,11,3,,2019,4,9,3,3,2,6,0,0,0,0,1,0,1,0,"801741,4495","5830058,95","13,4499","52,53684",3061430.0,Volkspark Prenzlauer Berg,5359.0
194279,11,4,,2019,4,9,3,3,3,6,0,0,1,0,0,0,0,0,"794171,2948","5825334,072","13,33443","52,49863",4051448.0,Schaperstraße,3648.0
194280,11,3,,2019,4,8,3,3,5,3,0,0,1,0,0,0,0,0,"801991,3283","5832821,039","13,45609","52,56146",3050919.0,Gustav-Adolf-Straße,5466.0
194281,11,5,,2019,4,8,3,2,5,2,0,0,1,0,1,0,0,0,"780081,9237","5830182,741","13,13152","52,54952",5010205.0,An der Tränke,663.0
194282,11,5,,2019,4,8,3,3,5,7,0,0,1,0,1,0,0,0,"785448,3156","5828608,739","13,2091","52,53262",5010314.0,Carl-Schurz-Straße,1758.0
194283,11,1,,2019,4,8,3,2,5,3,0,1,1,0,0,0,0,0,"796541,3588","5829874,363","13,37329","52,53804",1033203.0,Humboldthain Nordwest,4259.0
194284,11,5,,2019,4,7,3,3,5,2,0,1,0,0,0,0,1,0,"784734,2423","5828588,874","13,19858","52,53281",5020625.0,Borkumer Straße,1658.0
194285,11,9,,2019,4,6,3,3,5,3,0,1,1,0,0,0,0,0,"805715,2015","5823995,11","13,50274","52,48028",9020501.0,Oberschöneweide West,6142.0
194286,11,2,,2019,4,11,3,2,2,6,0,0,1,0,1,0,0,0,"797373,2477","5824874,809","13,38105","52,49277",2020203.0,Viktoriapark,4346.0
194287,11,4,,2019,4,11,3,3,5,2,0,1,1,0,0,0,0,0,"792600,8069","5823072,879","13,30938","52,4792",4041239.0,Stadion Wilmersdorf,3242.0
194288,11,1,,2019,4,11,3,3,5,2,0,0,1,0,0,0,0,0,"794906,5318","5828293,701","13,34786","52,52476",1022204.0,Thomasiusstraße,3855.0
194289,11,5,,2019,4,12,3,3,2,7,0,1,1,0,0,0,0,0,"781715,5641","5829145,928","13,15467","52,53938",5020417.0,Staakener Straße,960.0
194290,11,8,,2019,4,12,3,3,0,7,0,0,1,0,0,0,0,0,"801181,5049","5820594,769","13,43311","52,45232",8020620.0,Tempelhofer Weg,5034.0
194291,11,12,,2019,4,12,3,3,2,6,0,0,1,0,0,0,0,0,"792067,133","5832942,138","13,31021","52,56796",12214422.0,Klixstraße,3268.0
194292,11,9,,2019,4,13,3,3,2,6,0,0,1,0,0,0,0,0,"809338,0593","5822682,147","13,5547","52,46648",9052001.0,Köpenick Nord,6938.0
194293,11,4,,2019,4,14,3,3,0,7,0,0,1,0,0,0,1,0,"793331,818","5824306,102","13,3212","52,48986",4051550.0,Leon-Jessel-Platz,3445.0
194294,11,7,,2019,4,13,3,3,2,6,0,0,1,0,0,0,1,0,"799059,6851","5819743,743","13,40122","52,44586",7050503.0,Eisenacher Straße,4632.0
194295,11,4,,2019,4,14,3,3,1,5,0,1,1,0,0,0,0,0,"792154,185","5827256,586","13,30649","52,51694",4030622.0,Richard-Wagner-Straße,3253.0
194296,11,8,,2019,4,14,3,3,0,6,0,0,1,0,1,0,0,0,"802520,0362","5823137,956","13,45506","52,47438",8010404.0,Rixdorf,5441.0
194297,11,5,,2019,4,15,3,3,2,6,0,0,1,0,0,0,0,0,"781126,8621","5820046,881","13,13833","52,45809",5040936.0,Jägerallee,736.0
194298,11,4,,2019,4,15,3,3,6,4,0,0,1,1,0,0,0,0,"793054,1234","5825234,726","13,31794","52,49834",4051446.0,Preußenpark,3348.0
194299,11,9,,2019,4,16,3,2,5,2,0,1,1,0,0,0,0,0,"814209,9275","5821928,129","13,62547","52,45694",9051702.0,Bölschestraße,7936.0
194300,11,1,,2019,4,16,3,3,5,3,0,1,1,0,0,0,0,0,"798658,8791","5828820,445","13,40348","52,52744",1011302.0,Oranienburger Straße,4656.0
194301,11,1,,2019,4,16,3,3,5,2,0,0,1,0,1,0,0,0,"794405,322","5827596,943","13,33987","52,51879",1022207.0,Hansaviertel,3754.0
194302,11,1,,2019,4,15,2,3,2,2,0,0,1,0,0,0,0,0,"794018,7826","5830174,786","13,33647","52,5421",1044101.0,Rehberge,3661.0
194303,11,8,,2019,4,14,2,3,5,2,0,1,1,0,0,0,0,0,"804702,8475","5817818,272","13,48224","52,42549",8030831.0,Gropiusstadt Ost,5826.0
194304,11,2,,2019,4,15,2,3,2,6,0,0,1,0,0,0,0,0,"798626,4927","5826386,806","13,40081","52,50564",2010102.0,Mehringplatz,4650.0
194305,11,1,,2019,4,22,2,3,1,5,2,0,1,0,1,0,0,0,"795871,8214","5831152,289","13,36459","52,54986",1044201.0,Reinickendorfer Straße,4063.0
194306,11,4,,2019,4,19,2,3,5,7,2,0,1,0,0,0,0,0,"790398,4917","5825655,644","13,27929","52,50353",4020314.0,Messegelände,2849.0
194307,11,1,,2019,4,0,2,3,2,6,2,0,1,0,0,0,0,0,"796633,8928","5829795,261","13,37458","52,53728",1033203.0,Humboldthain Nordwest,4259.0
194308,11,11,,2019,4,23,2,3,5,3,2,0,1,0,0,0,0,0,"805479,1079","5826709,051","13,50176","52,50474",11040926.0,Weitlingstraße,6150.0
194309,11,12,,2019,4,18,2,3,6,4,0,0,1,1,0,0,0,0,"789586,8102","5834345,239","13,27495","52,58186",12214527.0,Alt-Tegel,2772.0
194310,11,10,,2019,4,18,2,3,5,2,0,0,1,0,0,0,0,0,"809288,6192","5831671,631","13,56232","52,54706",10010207.0,Marzahner Promenade,7062.0
194311,11,9,,2019,4,18,2,2,0,1,0,0,0,0,1,0,0,0,"814778,0518","5818254,595","13,63034","52,42369",9041301.0,Kietzer Feld/Nachtheide,8026.0
194312,11,3,,2019,4,16,2,2,2,6,0,1,0,0,0,0,0,0,"801655,0986","5830131,325","13,4487","52,53754",3061429.0,Greifswalder Straße,5359.0
194313,11,9,,2019,4,14,2,3,0,7,0,1,0,1,0,0,0,0,"811239,5968","5820234,022","13,58032","52,44346",9041501.0,Altstadt Kietz,7232.0
194314,11,10,,2019,4,14,2,3,5,3,0,1,0,0,0,0,0,0,"814334,1088","5830073,418","13,63498","52,52986",10040931.0,Mahlsdorf Nord,8057.0
194315,11,9,,2019,4,14,2,2,4,1,0,0,1,0,0,0,0,0,"808012,3533","5819781,715","13,53257","52,44123",9020701.0,Adlershof West,6531.0
194316,11,9,,2019,4,13,2,3,0,2,0,0,1,0,0,0,1,0,"811334,4335","5815644,977","13,57744","52,40228",9031001.0,Bohnsdorf,7220.0
194317,11,8,,2019,4,13,2,3,2,6,0,1,1,0,0,0,0,0,"802511,0942","5817956,63","13,45023","52,42794",8030830.0,Gropiusstadt Süd,5327.0
194318,11,9,,2019,4,10,2,3,5,3,0,1,1,0,0,0,0,0,"816925,2586","5817159,654","13,66078","52,41264",9041601.0,Müggelheim,8423.0
194319,11,2,,2019,4,9,2,2,5,3,0,0,1,0,1,0,0,0,"797615,8904","5825532,086","13,38521","52,49853",2020202.0,Rathaus Yorckstraße,4348.0
194320,11,9,,2019,4,10,1,2,5,3,0,0,1,0,0,0,1,0,"807941,2417","5816571,334","13,52857","52,4125",9030901.0,Dorf Altglienicke,6523.0
194321,11,4,,2019,4,18,1,3,6,4,0,1,0,1,0,0,0,0,"791240,7003","5829696,332","13,29521","52,53931",4010101.0,Jungfernheide,3060.0
194322,11,7,,2019,4,16,1,3,5,3,0,1,1,0,0,0,0,0,"797858,3473","5815725,804","13,38002","52,4105",7060604.0,Marienfelde Süd,4322.0
194323,11,8,,2019,4,16,1,3,5,3,0,0,1,0,1,0,0,0,"799853,5367","5816513,466","13,40997","52,41647",8020726.0,Buckow West,4724.0
194324,11,9,,2019,4,16,1,3,6,7,0,1,0,1,0,0,0,0,"812159,8944","5819710,566","13,59333","52,43824",9041301.0,Kietzer Feld/Nachtheide,7430.0
194325,11,2,,2019,4,15,1,3,6,7,0,1,0,1,0,0,0,0,"800565,0628","5825807,808","13,42877","52,49939",2030302.0,Lausitzer Platz,5048.0
194326,11,3,,2019,4,11,1,3,5,7,0,1,1,0,0,0,0,0,"799219,868","5831773,706","13,41438","52,5536",3061126.0,Arnimplatz,4864.0
194327,11,10,,2019,4,17,1,2,1,5,0,1,1,0,0,0,0,0,"809827,7192","5832983,341","13,57147","52,55851",10010204.0,Wuhletalstraße,7165.0
194328,11,8,,2019,4,3,1,3,1,1,2,0,1,0,0,0,1,0,"801780,8785","5822803,604","13,4439","52,47179",8010404.0,Rixdorf,5240.0
194329,11,11,,2019,4,14,1,3,0,2,0,0,0,0,0,0,1,0,"806293,0676","5834079,293","13,52051","52,57033",11010206.0,Wartenberg Süd,6369.0
194330,11,3,,2019,4,16,1,3,1,1,0,0,1,0,1,0,0,0,"799131,3766","5830269,174","13,41172","52,54017",3071536.0,Teutoburger Platz,4760.0
194331,11,11,,2019,4,7,1,3,0,1,0,1,0,0,0,0,0,0,"803822,9132","5829137,841","13,47965","52,52743",11030619.0,Fennpfuhl Ost,5756.0
194332,11,1,,2019,4,15,1,3,5,2,0,0,1,0,0,0,1,0,"796447,1721","5831945,214","13,37376","52,55666",1044201.0,Reinickendorfer Straße,4265.0
194333,11,1,,2019,4,18,1,3,0,1,0,0,0,0,1,0,0,0,"797834,3294","5830450,071","13,39282","52,5425",1033201.0,Brunnenstraße,4461.0
194334,11,5,,2019,4,3,7,1,9,1,2,0,1,0,0,1,0,0,"784381,6805","5829957,697","13,19457","52,54527",5010313.0,Ackerstraße,1561.0
194335,11,3,,2019,4,17,7,3,5,2,0,1,1,0,0,0,0,0,"796558,2255","5840101,447","13,38269","52,62971",3020203.0,Blankenfelde,4386.0
194336,11,9,,2019,4,9,7,2,1,5,0,1,1,0,0,0,0,0,"814697,5324","5820825,206","13,63158","52,44678",9051702.0,Bölschestraße,8033.0
194337,11,7,,2019,4,14,7,3,1,5,0,1,1,0,0,0,0,0,"795538,8427","5815979,416","13,34624","52,41403",7060604.0,Marienfelde Süd,3823.0
194338,11,4,,2019,4,20,7,3,1,5,1,1,1,0,0,0,0,0,"792586,5383","5826114,097","13,31184","52,50647",4030827.0,Karl-August-Platz,3250.0
194339,11,2,,2019,4,18,7,3,5,2,0,1,1,0,0,0,0,0,"799065,5907","5825613,522","13,40657","52,49847",2010104.0,Wassertorplatz,4748.0
194340,11,8,,2019,4,15,7,3,3,6,0,1,1,0,0,0,0,0,"801701,5992","5822577,47","13,44254","52,46981",8010404.0,Rixdorf,5239.0
194341,11,9,,2019,4,15,7,3,6,4,0,0,1,1,0,0,0,0,"814202,5887","5821321,026","13,62479","52,4515",9051702.0,Bölschestraße,7934.0
194342,11,5,,2019,4,13,7,3,5,2,0,0,1,0,0,0,0,0,"782366,4659","5830501,279","13,1654","52,55119",5010206.0,Gütersloher Weg,1163.0
194343,11,6,,2019,4,13,7,3,0,7,0,1,0,0,0,0,0,0,"787534,9809","5817273,121","13,23","52,42989",6030501.0,Berlepschstraße,2028.0
194344,11,2,,2019,4,12,7,3,5,2,0,0,1,0,0,0,1,0,"797751,8312","5824596,901","13,38637","52,49008",2020203.0,Viktoriapark,4445.0
194345,11,8,,2019,4,11,7,3,2,2,0,0,0,0,1,0,1,0,"801302,133","5823988,251","13,43795","52,48267",8010301.0,Reuterkiez,5143.0
194346,11,7,,2019,4,1,7,3,0,3,2,0,1,0,0,0,1,0,"799428,2881","5813175,173","13,40075","52,38678",7070703.0,John-Locke-Straße,4615.0
194347,11,8,,2019,4,7,7,2,5,3,0,0,1,0,0,0,0,0,"805536,0028","5818566,233","13,49514","52,43173",8041037.0,Alt-Rudow,6028.0
194348,11,12,,2019,4,8,7,3,5,2,0,1,1,0,0,0,0,0,"793390,7319","5832515,873","13,32931","52,56343",12214424.0,Scharnweberstraße,3567.0
194349,11,6,,2019,4,9,7,3,5,3,0,1,1,0,0,0,0,0,"795532,0335","5819966,641","13,34967","52,44978",6010205.0,Südende,3834.0
194350,11,7,,2019,4,10,7,3,2,6,0,0,1,0,0,0,0,0,"799818,5648","5813186,494","13,40648","52,38667",7070703.0,John-Locke-Straße,4615.0
194351,11,6,,2019,4,10,7,2,6,2,0,0,1,1,0,0,0,0,"793275,4515","5819096,086","13,31579","52,44319",6030609.0,Augustaplatz,3332.0
194352,11,7,,2019,4,10,7,3,2,2,0,0,1,0,0,0,0,0,"798021,4115","5819648,762","13,38591","52,44557",7050501.0,Rathausstraße,4332.0
194353,11,2,,2019,4,5,7,2,5,3,2,0,1,0,0,0,1,0,"800718,317","5827875,86","13,43289","52,51784",2040701.0,Andreasviertel,5053.0
194354,11,11,,2019,5,14,5,3,5,7,0,1,1,0,0,0,0,1,"804688,929","5828427,135","13,49173","52,52058",11030721.0,Rüdigerstraße,5954.0
194355,11,1,,2019,5,14,5,3,0,6,0,1,1,0,0,0,0,0,"797433,396","5831263,498","13,38765","52,55001",1033102.0,Gesundbrunnen,4463.0
194356,11,6,,2019,5,17,5,3,1,5,0,1,1,0,0,0,0,0,"793963,3532","5820437,767","13,32706","52,45484",6010207.0,Mittelstraße,3535.0
194357,11,9,,2019,5,12,5,3,5,3,0,1,1,0,0,0,0,0,"808809,4645","5819002,117","13,54354","52,43379",9020701.0,Adlershof West,6729.0
194358,11,6,,2019,5,17,5,3,5,3,0,0,1,0,0,0,0,0,"796519,01","5817311,25","13,36179","52,42544",6020306.0,Lankwitz Süd,4026.0
194359,11,9,,2019,5,14,5,3,5,3,0,0,1,0,1,0,0,1,"804938,7156","5820712,241","13,48834","52,45129",9010302.0,Späthsfelde,5934.0
194360,11,4,,2019,5,13,5,3,1,5,0,1,1,0,0,0,0,1,"793062,9351","5826099,304","13,31883","52,50608",4030828.0,Savignyplatz,3350.0
194361,11,2,,2019,5,17,5,3,2,6,0,1,1,0,0,0,0,0,"801492,826","5827923,972","13,44431","52,51784",2040503.0,Richard-Sorge-Viertel,5253.0
194362,11,7,,2019,5,14,5,3,5,2,0,1,1,0,0,0,0,0,"794770,9525","5825692,85","13,34356","52,50152",7010101.0,Wittenbergplatz/Viktoria-Luise-Platz,3749.0
194363,11,11,,2019,5,17,5,3,5,2,0,1,1,0,0,0,0,0,"804587,552","5826362,866","13,48835","52,50213",11040926.0,Weitlingstraße,5949.0
194364,11,3,,2019,5,16,5,3,5,3,0,1,1,0,0,0,0,0,"798133,1058","5836522,369","13,40267","52,59676",3020209.0,Niederschönhausen,4677.0
194365,11,2,,2019,5,16,5,3,0,3,0,1,1,0,0,0,0,0,"800314,7511","5827618,16","13,42673","52,51575",2040701.0,Andreasviertel,5053.0
194366,11,12,,2019,5,16,5,3,2,6,0,0,1,0,0,1,0,0,"793590,8079","5832534,444","13,33227","52,56349",12103218.0,Teichstraße,3567.0
194367,11,9,,2019,5,5,5,2,4,6,1,0,0,0,0,0,1,1,"816844,0268","5812910,541","13,65557","52,37462",9031202.0,Schmöckwitz/Rauchfangswerder,8412.0
194368,11,9,,2019,5,9,5,2,6,3,0,0,1,1,0,0,0,0,"810989,9744","5820319,478","13,57674","52,44436",9041501.0,Altstadt Kietz,7232.0
194369,11,4,,2019,5,8,5,3,3,6,0,1,1,0,0,0,0,0,"793444,5305","5823962,165","13,32255","52,48672",4051652.0,Nikolsburger Platz,3444.0
194370,11,1,,2019,5,9,5,3,5,3,0,1,0,0,0,0,1,0,"799060,4355","5829007,208","13,40954","52,52889",1011302.0,Oranienburger Straße,4757.0
194371,11,8,,2019,5,7,5,3,2,3,0,1,0,0,0,0,0,0,"802163,9174","5823362,712","13,45003","52,47659",8010404.0,Rixdorf,5341.0
194372,11,2,,2019,5,7,5,3,5,2,0,1,1,0,0,0,0,1,"796768,6885","5826034,571","13,37321","52,5035",2020201.0,Gleisdreieck/Entwicklungsgebiet,4249.0
194373,11,10,,2019,5,7,5,3,5,3,0,1,1,0,0,0,0,0,"811153,5421","5828388,181","13,58667","52,51658",10020622.0,Kaulsdorf Nord I,7353.0
194374,11,2,,2019,5,7,5,3,5,2,0,1,0,0,0,0,1,1,"801865,7288","5828983,034","13,45075","52,52713",2050601.0,Hausburgviertel,5356.0
194375,11,12,,2019,5,7,5,3,5,2,0,1,0,0,0,0,1,0,"792304,4734","5833990,785","13,31463","52,57723",12214422.0,Klixstraße,3371.0
194376,11,10,,2019,5,14,5,3,5,2,0,0,0,0,1,0,1,1,"809629,5328","5828924,246","13,56478","52,52225",10030724.0,Oberfeldstraße,7055.0
194377,11,12,,2019,5,13,5,3,5,3,0,1,1,0,0,0,0,1,"796233,2757","5833661,649","13,37214","52,57216",12103115.0,Breitkopfbecken,4169.0
194378,11,2,,2019,5,13,5,2,4,6,0,0,1,0,0,1,0,1,"802126,3503","5828462,974","13,45411","52,52232",2050601.0,Hausburgviertel,5455.0
194379,11,5,,2019,5,13,5,2,5,2,0,0,1,0,0,0,0,0,"782379,9454","5827031,936","13,16265","52,52008",5020523.0,Maulbeerallee,1054.0
194380,11,9,,2019,5,12,5,3,5,2,0,1,0,0,0,0,0,0,"811182,7153","5822107,388","13,58123","52,46028",9052001.0,Köpenick Nord,7237.0
194381,11,1,,2019,5,11,5,2,5,3,0,0,1,0,0,0,0,0,"796437,2104","5826324,14","13,3686","52,50628",1011105.0,Nördlicher Landwehrkanal,4150.0
194382,11,4,,2019,5,10,5,3,5,2,0,0,1,0,0,0,0,0,"791265,9289","5823330,345","13,29001","52,48222",4041137.0,Flinsberger Platz,2943.0
194383,11,4,,2019,5,10,5,3,6,2,0,0,1,1,0,0,0,0,"786924,4429","5825820,218","13,2284","52,50684",4020208.0,Kranzallee,2050.0
194384,11,10,,2019,5,6,4,3,5,2,0,1,1,0,0,0,0,0,"812227,8769","5830702,522","13,60462","52,5367",10020414.0,Helle Mitte,7659.0
194385,11,11,,2019,5,10,4,3,3,6,0,0,0,0,1,0,1,0,"807091,4065","5825784,744","13,52459","52,49555",11041128.0,Sewanstraße,6447.0
194386,11,3,,2019,5,13,4,3,5,2,0,1,1,0,0,0,0,0,"799544,3764","5830089,096","13,41763","52,53832",3071537.0,Kollwitzplatz,4859.0
194387,11,5,,2019,5,10,4,3,2,6,0,0,1,0,0,0,0,0,"783940,223","5823367,917","13,18245","52,48642",5040934.0,Alt-Gatow,1344.0
194388,11,7,,2019,5,20,4,3,6,4,0,0,1,1,0,0,0,0,"795431,1577","5821687,531","13,34971","52,46526",7030303.0,Grazer Platz,3838.0
194389,11,5,,2019,5,18,4,3,5,3,0,0,1,0,0,0,0,0,"780053,1994","5819443,377","13,12207","52,45323",5040936.0,Jägerallee,435.0
194390,11,2,,2019,5,8,4,3,0,6,0,1,1,0,0,0,0,0,"802842,8777","5826587,4","13,46293","52,50512",2050802.0,Boxhagener Platz,5550.0
194391,11,11,,2019,5,7,4,2,6,4,0,0,0,1,0,0,1,0,"806602,1766","5827734,549","13,5192","52,5133",11041022.0,Rosenfelder Ring,6352.0
194392,11,5,,2019,5,21,4,3,5,3,2,1,1,0,0,0,0,0,"784421,2177","5831938,433","13,19685","52,56301",5010101.0,Hakenfelde Nord,1567.0
194393,11,3,,2019,5,20,4,2,5,2,1,1,1,0,0,0,0,0,"800192,7513","5830931,051","13,42792","52,54551",3061228.0,Erich-Weinert-Straße,5062.0
194394,11,10,,2019,5,16,4,3,5,3,0,1,1,0,0,0,0,0,"812640,3779","5825270,994","13,60558","52,4878",10040933.0,Mahlsdorf Süd,7645.0
194395,11,7,,2019,5,16,4,3,5,2,0,0,1,0,1,0,0,0,"795392,1195","5820977,953","13,34851","52,45892",7030303.0,Grazer Platz,3836.0
194396,11,8,,2019,5,15,4,3,5,3,0,1,1,0,0,0,0,0,"805190,1034","5816496,393","13,48818","52,41337",8041036.0,Zittauer Straße,5923.0
194397,11,1,,2019,5,15,4,3,2,2,0,1,1,0,0,0,0,0,"799109,5983","5828466,017","13,40978","52,52402",1011303.0,Alexanderplatzviertel,4755.0
194398,11,1,,2019,5,17,4,3,2,6,0,0,1,0,0,0,0,0,"795751,8283","5828194,682","13,36019","52,52341",1022206.0,Lüneburger Straße,4055.0
194399,11,4,,2019,5,17,4,3,5,3,0,0,1,0,0,0,0,0,"790361,6202","5827321,356","13,28021","52,51848",4020310.0,Park Ruhwald,2854.0
194400,11,1,,2019,5,16,4,3,2,6,0,0,1,0,1,0,0,0,"799567,6423","5828743,121","13,41676","52,52625",1011303.0,Alexanderplatzviertel,4856.0
194401,11,4,,2019,5,16,4,3,2,6,0,0,1,0,0,0,0,0,"792839,8313","5825503,3","13,31503","52,50086",4030930.0,George-Grosz-Platz,3348.0
194402,11,6,,2019,5,16,4,3,0,1,0,1,0,0,0,0,0,0,"789182,8873","5818567,649","13,25529","52,44063",6040805.0,Fischerhüttenstraße,2431.0
194403,11,7,,2019,5,15,4,3,2,6,0,0,1,0,0,0,0,0,"795437,6871","5821007,018","13,3492","52,45915",7030303.0,Grazer Platz,3836.0
194404,11,7,,2019,5,14,4,3,3,6,0,0,1,0,1,0,0,0,"797323,5431","5821806,776","13,37759","52,4653",7040403.0,Manteuffelstraße,4238.0
194405,11,5,,2019,5,7,4,2,5,3,0,1,1,0,0,0,0,0,"785933,2119","5831674,059","13,21887","52,55985",5010101.0,Hakenfelde Nord,1966.0
194406,11,2,,2019,5,13,4,3,0,2,0,1,0,0,0,0,1,0,"797034,962","5825879,766","13,37698","52,50197",2010101.0,Askanischer Platz,4249.0
194407,11,2,,2019,5,15,4,2,0,1,0,0,0,0,1,0,0,0,"803360,7658","5826703,563","13,47064","52,50587",2050801.0,Traveplatz,5650.0
194408,11,4,,2019,5,14,4,3,2,6,0,0,1,0,0,0,0,0,"791220,753","5830669,205","13,29577","52,54804",4010101.0,Jungfernheide,3062.0
194409,11,1,,2019,5,13,4,2,5,2,0,0,1,0,1,0,0,0,"794524,6174","5831566,174","13,34514","52,5543",1044101.0,Rehberge,3764.0
194410,11,9,,2019,5,13,4,3,2,6,0,0,1,0,0,0,0,0,"812118,4446","5819731,742","13,59274","52,43845",9041301.0,Kietzer Feld/Nachtheide,7430.0
194411,11,6,,2019,5,12,4,3,6,7,0,0,1,1,0,0,0,0,"789932,1301","5817661,168","13,2655","52,43211",6030503.0,Zehlendorf Mitte,2628.0
194412,11,8,,2019,5,12,4,3,6,7,0,0,1,1,0,0,0,0,"805724,102","5816948,163","13,49642","52,41712",8041037.0,Alt-Rudow,6024.0
194413,11,1,,2019,5,11,4,3,2,6,0,0,1,0,0,0,0,0,"799208,301","5828464,611","13,41123","52,52395",1011303.0,Alexanderplatzviertel,4755.0
194414,11,8,,2019,5,11,4,3,5,2,0,1,1,0,0,0,0,0,"801242,3411","5822469,041","13,4357","52,46909",8010213.0,Körnerpark,5139.0
194415,11,1,,2019,5,9,4,3,5,2,0,0,1,0,1,0,0,0,"798311,9975","5826963,785","13,39671","52,51099",1011204.0,Leipziger Straße,4551.0
194416,11,1,,2019,5,9,4,3,5,3,0,1,1,0,0,0,0,0,"796971,925","5830138,085","13,37986","52,54017",1033202.0,Humboldthain Süd,4360.0
194417,11,2,,2019,5,9,4,3,5,2,0,0,1,0,1,0,0,0,"801945,254","5825652,14","13,4489","52,49723",2030402.0,Wrangelkiez,5347.0
194418,11,8,,2019,5,9,4,3,0,1,0,0,0,0,1,0,0,0,"803825,4356","5822133,277","13,4733","52,46465",8010509.0,Schulenburgpark,5638.0
194419,11,4,,2019,5,9,4,2,2,6,0,0,1,0,0,0,0,0,"790856,9311","5824316,495","13,28486","52,49128",4041134.0,Bismarckallee,2846.0
194420,11,5,,2019,5,9,4,3,5,3,0,0,1,0,0,0,0,0,"783412,2115","5828627,715","13,17918","52,53385",5020417.0,Staakener Straße,1358.0
194421,11,9,,2019,5,9,4,3,5,3,0,0,1,0,0,0,0,0,"807416,0147","5818311,215","13,52247","52,42839",9020701.0,Adlershof West,6427.0
194422,11,3,,2019,5,8,4,3,2,2,0,0,1,0,0,0,0,0,"800276,0341","5831757,379","13,4299","52,55288",3040818.0,Pankow Süd,5064.0
194423,11,2,,2019,5,8,4,3,5,2,0,1,1,0,0,0,0,0,"800426,7408","5827979,713","13,4287","52,51893",2040701.0,Andreasviertel,5054.0
194424,11,11,,2019,5,8,4,3,0,2,0,0,0,0,0,1,1,0,"802985,7456","5830861,267","13,46892","52,54334",11020513.0,Orankesee,5661.0
194425,11,4,,2019,5,7,4,3,0,5,0,1,1,0,0,0,0,0,"793543,0094","5826368,36","13,32612","52,50824",4030828.0,Savignyplatz,3551.0
194426,11,1,,2019,5,6,4,3,5,2,0,0,1,0,1,0,0,0,"796305,05","5828920,954","13,36897","52,52962",1022202.0,Heidestraße,4157.0
194427,11,4,,2019,5,8,3,3,0,6,0,0,1,0,0,0,0,0,"789148,2701","5826072,509","13,26129","52,50793",4020311.0,Reichsstraße,2551.0
194428,11,1,,2019,5,19,3,3,0,3,0,0,1,0,1,0,0,0,"795314,6341","5826263,095","13,35205","52,50634",1011101.0,Stülerstraße,3850.0
194429,11,1,,2019,5,19,3,3,5,3,0,1,1,0,0,0,0,0,"795384,968","5826005,478","13,35286","52,50399",1011103.0,Lützowstraße,3949.0
194430,11,2,,2019,5,19,3,3,1,5,0,1,1,0,0,0,0,0,"801667,8082","5826285,162","13,4454","52,50306",2040703.0,Wriezener Bahnhof/Entwicklungsgebiet,5249.0
194431,11,2,,2019,5,22,3,3,1,5,2,1,1,0,0,0,0,0,"799612,2945","5826218,574","13,41514","52,50359",2030301.0,Oranienplatz,4849.0
194432,11,3,,2019,5,18,3,3,6,6,0,1,0,1,0,0,0,0,"801137,6586","5830739,437","13,44164","52,54328",3061429.0,Greifswalder Straße,5261.0
194433,11,12,,2019,5,18,3,3,5,2,0,0,1,0,1,0,0,0,"794338,8013","5835703,626","13,34608","52,59149",12302107.0,Schorfheidestraße,3875.0
194434,11,7,,2019,5,18,3,3,0,1,0,0,1,0,0,0,0,0,"799004,597","5819644,293","13,40032","52,445",7050503.0,Eisenacher Straße,4632.0
194435,11,11,,2019,5,13,3,3,2,6,0,0,1,0,0,0,0,0,"804498,2384","5830968,062","13,49125","52,54346",11020514.0,Große-Leege-Straße,5961.0
194436,11,8,,2019,5,17,3,3,5,2,0,0,1,0,1,0,0,0,"801679,8523","5822337,213","13,442","52,46767",8010214.0,Glasower Straße,5239.0
194437,11,9,,2019,5,17,3,2,0,1,0,1,1,0,0,0,0,0,"809143,0648","5819515,67","13,54891","52,43821",9020702.0,Adlershof Ost,6830.0
194438,11,3,,2019,5,17,3,3,4,5,0,0,1,0,0,0,1,0,"801387,7637","5831905,76","13,44638","52,55359",3050924.0,Behaimstraße,5264.0
194439,11,5,,2019,5,16,3,3,2,6,0,0,1,0,0,0,0,0,"785279,4718","5829297,366","13,20721","52,53888",5010314.0,Carl-Schurz-Straße,1760.0
194440,11,3,,2019,5,16,3,3,5,2,0,1,1,0,0,0,0,0,"800938,789","5831179,531","13,43912","52,54733",3061228.0,Erich-Weinert-Straße,5162.0
194441,11,5,,2019,5,15,3,3,2,6,0,0,1,0,1,0,0,0,"784645,6254","5829284,376","13,19788","52,5391",5010314.0,Carl-Schurz-Straße,1560.0