OBJECTID,LAND,BEZ,LOR_ab_2021,UJAHR,UMONAT,USTUNDE,UWOCHENTAG,UKATEGORIE,UART,UTYP1,ULICHTVERH,IstRad,IstPKW,IstFuss,IstKrad,IstGkfz,IstSonstige,USTRZUSTAND,LINREFX,LINREFY,XGCSWGS84,YGCSWGS84,LOR,STRASSE,quadrant
194611,11,4,,2019,5,13,4,3,5,2,0,0,1,0,1,0,0,0,"791577,9677","5824878,875","13,29594","52,49594",4031032.0,Halensee,3047.0
194612,11,6,,2019,5,13,4,3,1,5,0,1,1,0,0,0,1,0,"792269,5007","5820610,285","13,30236","52,4573",6040809.0,Thielallee,3136.0
194613,11,5,,2019,5,12,4,3,2,2,0,0,1,0,1,0,0,0,"787665,0754","5829975,328","13,24287","52,54371",5030731.0,Gartenfelder Straße,2261.0
194614,11,4,,2019,5,12,4,3,3,6,0,1,1,0,0,0,0,0,"792661,1466","5827139,968","13,31384","52,51563",4030620.0,Alt-Lietzow,3353.0
194615,11,2,,2019,5,17,4,3,5,2,0,0,1,0,1,0,0,0,"798718,12","5825880,516","13,40171","52,50105",2010103.0,Moritzplatz,4649.0
194616,11,8,,2019,5,12,4,3,5,3,0,0,1,0,0,0,0,0,"801478,55","5817971,456","13,43511","52,42865",8020625.0,Handwerker-Siedlung,5127.0
194617,11,12,,2019,5,12,4,3,5,3,0,1,1,0,0,0,0,0,"790579,008","5839713,713","13,29426","52,62946",12231102.0,Frohnau,3086.0
194618,11,4,,2019,5,15,4,3,0,2,0,0,1,0,0,0,1,0,"793503,5733","5825309,422","13,32461","52,49876",4051448.0,Schaperstraße,3448.0
194619,11,4,,2019,5,15,4,3,0,6,0,1,1,0,0,0,0,0,"793303,0783","5823754,17","13,32029","52,48493",4051549.0,Rathaus Wilmersdorf,3444.0
194620,11,10,,2019,5,16,4,3,2,1,0,0,1,0,0,0,0,0,"810512,3879","5827974,251","13,57686","52,51323",10020622.0,Kaulsdorf Nord I,7252.0
194621,11,2,,2019,5,10,4,3,0,1,0,0,0,0,1,0,0,1,"799282,541","5826219,366","13,4103","52,50378",2010103.0,Moritzplatz,4749.0
194622,11,12,,2019,4,17,3,3,5,3,0,1,1,0,0,0,0,0,"790967,1499","5834529,37","13,29542","52,58278",12304313.0,Borsigwalde,3072.0
194623,11,7,,2019,4,6,3,2,5,3,0,0,1,0,1,0,0,0,"796332,2021","5825092,714","13,36596","52,49529",7010104.0,Dennewitzplatz,4047.0
194624,11,1,,2019,4,9,3,3,2,2,0,0,1,0,0,0,0,0,"797179,4009","5831917,919","13,3845","52,55601",1033102.0,Gesundbrunnen,4365.0
194625,11,9,,2019,4,15,3,3,6,6,0,1,0,1,0,0,0,0,"808562,4573","5819104,777","13,54001","52,43485",9020701.0,Adlershof West,6629.0
194626,11,2,,2019,4,17,3,3,1,5,0,0,1,0,1,0,0,0,"799852,1146","5825823,338","13,41831","52,49992",2030301.0,Oranienplatz,4848.0
194627,11,1,,2019,4,7,3,3,2,6,1,0,1,0,0,0,0,0,"793878,0004","5830231,523","13,33445","52,54269",1044101.0,Rehberge,3661.0
194628,11,9,,2019,4,23,3,3,5,3,2,0,1,0,1,0,0,0,"807417,0875","5818311,38","13,52249","52,42839",9020701.0,Adlershof West,6427.0
194629,11,1,,2019,4,15,3,2,5,2,0,0,0,0,1,0,1,0,"796634,192","5829789,723","13,37458","52,53723",1033203.0,Humboldthain Nordwest,4259.0
194630,11,1,,2019,4,15,3,3,3,6,0,1,1,0,0,0,0,0,"796919,9784","5831542,388","13,38035","52,55279",1044201.0,Reinickendorfer Straße,4364.0
194631,11,9,,2019,4,15,3,3,5,3,0,1,1,0,0,0,0,0,"806015,4078","5820102,357","13,50358","52,44523",9010401.0,Johannisthal West,6132.0
194632,11,7,,2019,4,15,3,3,5,3,0,1,0,0,0,0,1,0,"797146,8825","5823822,619","13,37679","52,48347",7040401.0,Neu-Tempelhof,4243.0
194633,11,7,,2019,4,15,3,3,5,3,0,1,1,0,0,0,0,0,"793747,1463","5821713,614","13,32501","52,4664",7030301.0,Friedenau,3438.0
194634,11,4,,2019,4,15,3,2,5,7,0,1,1,0,0,0,0,0,"790410,8026","5825382,653","13,27924","52,50108",4020314.0,Messegelände,2849.0
194635,11,2,,2019,4,15,3,2,5,2,0,1,1,0,0,0,0,0,"798680,0182","5826445,145","13,40165","52,50614",2010102.0,Mehringplatz,4650.0
194636,11,1,,2019,4,15,3,2,5,7,0,0,1,0,1,0,0,0,"794854,6689","5828992,144","13,34771","52,53105",1022201.0,Stephankiez,3857.0
194637,11,2,,2019,4,14,3,3,5,3,0,1,1,0,0,0,0,0,"798514,8682","5826169,425","13,39898","52,50376",2010102.0,Mehringplatz,4549.0
194638,11,1,,2019,4,14,3,3,5,2,0,1,0,0,0,1,0,0,"793408,2861","5829078,436","13,32653","52,5326",1022101.0,Huttenkiez,3558.0
194639,11,10,,2019,4,14,3,3,3,6,0,1,0,0,0,0,1,0,"813212,9248","5825316,6","13,61403","52,48788",10040933.0,Mahlsdorf Süd,7745.0
194640,11,4,,2019,4,15,3,3,1,5,0,0,1,0,0,0,0,0,"791051,6605","5826351,101","13,2895","52,50942",4030724.0,Lietzensee,2951.0
194641,11,7,,2019,4,13,3,3,5,7,0,1,1,0,0,0,0,0,"795707,2049","5824041,262","13,35585","52,48621",7020203.0,Kaiser-Wilhelm-Platz,3944.0
194642,11,4,,2019,4,11,3,3,5,2,0,1,1,0,0,0,0,0,"792891,6925","5824757,108","13,31513","52,49414",4051446.0,Preußenpark,3347.0
194643,11,9,,2019,4,6,3,3,5,7,0,0,1,0,0,1,0,0,"806236,026","5822494,019","13,50901","52,46654",9020501.0,Oberschöneweide West,6238.0
194644,11,3,,2019,5,18,5,3,2,6,0,0,1,0,0,0,0,0,"800925,6469","5831198,171","13,43894","52,5475",3061228.0,Erich-Weinert-Straße,5162.0
194645,11,10,,2019,4,6,3,3,1,5,0,0,1,0,0,1,0,0,"807447,0093","5830728,883","13,53438","52,53966",10010203.0,Gewerbegebiet Bitterfelder Straße,6660.0
194646,11,5,,2019,4,6,3,3,5,3,0,0,1,0,0,0,0,0,"787269,2566","5830242,612","13,23728","52,54631",5030731.0,Gartenfelder Straße,2162.0
194647,11,7,,2019,5,18,5,3,5,3,0,0,1,0,0,0,0,0,"797929,7911","5818556,127","13,38359","52,43583",7050502.0,Fritz-Werner-Straße,4329.0
194648,11,3,,2019,5,14,5,3,5,3,0,1,0,0,0,0,0,1,"798836,0454","5831456,127","13,40845","52,55097",3061126.0,Arnimplatz,4763.0
194649,11,1,,2019,4,6,3,3,2,6,0,0,1,0,0,0,0,0,"796543,9255","5831927,801","13,37516","52,55645",1044201.0,Reinickendorfer Straße,4265.0
194650,11,10,,2019,5,14,5,2,2,6,0,0,1,0,0,0,0,1,"809588,09","5828534,085","13,5638","52,51878",10030724.0,Oberfeldstraße,7054.0
194651,11,11,,2019,5,14,5,3,5,3,0,1,1,0,0,0,0,1,"806449,4155","5826869,53","13,51616","52,50563",11040926.0,Weitlingstraße,6350.0
194652,11,6,,2019,5,16,6,3,1,5,0,1,1,0,0,0,0,0,"793574,2415","5820963,488","13,32182","52,45977",6010102.0,Schloßstraße,3436.0
194653,11,11,,2019,5,16,6,3,2,2,0,0,0,0,1,0,1,0,"802427,995","5828890,968","13,45893","52,52599",11030618.0,Fennpfuhl West,5456.0
194654,11,2,,2019,5,16,6,3,2,6,0,0,1,0,1,0,0,0,"800168,844","5827328,842","13,42432","52,51324",2040701.0,Andreasviertel,4952.0
194655,11,12,,2019,5,15,6,2,2,6,0,0,1,0,0,0,0,0,"791191,5785","5830904,403","13,29554","52,55016",12214125.0,Waldidyll/Flughafensee,3063.0
194656,11,1,,2019,5,15,6,3,1,5,0,1,1,0,0,0,0,0,"797040,0027","5828398,904","13,37931","52,52455",1011301.0,Charitéviertel,4255.0
194657,11,5,,2019,5,15,6,3,5,2,0,0,1,0,1,0,0,0,"783507,6076","5822041,799","13,17497","52,47475",5040934.0,Alt-Gatow,1241.0
194658,11,2,,2019,5,15,6,3,2,6,0,0,1,0,0,0,1,0,"798083,0715","5826489,931","13,39292","52,50686",2010102.0,Mehringplatz,4450.0
194659,11,11,,2019,5,13,6,3,5,2,0,0,0,0,0,1,1,0,"803007,8226","5830784,44","13,46918","52,54264",11020513.0,Orankesee,5661.0
194660,11,4,,2019,5,13,6,2,5,2,0,1,1,0,0,0,0,0,"793633,6498","5824865,512","13,32612","52,49472",4051448.0,Schaperstraße,3547.0
194661,11,1,,2019,5,13,6,3,0,5,0,1,0,0,0,0,1,0,"797752,4679","5828802,039","13,39014","52,52777",1011302.0,Oranienburger Straße,4456.0
194662,11,2,,2019,5,13,6,3,5,3,0,0,1,0,0,0,0,0,"799704,9067","5826006,481","13,41631","52,50164",2030301.0,Oranienplatz,4849.0
194663,11,11,,2019,5,12,6,3,3,6,0,1,0,0,0,0,1,0,"803275,6778","5826146,086","13,46889","52,50092",2050803.0,Stralauer Kiez,5649.0
194664,11,9,,2019,5,11,6,3,0,3,0,0,1,0,0,0,1,0,"808740,2692","5818502,998","13,54206","52,42936",9020701.0,Adlershof West,6728.0
194665,11,9,,2019,5,9,5,3,3,6,0,1,0,0,0,0,1,0,"801672,6423","5825161,335","13,44445","52,49298",9010101.0,Elsenstraße,5246.0
194666,11,6,,2019,5,20,5,3,2,6,1,0,1,0,0,0,0,0,"793196,7893","5819819,793","13,31527","52,44972",6030609.0,Augustaplatz,3334.0
194667,11,5,,2019,5,19,5,3,5,2,0,0,1,0,0,0,0,1,"789675,18","5829301,072","13,27184","52,5366",5030832.0,Rohrdamm,2659.0
194668,11,1,,2019,5,19,5,3,5,3,0,1,1,0,0,0,0,1,"795774,917","5829084,013","13,36132","52,53137",1022201.0,Stephankiez,4057.0
194669,11,1,,2019,5,19,5,3,2,6,0,0,1,0,0,0,0,1,"795770,8142","5831869,086","13,36374","52,55634",1044203.0,Leopoldplatz,4065.0
194670,11,12,,2019,5,23,5,3,0,1,2,0,0,0,1,0,0,1,"791164,151","5834024,744","13,29788","52,57815",12214125.0,Waldidyll/Flughafensee,3071.0
194671,11,6,,2019,5,8,5,3,0,1,0,0,0,0,0,0,1,1,"792720,5039","5816241,039","13,30515","52,41789",6020408.0,Lichterfelde Süd,3124.0
194672,11,5,,2019,5,12,5,3,2,4,0,0,1,1,0,0,0,1,"784885,3067","5830156,404","13,20215","52,54679",5010312.0,Kurstraße,1662.0
194673,11,4,,2019,5,12,5,3,2,6,0,0,1,0,0,1,0,1,"790563,8669","5825419,472","13,28152","52,50132",4020314.0,Messegelände,2849.0
194674,11,6,,2019,5,12,5,3,6,2,0,0,0,1,0,0,1,1,"793052,7272","5816371,776","13,31014","52,41888",6020408.0,Lichterfelde Süd,3225.0
194675,11,2,,2019,5,11,5,3,5,3,0,0,1,0,0,0,0,1,"798538,9619","5825340,119","13,39859","52,49631",2020204.0,Urbanstraße,4547.0
194676,11,10,,2019,5,10,5,3,6,2,0,0,1,1,0,0,0,1,"809190,2108","5830208,994","13,55952","52,53401",10030724.0,Oberfeldstraße,6958.0
194677,11,2,,2019,5,10,5,3,0,2,0,0,1,0,0,0,1,1,"802039,4521","5827167,37","13,45166","52,51076",2050802.0,Boxhagener Platz,5351.0
194678,11,2,,2019,5,10,5,3,2,6,0,0,0,0,0,0,1,1,"800870,9334","5826856,409","13,43421","52,50862",2040701.0,Andreasviertel,5151.0
194679,11,2,,2019,5,9,5,3,5,3,0,1,1,0,0,0,0,1,"801108,4021","5827043,87","13,43787","52,51017",2040703.0,Wriezener Bahnhof/Entwicklungsgebiet,5151.0
194680,11,2,,2019,5,9,5,3,5,3,0,0,1,0,1,0,0,1,"800625,1704","5825680,819","13,42954","52,49822",2030401.0,Reichenberger Straße,5048.0
194681,11,12,,2019,5,9,5,3,5,3,0,0,1,0,0,0,0,1,"796741,1278","5833529,995","13,3795","52,5707",12103116.0,Hausotterplatz,4269.0
194682,11,2,,2019,5,8,5,3,2,6,0,0,1,0,0,0,0,1,"798501,383","5825362,595","13,39806","52,49653",2020204.0,Urbanstraße,4547.0
194683,11,1,,2019,5,8,5,3,5,2,0,0,1,0,0,0,0,1,"796695,7454","5831632,059","13,37713","52,55371",1044201.0,Reinickendorfer Straße,4264.0
194684,11,2,,2019,5,8,5,2,5,2,0,0,1,0,1,0,0,1,"802768,3787","5827684,086","13,46283","52,51499",2050602.0,Samariterviertel,5553.0
194685,11,3,,2019,5,8,5,3,4,6,0,0,1,0,0,1,0,1,"800997,7698","5833690,921","13,44226","52,56981",3030715.0,Heinersdorf,5269.0
194686,11,7,,2019,5,6,5,3,6,2,0,0,1,1,0,0,0,1,"797506,2777","5819279,941","13,37802","52,44255",7050501.0,Rathausstraße,4231.0
194687,11,4,,2019,5,5,5,2,1,1,1,0,1,0,0,0,0,1,"793593,1639","5827840,079","13,32815","52,5214",4030621.0,Spreestadt,3555.0
194688,11,11,,2019,5,2,5,2,6,4,2,0,0,1,0,1,0,1,"803909,919","5828257,616","13,48013","52,51949",11030721.0,Rüdigerstraße,5754.0
194689,11,6,,2019,5,17,5,2,6,4,0,0,1,1,0,0,0,0,"795273,5393","5818159,212","13,34428","52,43371",6020303.0,Lankwitz Kirche,3729.0
194690,11,3,,2019,5,17,5,3,2,6,0,0,1,0,1,0,0,1,"799571,5765","5828972,39","13,41703","52,5283",3071537.0,Kollwitzplatz,4857.0
194691,11,5,,2019,5,13,5,3,1,5,0,1,1,0,0,0,0,1,"785642,3046","5828568,896","13,21192","52,53216",5010314.0,Carl-Schurz-Straße,1858.0
194692,11,11,,2019,5,17,5,2,1,5,0,1,1,0,0,0,0,0,"805966,5069","5825290,122","13,50762","52,49175",11041128.0,Sewanstraße,6246.0
194693,11,2,,2019,5,17,5,3,1,5,0,1,1,0,0,0,0,0,"801778,8935","5825794,152","13,44658","52,4986",2030402.0,Wrangelkiez,5248.0
194694,11,2,,2019,5,16,5,3,0,2,0,0,0,0,1,0,1,1,"802768,038","5827682,907","13,46283","52,51498",2050602.0,Samariterviertel,5553.0
194695,11,1,,2019,5,16,5,3,6,4,0,0,1,1,0,0,0,1,"796836,4116","5831496,938","13,37908","52,55243",1044201.0,Reinickendorfer Straße,4264.0
194696,11,1,,2019,5,15,5,3,6,2,0,0,1,1,0,0,0,1,"797253,17","5827355,928","13,38151","52,51508",1011201.0,Wilhelmstraße,4353.0
194697,11,3,,2019,5,15,5,3,1,5,0,1,1,0,0,0,0,1,"799611,6666","5832084,792","13,42042","52,55618",3040818.0,Pankow Süd,4965.0
194698,11,4,,2019,5,15,5,3,5,5,0,0,0,0,1,0,1,1,"793453,4467","5826556,098","13,32497","52,50997",4030623.0,Ernst-Reuter-Platz,3451.0
194699,11,12,,2019,5,15,5,2,0,1,0,0,0,0,1,0,0,1,"793134,2464","5835277,916","13,32798","52,58833",12301203.0,Wittenau Süd,3574.0
194700,11,7,,2019,5,14,5,3,2,6,0,0,1,0,0,0,0,1,"797244,3536","5820762,254","13,3755","52,45598",7040403.0,Manteuffelstraße,4235.0
194701,11,1,,2019,5,14,5,3,2,6,0,0,1,0,0,0,0,1,"797036,1036","5831894,135","13,38237","52,55588",1044201.0,Reinickendorfer Straße,4365.0
194702,11,10,,2019,5,10,4,3,2,6,0,0,1,0,0,0,0,0,"809906,7119","5831576,953","13,57132","52,54586",10010310.0,Alt-Marzahn,7162.0
194703,11,4,,2019,5,10,4,2,5,3,0,0,1,0,1,0,0,0,"789829,513","5826308,723","13,2715","52,50969",4020311.0,Reichsstraße,2651.0
194704,11,7,,2019,5,11,4,3,5,2,0,1,1,0,0,0,0,0,"800108,112","5821434,533","13,41812","52,46044",7040406.0,Germaniagarten,4837.0
194705,11,1,,2019,5,12,4,3,5,3,0,1,1,0,0,0,0,0,"799139,8896","5827828,865","13,40965","52,51829",1011303.0,Alexanderplatzviertel,4754.0
194706,11,3,,2019,5,14,4,3,2,6,0,0,0,0,0,1,1,0,"799036,172","5830376,173","13,41042","52,54118",3061131.0,Falkplatz,4760.0
194707,11,9,,2019,5,14,4,3,5,3,0,1,1,0,0,0,0,1,"811115,3389","5822357,823","13,58047","52,46256",9052001.0,Köpenick Nord,7237.0
194708,11,5,,2019,5,15,4,3,1,5,0,1,1,0,0,0,0,0,"782063,847","5830186,162","13,16068","52,54853",5010206.0,Gütersloher Weg,1062.0
194709,11,5,,2019,5,16,4,3,5,3,0,1,1,0,0,0,0,0,"784596,4003","5827970,939","13,19603","52,52735",5020626.0,Adamstraße,1556.0
194710,11,4,,2019,5,16,4,3,2,6,0,0,1,0,0,0,0,0,"790895,9026","5824758,164","13,28582","52,49522",4031032.0,Halensee,2947.0
194711,11,5,,2019,5,16,4,3,2,6,0,0,1,0,0,0,0,0,"779568,0472","5827837,031","13,12199","52,52875",5020521.0,Döberitzer Weg,457.0
194712,11,1,,2019,5,17,4,3,1,5,0,1,1,0,0,0,0,0,"798870,2126","5826660,16","13,40464","52,50796",1011305.0,Heine-Viertel West,4651.0
194713,11,4,,2019,5,17,4,3,2,6,0,0,1,0,0,0,0,0,"790747,6763","5827375,957","13,28593","52,51877",4030415.0,Schloßgarten,2954.0
194714,11,10,,2019,5,18,4,3,5,3,0,1,1,0,0,0,0,0,"812010,4005","5830589,949","13,60132","52,53582",10020413.0,Gut Hellersdorf,7559.0
194715,11,10,,2019,5,15,4,2,6,4,0,0,1,1,0,0,0,1,"813246,9276","5831036,357","13,61991","52,53911",10020517.0,Adele-Sandrock-Straße,7860.0
194716,11,5,,2019,5,12,4,3,0,5,0,0,1,0,0,0,1,0,"780159,733","5828726,952","13,13144","52,53642",5020420.0,Werkstraße,659.0
194717,11,4,,2019,5,17,4,3,2,6,0,0,1,0,0,0,0,0,"791929,9608","5826205,316","13,30228","52,50764",4030725.0,Amtsgerichtsplatz,3150.0
194718,11,1,,2019,5,10,4,3,2,6,0,0,1,0,0,0,0,0,"794775,0114","5826232,823","13,3441","52,50636",1011101.0,Stülerstraße,3750.0
194719,11,3,,2019,5,10,4,3,2,2,0,0,0,0,1,0,0,0,"798656,8318","5831793,983","13,40612","52,55409",3061126.0,Arnimplatz,4664.0
194720,11,4,,2019,5,9,4,2,6,7,0,0,1,1,0,0,0,0,"791967,0817","5825240,483","13,30197","52,49897",4030726.0,Droysenstraße,3148.0
194721,11,1,,2019,5,9,4,3,5,3,0,1,1,0,0,0,0,0,"794797,2141","5828309,441","13,34626","52,52496",1022204.0,Thomasiusstraße,3856.0
194722,11,2,,2019,5,9,4,3,5,2,0,1,1,0,0,0,0,0,"798797,741","5824935,578","13,40203","52,49254",2020204.0,Urbanstraße,4646.0
194723,11,1,,2019,5,9,4,3,2,6,0,1,0,0,0,0,0,0,"800138,0224","5827373,49","13,42391","52,51366",1011304.0,Karl-Marx-Allee,4952.0
194724,11,4,,2019,5,9,4,3,3,6,0,0,1,0,0,0,0,0,"790492,6671","5826677,484","13,28157","52,51264",4020313.0,Königin-Elisabeth-Straße,2852.0
194725,11,2,,2019,5,9,4,3,2,2,0,0,1,0,0,0,0,0,"797781,5727","5824941,956","13,38711","52,49315",2020203.0,Viktoriapark,4446.0
194726,11,4,,2019,5,22,4,3,0,2,2,0,1,0,1,0,0,0,"791964,0814","5825257,345","13,30195","52,49912",4030726.0,Droysenstraße,3148.0
194727,11,1,,2019,5,8,4,3,2,3,0,1,1,0,0,0,0,0,"797765,4326","5827448,796","13,38912","52,51563",1011203.0,Unter den Linden Süd,4453.0
194728,11,2,,2019,5,8,4,3,6,2,0,0,0,1,0,0,1,0,"799593,2433","5825828,281","13,41451","52,50011",2010103.0,Moritzplatz,4848.0
194729,11,12,,2019,5,8,4,3,5,3,0,1,1,0,0,0,0,0,"791374,32","5833124,802","13,30018","52,56997",12214125.0,Waldidyll/Flughafensee,3169.0
194730,11,11,,2019,5,8,4,3,1,5,0,1,1,0,0,0,0,0,"803824,3205","5828349,301","13,47895","52,52036",11030721.0,Rüdigerstraße,5754.0
194731,11,7,,2019,5,7,4,3,5,3,0,1,1,0,0,0,0,0,"794798,2513","5823734,554","13,34223","52,48395",7020202.0,Volkspark (Rudolf-Wilde-Park),3744.0
194732,11,9,,2019,5,7,4,3,6,4,0,0,1,1,0,0,0,0,"808552,9596","5819121,429","13,53989","52,43501",9020701.0,Adlershof West,6629.0
194733,11,1,,2019,5,21,4,3,8,1,2,0,1,0,0,0,0,1,"796744,0552","5830484,306","13,37682","52,5434",1033203.0,Humboldthain Nordwest,4261.0
194734,11,8,,2019,5,7,4,3,6,4,0,0,1,1,0,0,0,0,"801794,426","5823034,397","13,44431","52,47385",8010404.0,Rixdorf,5241.0
194735,11,9,,2019,5,7,4,3,5,3,0,0,1,0,1,0,0,0,"810473,7888","5820264,069","13,56912","52,44416",9020802.0,Köllnische Vorstadt,7132.0
194736,11,5,,2019,5,7,4,2,5,2,0,1,1,0,0,0,0,0,"786719,5581","5828213,484","13,22745","52,52841",5010339.0,Freiheit,2057.0
194737,11,5,,2019,5,6,4,3,2,6,0,0,1,0,0,0,0,0,"789773,6498","5829265,461","13,27326","52,53622",5030832.0,Rohrdamm,2759.0
194738,11,4,,2019,5,18,4,3,5,2,0,1,1,0,0,0,0,1,"793474,2577","5824732,169","13,32367","52,49361",4051448.0,Schaperstraße,3446.0
194739,11,9,,2019,5,7,3,3,4,6,0,1,0,0,0,0,0,0,"811048,5536","5816925,014","13,57444","52,41391",9031101.0,Grünau,7123.0
194740,11,11,,2019,5,6,3,3,5,2,0,1,1,0,0,0,0,0,"803330,1831","5830082,83","13,47328","52,53617",11020515.0,Landsberger Allee,5659.0
194741,11,4,,2019,5,18,3,3,5,2,0,0,1,0,0,0,0,0,"793343,8697","5823071,599","13,32029","52,47879",4051551.0,Brabanter Platz,3442.0
194742,11,9,,2019,5,17,3,3,6,4,0,0,1,1,0,0,0,0,"810657,4944","5821080,043","13,57257","52,45137",9051901.0,Dammvorstadt,7134.0
194743,11,12,,2019,5,16,3,3,6,2,0,0,1,1,0,0,0,0,"792284,5413","5833928,505","13,31428","52,57669",12214422.0,Klixstraße,3371.0
194744,11,1,,2019,5,16,3,2,6,4,0,0,1,1,0,0,0,0,"796442,1858","5832092,099","13,37382","52,55798",1033101.0,Soldiner Straße,4265.0
194745,11,5,,2019,5,5,3,3,5,2,0,1,1,0,0,0,0,0,"786252,1905","5829129,244","13,22137","52,53686",5030730.0,Zitadellenweg,1959.0
194746,11,5,,2019,5,19,3,3,5,3,0,0,1,0,0,0,0,0,"782800,1153","5830384,756","13,17167","52,54992",5010209.0,An der Kappe,1263.0
194747,11,5,,2019,5,16,3,2,5,7,0,0,1,0,0,1,0,0,"787999,8715","5830187,348","13,24798","52,54543",5030731.0,Gartenfelder Straße,2362.0
194748,11,1,,2019,5,17,3,3,8,1,0,0,1,0,0,0,0,0,"797576,7802","5828569,24","13,38735","52,52578",1011301.0,Charitéviertel,4456.0
194749,11,1,,2019,5,13,3,3,5,2,0,0,1,0,0,0,0,0,"796855,324","5830644,512","13,3786","52,54478",1033203.0,Humboldthain Nordwest,4261.0
194750,11,4,,2019,5,22,3,2,6,4,2,0,1,1,0,0,0,0,"791174,1439","5824964,605","13,29009","52,49692",4031032.0,Halensee,2947.0
194751,11,7,,2019,5,13,3,3,5,2,0,1,1,0,0,0,0,0,"798861,3012","5813649,347","13,39287","52,39134",7070705.0,Franziusweg/Rohrbachstraße,4416.0
194752,11,12,,2019,5,13,3,3,5,3,0,1,1,0,0,0,0,0,"793826,9076","5836348,108","13,33912","52,59755",12302108.0,Märkisches Zentrum,3677.0
194753,11,3,,2019,5,13,3,3,5,2,0,1,1,0,0,0,0,0,"800190,4756","5830932,505","13,42789","52,54553",3061228.0,Erich-Weinert-Straße,5062.0
194754,11,7,,2019,5,11,3,3,5,2,0,1,1,0,0,0,0,0,"793989,873","5821548,87","13,32843","52,46479",7030301.0,Friedenau,3538.0
194755,11,7,,2019,5,9,3,3,5,2,0,1,1,0,0,0,0,0,"794952,1199","5825645,634","13,34618","52,501",7010102.0,Nollendorfplatz,3849.0
194756,11,11,,2019,5,9,3,3,0,7,0,1,0,0,0,0,0,0,"807586,926","5824501,725","13,53068","52,48377",11051331.0,Karlshorst Nord,6543.0
194757,11,9,,2019,5,15,3,3,0,4,0,0,0,1,0,0,1,0,"811257,7372","5820224,523","13,58058","52,44336",9041501.0,Altstadt Kietz,7232.0
194758,11,7,,2019,5,9,3,2,5,7,0,0,1,0,0,0,0,0,"798347,557","5815900,579","13,38735","52,4118",7060603.0,Marienfelde Nordost,4422.0
194759,11,6,,2019,5,9,3,3,2,6,0,0,1,0,0,0,0,0,"790161,3871","5819797,243","13,27071","52,45113",6040810.0,Dahlem,2634.0
194760,11,5,,2019,5,8,3,3,3,2,0,0,1,0,0,1,0,0,"784709,8552","5828610,857","13,19824","52,53302",5020625.0,Borkumer Straße,1658.0
194761,11,3,,2019,5,8,3,3,2,6,0,0,1,0,0,1,0,0,"799540,559","5833962,642","13,42107","52,57305",3040614.0,Pankow Zentrum,4970.0
194762,11,7,,2019,5,7,3,3,5,2,0,1,0,0,0,0,1,0,"797204,5773","5818623,52","13,37301","52,43683",7050501.0,Rathausstraße,4230.0
194763,11,5,,2019,5,7,3,3,5,7,0,0,1,0,1,0,0,0,"784077,5348","5831148,963","13,19112","52,55611",5010103.0,Amorbacher Weg,1465.0
194764,11,3,,2019,5,7,3,3,5,3,0,0,1,0,0,0,0,0,"799744,2674","5831841,938","13,42215","52,55393",3040818.0,Pankow Süd,4964.0
194765,11,9,,2019,5,16,3,3,2,6,0,0,1,0,0,0,1,0,"808355,907","5819446,392","13,5373","52,43803",9020701.0,Adlershof West,6630.0
194766,11,3,,2019,5,16,3,3,5,3,0,1,1,0,0,0,0,0,"799127,4215","5830556,244","13,41192","52,54274",3061131.0,Falkplatz,4761.0
194767,11,3,,2019,5,16,3,3,5,3,0,1,1,0,0,0,0,0,"800085,705","5831671,197","13,42702","52,55221",3061227.0,Humannplatz,5064.0
194768,11,8,,2019,5,15,3,3,2,6,0,0,1,0,0,0,0,0,"805300,9048","5818198,645","13,49136","52,42856",8041037.0,Alt-Rudow,5927.0
194769,11,2,,2019,5,15,3,3,1,5,0,1,1,0,0,0,0,0,"800891,5997","5826110,274","13,43384","52,50192",2030302.0,Lausitzer Platz,5149.0
194770,11,7,,2019,5,15,3,3,1,5,0,1,0,0,0,0,1,0,"797208,1037","5821393,361","13,37553","52,46166",7040403.0,Manteuffelstraße,4237.0
194771,11,1,,2019,5,11,3,3,5,3,0,1,0,0,1,0,0,0,"795211,0002","5828229,304","13,35227","52,52402",1022204.0,Thomasiusstraße,3855.0
194772,11,8,,2019,5,11,3,3,0,6,0,1,0,0,0,0,1,0,"800997,7986","5822176,36","13,43184","52,4666",8010118.0,Silbersteinstraße,5038.0
194773,11,10,,2019,5,14,2,3,5,3,0,0,1,0,0,0,0,0,"810011,6813","5832304,951","13,57354","52,55233",10010206.0,Ringkolonnaden,7164.0
194774,11,2,,2019,5,16,2,3,6,7,0,1,0,1,0,0,0,0,"798629,4544","5825311,279","13,39989","52,496",2020204.0,Urbanstraße,4647.0
194775,11,3,,2019,5,12,2,3,1,5,0,1,1,0,0,0,0,0,"802801,5972","5828576,123","13,46413","52,52296",3061441.0,Eldenaer Straße,5555.0
194776,11,7,,2019,5,9,2,2,0,5,0,0,1,0,0,0,1,0,"796117,0279","5815936,531","13,35468","52,41333",7060604.0,Marienfelde Süd,3923.0
194777,11,11,,2019,5,15,2,3,5,3,0,1,1,0,0,0,0,0,"805491,9218","5827157,094","13,50236","52,50875",11040926.0,Weitlingstraße,6151.0
194778,11,5,,2019,5,11,2,2,0,1,0,0,1,0,1,0,0,0,"783447,9605","5826733,803","13,17809","52,51685",5020524.0,Weinmeisterhornweg,1353.0
194779,11,1,,2019,5,9,2,3,3,6,0,1,0,0,0,0,0,0,"799107,9376","5827140,17","13,40856","52,51213",1011305.0,Heine-Viertel West,4752.0