OBJECTID,LAND,BEZ,LOR_ab_2021,UJAHR,UMONAT,USTUNDE,UWOCHENTAG,UKATEGORIE,UART,UTYP1,ULICHTVERH,IstRad,IstPKW,IstFuss,IstKrad,IstGkfz,IstSonstige,USTRZUSTAND,LINREFX,LINREFY,XGCSWGS84,YGCSWGS84,LOR,STRASSE,quadrant
194949,11,11,,2019,5,17,6,2,5,2,0,1,0,0,0,0,1,0,"804957,777","5825153,846","13,49268","52,49109",11051229.0,Rummelsburg,5946.0
194950,11,9,,2019,5,12,5,2,5,3,0,1,0,0,0,0,0,0,"813761,7326","5821406,951","13,61841","52,45253",9051702.0,Bölschestraße,7834.0
194951,11,9,,2019,5,17,6,3,2,6,0,0,1,0,0,0,0,0,"807862,773","5818113,753","13,52884","52,42637",9020701.0,Adlershof West,6527.0
194952,11,4,,2019,5,9,6,3,0,6,0,0,0,0,1,0,1,0,"793267,1238","5823077,71","13,31917","52,47889",4051551.0,Brabanter Platz,3442.0
194953,11,3,,2019,5,6,5,3,6,4,0,1,0,1,0,0,0,0,"800821,4757","5829579,394","13,43594","52,53305",3071639.0,Bötzowstraße,5158.0
194954,11,3,,2019,5,9,6,3,1,5,0,1,1,0,0,0,0,0,"799971,5485","5829009,52","13,42294","52,52841",3071638.0,Winsstraße,4957.0
194955,11,12,,2019,5,9,6,3,4,7,0,0,1,0,0,0,0,0,"790622,9454","5837362,098","13,29284","52,60836",12231101.0,Hermsdorf,3080.0
194956,11,7,,2019,5,18,5,3,5,3,0,1,1,0,0,0,0,0,"794933,9657","5824599,751","13,34499","52,49163",7020201.0,Bayerischer Platz,3746.0
194957,11,12,,2019,5,16,6,3,5,2,0,1,1,0,0,0,0,0,"794737,0227","5838696,47","13,35461","52,6181",12301206.0,Lübars,3983.0
194958,11,5,,2019,5,13,5,3,1,5,0,0,1,0,0,0,1,0,"781324,9228","5828392,789","13,14829","52,53283",5020419.0,Magistratsweg,858.0
194959,11,3,,2019,5,8,6,3,5,3,0,0,1,0,0,0,0,0,"800112,7011","5831694,542","13,42744","52,5524",3061227.0,Humannplatz,5064.0
194960,11,5,,2019,5,12,5,3,0,1,0,0,1,0,1,0,0,1,"784317,7052","5828922,032","13,19274","52,53602",5010314.0,Carl-Schurz-Straße,1559.0
194961,11,3,,2019,5,9,6,3,1,5,0,1,0,0,0,0,1,0,"799180,9002","5829462,542","13,41172","52,53291",3071536.0,Teutoburger Platz,4758.0
194962,11,5,,2019,5,5,5,2,5,3,0,0,1,0,0,0,0,1,"781726,1239","5828529,553","13,1543","52,53385",5020417.0,Staakener Straße,958.0
194963,11,4,,2019,5,16,6,3,5,3,0,1,0,0,0,0,1,0,"790862,9042","5824695,216","13,28528","52,49467",4041134.0,Bismarckallee,2847.0
194964,11,3,,2019,5,10,6,2,6,2,0,0,1,1,0,0,0,0,"802320,1908","5831349,597","13,45958","52,54809",3050925.0,Komponistenviertel Weißensee,5462.0
194965,11,2,,2019,5,21,5,3,5,3,2,1,1,0,0,0,0,1,"802715,687","5826048,933","13,46057","52,50036",2050803.0,Stralauer Kiez,5548.0
194966,11,2,,2019,5,20,5,3,1,5,1,1,1,0,0,0,1,1,"800973,4979","5826772,877","13,43564","52,50781",2040703.0,Wriezener Bahnhof/Entwicklungsgebiet,5151.0
194967,11,3,,2019,5,8,6,3,3,6,0,1,1,0,0,0,0,0,"804070,1346","5841245,894","13,49439","52,63581",3010102.0,Buch,6088.0
194968,11,3,,2019,5,8,6,2,2,6,0,0,1,0,0,0,0,0,"799795,6774","5829593,967","13,42088","52,53375",3071537.0,Kollwitzplatz,4958.0
194969,11,12,,2019,5,19,5,2,5,3,0,0,1,0,1,0,0,0,"794711,2205","5834897,639","13,35085","52,58407",12103218.0,Teichstraße,3873.0
194970,11,3,,2019,5,8,6,3,2,6,0,0,1,0,0,0,1,0,"800401,0593","5829064,265","13,4293","52,52867",3071639.0,Bötzowstraße,5057.0
194971,11,1,,2019,5,19,5,3,1,5,0,1,1,0,0,0,0,0,"800191,5123","5826762,78","13,42414","52,50815",1011306.0,Heine-Viertel Ost,4951.0
194972,11,3,,2019,5,8,6,3,5,2,0,0,1,0,0,1,0,0,"800127,2602","5833864,297","13,42961","52,57184",3030715.0,Heinersdorf,5069.0
194973,11,6,,2019,5,16,5,3,1,6,0,1,1,0,0,0,0,0,"793245,471","5821587,344","13,31754","52,46554",6010103.0,Markelstraße,3338.0
194974,11,5,,2019,5,7,6,3,5,3,0,1,1,0,0,0,0,0,"784686,6859","5829337,549","13,19853","52,53955",5010314.0,Carl-Schurz-Straße,1660.0
194975,11,8,,2019,5,16,5,3,0,5,0,0,1,0,0,0,1,0,"803346,9891","5822593,117","13,4667","52,46904",8010509.0,Schulenburgpark,5539.0
194976,11,3,,2019,5,21,6,3,5,2,2,0,1,0,1,0,0,0,"801904,6774","5830332,404","13,45255","52,5392",3061429.0,Greifswalder Straße,5360.0
194977,11,3,,2019,5,18,6,3,5,3,0,0,1,0,0,0,0,0,"802909,8067","5828625,565","13,46577","52,52335",3061441.0,Eldenaer Straße,5555.0
194978,11,10,,2019,5,15,5,3,5,2,0,1,1,0,0,0,0,1,"812391,4439","5824301,726","13,60102","52,47925",10040933.0,Mahlsdorf Süd,7542.0
194979,11,1,,2019,5,15,5,3,5,3,0,0,1,0,0,0,0,0,"798241,4122","5829624,14","13,39806","52,53487",1011402.0,Arkonaplatz,4558.0
194980,11,6,,2019,5,16,6,2,5,3,0,1,1,0,0,0,0,0,"789317,3247","5815691,724","13,25478","52,41477",6030502.0,Zehlendorf Süd,2423.0
194981,11,5,,2019,5,15,5,3,2,6,0,0,1,0,0,0,0,0,"789773,6498","5829265,461","13,27326","52,53622",5030832.0,Rohrdamm,2759.0
194982,11,12,,2019,5,16,3,2,1,5,0,1,1,0,0,0,0,0,"796733,4497","5833361,312","13,37923","52,56919",12103116.0,Hausotterplatz,4268.0
194983,11,8,,2019,5,16,3,3,0,1,0,0,0,0,1,0,0,0,"806901,3494","5817785,599","13,51444","52,42397",8041037.0,Alt-Rudow,6326.0
194984,11,7,,2019,5,16,3,2,0,7,0,0,0,0,1,0,0,0,"795995,0407","5824293,699","13,3603","52,48831",7020203.0,Kaiser-Wilhelm-Platz,4045.0
194985,11,4,,2019,5,17,3,3,0,3,0,0,1,0,1,0,0,0,"789992,273","5826317,665","13,2739","52,50968",4020311.0,Reichsstraße,2751.0
194986,11,3,,2019,5,17,3,3,5,3,0,1,1,0,0,0,0,0,"797412,6341","5833971,338","13,38977","52,57429",3040513.0,Schönholz,4470.0
194987,11,4,,2019,5,11,3,3,6,4,0,0,1,1,0,0,0,0,"793184,4468","5827779,432","13,32209","52,52108",4030621.0,Spreestadt,3454.0
194988,11,5,,2019,5,11,3,3,5,3,0,1,1,0,0,0,0,0,"783795,2782","5826000,909","13,18257","52,5101",5020629.0,Börnicker Straße,1351.0
194989,11,7,,2019,5,18,3,3,6,2,0,0,1,1,0,0,0,0,"794963,2181","5824888,28","13,34567","52,4942",7010101.0,Wittenbergplatz/Viktoria-Luise-Platz,3747.0
194990,11,5,,2019,5,18,3,3,4,6,0,1,0,0,0,0,0,0,"785721,4158","5832286,295","13,21628","52,56545",5010101.0,Hakenfelde Nord,1867.0
194991,11,5,,2019,5,21,3,3,5,3,2,1,1,0,0,0,0,0,"785711,7941","5829289,68","13,21356","52,53859",5030730.0,Zitadellenweg,1860.0
194992,11,7,,2019,5,17,3,3,5,3,0,0,1,0,0,0,0,0,"794938,7897","5824457,994","13,34493","52,49036",7020201.0,Bayerischer Platz,3745.0
194993,11,2,,2019,5,19,3,3,0,6,0,1,1,0,0,0,0,0,"798359,8869","5825516,686","13,39612","52,49799",2010102.0,Mehringplatz,4548.0
194994,11,9,,2019,5,18,3,1,0,1,0,1,0,0,0,0,0,0,"818774,4206","5812579,517","13,68352","52,37053",9031202.0,Schmöckwitz/Rauchfangswerder,8810.0
194995,11,3,,2019,5,18,2,3,5,2,0,1,1,0,0,0,0,0,"801129,8586","5830744,457","13,44153","52,54333",3061429.0,Greifswalder Straße,5261.0
194996,11,6,,2019,5,11,2,3,5,3,0,0,1,0,0,0,0,0,"791193,3734","5819179,764","13,28532","52,44505",6040809.0,Thielallee,2832.0
194997,11,4,,2019,5,20,2,3,5,7,2,0,1,0,0,0,0,0,"791769,6074","5825166,573","13,29901","52,49841",4031032.0,Halensee,3148.0
194998,11,4,,2019,5,19,2,3,6,7,0,0,1,1,0,0,0,0,"790079,0683","5826150,271","13,27503","52,50813",4020313.0,Königin-Elisabeth-Straße,2751.0
194999,11,7,,2019,5,19,2,3,2,6,0,0,1,0,0,0,1,1,"799065,8081","5819071,614","13,40071","52,43983",7050505.0,Hundsteinweg,4631.0
195000,11,1,,2019,5,18,2,2,1,5,0,1,0,0,0,0,1,0,"799907,1804","5826955,77","13,42014","52,51004",1011306.0,Heine-Viertel Ost,4951.0
195001,11,2,,2019,5,17,2,3,5,2,0,1,1,0,0,0,0,0,"799907,155","5824470,972","13,4179","52,48777",2020206.0,Graefekiez,4845.0
195002,11,3,,2019,5,18,2,3,0,1,0,1,0,0,0,0,0,1,"801683,7889","5831794,279","13,45063","52,55243",3050920.0,Weißer See,5364.0
195003,11,10,,2019,5,18,2,3,0,1,0,0,0,0,1,0,0,1,"812480,2949","5830372,265","13,60802","52,5336",10020517.0,Adele-Sandrock-Straße,7658.0
195004,11,7,,2019,5,7,2,3,5,3,0,1,1,0,0,0,0,0,"798994,2511","5814277,024","13,39538","52,39689",7070703.0,John-Locke-Straße,4518.0
195005,11,8,,2019,5,7,2,3,5,2,0,1,1,0,0,0,0,0,"800897,6386","5822374,821","13,43055","52,46843",8010118.0,Silbersteinstraße,5039.0
195006,11,12,,2019,5,8,2,3,2,6,0,0,1,0,0,0,0,0,"790205,7672","5835859,767","13,28538","52,59511",12304314.0,Ziekowstraße/Freie Scholle,2876.0
195007,11,5,,2019,5,10,2,3,6,7,0,0,1,1,0,0,0,0,"784468,694","5828145,57","13,1943","52,52898",5020625.0,Borkumer Straße,1557.0
195008,11,10,,2019,5,10,2,3,6,4,0,0,1,1,0,0,0,0,"810447,5091","5830952,436","13,57869","52,53996",10010311.0,Landsberger Tor,7260.0
195009,11,12,,2019,5,18,2,3,2,6,0,0,1,0,0,0,0,0,"796643,4763","5832435,278","13,37708","52,56094",12103117.0,Letteplatz,4266.0
195010,11,12,,2019,5,10,2,3,5,2,0,1,0,0,0,1,0,0,"792996,3794","5835636,922","13,32627","52,59162",12301203.0,Wittenau Süd,3575.0
195011,11,1,,2019,5,10,2,3,5,2,0,1,1,0,0,0,0,0,"797159,0977","5831919,401","13,3842","52,55604",1033102.0,Gesundbrunnen,4365.0
195012,11,4,,2019,5,18,2,3,5,2,0,1,1,0,0,0,0,0,"793957,4572","5824711,292","13,33074","52,49316",4051653.0,Prager Platz,3546.0
195013,11,8,,2019,5,11,2,2,6,4,0,0,1,1,0,0,0,0,"801742,1883","5823676,731","13,44413","52,47964",8010404.0,Rixdorf,5242.0
195014,11,1,,2019,5,12,2,2,2,6,0,0,1,0,0,0,0,0,"793718,3377","5828117,162","13,33024","52,52382",1022106.0,Elberfelder Straße,3555.0
195015,11,2,,2019,5,18,2,3,6,4,0,0,1,1,1,0,0,0,"801448,5897","5826026,302","13,44194","52,50086",2030302.0,Lausitzer Platz,5248.0
195016,11,7,,2019,5,13,2,3,2,6,0,0,1,0,0,0,0,0,"796439,4907","5819785,785","13,36282","52,44766",7040404.0,Marienhöhe,4033.0
195017,11,10,,2019,5,15,2,3,2,6,0,0,1,0,0,0,0,0,"812927,6411","5827912,95","13,61228","52,51131",10040932.0,Alt-Mahlsdorf,7752.0
195018,11,9,,2019,5,17,2,3,6,2,0,0,1,1,0,0,0,0,"810554,2398","5816698,482","13,56698","52,41216",9031001.0,Bohnsdorf,7023.0
195019,11,12,,2019,5,10,2,3,0,1,0,1,0,0,0,0,0,0,"790166,0827","5839979,374","13,28841","52,63207",12231102.0,Frohnau,2987.0
195020,11,6,,2019,5,16,2,3,2,6,0,0,1,0,0,0,0,0,"794533,2881","5819142,248","13,33429","52,44292",6020302.0,Komponistenviertel Lankwitz,3632.0
195021,11,1,,2019,5,16,2,3,2,6,0,0,1,0,0,0,0,0,"794409,0772","5828450,388","13,34068","52,52643",1022104.0,Emdener Straße,3756.0
195022,11,2,,2019,5,15,2,3,5,3,0,1,1,0,0,0,0,0,"800147,1936","5825071,241","13,42197","52,49302",2020206.0,Graefekiez,4946.0
195023,11,2,,2019,5,15,2,3,2,7,0,1,1,0,0,0,0,0,"798242,1693","5824523,57","13,3935","52,48915",2020205.0,Chamissokiez,4545.0
195024,11,12,,2019,5,12,2,3,5,5,0,1,1,0,0,0,0,0,"790455,1482","5834889,623","13,2882","52,58628",12214527.0,Alt-Tegel,2973.0
195025,11,3,,2019,5,18,2,3,2,6,0,0,1,0,0,0,1,1,"799262,0536","5831802,491","13,41503","52,55384",3061227.0,Humannplatz,4864.0
195026,11,11,,2019,5,13,1,2,5,3,0,1,1,0,0,0,0,0,"805042,4287","5833528,237","13,50161","52,5661",11010309.0,Zingster Straße West,6168.0
195027,11,12,,2019,5,13,1,3,0,5,0,1,1,0,0,0,0,0,"785959,6269","5839260,577","13,22581","52,62785",12224230.0,Heiligensee,2086.0
195028,11,7,,2019,5,14,1,3,5,3,0,0,1,0,0,0,0,0,"793977,7483","5822276,43","13,3289","52,47132",7030301.0,Friedenau,3540.0
195029,11,9,,2019,5,9,1,3,1,5,0,1,1,0,0,0,1,0,"810281,4797","5819711,382","13,56578","52,43932",9020802.0,Köllnische Vorstadt,7031.0
195030,11,2,,2019,5,9,1,3,5,3,0,0,1,0,0,0,0,0,"799908,1898","5825974,643","13,41927","52,50125",2030301.0,Oranienplatz,4849.0
195031,11,2,,2019,5,12,1,3,2,2,0,1,1,0,0,0,0,0,"799085,5509","5825615,001","13,40686","52,49847",2010104.0,Wassertorplatz,4748.0
195032,11,4,,2019,5,14,1,3,6,4,0,1,0,1,0,0,0,0,"793693,4687","5824912,319","13,32704","52,4951",4051448.0,Schaperstraße,3547.0
195033,11,3,,2019,5,14,1,3,2,6,0,0,1,0,1,0,0,0,"800068,9307","5835830,91","13,43054","52,5895",3020210.0,Herthaplatz,5074.0
195034,11,1,,2019,5,17,1,2,5,3,0,1,0,0,0,0,0,0,"799744,6594","5828647,151","13,41928","52,52529",1011303.0,Alexanderplatzviertel,4856.0
195035,11,9,,2019,5,18,1,3,6,4,0,0,0,1,0,0,1,0,"805698,0366","5820151,187","13,49897","52,44584",9010401.0,Johannisthal West,6032.0
195036,11,2,,2019,5,6,1,3,1,5,0,0,1,0,0,0,0,0,"801154,5657","5825113,516","13,4368","52,49284",2030401.0,Reichenberger Straße,5146.0
195037,11,11,,2019,5,3,1,3,5,3,2,0,1,0,0,0,1,0,"803823,9929","5829051,083","13,47959","52,52665",11030619.0,Fennpfuhl Ost,5756.0
195038,11,5,,2019,5,13,1,3,2,6,0,0,1,0,0,0,0,0,"780652,9209","5827524,464","13,13767","52,52539",5020521.0,Döberitzer Weg,756.0
195039,11,6,,2019,5,1,1,2,1,5,2,0,1,0,0,0,0,0,"793342,7694","5817703,402","13,31556","52,43067",6020409.0,Königsberger Straße,3328.0
195040,11,4,,2019,5,13,1,3,0,7,0,1,0,0,0,0,0,0,"792008,4605","5827371,882","13,30445","52,51806",4030620.0,Alt-Lietzow,3154.0
195041,11,1,,2019,5,22,1,3,6,4,2,1,0,1,0,0,0,0,"797205,3726","5827479,96","13,38091","52,51622",1011202.0,Unter den Linden Nord,4353.0
195042,11,1,,2019,5,23,1,3,3,6,2,0,1,0,0,0,1,0,"797408,1847","5831901,115","13,38785","52,55574",1033102.0,Gesundbrunnen,4465.0
195043,11,8,,2019,5,22,1,3,3,6,2,1,1,0,0,0,0,0,"800452,2186","5823679,595","13,42519","52,48037",8010211.0,Flughafenstraße,4943.0
195044,11,3,,2019,5,20,1,3,0,1,0,1,0,0,0,0,0,0,"799647,0554","5831207,767","13,42015","52,5483",3061227.0,Humannplatz,4962.0
195045,11,11,,2019,5,17,7,3,3,6,0,0,1,0,0,0,0,0,"805325,554","5833257,683","13,50552","52,56351",11010310.0,Mühlengrund,6167.0
195046,11,8,,2019,5,22,7,3,2,5,2,1,1,0,0,0,0,0,"801922,565","5823547,775","13,44666","52,47838",8010404.0,Rixdorf,5242.0
195047,11,3,,2019,5,11,7,3,2,6,0,0,1,0,0,1,0,0,"799688,0636","5835436,344","13,42457","52,58618",3040614.0,Pankow Zentrum,4973.0
195048,11,1,,2019,5,16,7,3,6,6,0,0,0,1,0,0,1,0,"793609,0663","5828135,069","13,32865","52,52404",1022101.0,Huttenkiez,3555.0
195049,11,2,,2019,5,15,7,3,1,5,0,0,1,0,1,0,0,0,"800956,2249","5827735,18","13,43626","52,51645",2040701.0,Andreasviertel,5153.0
195050,11,2,,2019,5,16,7,3,5,7,0,0,1,0,1,0,0,0,"803150,3747","5825734,411","13,46667","52,4973",2050804.0,Stralauer Halbinsel,5547.0
195051,11,8,,2019,5,22,7,3,1,5,2,0,1,0,1,0,0,0,"801965,3738","5823307,655","13,44707","52,47621",8010404.0,Rixdorf,5341.0
195052,11,5,,2019,5,23,7,3,2,6,2,0,1,0,0,0,0,0,"784717,8555","5828569,968","13,19833","52,53265",5020625.0,Borkumer Straße,1658.0
195053,11,2,,2019,5,13,7,3,5,3,0,1,1,0,0,0,0,0,"802813,1362","5827293,458","13,46314","52,51146",2050801.0,Traveplatz,5552.0
195054,11,2,,2019,5,13,7,3,5,7,0,1,1,0,0,0,0,0,"801591,1146","5825953,052","13,44397","52,50012",2030402.0,Wrangelkiez,5248.0
195055,11,2,,2019,5,13,7,3,3,6,0,0,1,0,0,0,0,0,"802769,085","5826120,186","13,46142","52,50097",2050803.0,Stralauer Kiez,5549.0
195056,11,10,,2019,5,11,7,3,5,2,0,1,1,0,0,0,0,0,"812533,1242","5825006,755","13,60376","52,48549",10040933.0,Mahlsdorf Süd,7644.0
195057,11,4,,2019,5,10,7,3,2,6,0,0,1,0,0,0,0,0,"792974,327","5825562,937","13,31705","52,50132",4030930.0,George-Grosz-Platz,3349.0
195058,11,2,,2019,5,10,7,3,6,4,0,1,0,1,0,0,0,0,"801916,653","5827101,831","13,44979","52,51024",2040702.0,Weberwiese,5351.0
195059,11,7,,2019,5,9,7,3,6,4,0,0,1,1,0,0,0,0,"797022,517","5823342,145","13,37454","52,47923",7040401.0,Neu-Tempelhof,4242.0
195060,11,7,,2019,5,10,7,3,5,2,0,0,1,0,0,0,0,0,"796914,5626","5822289,425","13,37202","52,46985",7040403.0,Manteuffelstraße,4139.0
195061,11,6,,2019,5,11,7,3,5,3,0,0,1,0,0,0,0,0,"794600,511","5817730,272","13,33403","52,43023",6020304.0,Kaiser-Wilhelm-Straße,3628.0
195062,11,4,,2019,5,11,7,2,5,5,0,0,1,0,1,0,0,0,"794544,5123","5825991,551","13,3405","52,50432",4030931.0,Breitscheidplatz,3750.0
195063,11,1,,2019,5,21,7,3,3,6,2,0,1,0,1,0,0,0,"796037,2618","5828541,61","13,3647","52,52637",1022205.0,Zillesiedlung,4056.0
195064,11,1,,2019,5,20,7,3,0,7,0,0,1,0,0,0,0,0,"795711,9082","5830584,61","13,36173","52,54486",1044202.0,Sparrplatz,4061.0
195065,11,3,,2019,5,20,7,3,5,2,0,1,1,0,0,0,0,0,"798417,536","5831797,421","13,4026","52,55426",3061126.0,Arnimplatz,4664.0
195066,11,12,,2019,5,19,7,3,1,5,0,1,1,0,0,0,0,0,"790370,5357","5840109,321","13,29154","52,63312",12231102.0,Frohnau,2987.0
195067,11,1,,2019,5,19,7,3,2,6,0,0,1,0,0,0,0,0,"797920,0834","5828871,13","13,39266","52,5283",1011302.0,Oranienburger Straße,4457.0
195068,11,3,,2019,5,19,7,3,5,7,0,1,1,0,0,0,0,0,"799055,8067","5830171,953","13,41052","52,53934",3071536.0,Teutoburger Platz,4760.0
195069,11,11,,2019,5,19,7,3,5,3,0,1,0,0,0,0,0,0,"804933,6423","5828166,667","13,49509","52,51811",11030721.0,Rüdigerstraße,6054.0
195070,11,8,,2019,5,18,7,3,5,2,0,0,1,0,0,0,1,0,"802539,1967","5822977,212","13,45519","52,47293",8010404.0,Rixdorf,5440.0
195071,11,7,,2019,5,17,7,3,5,3,0,1,1,0,0,0,0,0,"796594,6817","5823923,579","13,36877","52,48467",7020204.0,Schöneberger Insel,4144.0
195072,11,7,,2019,5,17,7,3,2,6,0,0,1,0,1,0,0,0,"799945,0273","5814578,095","13,40958","52,39907",7070702.0,Alt-Lichtenrade/Töpchiner Weg,4719.0
195073,11,11,,2019,5,17,7,3,5,3,0,0,1,0,0,0,0,0,"807677,8027","5824533,403","13,53204","52,484",11051331.0,Karlshorst Nord,6544.0
195074,11,8,,2019,5,16,7,3,1,5,0,1,1,0,0,0,1,0,"802363,0193","5820217,517","13,45011","52,44829",8020622.0,Parchimer Allee,5333.0
195075,11,6,,2019,5,23,7,3,0,1,2,1,0,0,0,0,0,0,"793485,2932","5820199,963","13,31984","52,45297",6010207.0,Mittelstraße,3434.0
195076,11,12,,2019,5,15,7,3,2,6,0,0,1,0,0,0,1,0,"793246,1308","5832513,798","13,32718","52,56349",12214424.0,Scharnweberstraße,3567.0
195077,11,8,,2019,5,15,7,3,2,6,0,0,1,0,1,0,0,0,"801801,041","5821981,015","13,44346","52,46441",8010214.0,Glasower Straße,5238.0
195078,11,9,,2019,5,14,7,3,5,3,0,0,1,0,0,0,0,0,"804928,6515","5822553,322","13,48987","52,4678",9010301.0,Baumschulenstraße,5939.0
195079,11,4,,2019,5,14,7,3,5,2,0,0,1,0,0,0,0,0,"792407,3209","5824952,922","13,30819","52,49616",4051446.0,Preußenpark,3247.0
195080,11,12,,2019,5,14,7,2,5,2,0,0,0,0,1,1,0,0,"793423,7824","5836090,167","13,33296","52,59545",12301203.0,Wittenau Süd,3676.0
195081,11,7,,2019,5,13,7,2,1,5,0,0,1,0,0,0,0,0,"797376,0435","5818673,678","13,37557","52,43719",7050501.0,Rathausstraße,4230.0
195082,11,6,,2019,5,17,7,3,0,5,0,0,1,0,1,0,0,0,"784501,3803","5817251,528","13,18548","52,43128",6040703.0,Nikolassee,1428.0
195083,11,3,,2019,5,22,6,3,5,3,2,0,1,0,0,0,0,0,"797904,7327","5835174,888","13,39809","52,58481",3020209.0,Niederschönhausen,4573.0
195084,11,10,,2019,5,20,6,3,2,6,0,0,1,0,1,0,0,0,"809581,4176","5824962,3","13,56039","52,48677",10030727.0,Biesdorf Süd,6944.0
195085,11,3,,2019,5,18,6,3,6,4,0,1,0,1,0,0,0,0,"802303,2841","5829213,752","13,45739","52,52896",3061430.0,Volkspark Prenzlauer Berg,5457.0
195086,11,8,,2019,5,19,6,3,2,2,1,0,1,0,1,0,0,0,"802682,9982","5820805,763","13,45533","52,45338",8020619.0,Buschkrugallee Nord,5435.0
195087,11,2,,2019,5,12,6,3,5,3,0,1,0,0,0,0,0,0,"798664,8359","5825569,378","13,40064","52,49829",2010104.0,Wassertorplatz,4648.0
195088,11,7,,2019,5,11,6,3,5,2,0,0,1,0,1,0,0,0,"795022,4572","5825424,543","13,34702","52,49898",7010102.0,Nollendorfplatz,3848.0
195089,11,1,,2019,5,10,6,3,5,3,0,0,1,0,0,0,0,0,"796676,6965","5831912,555","13,3771","52,55624",1044201.0,Reinickendorfer Straße,4265.0
195090,11,8,,2019,5,10,6,3,5,2,0,1,1,0,0,0,0,0,"801044,8315","5824192,076","13,43435","52,48464",8010301.0,Reuterkiez,5144.0
195091,11,12,,2019,5,9,6,3,0,3,0,0,1,0,1,0,0,0,"795635,339","5833005,716","13,36276","52,5666",12103219.0,Schäfersee,4068.0
195092,11,4,,2019,5,7,6,3,5,2,0,0,1,0,1,0,0,0,"789835,8862","5827385,457","13,27254","52,51934",4020310.0,Park Ruhwald,2754.0
195093,11,1,,2019,5,8,6,3,5,2,0,1,1,0,0,0,0,0,"797091,2736","5828086,576","13,37978","52,52172",1011301.0,Charitéviertel,4355.0
195094,11,4,,2019,5,7,6,3,0,1,0,1,1,0,0,0,0,0,"792727,8912","5826154,675","13,31395","52,50676",4030827.0,Karl-August-Platz,3350.0
195095,11,7,,2019,5,6,6,3,5,2,0,0,1,0,0,0,0,0,"799188,5337","5821729,352","13,40489","52,46359",7040405.0,Rathaus Tempelhof,4638.0
195096,11,10,,2019,5,9,6,3,5,3,0,0,1,0,0,0,0,0,"812203,7654","5830920,95","13,60447","52,53868",10020414.0,Helle Mitte,7660.0
195097,11,2,,2019,5,8,6,3,2,6,0,0,1,0,0,0,0,0,"800684,9507","5828487,468","13,43295","52,52334",2040502.0,Friedenstraße,5055.0
195098,11,2,,2019,5,11,6,2,2,6,0,0,0,0,0,1,0,0,"798616,4909","5825580,039","13,39994","52,49842",2010104.0,Wassertorplatz,4648.0
195099,11,5,,2019,5,13,6,3,6,2,0,0,1,1,0,0,0,0,"784770,4113","5827278,681","13,19799","52,52105",5020626.0,Adamstraße,1654.0
195100,11,4,,2019,5,14,6,3,6,4,0,0,1,1,0,0,0,0,"794533,8584","5825973,011","13,34033","52,50416",4030931.0,Breitscheidplatz,3749.0
195101,11,4,,2019,5,14,6,3,5,3,0,1,1,0,0,0,0,0,"791286,7756","5822041,28","13,28919","52,47065",4041241.0,Breite Straße,2940.0
195102,11,4,,2019,5,15,6,3,5,2,0,1,1,0,0,0,0,0,"792635,769","5827081,702","13,31342","52,51512",4030620.0,Alt-Lietzow,3353.0
195103,11,5,,2019,5,14,6,3,1,5,0,0,0,0,1,0,1,0,"784457,3127","5827729,483","13,19378","52,52525",5020626.0,Adamstraße,1556.0
195104,11,1,,2019,5,15,6,3,3,6,0,1,1,0,0,0,0,0,"795088,6116","5829212,164","13,35135","52,5329",1022201.0,Stephankiez,3858.0
195105,11,6,,2019,5,15,6,3,5,3,0,0,1,0,0,0,0,0,"794444,1102","5818850,351","13,33272","52,44036",6020302.0,Komponistenviertel Lankwitz,3631.0
195106,11,1,,2019,5,16,6,3,5,2,0,1,1,0,0,0,0,0,"795256,98","5826619,461","13,35152","52,50956",1011101.0,Stülerstraße,3851.0
195107,11,1,,2019,5,16,6,3,5,3,0,1,0,0,0,0,1,0,"795878,7812","5831961,412","13,36541","52,55711",1044203.0,Leopoldplatz,4065.0
195108,11,4,,2019,5,16,6,3,5,2,0,1,1,0,0,0,0,0,"792914,3567","5824391,903","13,31514","52,49086",4051446.0,Preußenpark,3346.0
195109,11,10,,2019,5,17,6,3,5,3,0,0,1,0,0,0,0,0,"807795,406","5830767,254","13,53954","52,53981",10010310.0,Alt-Marzahn,6660.0
195110,11,3,,2019,5,17,6,3,2,6,0,0,1,0,0,0,1,0,"800159,5052","5838188,034","13,43401","52,61058",3020307.0,Buchholz,5181.0
195111,11,7,,2019,5,17,6,3,5,3,0,0,1,0,0,0,0,0,"795811,9702","5816032,84","13,35029","52,41436",7060604.0,Marienfelde Süd,3823.0
195112,11,12,,2019,5,17,6,3,5,7,0,0,1,0,1,0,0,0,"795362,2366","5833345,167","13,35905","52,5698",12103218.0,Teichstraße,3969.0
195113,11,7,,2019,5,17,6,3,0,2,0,1,1,0,0,0,0,0,"797101,9851","5819466,509","13,37226","52,44444",7050501.0,Rathausstraße,4132.0
195114,11,9,,2019,5,16,6,2,5,3,0,1,1,0,0,0,0,0,"820540,9574","5820238,253","13,71671","52,43812",9051801.0,Rahnsdorf/Hessenwinkel,9330.0
195115,11,2,,2019,5,16,6,3,1,5,0,1,1,0,0,0,0,0,"799966,4567","5826136,889","13,42027","52,50267",2030301.0,Oranienplatz,4949.0
195116,11,5,,2019,5,18,6,3,2,2,0,1,1,0,0,0,0,0,"783904,9479","5831564,69","13,18893","52,55993",5010103.0,Amorbacher Weg,1466.0
195117,11,2,,2019,5,15,6,3,3,6,0,1,0,0,0,0,0,0,"802191,4045","5827533,842","13,45422","52,51396",2050801.0,Traveplatz,5452.0