OBJECTID,LAND,BEZ,LOR_ab_2021,UJAHR,UMONAT,USTUNDE,UWOCHENTAG,UKATEGORIE,UART,UTYP1,ULICHTVERH,IstRad,IstPKW,IstFuss,IstKrad,IstGkfz,IstSonstige,USTRZUSTAND,LINREFX,LINREFY,XGCSWGS84,YGCSWGS84,LOR,STRASSE,quadrant
195118,11,3,,2019,5,15,5,3,3,6,0,1,1,0,0,0,0,0,"797388,5311","5835020,781","13,39036","52,58371",3020209.0,Niederschönhausen,4473.0
195119,11,2,,2019,5,15,5,3,6,4,0,1,0,1,0,0,0,0,"798689,4145","5825124,687","13,40061","52,4943",2020204.0,Urbanstraße,4647.0
195120,11,12,,2019,5,8,5,3,1,5,0,0,1,0,0,0,1,0,"795092,616","5834845,067","13,35642","52,58339",12103218.0,Teichstraße,3973.0
195121,11,10,,2019,5,6,5,3,5,2,0,1,1,0,0,0,0,0,"811339,7545","5831835,777","13,59263","52,54737",10020412.0,Alte Hellersdorfer Straße,7462.0
195122,11,11,,2019,5,18,5,3,2,3,0,1,1,0,0,0,0,0,"805362,98","5833283,513","13,5061","52,56373",11010310.0,Mühlengrund,6167.0
195123,11,1,,2019,5,17,5,3,2,6,0,0,0,0,1,0,1,0,"796652,3115","5831081,169","13,376","52,5488",1033203.0,Humboldthain Nordwest,4263.0
195124,11,3,,2019,5,15,5,3,3,2,0,1,1,0,0,0,0,0,"800865,3729","5832082,763","13,43886","52,55547",3050923.0,Weißenseer Spitze,5164.0
195125,11,2,,2019,5,23,5,3,2,6,2,0,1,0,0,0,0,0,"798492,7363","5825554,579","13,3981","52,49826",2010102.0,Mehringplatz,4548.0
195126,11,3,,2019,5,8,5,3,2,6,0,0,1,0,0,0,0,0,"800095,1856","5835999,105","13,43107","52,59099",3020210.0,Herthaplatz,5075.0
195127,11,4,,2019,5,11,5,3,5,3,0,0,1,0,0,0,0,0,"793356,8495","5822575,996","13,32004","52,47434",4041344.0,Rüdesheimer Platz,3441.0
195128,11,9,,2019,5,8,5,3,6,2,0,0,1,1,0,0,0,0,"808030,0699","5816810,613","13,53009","52,41459",9030901.0,Dorf Altglienicke,6523.0
195129,11,9,,2019,5,11,5,3,5,2,0,0,1,0,0,0,0,0,"811356,8138","5820043,17","13,58186","52,44168",9041501.0,Altstadt Kietz,7331.0
195130,11,10,,2019,5,9,5,3,3,6,0,0,1,0,1,0,0,0,"806287,3904","5830171,049","13,51682","52,53531",11030720.0,Herzbergstraße,6359.0
195131,11,2,,2019,5,11,5,3,2,6,0,0,1,0,1,0,0,0,"797276,694","5825534,052","13,38023","52,49874",2020202.0,Rathaus Yorckstraße,4348.0
195132,11,11,,2019,5,9,5,3,5,3,0,1,1,0,0,0,0,0,"803878,685","5828207,966","13,47962","52,51907",11030721.0,Rüdigerstraße,5754.0
195133,11,2,,2019,5,13,5,3,3,6,0,1,0,0,0,0,0,0,"801279,79","5828680,159","13,44187","52,52474",2040502.0,Friedenstraße,5255.0
195134,11,9,,2019,5,9,5,2,5,2,0,1,0,0,0,1,0,0,"804112,8254","5823601,66","13,47886","52,47765",9010202.0,Köpenicker Landstraße,5742.0
195135,11,4,,2019,5,13,5,2,2,7,0,0,1,0,1,0,0,0,"791608,2553","5830690,191","13,30148","52,54802",4010102.0,Plötzensee,3162.0
195136,11,4,,2019,5,13,5,3,0,1,0,1,0,0,0,0,0,0,"793606,0572","5825771,728","13,32652","52,50285",4030931.0,Breitscheidplatz,3549.0
195137,11,9,,2019,5,9,5,2,6,4,0,0,1,1,0,0,0,0,"809160,4166","5819527,885","13,54917","52,43831",9020702.0,Adlershof Ost,6830.0
195138,11,1,,2019,5,9,5,3,2,6,0,0,1,0,0,0,1,0,"798673,9192","5828695,005","13,40358","52,52631",1011302.0,Oranienburger Straße,4656.0
195139,11,2,,2019,5,22,5,3,5,3,2,1,1,0,0,0,0,0,"800679,3079","5825791,206","13,43043","52,49918",2030302.0,Lausitzer Platz,5048.0
195140,11,2,,2019,5,21,5,3,5,3,2,0,1,0,0,0,0,0,"798585,383","5825563,875","13,39947","52,49829",2010104.0,Wassertorplatz,4548.0
195141,11,3,,2019,5,21,5,3,0,7,2,0,1,0,0,0,0,0,"799066,3919","5830051,8","13,41057","52,53825",3071536.0,Teutoburger Platz,4759.0
195142,11,1,,2019,5,20,5,3,5,2,0,0,1,0,0,0,1,0,"796994,1055","5831497,681","13,3814","52,55235",1033102.0,Gesundbrunnen,4364.0
195143,11,4,,2019,5,18,5,3,3,6,0,1,1,0,0,0,0,0,"791868,1203","5826504,184","13,30163","52,51035",4030725.0,Amtsgerichtsplatz,3151.0
195144,11,11,,2019,5,17,5,3,5,2,0,1,1,0,0,0,1,0,"804671,4536","5831135,931","13,49395","52,54487",11020514.0,Große-Leege-Straße,6061.0
195145,11,1,,2019,5,17,5,3,3,6,0,1,0,0,0,0,0,0,"797756,0907","5827480,333","13,38901","52,51592",1011203.0,Unter den Linden Süd,4453.0
195146,11,7,,2019,5,16,5,3,6,3,0,1,0,1,0,0,0,0,"795469,6245","5825556,633","13,3537","52,49992",7010102.0,Nollendorfplatz,3948.0
195147,11,1,,2019,5,16,5,3,5,3,0,1,1,0,0,0,0,0,"795765,6848","5826672,026","13,35904","52,50976",1011105.0,Nördlicher Landwehrkanal,3951.0
195148,11,12,,2019,5,15,5,3,2,6,0,1,1,0,0,0,0,0,"790562,0939","5840571,16","13,29477","52,63716",12231102.0,Frohnau,3088.0
195149,11,5,,2019,5,15,5,3,2,6,0,0,1,0,0,0,0,0,"787986,9097","5830627,58","13,24817","52,54938",5030832.0,Rohrdamm,2363.0
195150,11,4,,2019,5,15,5,3,5,7,0,1,1,0,0,0,0,0,"791788,63","5827482,294","13,30132","52,51916",4030620.0,Alt-Lietzow,3154.0
195151,11,10,,2019,5,14,5,3,5,7,0,0,1,0,0,0,0,0,"810904,7314","5831251,795","13,58569","52,54238",10020413.0,Gut Hellersdorf,7361.0
195152,11,9,,2019,5,13,5,3,2,2,0,0,1,0,0,0,0,0,"804267,2183","5822791,669","13,48039","52,4703",9010301.0,Baumschulenstraße,5740.0
195153,11,4,,2019,5,13,5,3,2,6,0,0,1,0,1,0,0,0,"793516,104","5823947,419","13,32359","52,48655",4051654.0,Wilhelmsaue,3444.0
195154,11,8,,2019,5,17,5,3,0,1,0,0,0,0,1,0,0,0,"802010,3834","5823604,26","13,448","52,47884",8010405.0,Hertzbergplatz,5342.0
195155,11,11,,2019,5,8,5,2,5,2,0,1,0,0,0,1,0,0,"803861,7432","5828653,4","13,47978","52,52307",11030721.0,Rüdigerstraße,5755.0
195156,11,8,,2019,5,8,5,3,0,3,0,0,1,0,1,0,0,0,"801903,2867","5817541,786","13,44095","52,42456",8020728.0,Buckow Ost,5226.0
195157,11,6,,2019,5,8,5,2,0,1,0,0,0,0,1,0,0,0,"795150,8615","5820966,652","13,34496","52,45895",6010210.0,Bismarckstraße,3736.0
195158,11,3,,2019,5,8,5,3,5,2,0,1,0,0,0,0,1,0,"799183,188","5831223,96","13,41334","52,5487",3061131.0,Falkplatz,4862.0
195159,11,5,,2019,5,7,5,3,5,2,0,1,1,0,0,0,0,0,"787975,1697","5830384,053","13,24779","52,54721",5030731.0,Gartenfelder Straße,2362.0
195160,11,5,,2019,5,6,5,3,2,7,0,0,1,0,0,0,1,0,"779665,19","5827806,651","13,12339","52,52843",5020521.0,Döberitzer Weg,457.0
195161,11,1,,2019,5,15,5,3,0,1,0,1,0,0,0,0,0,0,"793732,3461","5828907,075","13,33114","52,53089",1022104.0,Emdener Straße,3557.0
195162,11,7,,2019,5,19,5,3,0,1,0,0,0,0,0,0,1,0,"794600,3049","5825483,134","13,34087","52,49973",7010101.0,Wittenbergplatz/Viktoria-Luise-Platz,3748.0
195163,11,1,,2019,5,7,4,3,5,2,0,1,0,0,0,0,1,0,"796636,597","5826666,634","13,37183","52,50924",1011105.0,Nördlicher Landwehrkanal,4151.0
195164,11,6,,2019,5,11,4,3,5,3,0,0,1,0,0,0,0,1,"793663,0785","5817267,185","13,31987","52,42658",6020409.0,Königsberger Straße,3427.0
195165,11,2,,2019,5,16,4,3,5,2,0,1,0,0,0,0,1,0,"800579,7165","5827007,119","13,43007","52,51013",2040701.0,Andreasviertel,5051.0
195166,11,1,,2019,5,21,4,3,3,6,2,0,1,0,0,0,0,0,"793523,1691","5829247,047","13,32837","52,53405",1022101.0,Huttenkiez,3558.0
195167,11,7,,2019,5,18,4,3,5,3,0,1,1,0,0,0,0,1,"795307,7008","5821644,562","13,34786","52,46494",7030303.0,Grazer Platz,3838.0
195168,11,6,,2019,5,16,4,3,5,2,0,1,0,0,0,0,1,0,"791769,0333","5819272,427","13,29385","52,44557",6030605.0,Botanischer Garten,3032.0
195169,11,7,,2019,5,16,4,3,2,6,0,0,1,0,0,0,0,1,"794573,928","5825808,598","13,34077","52,50266",7010101.0,Wittenbergplatz/Viktoria-Luise-Platz,3749.0
195170,11,2,,2019,5,16,4,3,6,4,0,1,0,1,0,0,0,1,"797763,5826","5824918,883","13,38683","52,49296",2020203.0,Viktoriapark,4446.0
195171,11,1,,2019,5,16,4,3,6,4,0,1,0,1,0,0,0,1,"799496,2879","5828148,072","13,41518","52,52095",1011303.0,Alexanderplatzviertel,4854.0
195172,11,1,,2019,5,15,4,2,0,1,0,0,0,0,1,0,0,1,"798474,5261","5828257,921","13,40026","52,5225",1011302.0,Oranienburger Straße,4655.0
195173,11,4,,2019,5,3,4,3,5,2,2,0,0,0,0,1,1,1,"790354,8912","5827305,254","13,28009","52,51834",4020310.0,Park Ruhwald,2854.0
195174,11,5,,2019,5,0,4,3,5,3,2,0,1,0,0,0,0,1,"781973,084","5828471,791","13,15789","52,5332",5020419.0,Magistratsweg,1058.0
195175,11,6,,2019,5,7,4,3,2,6,0,0,1,0,0,0,0,0,"793602,1474","5817678,206","13,31934","52,4303",6020409.0,Königsberger Straße,3428.0
195176,11,6,,2019,5,7,4,3,5,3,0,0,1,0,1,0,0,1,"793312,6287","5818865,318","13,31613","52,4411",6030609.0,Augustaplatz,3331.0
195177,11,3,,2019,5,7,4,3,5,2,1,1,1,0,0,0,0,1,"799605,3578","5834738,431","13,42273","52,57997",3040614.0,Pankow Zentrum,4972.0
195178,11,6,,2019,5,7,4,3,5,2,0,1,1,0,0,0,0,1,"790623,3253","5815225,97","13,27352","52,40991",6030504.0,Teltower Damm,2722.0
195179,11,9,,2019,5,7,4,3,5,2,0,0,1,0,0,0,0,1,"809292,9986","5819720,822","13,5513","52,43996",9020702.0,Adlershof Ost,6831.0
195180,11,8,,2019,5,8,4,3,5,3,0,0,1,0,1,0,0,1,"802280,251","5817848,025","13,44675","52,4271",8030830.0,Gropiusstadt Süd,5227.0
195181,11,11,,2019,5,8,4,3,0,1,0,1,1,0,0,0,0,1,"805182,0315","5827837,204","13,49843","52,51501",11030721.0,Rüdigerstraße,6053.0
195182,11,4,,2019,5,8,4,3,2,3,0,0,1,0,1,0,0,1,"793354,575","5829674,619","13,32627","52,53798",4010102.0,Plötzensee,3559.0
195183,11,1,,2019,5,8,4,3,1,5,0,1,1,0,0,0,0,1,"795810,2861","5826685,986","13,35971","52,50986",1011105.0,Nördlicher Landwehrkanal,4051.0
195184,11,1,,2019,5,9,4,3,5,2,0,0,1,0,0,0,0,1,"795526,0447","5830753,349","13,35915","52,54647",1044202.0,Sparrplatz,3962.0
195185,11,8,,2019,5,11,4,3,2,6,0,0,1,0,0,0,0,1,"800946,6352","5822296,124","13,4312","52,4677",8010118.0,Silbersteinstraße,5039.0
195186,11,4,,2019,5,12,4,3,5,3,0,1,1,0,0,0,0,1,"792980,6357","5823902,112","13,31569","52,48643",4051549.0,Rathaus Wilmersdorf,3344.0
195187,11,2,,2019,5,13,4,3,5,3,0,0,1,0,0,0,0,1,"800615,6709","5826272,387","13,42993","52,50352",2030302.0,Lausitzer Platz,5049.0
195188,11,9,,2019,5,13,4,3,3,6,0,0,0,0,1,0,1,0,"806089,4411","5823419,425","13,5077","52,47491",9020501.0,Oberschöneweide West,6241.0
195189,11,8,,2019,5,13,4,3,0,2,0,1,0,0,0,1,0,0,"800515,0933","5823441,38","13,4259","52,47821",8010117.0,Schillerpromenade,4942.0
195190,11,11,,2019,5,14,4,3,5,3,0,0,1,0,0,0,1,1,"806560,296","5824917,053","13,51599","52,48807",11051330.0,Karlshorst West,6345.0
195191,11,3,,2019,5,14,4,3,5,3,0,1,1,0,0,0,0,1,"800359,6905","5837805,332","13,43661","52,60704",3020307.0,Buchholz,5180.0
195192,11,7,,2019,5,15,4,3,2,6,0,1,1,0,0,0,0,1,"799906,1036","5821888,904","13,41556","52,46462",7040406.0,Germaniagarten,4838.0
195193,11,4,,2019,5,15,4,3,5,3,0,0,0,0,0,0,1,1,"786554,0453","5826166,334","13,22325","52,51014",4020206.0,Angerburger Allee,1951.0
195194,11,3,,2019,5,15,4,3,5,2,0,1,1,0,0,0,0,0,"801924,4182","5836374,748","13,45834","52,59335",3030711.0,Blankenburg,5476.0
195195,11,2,,2019,5,15,4,3,2,7,0,1,1,0,0,0,0,1,"801016,1031","5828084,115","13,43745","52,51954",2040502.0,Friedenstraße,5154.0
195196,11,5,,2019,5,17,4,3,2,6,0,0,0,0,0,0,1,0,"789445,664","5829294,93","13,26846","52,53666",5030832.0,Rohrdamm,2659.0
195197,11,9,,2019,5,15,3,3,0,7,0,0,0,0,1,1,0,0,"814161,2421","5821919,589","13,62475","52,45689",9051702.0,Bölschestraße,7936.0
195198,11,2,,2019,5,5,3,3,5,2,0,1,0,0,0,0,1,0,"801865,7288","5828983,034","13,45075","52,52713",2050601.0,Hausburgviertel,5356.0
195199,11,7,,2019,5,8,3,3,5,7,0,0,1,0,1,0,0,0,"796545,2366","5819676,997","13,36427","52,44663",7040404.0,Marienhöhe,4033.0
195200,11,4,,2019,5,17,3,3,5,3,0,0,1,0,0,0,0,0,"789938,945","5825097,876","13,27206","52,49877",4020314.0,Messegelände,2748.0
195201,11,3,,2019,5,17,3,3,2,2,0,1,1,0,0,0,0,0,"798044,564","5833592,222","13,39873","52,57055",3040513.0,Schönholz,4569.0
195202,11,9,,2019,5,13,3,3,6,4,0,0,1,1,0,0,0,0,"810774,0631","5820308,538","13,57356","52,44439",9041501.0,Altstadt Kietz,7132.0
195203,11,3,,2019,5,14,3,3,5,3,0,1,1,0,0,0,0,0,"801107,4894","5831516,386","13,4419","52,55026",3050923.0,Weißenseer Spitze,5263.0
195204,11,12,,2019,5,16,3,3,2,6,0,0,1,0,1,0,0,0,"792056,7588","5831732,365","13,30899","52,55712",12214125.0,Waldidyll/Flughafensee,3265.0
195205,11,4,,2019,5,15,3,3,2,6,0,0,1,0,0,0,0,0,"790038,1744","5827339,673","13,27547","52,51882",4020310.0,Park Ruhwald,2754.0
195206,11,1,,2019,5,14,3,3,5,3,0,1,1,0,0,0,0,0,"794236,9884","5828849,169","13,33851","52,5301",1022104.0,Emdener Straße,3657.0
195207,11,1,,2019,5,14,3,3,6,4,0,0,0,1,0,1,0,0,"795961,6987","5828341,387","13,36341","52,52462",1022206.0,Lüneburger Straße,4055.0
195208,11,3,,2019,5,16,4,2,5,2,0,1,0,0,0,0,1,0,"799224,9727","5832060,027","13,41471","52,55617",3061126.0,Arnimplatz,4865.0
195209,11,9,,2019,5,16,3,3,5,2,0,1,1,0,0,0,0,0,"806076,0723","5823423,187","13,50751","52,47495",9020501.0,Oberschöneweide West,6241.0
195210,11,6,,2019,5,17,4,3,2,2,0,0,1,0,0,0,0,0,"789694,9635","5818444,219","13,2627","52,43925",6040807.0,Zehlendorf Eiche,2530.0
195211,11,1,,2019,5,17,3,3,6,4,0,0,1,1,0,0,0,0,"799498,019","5828344,449","13,41538","52,52271",1011303.0,Alexanderplatzviertel,4855.0
195212,11,4,,2019,5,16,4,3,0,7,0,0,1,0,1,0,0,0,"791905,7084","5828172,897","13,30365","52,52529",4030518.0,Tegeler Weg,3156.0
195213,11,4,,2019,5,18,3,3,0,7,0,0,1,0,1,0,0,1,"793702,5129","5824057,299","13,32642","52,48743",4051652.0,Nikolsburger Platz,3545.0
195214,11,9,,2019,5,16,4,2,4,6,0,1,0,0,0,0,0,0,"809201,8881","5818633,952","13,54895","52,43027",9020701.0,Adlershof West,6828.0
195215,11,2,,2019,5,19,3,3,5,3,0,1,0,0,0,0,0,0,"797262,5512","5825257,527","13,37977","52,49626",2020202.0,Rathaus Yorckstraße,4347.0
195216,11,11,,2019,5,13,4,2,1,5,0,1,1,0,0,0,0,0,"803023,1567","5829186,892","13,46795","52,52832",11030618.0,Fennpfuhl West,5657.0
195217,11,9,,2019,5,19,3,3,5,2,0,1,1,0,0,0,0,0,"809342,5514","5818504,736","13,5509","52,42904",9020701.0,Adlershof West,6827.0
195218,11,2,,2019,5,17,4,3,0,1,0,1,0,0,0,0,0,0,"802245,5088","5827511,862","13,455","52,51373",2050801.0,Traveplatz,5452.0
195219,11,11,,2019,5,0,3,3,2,6,2,0,0,0,1,0,1,0,"805195,4214","5829062,516","13,49975","52,52599",11030720.0,Herzbergstraße,6056.0
195220,11,8,,2019,5,19,3,3,2,1,0,1,1,0,1,0,0,0,"801787,324","5824354,842","13,4454","52,48569",8010302.0,Bouchéstraße,5244.0
195221,11,8,,2019,5,14,4,3,5,2,0,0,1,0,1,0,0,0,"806240,1998","5816372,401","13,50346","52,41167",8041038.0,Waßmannsdorfer Chaussee,6122.0
195222,11,1,,2019,5,13,3,3,2,6,0,0,1,0,0,0,1,0,"797073,7299","5828869,11","13,38022","52,52874",1011301.0,Charitéviertel,4357.0
195223,11,1,,2019,5,14,4,3,6,2,0,0,1,1,0,0,0,0,"794317,3291","5828375,969","13,33927","52,52582",1022106.0,Elberfelder Straße,3756.0
195224,11,1,,2019,5,19,3,3,0,6,1,0,1,0,0,0,1,0,"796280,859","5830603,234","13,37011","52,54472",1033203.0,Humboldthain Nordwest,4161.0
195225,11,3,,2019,5,11,3,3,6,4,0,0,1,1,0,0,0,0,"800493,3988","5832237,437","13,43353","52,55706",3050923.0,Weißenseer Spitze,5165.0
195226,11,11,,2019,5,14,4,3,2,6,0,0,0,0,0,1,1,0,"803771,5451","5827656,382","13,47755","52,51418",11030721.0,Rüdigerstraße,5752.0
195227,11,7,,2019,5,11,3,3,1,5,0,0,1,0,0,0,1,0,"799565,174","5813981,274","13,40348","52,39393",7070703.0,John-Locke-Straße,4617.0
195228,11,3,,2019,5,16,4,3,5,2,0,1,1,0,0,0,0,0,"800044,1612","5837360,225","13,43156","52,60322",3020307.0,Buchholz,5078.0
195229,11,7,,2019,5,10,3,2,1,5,0,1,0,0,0,0,1,0,"795167,5597","5825482,469","13,3492","52,49942",7010102.0,Nollendorfplatz,3848.0
195230,11,11,,2019,5,15,4,3,1,5,0,0,1,0,0,0,1,0,"805125,3412","5827919,771","13,49768","52,51579",11030721.0,Rüdigerstraße,6053.0
195231,11,4,,2019,5,11,3,3,1,7,0,0,1,0,0,0,0,0,"793666,1349","5825719,469","13,32735","52,50235",4030931.0,Breitscheidplatz,3549.0
195232,11,6,,2019,5,15,4,3,1,5,0,1,1,0,0,0,0,0,"793337,6142","5821268,006","13,31861","52,46262",6010102.0,Schloßstraße,3337.0
195233,11,7,,2019,5,10,3,3,5,3,0,1,1,0,0,0,0,0,"797361,6639","5821916,205","13,37825","52,46626",7040403.0,Manteuffelstraße,4238.0
195234,11,4,,2019,5,10,3,3,0,4,0,1,0,1,0,0,0,0,"793413,2754","5823940,385","13,32207","52,48654",4051654.0,Wilhelmsaue,3444.0
195235,11,4,,2019,5,15,4,3,5,3,0,0,1,0,0,0,0,0,"792739,2564","5822309,679","13,31074","52,47228",4041343.0,Binger Straße,3240.0
195236,11,8,,2019,5,15,4,3,5,3,0,1,1,0,0,0,0,0,"800497,074","5823509,314","13,4257","52,47882",8010117.0,Schillerpromenade,4942.0
195237,11,1,,2019,5,10,3,3,1,5,0,1,1,0,0,0,0,0,"795071,3152","5827889,774","13,34992","52,52105",1022204.0,Thomasiusstraße,3854.0
195238,11,8,,2019,5,17,4,3,5,3,0,0,1,0,0,0,0,0,"805152,2159","5817163,683","13,48823","52,41937",8041036.0,Zittauer Straße,5925.0
195239,11,1,,2019,5,9,3,3,5,2,0,0,1,0,0,0,1,0,"795354,6807","5830377,425","13,35629","52,5432",1044202.0,Sparrplatz,3961.0
195240,11,7,,2019,5,15,4,3,6,4,0,0,1,1,0,0,0,0,"800053,1082","5821656,853","13,41751","52,46246",7040406.0,Germaniagarten,4837.0
195241,11,1,,2019,5,9,3,3,3,6,0,0,1,0,0,0,0,0,"795709,1552","5831857,773","13,36283","52,55627",1044203.0,Leopoldplatz,4065.0
195242,11,1,,2019,5,9,3,3,5,2,0,0,1,0,0,0,1,0,"796254,7982","5828526,535","13,36788","52,52612",1022206.0,Lüneburger Straße,4156.0
195243,11,12,,2019,5,15,4,3,0,3,0,0,1,0,0,0,0,0,"791760,8415","5833982,51","13,30662","52,57745",12214125.0,Waldidyll/Flughafensee,3271.0
195244,11,3,,2019,5,15,4,3,0,2,0,1,1,0,0,0,0,0,"798498,345","5833253,786","13,4051","52,56727",3040614.0,Pankow Zentrum,4668.0
195245,11,1,,2019,5,9,3,3,5,2,0,1,1,0,0,0,0,0,"799108,7869","5828466,04","13,40977","52,52402",1011303.0,Alexanderplatzviertel,4755.0
195246,11,3,,2019,5,8,3,3,2,6,0,0,1,0,0,0,1,0,"798441,4345","5831830,535","13,40298","52,55454",3061126.0,Arnimplatz,4664.0
195247,11,6,,2019,5,16,4,3,2,3,0,0,1,0,0,0,0,0,"793425,3875","5820365,086","13,31911","52,45448",6010102.0,Schloßstraße,3435.0
195248,11,4,,2019,5,8,3,3,5,2,0,1,1,0,0,0,0,0,"791191,4355","5824986,16","13,29036","52,49711",4031032.0,Halensee,2947.0
195249,11,11,,2019,5,16,4,3,5,2,0,1,1,0,0,0,0,0,"805973,5284","5831929,003","13,51383","52,55124",11020412.0,Hauptstraße,6263.0
195250,11,2,,2019,5,8,3,3,5,2,0,1,0,0,0,0,1,0,"799077,3217","5824615,027","13,40585","52,48951",2020206.0,Graefekiez,4645.0
195251,11,4,,2019,5,8,3,3,5,2,0,0,1,0,0,0,0,0,"792895,0848","5823289,803","13,31389","52,48099",4051551.0,Brabanter Platz,3343.0
195252,11,6,,2019,5,15,4,3,5,3,0,0,1,0,1,0,0,0,"786104,6195","5817659,921","13,20935","52,43411",6040703.0,Nikolassee,1729.0
195253,11,9,,2019,5,7,3,3,5,2,0,0,1,0,0,0,0,0,"806201,0504","5820269,154","13,50645","52,44662",9010401.0,Johannisthal West,6133.0
195254,11,5,,2019,5,15,4,2,5,2,0,0,1,0,0,0,1,0,"785942,4293","5827983,648","13,21583","52,52676",5020627.0,Tiefwerder,1856.0
195255,11,4,,2019,5,8,3,3,0,3,0,0,1,0,1,0,0,0,"790529,5737","5826497,83","13,28196","52,51101",4020313.0,Königin-Elisabeth-Straße,2851.0
195256,11,4,,2019,5,7,4,3,2,6,0,1,0,0,0,0,0,0,"791183,4792","5826512,26","13,29158","52,51079",4030417.0,Schloßstraße,2951.0
195257,11,9,,2019,5,7,3,2,2,6,0,0,1,0,1,0,0,0,"809518,4536","5819768,833","13,55465","52,44026",9020702.0,Adlershof Ost,6931.0
195258,11,1,,2019,5,23,4,3,0,1,2,0,1,0,1,0,0,0,"798006,1532","5830348,478","13,39525","52,54149",1033201.0,Brunnenstraße,4560.0
195259,11,5,,2019,5,7,3,3,2,6,0,0,1,0,0,0,0,0,"779658,7112","5827808,667","13,1233","52,52845",5020521.0,Döberitzer Weg,457.0
195260,11,9,,2019,5,6,3,3,5,3,0,0,1,0,0,0,0,1,"807081,4952","5822527,206","13,52144","52,46636",9020502.0,Oberschöneweide Ost,6438.0
195261,11,6,,2019,5,7,4,3,2,6,0,0,1,0,0,0,0,0,"792960,0011","5817739,614","13,30998","52,4312",6030607.0,Goerzwerke,3228.0
195262,11,1,,2019,5,7,4,3,2,3,0,1,1,0,0,0,0,0,"799584,768","5828056,936","13,41639","52,52009",1011304.0,Karl-Marx-Allee,4854.0
195263,11,10,,2019,5,22,3,3,5,2,2,0,1,0,0,0,1,1,"811354,1809","5830679,765","13,59176","52,537",10020413.0,Gut Hellersdorf,7459.0
195264,11,6,,2019,5,8,3,3,0,7,0,1,0,0,0,0,0,0,"789273,2963","5818332,171","13,25641","52,43847",6040805.0,Fischerhüttenstraße,2430.0
195265,11,7,,2019,5,7,4,3,5,3,0,1,1,0,0,0,0,0,"799194,3645","5813897,592","13,39797","52,39338",7070703.0,John-Locke-Straße,4517.0
195266,11,4,,2019,5,17,2,3,2,6,0,0,1,0,0,0,0,1,"791630,2464","5826099,408","13,29778","52,50685",4030725.0,Amtsgerichtsplatz,3050.0
195267,11,3,,2019,5,8,4,3,5,2,0,1,1,0,0,0,0,0,"802330,0572","5829224,293","13,45779","52,52904",3061430.0,Volkspark Prenzlauer Berg,5457.0
195268,11,6,,2019,5,19,2,3,5,3,0,1,1,0,0,0,0,1,"795072,4029","5820021,88","13,34297","52,45052",6010205.0,Südende,3734.0
195269,11,1,,2019,5,8,4,3,6,2,0,0,1,1,0,0,0,0,"797713,7549","5832892,46","13,39323","52,56446",1033101.0,Soldiner Straße,4567.0
195270,11,8,,2019,5,18,2,3,6,4,0,0,1,1,0,0,0,1,"801218,9811","5823688,699","13,43646","52,48003",8010404.0,Rixdorf,5142.0
195271,11,1,,2019,5,9,4,3,2,6,0,1,1,0,0,0,0,0,"797196,6692","5828328,854","13,38155","52,52383",1011301.0,Charitéviertel,4355.0
195272,11,11,,2019,5,18,2,3,0,1,0,0,1,0,1,0,0,1,"803958,8596","5829072,233","13,48159","52,52677",11030619.0,Fennpfuhl Ost,5856.0
195273,11,1,,2019,5,9,4,2,5,2,0,1,1,0,0,0,0,0,"796577,9454","5827796,978","13,37198","52,5194",1011102.0,Großer Tiergarten,4154.0
195274,11,10,,2019,5,18,2,3,5,7,0,0,1,0,0,0,0,1,"814247,6893","5831030,784","13,63461","52,53848",10020416.0,Böhlener Straße,8059.0
195275,11,2,,2019,5,7,4,3,5,3,0,0,1,0,0,0,0,0,"800142,6591","5825066,643","13,4219","52,49298",2020206.0,Graefekiez,4946.0
195276,11,4,,2019,5,18,2,3,5,2,0,0,1,0,0,0,0,1,"790963,4793","5823016,366","13,28529","52,47957",4041137.0,Flinsberger Platz,2842.0
195277,11,1,,2019,5,17,2,3,5,2,0,1,1,0,0,0,0,1,"798084,371","5829995,762","13,39609","52,53829",1033201.0,Brunnenstraße,4559.0
195278,11,4,,2019,5,18,3,3,2,6,0,0,1,0,0,0,0,0,"791239,2394","5829690,825","13,29518","52,53926",4010101.0,Jungfernheide,3060.0
195279,11,4,,2019,5,17,2,3,5,3,0,1,1,0,0,0,0,1,"790925,4127","5823808,884","13,28542","52,48669",4041134.0,Bismarckallee,2844.0
195280,11,4,,2019,5,17,3,3,7,7,0,1,0,0,0,0,0,0,"789481,905","5823567,18","13,26401","52,48529",4041136.0,Hagenplatz,2544.0
195281,11,1,,2019,5,18,2,3,1,5,0,1,1,0,0,0,0,1,"798585,0927","5829278,804","13,4028","52,53159",1011402.0,Arkonaplatz,4657.0
195282,11,6,,2019,5,11,3,3,5,3,0,0,1,0,0,0,0,0,"793646,5281","5817259,152","13,31962","52,42652",6020409.0,Königsberger Straße,3427.0
195283,11,6,,2019,5,17,2,3,5,3,0,0,1,0,0,0,0,1,"793628,9764","5817259,248","13,31936","52,42653",6020409.0,Königsberger Straße,3427.0
195284,11,12,,2019,5,8,3,3,1,5,0,1,1,0,0,0,0,0,"790380,4582","5834845,957","13,28706","52,58593",12214527.0,Alt-Tegel,2973.0
195285,11,9,,2019,5,19,2,3,0,1,0,1,0,0,0,0,0,1,"811225,559","5820128,656","13,58001","52,44252",9041501.0,Altstadt Kietz,7231.0
195286,11,2,,2019,5,17,2,3,6,7,0,0,1,1,0,0,0,1,"798734,3192","5826189,696","13,40222","52,50382",2010102.0,Mehringplatz,4649.0