OBJECTID,LAND,BEZ,LOR_ab_2021,UJAHR,UMONAT,USTUNDE,UWOCHENTAG,UKATEGORIE,UART,UTYP1,ULICHTVERH,IstRad,IstPKW,IstFuss,IstKrad,IstGkfz,IstSonstige,USTRZUSTAND,LINREFX,LINREFY,XGCSWGS84,YGCSWGS84,LOR,STRASSE,quadrant
195287,11,12,,2019,5,8,3,3,1,5,0,0,1,0,0,0,0,0,"794122,1122","5835868,969","13,34304","52,59309",12302107.0,Schorfheidestraße,3775.0
195288,11,9,,2019,5,7,3,3,6,4,0,1,0,1,0,0,0,0,"811515,5249","5820087,778","13,58423","52,44199",9041501.0,Altstadt Kietz,7331.0
195289,11,3,,2019,5,16,2,2,5,3,0,1,1,0,0,0,0,1,"801070,3141","5831429,991","13,44128","52,5495",3050923.0,Weißenseer Spitze,5263.0
195290,11,1,,2019,5,16,2,3,0,1,0,1,0,0,0,0,0,1,"798773,6058","5829654,034","13,40591","52,53485",1011402.0,Arkonaplatz,4658.0
195291,11,7,,2019,5,7,3,3,6,4,0,0,1,1,0,0,0,0,"795972,2789","5824032,47","13,35973","52,48598",7020203.0,Kaiser-Wilhelm-Platz,4044.0
195292,11,4,,2019,5,11,2,3,3,6,0,0,1,0,0,0,0,0,"792081,215","5825301,437","13,3037","52,49946",4030726.0,Droysenstraße,3148.0
195293,11,8,,2019,5,8,3,3,2,6,0,0,1,0,0,0,0,0,"802308,6986","5817856,776","13,44717","52,42716",8030830.0,Gropiusstadt Süd,5327.0
195294,11,1,,2019,5,14,2,3,2,2,0,0,1,0,0,0,0,0,"798576,3652","5826865,805","13,40051","52,50996",1011204.0,Leipziger Straße,4651.0
195295,11,7,,2019,5,14,2,3,5,2,0,1,1,0,0,0,0,0,"793712,8331","5821648,221","13,32445","52,46583",7030301.0,Friedenau,3438.0
195296,11,1,,2019,5,9,3,3,3,6,0,1,1,0,0,0,0,0,"795592,9516","5826267,068","13,35614","52,50622",1011105.0,Nördlicher Landwehrkanal,3950.0
195297,11,12,,2019,5,12,2,3,6,7,0,1,0,1,0,0,0,0,"791399,5708","5834261,64","13,30155","52,58015",12304313.0,Borsigwalde,3172.0
195298,11,2,,2019,5,12,2,3,2,6,0,0,1,0,0,0,0,0,"799058,618","5825596,911","13,40645","52,49833",2010104.0,Wassertorplatz,4648.0
195299,11,9,,2019,5,7,3,2,5,2,0,1,0,0,0,1,0,0,"804641,0202","5822121,473","13,48526","52,46409",9010301.0,Baumschulenstraße,5838.0
195300,11,11,,2019,5,14,2,2,6,4,0,0,1,1,0,0,0,0,"803751,2009","5828639,906","13,47815","52,52301",11030721.0,Rüdigerstraße,5755.0
195301,11,9,,2019,5,12,2,2,2,6,0,0,1,0,0,1,1,0,"809660,9197","5821481,488","13,55832","52,45553",9051901.0,Dammvorstadt,6935.0
195302,11,8,,2019,5,6,3,3,5,3,0,0,1,0,0,0,0,0,"801908,5569","5822702,477","13,44569","52,47081",8010404.0,Rixdorf,5240.0
195303,11,4,,2019,5,16,2,3,2,7,0,0,1,0,0,1,0,0,"788116,6455","5826424,785","13,24644","52,51164",4020207.0,Flatowallee,2352.0
195304,11,4,,2019,5,6,3,3,1,5,0,0,1,0,1,0,0,0,"789751,7475","5829849,139","13,27345","52,54147",4010101.0,Jungfernheide,2760.0
195305,11,8,,2019,5,11,2,3,5,2,0,0,1,0,0,0,0,0,"800173,7285","5817058,35","13,41515","52,42118",8020727.0,Buckow Mitte,4825.0
195306,11,9,,2019,5,0,3,3,9,1,2,0,0,0,1,0,0,0,"810995,2135","5816879,573","13,57362","52,41353",9031101.0,Grünau,7123.0
195307,11,5,,2019,5,13,2,3,0,1,0,1,0,0,0,0,0,0,"788976,8398","5829789,238","13,262","52,54134",5030832.0,Rohrdamm,2560.0
195308,11,1,,2019,5,15,3,3,2,6,0,0,1,0,1,0,0,0,"796215,8652","5828475,895","13,36726","52,52568",1022206.0,Lüneburger Straße,4156.0
195309,11,5,,2019,5,9,2,3,3,6,0,0,1,0,0,0,1,0,"784944,012","5829399,737","13,20236","52,53998",5010314.0,Carl-Schurz-Straße,1660.0
195310,11,11,,2019,5,7,2,2,0,1,0,1,0,0,0,0,0,0,"805149,9305","5829103,171","13,49912","52,52638",11030720.0,Herzbergstraße,6056.0
195311,11,1,,2019,5,15,3,3,3,2,0,1,1,0,0,0,0,0,"799986,5093","5826927,117","13,42128","52,50974",1011306.0,Heine-Viertel Ost,4951.0
195312,11,2,,2019,5,15,3,3,1,5,0,1,0,0,0,0,1,0,"799631,5178","5825078,245","13,4144","52,49336",2020206.0,Graefekiez,4846.0
195313,11,8,,2019,5,7,2,3,2,7,0,0,1,0,0,0,1,0,"802362,7085","5822766,97","13,45241","52,47114",8010404.0,Rixdorf,5340.0
195314,11,12,,2019,5,11,2,3,3,6,0,1,0,0,0,0,0,0,"790372,0677","5834860,228","13,28695","52,58606",12214527.0,Alt-Tegel,2973.0
195315,11,7,,2019,5,15,3,3,2,7,0,0,1,0,0,0,0,0,"796533,246","5823983,608","13,36793","52,48524",7020204.0,Schöneberger Insel,4144.0
195316,11,8,,2019,5,10,2,3,6,2,0,0,1,1,0,0,0,0,"805533,7468","5818557,601","13,4951","52,43165",8041037.0,Alt-Rudow,6028.0
195317,11,3,,2019,5,14,3,3,5,2,0,1,1,0,0,0,0,0,"803931,7778","5841354,675","13,49246","52,63686",3010101.0,Bucher Forst,5988.0
195318,11,12,,2019,5,10,2,3,1,7,0,1,1,0,0,0,0,0,"790769,3381","5834508,058","13,29249","52,58269",12214125.0,Waldidyll/Flughafensee,3072.0
195319,11,12,,2019,5,14,3,3,5,3,0,0,1,0,1,0,0,0,"792325,892","5839054,714","13,31941","52,62262",12231101.0,Hermsdorf,3484.0
195320,11,4,,2019,5,10,2,3,5,3,0,1,1,0,0,0,0,0,"793965,8941","5824966,037","13,33109","52,49544",4051448.0,Schaperstraße,3547.0
195321,11,1,,2019,5,13,3,3,5,7,0,0,1,0,0,0,0,0,"797359,5377","5831681,282","13,38694","52,55379",1033102.0,Gesundbrunnen,4464.0
195322,11,2,,2019,5,9,2,3,1,5,0,1,1,0,0,0,0,0,"800408,046","5828302,828","13,42871","52,52184",2040501.0,Barnimkiez,5055.0
195323,11,9,,2019,5,11,2,3,5,3,0,1,1,0,0,0,0,0,"812142,1828","5820293,29","13,59361","52,44347",9041402.0,Siedlung Kämmereiheide,7432.0
195324,11,3,,2019,5,13,3,2,4,6,0,0,1,0,0,0,0,0,"804405,9632","5840572,143","13,49872","52,62958",3010102.0,Buch,6086.0
195325,11,1,,2019,5,16,3,3,5,7,2,1,0,0,1,0,0,0,"793687,3445","5832241,68","13,33343","52,56081",1044101.0,Rehberge,3666.0
195326,11,2,,2019,5,12,1,3,2,6,0,0,1,0,0,0,0,0,"798282,9066","5825471,912","13,39495","52,49763",2020204.0,Urbanstraße,4548.0
195327,11,9,,2019,5,16,3,2,5,3,0,1,1,0,0,0,0,0,"807975,3504","5817754,544","13,53016","52,42308",9030901.0,Dorf Altglienicke,6526.0
195328,11,1,,2019,6,16,5,3,2,6,0,0,1,0,0,1,0,1,"795457,9263","5831617,404","13,35892","52,55426",1044203.0,Leopoldplatz,3964.0
195329,11,7,,2019,6,16,5,2,0,2,0,1,1,0,0,0,0,1,"797889,082","5819627,076","13,38394","52,44545",7050501.0,Rathausstraße,4332.0
195330,11,8,,2019,6,16,5,3,5,2,0,1,0,0,0,0,1,0,"802622,7176","5820750,658","13,4544","52,45292",8020619.0,Buschkrugallee Nord,5434.0
195331,11,4,,2019,6,16,5,3,5,2,0,1,1,0,0,0,0,1,"793311,0696","5826220,712","13,32258","52,50704",4030828.0,Savignyplatz,3450.0
195332,11,2,,2019,6,9,5,3,5,2,0,1,1,0,0,0,0,0,"797111,0702","5824238,346","13,37664","52,48721",2020203.0,Viktoriapark,4245.0
195333,11,1,,2019,6,13,5,3,5,2,0,1,1,0,0,0,0,0,"794587,3105","5829777,201","13,34448","52,53823",1022103.0,Westhafen,3759.0
195334,11,11,,2019,6,15,5,3,5,3,0,0,1,0,0,0,0,1,"804599,5693","5827842,195","13,48988","52,51539",11030721.0,Rüdigerstraße,5953.0
195335,11,4,,2019,6,8,5,3,0,7,0,0,1,0,0,0,1,0,"794134,0397","5823925,952","13,33264","52,48602",4051655.0,Babelsberger Straße,3644.0
195336,11,4,,2019,6,8,5,3,5,3,0,0,1,0,0,0,0,0,"791289,8573","5826076,683","13,29276","52,50683",4030725.0,Amtsgerichtsplatz,3050.0
195337,11,4,,2019,6,8,5,3,5,3,0,1,1,0,0,0,0,0,"792911,9613","5824396,112","13,31511","52,4909",4051446.0,Preußenpark,3346.0
195338,11,4,,2019,6,7,5,3,2,6,0,0,1,0,0,0,0,0,"791106,5738","5829127,238","13,29274","52,53428",4010103.0,Paul-Hertz-Siedlung,3058.0
195339,11,10,,2019,6,7,5,3,5,3,0,1,1,0,0,0,0,0,"811507,8478","5828872,016","13,59232","52,52071",10020623.0,Rotes Viertel,7454.0
195340,11,8,,2019,6,7,5,3,5,2,0,1,0,0,0,0,0,0,"806562,1642","5815922,467","13,50777","52,40746",8041038.0,Waßmannsdorfer Chaussee,6221.0
195341,11,10,,2019,6,6,5,3,1,5,0,0,1,0,0,0,0,0,"810838,9053","5829002,184","13,58262","52,52226",10020622.0,Kaulsdorf Nord I,7355.0
195342,11,7,,2019,6,23,4,3,7,7,2,1,0,0,0,0,0,0,"795482,6644","5823906,983","13,35243","52,48512",7020203.0,Kaiser-Wilhelm-Platz,3844.0
195343,11,4,,2019,6,16,4,3,4,6,0,1,1,0,0,0,0,0,"791489,2664","5829731,419","13,29889","52,53949",4010103.0,Paul-Hertz-Siedlung,3160.0
195344,11,12,,2019,6,19,4,3,5,2,0,0,1,0,1,0,0,0,"790222,8874","5839935,403","13,28921","52,63164",12231102.0,Frohnau,2987.0
195345,11,4,,2019,6,18,4,3,2,6,0,0,1,0,0,0,0,0,"791736,6045","5823809,289","13,29734","52,48626",4041137.0,Flinsberger Platz,3044.0
195346,11,2,,2019,6,18,4,3,5,3,0,1,1,0,0,0,0,0,"797263,8589","5825192,285","13,37973","52,49568",2020202.0,Rathaus Yorckstraße,4347.0
195347,11,4,,2019,6,23,4,3,1,5,2,0,1,0,1,0,0,0,"791503,3483","5826282,273","13,29608","52,50856",4030725.0,Amtsgerichtsplatz,3051.0
195348,11,2,,2019,6,22,4,3,5,3,2,1,1,0,0,0,0,0,"796973,143","5824453,606","13,3748","52,48922",2020203.0,Viktoriapark,4245.0
195349,11,1,,2019,6,22,4,2,2,6,2,0,1,0,0,0,0,0,"796599,616","5831776,118","13,37585","52,55506",1044201.0,Reinickendorfer Straße,4264.0
195350,11,2,,2019,6,18,4,3,3,6,0,1,1,0,0,0,0,0,"801638,8672","5826059,459","13,44477","52,50105",2030302.0,Lausitzer Platz,5249.0
195351,11,9,,2019,6,18,4,3,5,3,0,1,1,0,0,0,0,0,"809507,55","5819511,287","13,55425","52,43796",9020702.0,Adlershof Ost,6830.0
195352,11,6,,2019,6,18,4,3,0,7,0,1,0,0,0,0,0,0,"791844,1624","5817836,803","13,29369","52,43266",6030610.0,Lichterfelde West,3029.0
195353,11,3,,2019,6,18,4,3,5,3,0,1,0,0,1,0,0,0,"801315,9055","5831017,478","13,44452","52,54567",3061429.0,Greifswalder Straße,5262.0
195354,11,12,,2019,6,16,4,3,5,2,0,0,1,0,0,0,0,0,"795441,7329","5834154,072","13,36094","52,577",12103218.0,Teichstraße,4071.0
195355,11,1,,2019,6,16,4,3,5,2,0,1,1,0,0,0,0,0,"793687,8012","5828003,297","13,32969","52,52281",1022106.0,Elberfelder Straße,3555.0
195356,11,1,,2019,6,15,4,3,0,1,0,0,0,0,1,0,0,0,"798014,6677","5829956,976","13,39503","52,53798",1033202.0,Humboldthain Süd,4559.0
195357,11,4,,2019,6,22,4,3,5,2,2,0,1,0,0,0,0,0,"793352,206","5829681,351","13,32624","52,53804",4010102.0,Plötzensee,3559.0
195358,11,2,,2019,6,20,4,3,5,2,0,1,0,1,0,0,0,0,"797856,954","5824923,146","13,3882","52,49294",2020204.0,Urbanstraße,4446.0
195359,11,4,,2019,6,15,4,3,5,3,0,1,0,0,0,0,1,0,"791433,253","5827295,473","13,29593","52,51768",4030417.0,Schloßstraße,3053.0
195360,11,11,,2019,6,14,4,3,5,3,0,1,1,0,0,0,0,0,"806134,9171","5827017,696","13,51168","52,50714",11040926.0,Weitlingstraße,6250.0
195361,11,3,,2019,6,14,4,3,5,3,0,0,1,0,0,0,1,0,"798889,5151","5835615,233","13,41298","52,58822",3020210.0,Herthaplatz,4774.0
195362,11,10,,2019,6,14,4,2,6,4,0,1,0,1,0,0,0,0,"809407,0983","5831062,863","13,5635","52,54154",10010310.0,Alt-Marzahn,7060.0
195363,11,2,,2019,6,13,4,3,5,2,0,0,1,0,0,0,0,0,"802586,0161","5827698,72","13,46017","52,51522",2050602.0,Samariterviertel,5453.0
195364,11,8,,2019,6,13,4,3,5,3,0,1,1,0,0,0,0,0,"805555,3092","5818563,088","13,49542","52,43169",8041037.0,Alt-Rudow,6028.0
195365,11,3,,2019,6,13,4,3,1,7,0,0,0,0,1,0,0,0,"799452,853","5831128,102","13,41722","52,54769",3061332.0,Helmholtzplatz,4862.0
195366,11,9,,2019,6,13,4,2,6,4,0,0,1,1,0,0,0,0,"811008,9609","5821785,053","13,57838","52,45749",9051901.0,Dammvorstadt,7236.0
195367,11,3,,2019,6,8,4,3,0,1,0,0,0,0,1,0,0,0,"802331,3129","5838821,49","13,46656","52,61505",3030406.0,Alt-Karow,5582.0
195368,11,11,,2019,6,10,4,3,0,2,0,1,1,0,0,0,0,0,"804589,9708","5826362,149","13,48839","52,50213",11040926.0,Weitlingstraße,5949.0
195369,11,3,,2019,6,10,4,3,2,7,0,0,0,0,1,1,0,0,"798992,4358","5829272,297","13,40878","52,53131",3071536.0,Teutoburger Platz,4757.0
195370,11,6,,2019,6,13,4,3,5,3,0,1,1,0,0,0,0,0,"794683,2021","5817424,333","13,33497","52,42744",6020304.0,Kaiser-Wilhelm-Straße,3627.0
195371,11,4,,2019,6,10,4,3,2,6,0,0,1,0,1,0,0,0,"793388,697","5829914,92","13,32698","52,54011",4010102.0,Plötzensee,3560.0
195372,11,11,,2019,6,8,4,2,0,1,0,1,0,0,0,0,0,0,"806298,2898","5832119,179","13,51878","52,55277",11020411.0,Malchower Weg,6364.0
195373,11,5,,2019,6,12,4,3,2,2,0,0,1,0,0,0,1,0,"785191,2732","5829706,722","13,20626","52,5426",5010312.0,Kurstraße,1761.0
195374,11,3,,2019,6,9,4,3,5,2,0,1,1,0,0,0,0,0,"799955,553","5835682,51","13,42873","52,58823",3040614.0,Pankow Zentrum,5074.0
195375,11,7,,2019,6,11,4,3,5,2,0,1,1,0,0,0,0,0,"796145,3415","5820785,22","13,35939","52,45678",7040402.0,Lindenhofsiedlung,3936.0
195376,11,8,,2019,6,8,4,3,5,2,0,1,1,0,0,0,0,0,"799270,5205","5823820,525","13,40797","52,48229",8010115.0,Hasenheide,4743.0
195377,11,8,,2019,6,8,4,3,5,2,0,1,1,0,0,0,0,0,"802574,1122","5819912,961","13,45293","52,44544",8020622.0,Parchimer Allee,5332.0
195378,11,9,,2019,6,7,4,3,5,7,0,0,1,0,1,0,0,0,"809225,9709","5822860,971","13,55322","52,46814",9052001.0,Köpenick Nord,6839.0
195379,11,3,,2019,6,7,4,2,5,3,0,1,1,0,0,0,0,0,"800111,9525","5831694,925","13,42743","52,55241",3061227.0,Humannplatz,5064.0
195380,11,1,,2019,6,2,4,2,0,7,2,0,1,0,0,0,1,0,"797377,5451","5828939,739","13,38475","52,52921",1011301.0,Charitéviertel,4357.0
195381,11,2,,2019,6,8,3,3,3,6,0,0,1,0,1,0,0,0,"797534,1768","5824980,306","13,38351","52,49363",2020203.0,Viktoriapark,4346.0
195382,11,4,,2019,6,14,3,3,0,7,0,0,1,0,0,0,0,0,"792394,112","5826057,655","13,30897","52,50607",4030827.0,Karl-August-Platz,3250.0
195383,11,1,,2019,6,13,3,3,0,3,0,1,0,0,0,0,1,0,"798681,4975","5829454,201","13,40438","52,53311",1011402.0,Arkonaplatz,4658.0
195384,11,1,,2019,6,8,3,3,6,4,0,0,1,1,0,0,0,0,"794350,5463","5828579,549","13,33994","52,52762",1022104.0,Emdener Straße,3756.0
195385,11,1,,2019,6,16,3,3,2,2,0,1,1,0,0,0,0,0,"797135,0457","5827775,166","13,38015","52,5189",1011202.0,Unter den Linden Nord,4354.0
195386,11,12,,2019,6,16,3,3,5,2,0,1,1,0,0,0,0,0,"793862,7627","5835438,782","13,33884","52,58937",12301203.0,Wittenau Süd,3674.0
195387,11,2,,2019,6,16,3,3,5,2,0,1,1,0,0,0,0,0,"801191,634","5825184,744","13,43741","52,49346",2030401.0,Reichenberger Straße,5146.0
195388,11,7,,2019,6,15,3,3,0,2,0,1,1,0,0,0,0,0,"797415,2768","5823703,78","13,38063","52,48225",7040401.0,Neu-Tempelhof,4343.0
195389,11,11,,2019,6,15,3,3,2,6,0,0,1,0,0,0,0,0,"805316,5978","5830022,476","13,50242","52,53452",11030720.0,Herzbergstraße,6158.0
195390,11,3,,2019,6,14,3,3,5,7,0,1,1,0,0,0,0,0,"799595,4182","5831292,563","13,41947","52,54908",3061227.0,Humannplatz,4863.0
195391,11,5,,2019,6,14,3,3,0,6,0,1,0,0,0,0,0,0,"781939,5837","5828463,066","13,15739","52,53314",5020419.0,Magistratsweg,958.0
195392,11,9,,2019,6,13,3,3,5,2,0,0,0,0,1,0,1,0,"806268,862","5822161,02","13,50918","52,46353",9020501.0,Oberschöneweide West,6238.0
195393,11,6,,2019,6,18,3,3,6,4,0,0,1,1,0,0,0,0,"795491,92","5817582,806","13,34697","52,42843",6020305.0,Gemeindepark Lankwitz,3827.0
195394,11,4,,2019,6,12,3,3,3,6,0,0,1,0,1,0,0,0,"792713,4498","5825710,295","13,31335","52,50278",4030929.0,Hindemithplatz,3349.0
195395,11,7,,2019,6,12,3,3,6,7,0,0,1,1,0,0,0,0,"798358,6693","5819903,003","13,39108","52,44767",7050503.0,Eisenacher Straße,4433.0
195396,11,5,,2019,6,11,3,3,2,2,0,0,1,0,0,0,0,0,"784711,3804","5828610,451","13,19827","52,53302",5020625.0,Borkumer Straße,1658.0
195397,11,1,,2019,6,11,3,3,5,2,0,1,1,0,0,0,0,0,"796635,4551","5826670,495","13,37182","52,50927",1011105.0,Nördlicher Landwehrkanal,4151.0
195398,11,9,,2019,6,11,3,3,3,6,0,1,0,0,0,0,0,0,"811682,718","5819968,789","13,58657","52,44083",9041301.0,Kietzer Feld/Nachtheide,7331.0
195399,11,11,,2019,6,13,3,2,5,3,0,1,1,0,0,0,0,0,"806596,466","5827370,338","13,51878","52,51004",11041022.0,Rosenfelder Ring,6351.0
195400,11,4,,2019,6,11,3,2,2,7,0,1,1,0,0,0,0,0,"792033,9153","5826857,07","13,30437","52,51343",4030622.0,Richard-Wagner-Straße,3152.0
195401,11,1,,2019,6,11,3,3,2,2,0,0,1,0,0,0,0,0,"796423,9958","5831972,409","13,37344","52,55691",1044201.0,Reinickendorfer Straße,4265.0
195402,11,1,,2019,6,10,3,3,3,6,0,0,1,0,1,0,0,0,"798279,6793","5830092,791","13,39904","52,53905",1033201.0,Brunnenstraße,4560.0
195403,11,4,,2019,6,10,3,3,5,2,0,0,1,0,0,0,0,0,"793352,8684","5829679,469","13,32625","52,53802",4010102.0,Plötzensee,3559.0
195404,11,8,,2019,6,10,3,3,5,3,0,0,1,0,0,0,0,0,"805094,456","5817915,933","13,48807","52,42614",8041037.0,Alt-Rudow,5927.0
195405,11,4,,2019,6,9,3,3,5,3,0,1,1,0,0,0,0,0,"791936,0663","5828318,382","13,30422","52,52658",4030518.0,Tegeler Weg,3156.0
195406,11,2,,2019,6,23,3,2,5,2,2,1,1,0,0,0,0,0,"797916,269","5825263,65","13,38938","52,49596",2020202.0,Rathaus Yorckstraße,4447.0
195407,11,1,,2019,6,20,3,3,2,6,0,0,1,0,0,0,0,0,"794029,8575","5828460,733","13,33512","52,52673",1022104.0,Emdener Straße,3656.0
195408,11,2,,2019,6,8,3,3,5,3,0,1,1,0,0,0,0,0,"798264,3827","5825734,828","13,39491","52,5",2010102.0,Mehringplatz,4548.0
195409,11,8,,2019,6,9,3,3,1,5,0,1,1,0,0,0,0,0,"801392,4588","5822960,85","13,43835","52,47341",8010213.0,Körnerpark,5140.0
195410,11,3,,2019,6,9,3,3,2,6,0,0,1,0,1,0,0,0,"802014,4093","5829661,574","13,45355","52,53313",3061430.0,Volkspark Prenzlauer Berg,5358.0
195411,11,5,,2019,6,7,3,3,0,1,0,1,0,0,0,0,0,0,"783642,4947","5825508,227","13,1799","52,50576",5020524.0,Weinmeisterhornweg,1350.0
195412,11,11,,2019,6,8,3,3,5,3,0,1,1,0,0,0,0,0,"804456,4143","5830937,524","13,49061","52,54321",11020514.0,Große-Leege-Straße,5961.0
195413,11,6,,2019,6,20,3,3,6,7,0,1,0,1,0,0,0,0,"794274,8905","5819344,777","13,33067","52,44488",6020302.0,Komponistenviertel Lankwitz,3532.0
195414,11,10,,2019,6,19,3,2,6,4,0,0,1,1,0,0,0,0,"810834,6214","5830942,063","13,58437","52,53965",10020413.0,Gut Hellersdorf,7360.0
195415,11,12,,2019,6,8,3,2,5,2,0,1,1,0,0,0,0,0,"792185,2074","5832955,097","13,31196","52,56801",12214422.0,Klixstraße,3268.0
195416,11,3,,2019,6,19,3,3,5,2,0,1,1,0,0,0,0,0,"802418,4068","5829234,25","13,4591","52,52908",3061430.0,Volkspark Prenzlauer Berg,5457.0
195417,11,7,,2019,6,8,3,3,3,6,0,0,1,0,0,1,0,0,"799951,9255","5821299,952","13,41571","52,45932",7040406.0,Germaniagarten,4836.0
195418,11,8,,2019,6,19,3,3,6,2,0,0,1,1,0,0,0,0,"803715,423","5818000,808","13,46793","52,42767",8030831.0,Gropiusstadt Ost,5627.0
195419,11,4,,2019,6,19,3,3,1,5,0,1,1,0,0,0,1,0,"793601,4256","5825243,999","13,32598","52,49813",4051448.0,Schaperstraße,3548.0
195420,11,3,,2019,6,8,3,3,5,3,0,1,1,0,0,0,0,0,"797534,7777","5834855,004","13,39236","52,58215",3020209.0,Niederschönhausen,4472.0
195421,11,12,,2019,6,7,3,3,2,6,0,0,1,0,0,0,0,0,"792157,5669","5832941,828","13,31154","52,56791",12214422.0,Klixstraße,3268.0
195422,11,4,,2019,6,7,3,3,5,3,0,0,1,0,0,0,1,0,"793262,1425","5826081,537","13,32174","52,50582",4030828.0,Savignyplatz,3450.0
195423,11,2,,2019,6,18,3,3,3,6,0,1,1,0,0,0,0,0,"799991,515","5825411,924","13,41999","52,49616",2020206.0,Graefekiez,4947.0
195424,11,4,,2019,6,18,3,2,5,2,0,0,1,0,1,0,0,0,"791785,8375","5828225,159","13,30193","52,52582",4030518.0,Tegeler Weg,3156.0
195425,11,12,,2019,6,18,3,3,2,6,0,0,1,0,0,0,0,0,"791914,501","5831520,756","13,30672","52,5553",12214125.0,Waldidyll/Flughafensee,3264.0
195426,11,2,,2019,6,7,3,3,1,1,0,0,1,0,1,0,0,0,"797370,1478","5824872,937","13,38101","52,49276",2020203.0,Viktoriapark,4346.0
195427,11,11,,2019,6,4,3,3,5,3,1,0,1,0,0,0,0,0,"803985,2031","5830279,257","13,48308","52,53757",11020515.0,Landsberger Allee,5859.0
195428,11,9,,2019,6,17,3,3,1,5,0,1,1,0,0,0,0,0,"807525,722","5821627,774","13,52713","52,45805",9020502.0,Oberschöneweide Ost,6436.0
195429,11,9,,2019,6,4,3,3,0,1,1,1,0,0,0,0,0,0,"811999,9543","5821166,06","13,59234","52,45138",9051901.0,Dammvorstadt,7434.0
195430,11,1,,2019,6,17,3,3,5,3,0,0,1,0,0,0,1,0,"794983,8905","5826147,484","13,34709","52,50548",1011101.0,Stülerstraße,3850.0
195431,11,10,,2019,6,17,3,3,0,2,0,1,1,0,0,0,0,0,"806628,4689","5830238,426","13,5219","52,53572",10010308.0,Marzahner Chaussee,6459.0
195432,11,9,,2019,6,12,2,3,2,6,0,0,1,0,1,0,0,0,"807552,4587","5815370,726","13,52177","52,40196",9030901.0,Dorf Altglienicke,6420.0
195433,11,2,,2019,6,18,2,3,1,5,0,1,1,0,0,0,0,0,"798504,4933","5826129,934","13,39879","52,50341",2010102.0,Mehringplatz,4549.0
195434,11,11,,2019,6,12,2,3,5,3,0,1,0,0,0,0,0,0,"805334,4515","5832884,709","13,50531","52,56017",11020411.0,Malchower Weg,6166.0
195435,11,6,,2019,6,12,2,3,6,7,0,1,0,1,0,0,0,0,"792581,3032","5817837,008","13,30451","52,43227",6030610.0,Lichterfelde West,3128.0
195436,11,11,,2019,6,22,2,3,8,1,2,0,1,0,0,0,0,1,"806502,409","5832279,515","13,52193","52,55409",11020411.0,Malchower Weg,6464.0
195437,11,8,,2019,6,22,2,3,0,3,2,1,1,0,0,0,0,1,"803950,6014","5822021,011","13,47504","52,46357",8010509.0,Schulenburgpark,5738.0
195438,11,1,,2019,6,21,2,3,5,3,0,0,1,0,0,0,0,0,"796228,5364","5828214,796","13,36722","52,52334",1022206.0,Lüneburger Straße,4155.0
195439,11,7,,2019,6,20,2,3,5,2,0,0,1,0,0,0,1,0,"796914,542","5822289,442","13,37202","52,46985",7040403.0,Manteuffelstraße,4139.0
195440,11,9,,2019,6,20,2,3,5,2,0,1,1,0,0,0,0,0,"806455,522","5822104,81","13,51187","52,46293",9020501.0,Oberschöneweide West,6237.0
195441,11,8,,2019,6,19,2,3,0,3,0,1,1,0,0,0,0,1,"801143,484","5822843,549","13,43459","52,4725",8010213.0,Körnerpark,5140.0
195442,11,10,,2019,6,20,2,3,5,3,0,0,1,0,0,0,1,1,"812489,1631","5824946,873","13,60306","52,48498",10040933.0,Mahlsdorf Süd,7644.0
195443,11,3,,2019,6,20,2,3,5,3,1,1,1,0,0,0,0,1,"799770,4934","5831409,32","13,42215","52,55003",3061227.0,Humannplatz,4963.0
195444,11,9,,2019,6,19,2,2,0,1,0,1,0,0,0,0,0,1,"809569,5743","5819802,871","13,55543","52,44054",9020702.0,Adlershof Ost,6931.0
195445,11,9,,2019,6,20,2,2,1,7,1,0,1,0,0,0,0,1,"810536,7814","5816296,424","13,56636","52,40857",9031001.0,Bohnsdorf,7022.0
195446,11,7,,2019,6,19,2,3,8,1,0,0,1,0,0,0,0,1,"799538,8553","5821808,631","13,4101","52,46411",7040405.0,Rathaus Tempelhof,4738.0
195447,11,1,,2019,6,18,2,3,2,2,0,1,1,0,0,0,0,0,"793819,0788","5831725,809","13,33491","52,55611",1044101.0,Rehberge,3665.0
195448,11,4,,2019,6,18,2,3,2,6,0,0,1,0,0,0,0,0,"793549,4379","5827732,561","13,32742","52,52046",4030621.0,Spreestadt,3554.0
195449,11,2,,2019,6,18,2,2,5,2,0,1,1,0,0,0,0,0,"802107,3253","5827355,98","13,45282","52,51241",2050802.0,Boxhagener Platz,5352.0
195450,11,4,,2019,6,18,2,3,1,5,0,1,1,0,0,0,0,0,"791292,7781","5825004,868","13,29186","52,49722",4031032.0,Halensee,2947.0
195451,11,4,,2019,6,17,2,3,2,6,0,0,1,0,0,0,0,0,"793515,7699","5824046,691","13,32367","52,48744",4051652.0,Nikolsburger Platz,3445.0
195452,11,6,,2019,6,15,2,3,3,6,0,0,1,0,1,0,0,0,"789522,7543","5817483,272","13,25934","52,43073",6030503.0,Zehlendorf Mitte,2528.0
195453,11,7,,2019,6,17,2,3,5,3,0,0,1,0,0,0,0,0,"798626,8361","5820663,485","13,39569","52,45434",7040405.0,Rathaus Tempelhof,4535.0
195454,11,10,,2019,6,17,2,3,5,3,0,1,1,0,0,0,0,0,"814259,2633","5829301,131","13,63315","52,52298",10040931.0,Mahlsdorf Nord,8055.0
195455,11,9,,2019,6,22,2,3,5,2,2,1,1,0,0,0,0,1,"804531,0042","5821714,577","13,48327","52,4605",9010301.0,Baumschulenstraße,5837.0