OBJECTID,LAND,BEZ,LOR_ab_2021,UJAHR,UMONAT,USTUNDE,UWOCHENTAG,UKATEGORIE,UART,UTYP1,ULICHTVERH,IstRad,IstPKW,IstFuss,IstKrad,IstGkfz,IstSonstige,USTRZUSTAND,LINREFX,LINREFY,XGCSWGS84,YGCSWGS84,LOR,STRASSE,quadrant
195456,11,3,,2019,6,15,2,3,5,3,0,1,0,0,0,0,0,0,"799883,9204","5837959,226","13,42974","52,60868",3020307.0,Buchholz,5080.0
195457,11,6,,2019,6,14,2,3,5,3,0,1,1,0,0,0,0,0,"793425,588","5820368,851","13,31911","52,45452",6010102.0,Schloßstraße,3435.0
195458,11,1,,2019,6,14,2,3,0,2,0,0,1,0,0,0,1,0,"796256,8989","5825959,676","13,36562","52,50311",1011104.0,Körnerstraße,4049.0
195459,11,2,,2019,6,14,2,3,2,6,0,0,1,0,0,0,0,0,"800315,6647","5824569,108","13,42399","52,48842",2020206.0,Graefekiez,4945.0
195460,11,3,,2019,6,13,2,3,2,6,0,0,1,0,0,1,0,0,"800735,709","5833607,495","13,43833","52,5692",3030715.0,Heinersdorf,5168.0
195461,11,5,,2019,6,12,2,3,1,5,0,1,0,0,0,0,1,0,"783196,5081","5830090,414","13,17725","52,54708",5010209.0,An der Kappe,1262.0
195462,11,8,,2019,6,11,2,3,5,7,0,0,1,0,0,0,0,0,"801471,7689","5820904,62","13,43765","52,45494",8020619.0,Buschkrugallee Nord,5135.0
195463,11,1,,2019,6,12,2,3,2,6,0,0,1,0,0,0,0,0,"795793,896","5831890,866","13,3641","52,55652",1044203.0,Leopoldplatz,4065.0
195464,11,1,,2019,6,0,2,3,5,2,2,1,1,0,0,0,0,0,"798494,3787","5829062,257","13,40127","52,5297",1011302.0,Oranienburger Straße,4657.0
195465,11,4,,2019,6,12,2,3,5,7,0,0,1,0,1,0,0,0,"792407,3687","5825612,226","13,30877","52,50207",4030929.0,Hindemithplatz,3249.0
195466,11,1,,2019,6,11,2,3,6,4,0,1,0,1,0,0,0,0,"798523,9629","5829141,341","13,40178","52,53039",1011402.0,Arkonaplatz,4657.0
195467,11,1,,2019,6,11,2,2,5,2,0,0,1,0,0,0,0,0,"797364,2415","5831210,392","13,38659","52,54957",1033102.0,Gesundbrunnen,4463.0
195468,11,9,,2019,6,16,2,3,5,3,0,0,1,0,1,0,0,0,"811750,9201","5819776,663","13,58739","52,43907",9041301.0,Kietzer Feld/Nachtheide,7330.0
195469,11,2,,2019,6,11,2,3,5,2,0,1,1,0,0,0,0,0,"797802,39","5824910,25","13,38739","52,49286",2020203.0,Viktoriapark,4446.0
195470,11,1,,2019,6,11,2,3,3,6,0,0,1,0,1,0,0,0,"796834,2216","5831942,209","13,37945","52,55642",1044201.0,Reinickendorfer Straße,4265.0
195471,11,10,,2019,6,16,2,2,0,5,0,1,1,0,0,0,0,0,"809955,1726","5828031,183","13,56873","52,51406",10030725.0,Buckower Ring,7152.0
195472,11,5,,2019,6,10,2,2,5,2,0,0,1,0,1,0,0,0,"785222,4364","5831822,854","13,20854","52,56155",5010101.0,Hakenfelde Nord,1766.0
195473,11,9,,2019,6,16,2,3,5,3,0,1,1,0,0,0,0,0,"809945,8114","5821592,81","13,56261","52,45637",9051901.0,Dammvorstadt,7035.0
195474,11,4,,2019,6,10,2,3,2,6,0,0,1,0,1,0,0,0,"791649,0497","5827653,217","13,29942","52,52077",4030415.0,Schloßgarten,3154.0
195475,11,8,,2019,6,10,2,3,5,7,0,1,1,0,0,0,0,0,"802702,0256","5818043,02","13,45311","52,42861",8030830.0,Gropiusstadt Süd,5327.0
195476,11,3,,2019,6,15,2,3,0,7,0,0,1,0,0,0,0,0,"802305,7357","5829235,442","13,45745","52,52915",3061430.0,Volkspark Prenzlauer Berg,5457.0
195477,11,9,,2019,6,15,2,3,0,6,0,1,1,0,0,0,0,0,"805441,3094","5821500,211","13,49643","52,45807",9010401.0,Johannisthal West,6036.0
195478,11,2,,2019,6,9,2,3,5,3,0,1,1,0,0,0,0,0,"800778,505","5827188,074","13,43315","52,51164",2040701.0,Andreasviertel,5052.0
195479,11,5,,2019,6,9,2,3,5,2,0,1,1,0,0,0,0,0,"784218,851","5827369,133","13,18996","52,52215",5020626.0,Adamstraße,1455.0
195480,11,2,,2019,6,8,2,3,5,2,0,1,1,0,0,0,0,0,"798314,8855","5825383,127","13,39534","52,49682",2020204.0,Urbanstraße,4547.0
195481,11,4,,2019,6,8,2,3,5,2,0,0,1,0,0,0,0,0,"790211,4519","5827297,934","13,27798","52,51835",4020310.0,Park Ruhwald,2754.0
195482,11,2,,2019,6,7,2,3,2,6,0,0,1,0,0,1,0,0,"799975,5727","5825746,689","13,42006","52,49917",2030301.0,Oranienplatz,4948.0
195483,11,5,,2019,6,15,2,3,6,4,0,0,1,1,0,0,0,0,"784458,4571","5828663,554","13,19459","52,53363",5020625.0,Borkumer Straße,1558.0
195484,11,9,,2019,6,7,2,3,5,3,0,0,1,0,0,0,0,0,"810947,1361","5822198,973","13,57786","52,46123",9052001.0,Köpenick Nord,7237.0
195485,11,1,,2019,6,6,2,3,5,7,0,0,1,0,0,0,0,0,"795336,7708","5826631,6","13,3527","52,50963",1011105.0,Nördlicher Landwehrkanal,3951.0
195486,11,12,,2019,6,15,2,3,0,2,0,0,1,0,0,0,1,0,"790944,8486","5833788,281","13,29444","52,57615",12214125.0,Waldidyll/Flughafensee,3071.0
195487,11,1,,2019,6,6,2,3,2,6,0,0,1,0,0,0,0,0,"799078,1247","5828998,061","13,4098","52,5288",1011302.0,Oranienburger Straße,4757.0
195488,11,9,,2019,6,6,2,3,0,3,0,1,1,0,0,0,0,0,"809668,744","5819050,76","13,55618","52,43374",9020702.0,Adlershof Ost,6929.0
195489,11,1,,2019,6,15,2,2,2,2,0,0,1,0,0,0,0,0,"799727,7436","5827760,655","13,41823","52,51735",1011304.0,Karl-Marx-Allee,4853.0
195490,11,3,,2019,6,5,2,3,1,5,0,0,1,0,1,0,0,0,"800486,9949","5831261,907","13,43255","52,54832",3061228.0,Erich-Weinert-Straße,5062.0
195491,11,2,,2019,6,1,2,3,5,2,2,0,1,0,0,0,0,0,"801777,9822","5828668,491","13,44918","52,52436",2050601.0,Hausburgviertel,5355.0
195492,11,1,,2019,6,8,2,3,0,1,0,1,0,0,0,0,0,0,"798106,7921","5829363,715","13,39585","52,53261",1011401.0,Invalidenstraße,4558.0
195493,11,11,,2019,6,20,2,3,5,2,0,1,1,0,0,0,0,1,"805123,4827","5829991,758","13,49955","52,53436",11030720.0,Herzbergstraße,6058.0
195494,11,6,,2019,6,9,2,3,5,2,0,1,0,0,0,0,1,0,"791848,9725","5821376,437","13,29686","52,46439",6040810.0,Dahlem,3038.0
195495,11,10,,2019,6,17,2,1,1,7,0,0,1,0,0,0,0,0,"807352,427","5832454,823","13,53459","52,55518",10010203.0,Gewerbegebiet Bitterfelder Straße,6664.0
195496,11,4,,2019,6,14,1,3,2,6,0,1,0,0,0,0,0,0,"790965,9526","5826026,471","13,28796","52,50655",4030724.0,Lietzensee,2950.0
195497,11,4,,2019,6,14,1,3,5,3,0,1,1,0,0,0,0,0,"791553,9247","5823245,511","13,29416","52,48131",4041238.0,Kissinger Straße,3043.0
195498,11,1,,2019,6,14,1,3,6,7,0,0,1,1,0,0,0,0,"797521,9227","5829149,117","13,38706","52,53101",1011401.0,Invalidenstraße,4457.0
195499,11,9,,2019,6,19,1,3,3,6,0,1,1,0,0,0,0,0,"811012,9502","5820412,725","13,57716","52,44519",9041501.0,Altstadt Kietz,7232.0
195500,11,1,,2019,6,21,1,3,5,3,0,0,1,0,0,0,0,0,"795854,7449","5831132,303","13,36432","52,54969",1044201.0,Reinickendorfer Straße,4063.0
195501,11,11,,2019,6,20,1,2,4,6,0,0,1,0,1,0,0,0,"803311,958","5826289,712","13,46955","52,50219",2050803.0,Stralauer Kiez,5649.0
195502,11,2,,2019,6,20,1,3,1,5,0,1,1,0,0,0,1,0,"800846,907","5826869,321","13,43387","52,50875",2040701.0,Andreasviertel,5151.0
195503,11,4,,2019,6,17,1,3,0,2,0,1,1,0,0,0,0,0,"791834,2318","5830684,825","13,3048","52,54785",4010102.0,Plötzensee,3162.0
195504,11,2,,2019,6,17,1,2,5,3,0,0,1,0,1,0,0,0,"798331,7871","5825629,632","13,39581","52,49902",2010102.0,Mehringplatz,4548.0
195505,11,10,,2019,6,15,1,2,5,3,0,0,1,0,1,0,0,0,"812575,854","5824282,132","13,60371","52,47897",10040933.0,Mahlsdorf Süd,7642.0
195506,11,7,,2019,6,16,1,3,5,2,0,1,1,0,0,0,0,0,"795999,7539","5824957,198","13,36096","52,49426",7010104.0,Dennewitzplatz,4047.0
195507,11,3,,2019,6,16,1,3,0,1,0,1,0,0,0,0,0,0,"800029,1676","5830416,599","13,42505","52,54099",3071633.0,Thälmannpark,4960.0
195508,11,11,,2019,6,14,1,3,5,3,0,0,1,0,0,0,0,0,"808003,4667","5824739,716","13,53702","52,48567",11051331.0,Karlshorst Nord,6644.0
195509,11,7,,2019,6,14,1,3,5,3,0,0,1,0,1,0,0,0,"794954,3795","5825404,027","13,346","52,49883",7010102.0,Nollendorfplatz,3848.0
195510,11,1,,2019,6,14,1,3,5,3,0,0,1,0,0,0,0,0,"794991,914","5826149,061","13,34721","52,50549",1011101.0,Stülerstraße,3850.0
195511,11,1,,2019,6,14,1,3,5,2,0,0,1,0,1,0,0,0,"797703,8288","5827795,443","13,38852","52,51877",1011202.0,Unter den Linden Nord,4454.0
195512,11,11,,2019,6,14,1,2,5,3,0,1,1,0,0,0,0,0,"808002,764","5824740,141","13,53701","52,48567",11051331.0,Karlshorst Nord,6644.0
195513,11,3,,2019,6,13,1,3,2,6,0,0,1,0,0,0,0,0,"798310,987","5831834,952","13,40107","52,55465",3061126.0,Arnimplatz,4664.0
195514,11,11,,2019,6,12,6,3,5,2,0,1,1,0,0,0,0,0,"807062,6312","5824409,718","13,5229","52,48324",11051330.0,Karlshorst West,6443.0
195515,11,8,,2019,6,13,1,3,2,6,0,0,1,0,0,0,0,0,"801401,2667","5821120,991","13,43681","52,45692",8020619.0,Buschkrugallee Nord,5136.0
195516,11,7,,2019,6,12,1,2,5,3,0,0,1,0,1,0,0,0,"797649,4987","5822186,485","13,38271","52,46853",7040403.0,Manteuffelstraße,4339.0
195517,11,1,,2019,6,12,6,3,5,2,0,1,0,0,0,0,1,0,"797141,2919","5831886,679","13,38391","52,55575",1033102.0,Gesundbrunnen,4365.0
195518,11,1,,2019,6,1,1,2,5,2,2,0,1,0,0,0,0,0,"793962,7642","5830161,353","13,33564","52,54201",1044101.0,Rehberge,3661.0
195519,11,6,,2019,6,17,6,2,5,2,0,1,1,0,0,0,0,0,"792354,529","5820772,049","13,30375","52,4587",6040809.0,Thielallee,3136.0
195520,11,11,,2019,6,2,1,3,5,3,2,0,1,0,0,0,0,0,"804988,9884","5833003,16","13,50034","52,56142",11020411.0,Malchower Weg,6066.0
195521,11,8,,2019,6,12,6,3,3,6,0,1,0,0,0,1,0,0,"801490,3895","5817788,317","13,43511","52,427",8020625.0,Handwerker-Siedlung,5127.0
195522,11,12,,2019,6,10,1,3,4,5,0,0,1,0,0,0,0,0,"793707,074","5835028,565","13,33619","52,58578",12301203.0,Wittenau Süd,3673.0
195523,11,12,,2019,6,7,6,2,5,2,0,1,0,0,0,1,0,0,"792848,8962","5835170,088","13,32368","52,58751",12301203.0,Wittenau Süd,3474.0
195524,11,1,,2019,6,10,1,3,5,2,0,0,1,0,0,0,0,0,"794619,0775","5829877,865","13,34504","52,53912",1044202.0,Sparrplatz,3760.0
195525,11,1,,2019,6,11,1,3,5,3,0,0,1,0,0,0,1,0,"797153,9337","5831897,015","13,38411","52,55584",1033102.0,Gesundbrunnen,4365.0
195526,11,5,,2019,6,12,6,3,5,3,0,1,1,0,0,0,0,0,"785933,6378","5831651,073","13,21885","52,55964",5010101.0,Hakenfelde Nord,1966.0
195527,11,6,,2019,6,12,1,2,2,1,0,0,1,0,0,0,0,0,"791970,4502","5816407,285","13,2943","52,41978",6030607.0,Goerzwerke,3025.0
195528,11,4,,2019,6,12,6,3,0,6,0,0,1,0,1,0,0,0,"793484,7223","5825053,893","13,3241","52,49648",4051448.0,Schaperstraße,3447.0
195529,11,11,,2019,6,1,1,3,0,1,2,0,0,0,1,0,0,0,"803678,9343","5828763,369","13,4772","52,52415",11030618.0,Fennpfuhl West,5755.0
195530,11,4,,2019,6,11,6,3,5,2,0,0,1,0,1,0,0,0,"792115,2887","5822352,903","13,30162","52,473",4041342.0,Schlangenbader Straße,3140.0
195531,11,8,,2019,6,0,1,3,0,1,2,1,0,0,0,0,0,0,"801355,2814","5823951,009","13,43869","52,48231",8010301.0,Reuterkiez,5143.0
195532,11,8,,2019,6,11,6,3,5,2,0,1,1,0,0,0,0,0,"800946,5111","5817042,181","13,42647","52,42061",8020727.0,Buckow Mitte,4925.0
195533,11,2,,2019,6,12,7,3,5,3,0,0,1,0,0,0,0,0,"800157,9541","5827367,796","13,4242","52,5136",2040701.0,Andreasviertel,4952.0
195534,11,3,,2019,6,18,7,3,5,3,0,0,1,0,0,0,0,0,"798953,1672","5829166,035","13,40811","52,53038",3071536.0,Teutoburger Platz,4757.0
195535,11,9,,2019,6,12,6,3,5,3,0,0,1,0,0,0,1,0,"811644,1419","5820420,711","13,58643","52,4449",9041401.0,Allende I,7332.0
195536,11,3,,2019,6,13,6,2,5,3,0,1,1,0,0,0,0,0,"803391,1171","5832799,033","13,47665","52,56049",3051017.0,Rennbahnstraße,5766.0
195537,11,6,,2019,6,15,7,3,1,5,0,1,1,0,0,0,0,0,"793693,4001","5819262,561","13,32207","52,44445",6030606.0,Hindenburgdamm,3432.0
195538,11,10,,2019,6,18,7,2,5,3,0,1,1,0,0,0,0,0,"809970,5197","5832029,817","13,57268","52,54989",10010206.0,Ringkolonnaden,7163.0
195539,11,9,,2019,6,12,6,2,3,6,0,1,0,0,0,1,0,0,"810467,96","5820310,159","13,56907","52,44458",9020802.0,Köllnische Vorstadt,7132.0
195540,11,7,,2019,6,15,7,3,5,2,0,1,0,0,0,0,0,0,"797776,6614","5823273,751","13,38555","52,4782",7040401.0,Neu-Tempelhof,4342.0
195541,11,4,,2019,6,16,6,3,5,3,0,1,1,0,0,0,0,0,"789559,8855","5826580,372","13,26778","52,51227",4020311.0,Reichsstraße,2652.0
195542,11,1,,2019,6,14,7,3,5,2,0,0,1,0,1,0,0,0,"794242,987","5828441,211","13,33824","52,52644",1022104.0,Emdener Straße,3656.0
195543,11,1,,2019,6,19,7,3,2,6,0,0,1,0,0,0,0,0,"796684,9964","5831917,808","13,37723","52,55628",1044201.0,Reinickendorfer Straße,4265.0
195544,11,8,,2019,6,16,6,3,5,3,0,0,1,0,1,0,0,0,"801575,1342","5816649,688","13,43533","52,41674",8020727.0,Buckow Mitte,5124.0
195545,11,2,,2019,6,19,7,3,5,3,0,1,1,0,0,0,0,0,"799598,6806","5826095,896","13,41483","52,5025",2030301.0,Oranienplatz,4849.0
195546,11,4,,2019,6,13,7,3,5,2,0,1,1,0,0,0,0,0,"794117,342","5826092,18","13,33431","52,50545",4030931.0,Breitscheidplatz,3650.0
195547,11,3,,2019,6,16,6,3,6,4,0,0,1,1,0,0,0,0,"803515,117","5839643,054","13,48475","52,62176",3030405.0,Karow Nord,5884.0
195548,11,11,,2019,6,19,7,3,2,6,0,0,1,0,0,0,0,0,"807229,0562","5824116,198","13,52507","52,48052",11051332.0,Karlshorst Süd,6443.0
195549,11,9,,2019,6,16,6,2,5,2,0,1,1,0,0,0,0,0,"811692,3888","5819923,671","13,58667","52,44042",9041501.0,Altstadt Kietz,7331.0
195550,11,4,,2019,6,16,6,2,4,6,0,1,0,0,0,0,0,0,"790150,5424","5828210,08","13,27788","52,52656",4020310.0,Park Ruhwald,2756.0
195551,11,7,,2019,6,19,7,3,5,3,0,0,1,0,0,0,0,0,"794964,5671","5824059,457","13,34496","52,48677",7020201.0,Bayerischer Platz,3744.0
195552,11,2,,2019,6,15,6,2,5,7,0,0,1,0,0,1,0,0,"799444,6735","5825642,377","13,41216","52,49852",2010104.0,Wassertorplatz,4748.0
195553,11,2,,2019,6,12,7,2,5,2,0,1,1,0,0,0,0,0,"800946,851","5826400,028","13,43491","52,50449",2030302.0,Lausitzer Platz,5150.0
195554,11,4,,2019,6,16,6,3,5,2,0,1,0,0,1,0,0,0,"793559,2538","5827756,096","13,32758","52,52067",4030621.0,Spreestadt,3554.0
195555,11,6,,2019,6,22,7,3,6,4,2,0,1,1,0,0,0,0,"788845,7188","5819607,9","13,25124","52,45013",6040806.0,Fischtal,2334.0
195556,11,7,,2019,6,12,7,3,1,5,0,0,1,0,0,0,0,0,"800128,5192","5814982,438","13,41263","52,4026",7070702.0,Alt-Lichtenrade/Töpchiner Weg,4720.0
195557,11,7,,2019,6,16,6,3,1,5,0,1,1,0,0,0,0,0,"795883,5766","5825470,29","13,35971","52,49892",7010102.0,Nollendorfplatz,4048.0
195558,11,4,,2019,6,9,6,3,2,7,0,0,1,0,0,0,0,0,"791683,1119","5823653,805","13,29641","52,4849",4041238.0,Kissinger Straße,3044.0
195559,11,5,,2019,6,11,7,3,0,2,0,0,1,0,0,0,1,0,"784843,1873","5829239,963","13,20074","52,5386",5010314.0,Carl-Schurz-Straße,1660.0
195560,11,5,,2019,6,10,7,3,5,2,0,1,1,0,0,0,0,0,"788103,7111","5827867,4","13,2475","52,52458",5010339.0,Freiheit,2355.0
195561,11,3,,2019,6,12,6,2,1,1,0,0,1,0,0,0,1,0,"801589,5728","5831780,427","13,44923","52,55236",3050924.0,Behaimstraße,5364.0
195562,11,1,,2019,6,23,7,2,0,1,2,1,0,0,0,0,0,0,"798496,293","5828386,934","13,4007","52,52364",1011302.0,Oranienburger Straße,4655.0
195563,11,2,,2019,6,17,6,3,5,3,0,0,1,0,0,0,0,0,"798411,8411","5825784,562","13,39712","52,50036",2010102.0,Mehringplatz,4548.0
195564,11,8,,2019,6,9,7,3,5,7,0,0,1,0,0,0,0,0,"802374,663","5819912,366","13,45","52,44555",8020622.0,Parchimer Allee,5332.0
195565,11,1,,2019,6,9,7,2,5,2,0,1,0,0,0,1,0,0,"798071,6509","5829988,77","13,39589","52,53823",1033201.0,Brunnenstraße,4559.0
195566,11,8,,2019,6,15,6,3,6,2,0,0,1,1,0,0,0,0,"800651,7363","5823014,231","13,42752","52,4743",8010117.0,Schillerpromenade,5041.0
195567,11,4,,2019,5,5,6,3,5,2,0,1,1,0,0,0,0,0,"791762,2535","5824375,355","13,29821","52,49132",4051445.0,Eisenzahnstraße,3046.0
195568,11,3,,2019,5,7,6,3,5,3,0,0,1,0,1,0,0,0,"800994,2425","5831899,738","13,44059","52,55376",3050923.0,Weißenseer Spitze,5264.0
195569,11,2,,2019,6,23,6,2,5,3,2,0,1,0,0,0,0,0,"798531,8039","5826271,364","13,39932","52,50466",2010102.0,Mehringplatz,4550.0
195570,11,4,,2019,5,9,6,3,5,2,0,1,1,0,0,0,0,0,"792326,0574","5828251,913","13,30989","52,52578",4030519.0,Kaiserin-Augusta-Allee,3256.0
195571,11,11,,2019,6,15,6,3,5,2,0,0,1,0,1,0,0,0,"807931,2058","5833796,26","13,54434","52,56687",11010103.0,Dorf Falkenberg,6768.0
195572,11,4,,2019,5,9,6,3,5,2,0,0,1,0,0,0,0,0,"791916,0419","5826239,076","13,3021","52,50795",4030725.0,Amtsgerichtsplatz,3151.0
195573,11,7,,2019,5,15,6,3,2,6,0,0,1,0,0,0,0,0,"799139,9432","5819915,761","13,40255","52,44736",7050503.0,Eisenacher Straße,4633.0
195574,11,7,,2019,6,11,6,3,1,5,0,1,1,0,0,0,1,0,"797853,1267","5819621,187","13,38341","52,44542",7050501.0,Rathausstraße,4332.0
195575,11,3,,2019,6,11,6,3,2,1,0,0,1,0,0,0,0,0,"801160,4459","5831611,249","13,44277","52,55108",3050923.0,Weißenseer Spitze,5263.0
195576,11,12,,2019,5,15,6,3,5,3,0,0,1,0,0,0,0,0,"792601,3061","5833665,675","13,31871","52,57416",12214423.0,Mellerbogen,3370.0
195577,11,7,,2019,5,15,6,3,5,2,0,1,1,0,0,0,0,0,"797748,2126","5822532,304","13,38447","52,47157",7040401.0,Neu-Tempelhof,4340.0
195578,11,4,,2019,6,18,6,3,0,7,0,1,0,0,0,0,0,0,"791296,1495","5827183,946","13,29382","52,51675",4030416.0,Klausenerplatz,3053.0
195579,11,9,,2019,5,13,6,3,5,3,0,1,1,0,0,0,0,0,"810544,9155","5815073,19","13,56534","52,3976",9031001.0,Bohnsdorf,7018.0
195580,11,2,,2019,6,10,6,2,6,4,0,1,0,1,0,0,0,0,"799774,2389","5825695,517","13,41705","52,49882",2010104.0,Wassertorplatz,4848.0
195581,11,12,,2019,5,13,6,2,5,2,0,0,1,0,0,0,0,0,"793186,3101","5832306,134","13,32612","52,56166",12214424.0,Scharnweberstraße,3566.0
195582,11,12,,2019,5,16,6,3,5,3,0,0,1,0,0,0,0,0,"793845,7033","5836158,09","13,33923","52,59583",12302107.0,Schorfheidestraße,3776.0
195583,11,4,,2019,5,17,6,2,2,6,0,0,1,0,0,0,0,0,"790383,9967","5829032,405","13,28203","52,53381",5030833.0,Motardstraße,2858.0
195584,11,12,,2019,6,15,6,3,1,5,0,0,1,0,0,0,0,0,"789775,4404","5839769,236","13,28247","52,63039",12231102.0,Frohnau,2886.0
195585,11,9,,2019,5,17,6,2,5,2,0,1,1,0,0,0,0,0,"804483,0659","5823234,787","13,48396","52,47416",9010202.0,Köpenicker Landstraße,5841.0
195586,11,3,,2019,6,10,6,3,5,2,0,0,1,0,1,0,0,0,"798625,4236","5831114,243","13,40504","52,54802",3061131.0,Falkplatz,4662.0
195587,11,2,,2019,5,19,6,3,5,7,0,1,0,0,0,0,1,0,"799780,1101","5824852,426","13,41638","52,49126",2020206.0,Graefekiez,4846.0
195588,11,5,,2019,6,9,6,3,1,5,0,1,1,0,0,0,1,0,"786995,5361","5829344,1","13,23248","52,5384",5030731.0,Gartenfelder Straße,2159.0
195589,11,2,,2019,5,19,6,3,0,6,0,0,1,0,0,0,1,0,"799529,413","5824906,783","13,41275","52,49188",2020206.0,Graefekiez,4746.0
195590,11,2,,2019,6,9,6,3,5,3,0,1,1,0,0,0,0,0,"799702,0925","5826016,308","13,41628","52,50173",2030301.0,Oranienplatz,4849.0
195591,11,12,,2019,5,20,6,3,5,2,0,0,1,0,0,0,0,1,"793277,7366","5832576,995","13,3277","52,56404",12214424.0,Scharnweberstraße,3567.0
195592,11,9,,2019,6,15,6,3,5,3,0,1,1,0,0,0,0,0,"806460,1913","5820700,254","13,51065","52,45033",9010402.0,Johannisthal Ost,6234.0
195593,11,7,,2019,5,21,6,3,2,6,2,0,1,0,0,0,1,1,"798915,8768","5821220,273","13,40043","52,45917",7040405.0,Rathaus Tempelhof,4636.0
195594,11,7,,2019,6,15,6,3,1,5,0,1,1,0,0,0,0,0,"799689,621","5813178,698","13,40458","52,38667",7070703.0,John-Locke-Straße,4615.0
195595,11,2,,2019,5,18,6,3,0,1,0,1,0,0,0,0,0,0,"799191,7976","5824231,976","13,40718","52,48602",2020205.0,Chamissokiez,4744.0
195596,11,6,,2019,5,9,6,3,2,2,0,0,1,0,0,0,1,0,"792655,7477","5820908,331","13,30829","52,45977",6010101.0,Fichtenberg,3236.0
195597,11,4,,2019,6,14,6,3,5,2,0,1,1,0,0,0,0,0,"793170,9312","5830158,347","13,32399","52,54241",4010102.0,Plötzensee,3461.0
195598,11,9,,2019,5,10,6,3,5,2,0,1,1,0,0,0,0,0,"819383,6943","5819909,118","13,69943","52,43585",9051801.0,Rahnsdorf/Hessenwinkel,9029.0
195599,11,4,,2019,6,14,6,3,5,2,0,1,1,0,0,0,0,0,"791852,6099","5827431,584","13,30221","52,51867",4030620.0,Alt-Lietzow,3154.0
195600,11,3,,2019,5,12,6,3,2,6,0,0,1,0,0,0,0,0,"799869,2738","5829787,294","13,42214","52,53544",3071537.0,Kollwitzplatz,4959.0
195601,11,1,,2019,5,12,6,3,0,7,0,1,0,0,0,0,1,1,"799883,9208","5826480,63","13,41937","52,50579",1011306.0,Heine-Viertel Ost,4850.0
195602,11,3,,2019,6,14,6,2,5,2,0,1,1,0,0,0,0,0,"798642,4057","5831469,185","13,40561","52,55119",3061126.0,Arnimplatz,4663.0
195603,11,1,,2019,5,12,6,3,2,6,0,0,1,0,0,0,0,0,"795445,7201","5831557,49","13,35868","52,55373",1044203.0,Leopoldplatz,3964.0
195604,11,6,,2019,6,13,6,3,1,5,0,1,1,0,0,0,0,0,"795430,6847","5818542,783","13,34692","52,43707",6020303.0,Lankwitz Kirche,3830.0
195605,11,2,,2019,5,12,6,3,2,6,0,0,1,0,0,0,1,0,"801215,309","5826225,282","13,4387","52,50277",2030302.0,Lausitzer Platz,5149.0
195606,11,6,,2019,6,14,6,3,2,6,0,0,1,0,0,1,0,0,"790129,1696","5819679,493","13,27014","52,4501",6040808.0,Hüttenweg,2634.0
195607,11,1,,2019,5,12,6,3,0,7,0,0,0,0,1,0,1,1,"799884,913","5826475,448","13,41938","52,50575",1011306.0,Heine-Viertel Ost,4850.0
195608,11,1,,2019,6,10,6,3,2,6,0,0,1,0,0,1,0,0,"793964,9749","5830169,605","13,33568","52,54209",1044101.0,Rehberge,3661.0
195609,11,12,,2019,5,23,6,3,2,6,2,0,1,0,0,0,0,1,"793941,3213","5835293,842","13,33987","52,58803",12301203.0,Wittenau Süd,3774.0
195610,11,1,,2019,5,21,6,3,0,1,2,0,0,0,1,0,0,1,"797011,4463","5828945,174","13,37937","52,52946",1011301.0,Charitéviertel,4257.0
195611,11,1,,2019,6,8,6,3,1,1,0,0,1,0,0,0,0,0,"793989,0087","5828215,839","13,3343","52,52456",1022106.0,Elberfelder Straße,3655.0
195612,11,11,,2019,6,8,6,1,6,4,0,0,0,1,0,1,0,0,"807133,9037","5823935,226","13,52351","52,47895",11051332.0,Karlshorst Süd,6442.0
195613,11,2,,2019,5,18,5,3,6,7,0,0,1,1,0,0,0,0,"797701,214","5826004,969","13,38688","52,50273",2010101.0,Askanischer Platz,4449.0
195614,11,8,,2019,6,16,5,3,0,2,0,1,0,0,0,0,1,1,"802517,8258","5824218,267","13,456","52,48406",8010406.0,Treptower Straße Nord,5444.0
195615,11,7,,2019,5,18,5,2,5,2,0,0,1,0,1,0,0,0,"800164,9566","5814068,965","13,41234","52,39439",7070704.0,Nahariyastraße,4717.0
195616,11,2,,2019,6,18,5,3,3,6,0,1,1,0,0,0,0,0,"797760,4877","5826437,829","13,38814","52,50657",2010102.0,Mehringplatz,4450.0
195617,11,4,,2019,5,17,5,3,6,4,0,0,1,1,0,0,0,0,"792980,2962","5822529,243","13,31447","52,47412",4041344.0,Rüdesheimer Platz,3341.0
195618,11,10,,2019,5,17,5,2,5,3,0,1,1,0,0,0,0,0,"812267,9107","5830209,467","13,60474","52,53226",10020519.0,Boulevard Kastanienallee,7658.0
195619,11,12,,2019,6,15,5,3,2,6,0,0,1,0,0,0,0,0,"790646,3225","5834378,22","13,29057","52,5816",12214527.0,Alt-Tegel,2972.0
195620,11,9,,2019,6,7,5,3,5,2,0,1,1,0,0,0,0,0,"811004,6205","5820318,672","13,57695","52,44435",9041501.0,Altstadt Kietz,7232.0
195621,11,3,,2019,5,16,5,3,5,3,0,0,1,0,0,0,0,0,"797239,9163","5835063,787","13,38821","52,58418",3020209.0,Niederschönhausen,4473.0
195622,11,10,,2019,5,16,5,2,5,3,0,1,1,0,0,0,0,0,"811909,316","5829755,694","13,59905","52,5284",10040828.0,Kaulsdorf Nord,7557.0
195623,11,9,,2019,6,7,5,3,5,2,0,1,1,0,0,0,0,0,"809340,9173","5818506,28","13,55087","52,42905",9020701.0,Adlershof West,6827.0
195624,11,1,,2019,5,18,5,3,5,2,0,1,1,0,0,0,0,0,"794316,304","5828379,61","13,33926","52,52585",1022106.0,Elberfelder Straße,3756.0