OBJECTID,LAND,BEZ,LOR_ab_2021,UJAHR,UMONAT,USTUNDE,UWOCHENTAG,UKATEGORIE,UART,UTYP1,ULICHTVERH,IstRad,IstPKW,IstFuss,IstKrad,IstGkfz,IstSonstige,USTRZUSTAND,LINREFX,LINREFY,XGCSWGS84,YGCSWGS84,LOR,STRASSE,quadrant
196469,11,11,,2019,6,16,3,3,3,6,0,0,1,0,0,1,0,0,"803188,2372","5830342,353","13,47143","52,53858",11020513.0,Orankesee,5660.0
196470,11,9,,2019,6,8,2,2,5,2,0,1,1,0,0,0,0,0,"811159,9841","5821574,045","13,5804","52,45551",9051901.0,Dammvorstadt,7235.0
196471,11,10,,2019,6,16,3,3,5,3,0,1,1,0,0,0,0,0,"810980,5632","5824874,626","13,58084","52,48519",10040830.0,Kaulsdorf Süd,7244.0
196472,11,9,,2019,6,8,2,3,0,6,0,1,0,0,0,1,0,0,"806246,7166","5822191,783","13,50889","52,46382",9020501.0,Oberschöneweide West,6238.0
196473,11,7,,2019,6,8,2,3,2,6,0,0,1,0,0,0,0,0,"798047,9285","5819470,125","13,38613","52,44396",7050501.0,Rathausstraße,4332.0
196474,11,1,,2019,6,9,3,3,2,6,0,0,1,0,0,0,0,0,"794542,3316","5829091,053","13,34321","52,5321",1022104.0,Emdener Straße,3758.0
196475,11,1,,2019,6,16,3,3,3,6,0,1,1,0,0,0,0,0,"800057,9585","5826900,76","13,42231","52,50946",1011306.0,Heine-Viertel Ost,4951.0
196476,11,10,,2019,6,8,2,3,5,2,0,0,1,0,0,0,0,0,"809645,771","5829689,142","13,56573","52,5291",10030724.0,Oberfeldstraße,7057.0
196477,11,4,,2019,6,18,2,3,2,6,0,0,1,0,0,0,1,0,"791926,9483","5827422,397","13,3033","52,51855",4030620.0,Alt-Lietzow,3154.0
196478,11,2,,2019,6,9,3,3,5,2,0,1,1,0,0,0,0,0,"797226,4179","5826349,09","13,38021","52,50607",2010101.0,Askanischer Platz,4350.0
196479,11,4,,2019,6,9,1,3,5,2,0,1,1,0,0,0,0,0,"791635,0307","5824511,708","13,29646","52,49262",4031032.0,Halensee,3046.0
196480,11,9,,2019,6,16,3,3,1,5,0,1,1,0,0,0,1,0,"811301,9172","5820201,614","13,5812","52,44313",9041501.0,Altstadt Kietz,7232.0
196481,11,11,,2019,6,0,1,3,5,3,2,0,1,0,0,0,0,0,"807547,6965","5824813,491","13,53039","52,48659",11051331.0,Karlshorst Nord,6544.0
196482,11,5,,2019,6,1,1,2,0,1,2,0,1,0,1,0,0,0,"786899,221","5830076,968","13,2317","52,54502",5030730.0,Zitadellenweg,2161.0
196483,11,1,,2019,6,8,3,3,5,3,0,0,1,0,1,0,0,0,"795051,5033","5827187,049","13,34901","52,51476",1011102.0,Großer Tiergarten,3853.0
196484,11,1,,2019,6,9,1,3,2,6,0,0,1,0,0,0,1,0,"795059,2596","5830339,12","13,35192","52,54301",1044202.0,Sparrplatz,3861.0
196485,11,12,,2019,6,9,1,3,5,3,0,0,1,0,0,0,0,0,"791190,4184","5837723,563","13,30152","52,61129",12231101.0,Hermsdorf,3181.0
196486,11,2,,2019,6,8,3,3,5,2,0,1,0,0,0,0,1,0,"799328,0174","5826226,817","13,41098","52,50382",2010103.0,Moritzplatz,4749.0
196487,11,9,,2019,6,11,1,3,0,2,0,0,1,0,1,0,0,0,"807686,343","5819179,038","13,52723","52,43601",9020701.0,Adlershof West,6430.0
196488,11,8,,2019,6,22,1,3,1,5,1,1,1,0,0,0,0,0,"801648,5582","5824159,047","13,44319","52,48401",8010301.0,Reuterkiez,5244.0
196489,11,5,,2019,6,7,3,3,3,6,0,0,1,0,1,0,0,0,"784791,2496","5828848,614","13,19964","52,53511",5010314.0,Carl-Schurz-Straße,1659.0
196490,11,1,,2019,6,21,1,2,5,3,1,0,1,0,1,0,0,0,"797703,9044","5829237,567","13,38981","52,5317",1011401.0,Invalidenstraße,4458.0
196491,11,1,,2019,6,8,3,3,5,2,0,1,1,0,0,0,0,0,"793687,6773","5828003,362","13,32969","52,52282",1022106.0,Elberfelder Straße,3555.0
196492,11,1,,2019,6,21,1,3,1,5,1,1,1,0,0,0,1,0,"793826,042","5830715,717","13,33412","52,54706",1044101.0,Rehberge,3662.0
196493,11,5,,2019,6,6,3,3,2,2,0,0,1,0,1,0,0,0,"786617,0512","5829251,101","13,22684","52,53777",5030730.0,Zitadellenweg,2059.0
196494,11,1,,2019,6,20,1,2,2,6,0,0,1,0,1,0,0,0,"797156,331","5829196,916","13,38173","52,53164",1011301.0,Charitéviertel,4357.0
196495,11,1,,2019,6,8,3,3,5,2,0,0,1,0,0,0,1,0,"797699,0669","5830682,026","13,39104","52,54465",1033201.0,Brunnenstraße,4461.0
196496,11,10,,2019,6,19,1,3,5,7,0,1,1,0,0,0,0,0,"809029,6722","5828440,77","13,55551","52,51826",10030724.0,Oberfeldstraße,6954.0
196497,11,10,,2019,6,19,1,3,5,3,0,0,1,0,1,0,0,0,"812399,4366","5824300,614","13,60113","52,47924",10040933.0,Mahlsdorf Süd,7542.0
196498,11,9,,2019,6,7,3,3,5,3,0,1,1,0,0,0,0,0,"811766,9243","5818272,864","13,58622","52,42558",9041301.0,Kietzer Feld/Nachtheide,7326.0
196499,11,12,,2019,6,7,3,3,5,2,0,0,1,0,1,0,0,0,"793420,353","5836088,487","13,33291","52,59544",12301203.0,Wittenau Süd,3676.0
196500,11,7,,2019,6,17,1,3,1,5,0,1,1,0,0,0,0,0,"796303,0781","5824279,819","13,36481","52,48802",7020204.0,Schöneberger Insel,4045.0
196501,11,7,,2019,6,17,1,3,1,5,0,1,1,0,0,0,0,0,"797207,536","5822598,731","13,37659","52,47246",7040401.0,Neu-Tempelhof,4240.0
196502,11,3,,2019,6,7,3,3,5,2,0,1,1,0,0,0,0,0,"801604,5702","5836127,615","13,45341","52,59131",3030711.0,Blankenburg,5375.0
196503,11,8,,2019,6,17,1,3,0,6,0,0,1,0,1,0,0,0,"801744,1602","5822065,453","13,4427","52,46519",8010214.0,Glasower Straße,5238.0
196504,11,5,,2019,6,6,3,3,5,3,0,1,1,0,0,0,0,0,"784584,5525","5830691,056","13,19818","52,55174",5010310.0,Eckschanze,1663.0
196505,11,6,,2019,6,14,1,3,5,3,0,0,1,0,0,0,0,0,"791141,2356","5819257,726","13,28462","52,44578",6040809.0,Thielallee,2832.0
196506,11,1,,2019,6,14,2,3,6,4,0,0,1,1,0,0,0,0,"796978,8241","5827022,72","13,37718","52,51224",1011201.0,Wilhelmstraße,4252.0
196507,11,3,,2019,6,14,1,3,5,2,0,0,1,0,0,0,0,0,"797770,2066","5835761,244","13,39664","52,59014",3020209.0,Niederschönhausen,4575.0
196508,11,1,,2019,6,17,2,3,5,7,0,0,1,0,0,0,0,0,"798432,9003","5829046,054","13,40036","52,52959",1011302.0,Oranienburger Straße,4657.0
196509,11,9,,2019,6,14,1,3,2,7,0,1,1,0,0,0,0,0,"802292,3094","5825488,591","13,45385","52,49557",9010101.0,Elsenstraße,5447.0
196510,11,6,,2019,6,14,1,3,5,3,0,1,1,0,0,0,0,0,"785886,5933","5817772,064","13,20625","52,43523",6040703.0,Nikolassee,1729.0
196511,11,4,,2019,6,12,2,3,5,2,0,0,1,0,1,0,0,0,"790646,8038","5826703,353","13,28386","52,51279",4020313.0,Königin-Elisabeth-Straße,2852.0
196512,11,5,,2019,7,19,5,3,6,6,0,0,1,1,0,0,0,0,"781052,8685","5829607,482","13,14532","52,54386",5020416.0,Am Heideberg,861.0
196513,11,2,,2019,7,19,5,2,5,2,0,1,1,0,0,0,0,0,"798697,5747","5824672,444","13,40032","52,49024",2020204.0,Urbanstraße,4645.0
196514,11,1,,2019,7,18,5,3,6,7,0,1,0,1,0,0,0,0,"794529,1173","5831556,882","13,3452","52,55422",1044101.0,Rehberge,3764.0
196515,11,1,,2019,7,17,5,2,5,2,0,0,1,0,1,0,0,0,"797014,18","5826726,159","13,37743","52,50956",1011201.0,Wilhelmstraße,4251.0
196516,11,9,,2019,7,17,5,2,5,3,0,1,1,0,0,0,0,0,"814606,3219","5821936,317","13,63129","52,45678",9051702.0,Bölschestraße,8036.0
196517,11,8,,2019,7,17,5,3,5,2,0,0,1,0,0,0,0,0,"801004,9172","5822159,522","13,43193","52,46645",8010118.0,Silbersteinstraße,5038.0
196518,11,2,,2019,7,17,5,3,5,2,0,1,1,0,0,0,0,0,"801431,1335","5826069,115","13,44172","52,50125",2030302.0,Lausitzer Platz,5249.0
196519,11,1,,2019,7,16,5,2,0,4,0,1,0,1,0,0,0,0,"798204,9621","5828918,517","13,39689","52,52857",1011302.0,Oranienburger Straße,4557.0
196520,11,4,,2019,7,15,5,3,0,7,0,0,0,0,1,0,1,1,"793319,9969","5823569,565","13,32038","52,48327",4051551.0,Brabanter Platz,3443.0
196521,11,5,,2019,7,16,5,2,6,4,0,0,1,1,0,0,0,0,"784468,4291","5828145,473","13,1943","52,52898",5020625.0,Borkumer Straße,1557.0
196522,11,3,,2019,7,16,5,2,5,3,0,1,1,0,0,0,0,0,"804507,7048","5841274,482","13,50087","52,63582",3010102.0,Buch,6188.0
196523,11,8,,2019,7,14,5,2,5,3,0,0,1,0,1,0,0,0,"802812,2565","5820793,171","13,45722","52,4532",8020619.0,Buschkrugallee Nord,5435.0
196524,11,10,,2019,7,13,5,3,1,5,0,1,1,0,0,0,0,0,"809296,2736","5826661,709","13,55778","52,50216",10030727.0,Biesdorf Süd,6949.0
196525,11,2,,2019,7,13,5,3,1,5,0,0,1,0,1,0,1,0,"802266,6017","5826861,362","13,45471","52,50789",2050802.0,Boxhagener Platz,5451.0
196526,11,4,,2019,7,13,5,2,6,4,0,0,1,1,0,0,0,0,"791950,2519","5825252,124","13,30174","52,49908",4030726.0,Droysenstraße,3148.0
196527,11,9,,2019,7,12,5,3,5,3,0,0,0,0,0,1,1,0,"808641,7035","5819167,114","13,54123","52,43537",9020701.0,Adlershof West,6729.0
196528,11,8,,2019,7,9,5,3,2,6,0,0,1,0,0,0,0,0,"802250,6569","5819588,73","13,44789","52,44272",8020622.0,Parchimer Allee,5331.0
196529,11,2,,2019,7,8,5,2,5,3,0,1,1,0,0,0,0,0,"800294,3344","5827628,217","13,42643","52,51585",2040701.0,Andreasviertel,4953.0
196530,11,1,,2019,7,7,5,3,6,4,0,0,0,1,0,1,0,0,"796677,3951","5831904,39","13,37711","52,55617",1044201.0,Reinickendorfer Straße,4265.0
196531,11,1,,2019,7,7,5,3,5,2,0,1,1,0,0,0,0,0,"800020,2375","5826468,064","13,42136","52,50561",1011306.0,Heine-Viertel Ost,4950.0
196532,11,4,,2019,7,7,5,3,5,3,0,1,1,0,0,0,0,0,"791180,4039","5824998,36","13,29021","52,49722",4031032.0,Halensee,2947.0
196533,11,5,,2019,7,7,5,3,2,6,0,0,1,0,0,0,0,0,"782859,4086","5826898,866","13,16958","52,51864",5020523.0,Maulbeerallee,1154.0
196534,11,1,,2019,7,7,5,3,3,6,0,1,1,0,0,0,0,0,"797934,0859","5827934,106","13,39203","52,51989",1011202.0,Unter den Linden Nord,4454.0
196535,11,11,,2019,7,1,5,3,6,4,2,0,1,1,0,0,0,0,"805194,9684","5829080,317","13,49976","52,52615",11030720.0,Herzbergstraße,6056.0
196536,11,4,,2019,7,9,4,3,6,7,0,1,0,0,0,0,1,0,"793700,1306","5826365,047","13,32842","52,50812",4030623.0,Ernst-Reuter-Platz,3551.0
196537,11,3,,2019,7,22,4,3,0,3,2,0,1,0,1,0,0,0,"799358,4667","5829198,784","13,4141","52,53045",3071537.0,Kollwitzplatz,4857.0
196538,11,3,,2019,7,20,4,3,6,7,0,1,0,1,0,0,0,0,"803951,168","5841333,789","13,49272","52,63667",3010101.0,Bucher Forst,5988.0
196539,11,2,,2019,7,19,4,2,5,3,0,1,1,0,0,0,0,0,"800771,8041","5825611,272","13,43163","52,49751",2030401.0,Reichenberger Straße,5048.0
196540,11,1,,2019,7,17,4,3,5,2,0,1,1,0,0,0,0,0,"798770,3467","5827484,833","13,40391","52,51541",1011204.0,Leipziger Straße,4653.0
196541,11,1,,2019,7,17,4,3,5,2,0,1,1,0,0,0,0,0,"799646,4127","5827049,332","13,41639","52,51102",1011305.0,Heine-Viertel West,4851.0
196542,11,6,,2019,7,16,4,3,9,1,0,0,1,0,0,0,0,0,"784216,3624","5816204,38","13,18041","52,42204",6040701.0,Wannsee,1325.0
196543,11,8,,2019,7,16,4,3,1,1,0,0,1,0,1,0,0,0,"801612,0852","5821692,496","13,44042","52,46192",8020619.0,Buschkrugallee Nord,5237.0
196544,11,2,,2019,7,16,4,3,3,6,0,1,1,0,0,0,0,0,"800639,7013","5827357,64","13,43126","52,51324",2040701.0,Andreasviertel,5052.0
196545,11,4,,2019,7,15,4,2,0,1,0,1,0,0,0,0,0,0,"789228,0211","5824032,093","13,26069","52,4896",4020209.0,Eichkamp,2545.0
196546,11,10,,2019,7,14,4,3,5,2,0,1,0,0,0,0,1,0,"806629,2438","5830238,623","13,52191","52,53573",10010308.0,Marzahner Chaussee,6459.0
196547,11,5,,2019,7,23,4,2,7,7,2,0,0,0,0,0,1,0,"781976,5014","5830602,308","13,15974","52,5523",5010206.0,Gütersloher Weg,1064.0
196548,11,7,,2019,7,22,4,3,0,3,2,0,1,0,0,0,1,0,"798279,5596","5820992,99","13,39089","52,45748",7040405.0,Rathaus Tempelhof,4436.0
196549,11,4,,2019,7,20,4,3,1,5,0,0,1,0,0,0,1,0,"792325,3987","5825514,588","13,30748","52,50124",4030929.0,Hindemithplatz,3249.0
196550,11,1,,2019,7,13,4,3,1,7,0,0,1,0,1,0,0,0,"794213,9265","5828585,722","13,33794","52,52775",1022104.0,Emdener Straße,3656.0
196551,11,8,,2019,7,13,4,3,0,2,0,0,0,0,1,0,1,0,"804137,9434","5817801,69","13,47395","52,42565",8030831.0,Gropiusstadt Ost,5727.0
196552,11,9,,2019,7,9,4,3,2,6,0,1,0,0,0,0,0,0,"819343,831","5818461,071","13,69746","52,4229",9041601.0,Müggelheim,9026.0
196553,11,7,,2019,7,12,4,3,5,7,0,0,1,0,1,0,0,0,"798480,5521","5820974,851","13,39383","52,45721",7040405.0,Rathaus Tempelhof,4536.0
196554,11,2,,2019,7,11,4,3,2,6,0,0,1,0,0,0,0,0,"799832,5564","5825751,192","13,41796","52,49928",2010103.0,Moritzplatz,4848.0
196555,11,4,,2019,7,11,4,3,5,5,0,1,1,0,0,0,0,0,"793913,867","5825509,13","13,33081","52,50033",4030931.0,Breitscheidplatz,3548.0
196556,11,1,,2019,7,10,4,3,5,2,0,1,1,0,0,0,0,0,"797304,0478","5827235,514","13,38215","52,51397",1011201.0,Wilhelmstraße,4352.0
196557,11,1,,2019,7,7,4,3,1,5,0,1,1,0,0,0,0,0,"797087,4865","5831427,362","13,38271","52,55167",1033102.0,Gesundbrunnen,4363.0
196558,11,2,,2019,7,9,4,3,6,7,0,1,0,1,0,0,0,0,"797213,8106","5826363,235","13,38004","52,5062",2010101.0,Askanischer Platz,4350.0
196559,11,1,,2019,7,9,4,3,5,3,0,1,0,0,0,1,0,0,"796934,9393","5830171,942","13,37935","52,5405",1033203.0,Humboldthain Nordwest,4260.0
196560,11,9,,2019,7,9,4,3,0,1,0,1,0,0,0,0,0,0,"804146,0077","5822931,722","13,47873","52,47163",9010202.0,Köpenicker Landstraße,5740.0
196561,11,5,,2019,7,9,4,3,0,3,0,0,1,0,1,0,0,0,"784733,0857","5831859,369","13,20137","52,56214",5010103.0,Amorbacher Weg,1666.0
196562,11,12,,2019,7,16,4,3,9,1,0,0,1,0,0,0,0,0,"795662,2396","5832966,598","13,36312","52,56624",12103219.0,Schäfersee,4068.0
196563,11,11,,2019,7,9,4,3,5,2,0,1,1,0,0,0,0,0,"804149,5249","5830425,119","13,48563","52,53879",11020514.0,Große-Leege-Straße,5860.0
196564,11,12,,2019,7,15,4,2,1,7,0,0,1,0,0,0,1,0,"794130,688","5833595,52","13,34115","52,57271",12103220.0,Humboldtstraße,3770.0
196565,11,4,,2019,7,15,4,3,0,1,0,0,0,0,1,0,0,0,"792085,2567","5825779,57","13,30418","52,50374",4030726.0,Droysenstraße,3149.0
196566,11,11,,2019,7,15,4,3,1,5,0,1,1,0,0,0,0,0,"804218,087","5828419,924","13,4848","52,52078",11030721.0,Rüdigerstraße,5854.0
196567,11,10,,2019,7,15,4,2,5,2,0,0,0,0,1,0,1,0,"810012,8894","5832313,045","13,57357","52,5524",10010206.0,Ringkolonnaden,7164.0
196568,11,5,,2019,7,15,4,3,0,2,0,1,1,0,0,0,0,0,"783579,2577","5830206,824","13,18298","52,54792",5010207.0,Darbystraße,1362.0
196569,11,4,,2019,7,14,4,3,2,7,0,0,1,0,0,0,0,0,"793010,2666","5825555,513","13,31758","52,50124",4030930.0,George-Grosz-Platz,3349.0
196570,11,4,,2019,7,14,4,3,5,2,0,1,1,0,0,0,0,0,"793918,8992","5825642,459","13,331","52,50153",4030931.0,Breitscheidplatz,3549.0
196571,11,9,,2019,7,8,4,3,5,2,0,1,1,0,0,0,0,0,"807684,3758","5817719,645","13,52586","52,42293",9030901.0,Dorf Altglienicke,6426.0
196572,11,3,,2019,7,7,4,3,0,1,0,1,0,0,0,0,0,0,"800084,5108","5837521,357","13,4323","52,60464",3020307.0,Buchholz,5079.0
196573,11,9,,2019,7,7,4,3,5,3,0,1,0,0,1,0,0,0,"808503,4308","5818725,839","13,5388","52,43149",9020701.0,Adlershof West,6628.0
196574,11,4,,2019,7,0,4,3,7,7,2,0,1,0,0,0,0,0,"789433,4678","5830626,72","13,26944","52,54861",5030832.0,Rohrdamm,2662.0
196575,11,6,,2019,7,14,4,3,5,3,0,1,1,0,0,0,0,0,"790189,1772","5815243,828","13,26717","52,4103",6030504.0,Teltower Damm,2622.0
196576,11,7,,2019,7,14,4,2,2,6,0,0,1,0,0,0,1,0,"796473,968","5819817,563","13,36335","52,44793",7040404.0,Marienhöhe,4033.0
196577,11,9,,2019,7,13,4,3,4,6,0,0,1,0,0,0,0,0,"803795,083","5821086,965","13,4719","52,45529",9010302.0,Späthsfelde,5635.0
196578,11,2,,2019,7,15,4,3,3,6,0,1,1,0,0,0,0,0,"801457,0986","5828047,338","13,4439","52,51897",2040503.0,Richard-Sorge-Viertel,5254.0
196579,11,1,,2019,7,13,4,3,1,5,0,1,1,0,0,0,0,0,"797041,1687","5828391,83","13,37932","52,52448",1011301.0,Charitéviertel,4255.0
196580,11,4,,2019,7,13,4,3,5,7,0,1,1,0,0,0,0,0,"792219,4072","5826491,161","13,30678","52,51005",4030827.0,Karl-August-Platz,3251.0
196581,11,4,,2019,7,12,4,3,3,6,0,1,1,0,0,0,0,0,"792727,8354","5826153,624","13,31395","52,50675",4030827.0,Karl-August-Platz,3350.0
196582,11,1,,2019,7,19,3,3,0,6,0,0,1,0,1,0,0,0,"798081,0325","5830001,803","13,39604","52,53834",1033201.0,Brunnenstraße,4559.0
196583,11,8,,2019,7,13,3,3,0,6,0,0,1,0,0,0,1,0,"802140,0243","5822692,274","13,44908","52,47059",8010404.0,Rixdorf,5340.0
196584,11,4,,2019,7,8,3,3,0,7,0,1,0,0,0,0,0,1,"792813,0537","5824367,052","13,31363","52,49069",4051446.0,Preußenpark,3346.0
196585,11,11,,2019,7,19,3,3,5,3,0,1,0,0,0,0,1,0,"807974,2171","5823866,32","13,53578","52,47786",11051331.0,Karlshorst Nord,6642.0
196586,11,7,,2019,7,22,3,3,0,7,2,0,0,0,1,0,0,0,"795926,5481","5825376,805","13,36025","52,49806",7010102.0,Nollendorfplatz,4048.0
196587,11,4,,2019,7,15,3,3,5,3,0,1,1,0,0,0,0,0,"792901,3879","5826967,897","13,31722","52,51396",4030623.0,Ernst-Reuter-Platz,3352.0
196588,11,3,,2019,7,15,3,3,2,6,0,0,1,0,1,0,0,0,"799192,1965","5831774,975","13,41397","52,55363",3061126.0,Arnimplatz,4864.0
196589,11,9,,2019,7,14,3,3,5,2,0,0,1,0,0,0,1,0,"807790,9388","5817234,083","13,52698","52,41852",9030901.0,Dorf Altglienicke,6424.0
196590,11,1,,2019,7,16,3,3,2,2,0,0,1,0,0,0,0,0,"796582,875","5826871,072","13,37123","52,5111",1011105.0,Nördlicher Landwehrkanal,4151.0
196591,11,7,,2019,7,14,3,2,5,7,0,0,1,0,1,0,0,0,"795484,7982","5825579,028","13,35395","52,50011",7010102.0,Nollendorfplatz,3948.0
196592,11,4,,2019,7,14,3,3,6,7,0,1,0,1,0,0,0,0,"793786,8387","5825471,707","13,32891","52,50007",4051448.0,Schaperstraße,3548.0
196593,11,2,,2019,7,22,3,3,2,6,2,0,1,0,1,0,0,0,"799043,2528","5825050,903","13,40574","52,49344",2020204.0,Urbanstraße,4646.0
196594,11,4,,2019,7,21,3,3,5,2,0,0,1,0,1,0,0,0,"791026,2155","5826041,636","13,28885","52,50666",4030724.0,Lietzensee,2950.0
196595,11,5,,2019,7,20,3,3,2,6,1,0,1,0,0,0,0,0,"783692,6209","5830033,716","13,1845","52,54631",5010207.0,Darbystraße,1362.0
196596,11,1,,2019,7,13,3,2,5,7,0,0,1,0,1,0,0,0,"796261,7769","5832173,799","13,37123","52,55881",1033101.0,Soldiner Straße,4165.0
196597,11,4,,2019,7,12,3,3,2,6,0,0,1,0,1,0,0,0,"794133,687","5825463,783","13,334","52,49981",4051448.0,Schaperstraße,3648.0
196598,11,1,,2019,7,19,3,3,3,6,0,1,0,1,0,0,1,0,"797375,4716","5828942,172","13,38472","52,52923",1011301.0,Charitéviertel,4357.0
196599,11,6,,2019,7,18,3,3,5,3,0,1,1,0,0,0,0,0,"785940,9215","5817242,414","13,20659","52,43045",6040703.0,Nikolassee,1728.0
196600,11,7,,2019,7,18,3,2,0,7,0,1,0,1,0,0,0,0,"796554,6112","5824856,564","13,36902","52,49306",7010104.0,Dennewitzplatz,4146.0
196601,11,2,,2019,7,12,3,3,6,4,0,1,0,1,0,0,0,0,"801208,0931","5827484,466","13,43973","52,51406",2040701.0,Andreasviertel,5152.0
196602,11,2,,2019,7,18,3,3,0,6,0,0,0,0,0,0,1,0,"799786,0339","5824820,622","13,41644","52,49097",2020206.0,Graefekiez,4846.0
196603,11,8,,2019,7,17,3,3,0,3,0,1,1,0,0,0,0,0,"802275,8121","5816644,396","13,4456","52,41631",8020728.0,Buckow Ost,5224.0
196604,11,9,,2019,7,17,3,3,0,1,0,1,1,0,0,0,0,0,"806478,4345","5821587,403","13,51173","52,45828",9020601.0,Schnellerstraße,6236.0
196605,11,7,,2019,7,17,3,3,2,6,0,0,1,0,1,0,0,0,"798476,2166","5821921,287","13,39461","52,4657",7040405.0,Rathaus Tempelhof,4538.0
196606,11,6,,2019,7,17,3,2,1,5,0,1,0,0,0,0,1,0,"789956,3449","5819061,721","13,26707","52,44465",6040807.0,Zehlendorf Eiche,2632.0
196607,11,4,,2019,7,17,3,3,5,3,0,1,1,0,0,0,0,0,"790738,3293","5822655,659","13,28167","52,47645",4041240.0,Messelpark,2841.0
196608,11,11,,2019,7,15,3,3,6,4,0,1,0,1,0,0,0,0,"804348,3128","5830822,158","13,48892","52,54223",11020514.0,Große-Leege-Straße,5961.0
196609,11,11,,2019,7,10,3,3,5,3,0,0,1,0,0,0,0,0,"807665,8299","5824538,78","13,53187","52,48406",11051331.0,Karlshorst Nord,6544.0
196610,11,2,,2019,7,16,3,3,5,2,0,1,1,0,0,0,0,0,"802037,559","5826153,006","13,45071","52,50167",2050803.0,Stralauer Kiez,5349.0
196611,11,8,,2019,7,16,3,3,5,3,0,1,1,0,0,0,0,0,"802968,2058","5818341,672","13,45728","52,43114",8030829.0,Gropiusstadt Nord,5428.0
196612,11,1,,2019,7,16,3,3,1,5,0,1,1,0,0,0,0,0,"798013,91","5831379,05","13,39629","52,55073",1033102.0,Gesundbrunnen,4563.0
196613,11,1,,2019,7,16,3,3,5,3,0,1,1,0,0,0,0,0,"794748,182","5830415,036","13,34741","52,54386",1044103.0,Westliche Müllerstraße,3861.0
196614,11,9,,2019,7,15,3,3,5,2,0,0,1,0,0,0,1,0,"809401,4666","5821504,76","13,55454","52,45589",9020502.0,Oberschöneweide Ost,6935.0
196615,11,11,,2019,7,15,3,2,2,6,0,0,1,0,0,0,0,0,"804605,9656","5827491,135","13,48965","52,51224",11030721.0,Rüdigerstraße,5952.0
196616,11,5,,2019,7,15,3,3,6,4,0,0,1,1,0,0,0,0,"784794,1179","5828779,66","13,19963","52,53449",5010314.0,Carl-Schurz-Straße,1658.0
196617,11,7,,2019,7,10,3,2,5,2,0,0,1,0,0,0,0,0,"797613,9733","5815560,661","13,37629","52,40915",7060604.0,Marienfelde Süd,4222.0
196618,11,4,,2019,7,10,3,3,5,2,0,1,1,0,0,0,0,0,"792849,3247","5824354,897","13,31416","52,49056",4051446.0,Preußenpark,3345.0
196619,11,8,,2019,7,10,3,3,5,2,0,1,1,0,0,0,0,0,"801385,4097","5819265,642","13,43491","52,4403",8020625.0,Handwerker-Siedlung,5131.0
196620,11,12,,2019,7,7,4,2,2,6,0,1,1,0,0,0,0,0,"794365,3097","5833745,401","13,34474","52,57392",12103220.0,Humboldtstraße,3770.0
196621,11,1,,2019,7,9,3,3,5,7,0,1,1,0,0,0,0,0,"796261,974","5825958,406","13,3657","52,50309",1011104.0,Körnerstraße,4049.0
196622,11,7,,2019,7,9,3,3,5,2,0,0,1,0,1,0,0,0,"797845,401","5822205,329","13,3856","52,46859",7040403.0,Manteuffelstraße,4339.0
196623,11,4,,2019,7,16,4,3,6,4,0,0,1,1,0,0,0,0,"791449,8971","5824359,279","13,29361","52,49135",4041137.0,Flinsberger Platz,3046.0
196624,11,10,,2019,7,7,4,2,5,3,0,1,1,0,0,0,0,0,"809546,6389","5827716,505","13,56244","52,51147",10030726.0,Alt-Biesdorf,7052.0
196625,11,9,,2019,7,6,3,3,5,2,0,0,1,0,0,0,0,0,"806212,3325","5820262,215","13,50661","52,44655",9010401.0,Johannisthal West,6133.0
196626,11,1,,2019,7,6,3,3,2,2,0,0,1,0,0,0,0,0,"795576,1503","5830791,659","13,35992","52,54679",1044201.0,Reinickendorfer Straße,4062.0
196627,11,4,,2019,7,16,4,3,2,6,0,0,1,0,0,0,0,0,"792572,2517","5825446,294","13,31105","52,50049",4030929.0,Hindemithplatz,3248.0
196628,11,12,,2019,7,6,3,3,5,3,0,1,1,0,0,0,0,0,"790795,4894","5834062,953","13,29249","52,57869",12214126.0,Tegel Süd,3071.0
196629,11,4,,2019,7,18,4,3,5,3,0,0,1,0,0,0,0,0,"793162,5557","5826882,531","13,32098","52,51305",4030623.0,Ernst-Reuter-Platz,3452.0
196630,11,1,,2019,7,4,3,2,5,3,1,0,1,0,0,0,0,0,"794493,3483","5830684,018","13,3439","52,54641",1044103.0,Westliche Müllerstraße,3762.0
196631,11,10,,2019,7,1,3,3,5,2,2,0,1,0,0,0,1,0,"806320,389","5830210,046","13,51734","52,53564",11020516.0,Weiße Taube,6359.0
196632,11,6,,2019,7,16,4,3,6,4,0,0,1,1,0,0,0,0,"793406,1999","5820902,203","13,3193","52,45931",6010102.0,Schloßstraße,3436.0
196633,11,8,,2019,7,0,3,2,6,4,2,0,1,1,0,0,0,0,"801425,0982","5818738,67","13,43501","52,43555",8020625.0,Handwerker-Siedlung,5129.0
196634,11,8,,2019,7,15,4,2,5,2,0,1,1,0,0,0,0,0,"800175,464","5823650,664","13,4211","52,48027",8010117.0,Schillerpromenade,4942.0
196635,11,7,,2019,7,6,3,3,5,3,0,0,0,0,0,0,1,0,"794238,3016","5822030,514","13,3325","52,46898",7030301.0,Friedenau,3539.0
196636,11,6,,2019,7,8,4,3,0,1,0,0,0,0,1,0,0,0,"790379,6579","5815129,967","13,26986","52,40917",6030504.0,Teltower Damm,2622.0
196637,11,4,,2019,7,9,4,3,2,6,0,0,1,0,0,0,0,0,"790158,365","5827328,973","13,27723","52,51866",4020310.0,Park Ruhwald,2754.0