OBJECTID,LAND,BEZ,LOR_ab_2021,UJAHR,UMONAT,USTUNDE,UWOCHENTAG,UKATEGORIE,UART,UTYP1,ULICHTVERH,IstRad,IstPKW,IstFuss,IstKrad,IstGkfz,IstSonstige,USTRZUSTAND,LINREFX,LINREFY,XGCSWGS84,YGCSWGS84,LOR,STRASSE,quadrant
197314,11,4,,2019,7,10,4,3,1,5,0,1,0,0,0,0,1,0,"793749,2853","5825832,119","13,32868","52,50332",4030931.0,Breitscheidplatz,3549.0
197315,11,7,,2019,7,15,4,3,6,4,0,1,0,1,0,0,0,0,"794574,3506","5822329,132","13,3377","52,47147",7030302.0,Ceciliengärten,3640.0
197316,11,5,,2019,7,17,4,2,5,2,0,1,1,0,0,0,0,0,"782434,567","5830490,2","13,16639","52,55106",5010206.0,Gütersloher Weg,1163.0
197317,11,11,,2019,7,17,4,3,5,2,0,1,1,0,0,0,0,0,"804371,8011","5830844,325","13,48928","52,54242",11020514.0,Große-Leege-Straße,5961.0
197318,11,2,,2019,7,17,4,3,0,2,0,0,1,0,1,0,0,0,"801206,464","5827467,49","13,43969","52,51391",2040701.0,Andreasviertel,5152.0
197319,11,9,,2019,7,16,4,3,6,2,0,0,0,1,0,1,0,0,"804746,5982","5822302,503","13,48697","52,46565",9010301.0,Baumschulenstraße,5838.0
197320,11,1,,2019,7,16,4,3,6,7,0,1,0,1,0,0,0,0,"797882,533","5831027,186","13,39404","52,54764",1033201.0,Brunnenstraße,4562.0
197321,11,6,,2019,7,16,4,3,5,3,0,1,1,0,0,0,0,0,"794339,5264","5819041,313","13,33135","52,44212",6020302.0,Komponistenviertel Lankwitz,3531.0
197322,11,7,,2019,7,16,4,3,2,7,0,0,0,0,1,0,1,0,"798170,1912","5821908,165","13,39011","52,46575",7040405.0,Rathaus Tempelhof,4438.0
197323,11,4,,2019,7,5,4,3,0,6,0,0,0,0,1,0,0,0,"791141,0786","5829174,408","13,29328","52,53468",4010103.0,Paul-Hertz-Siedlung,3058.0
197324,11,5,,2019,7,23,4,3,0,1,2,1,0,0,0,0,0,0,"783747,479","5824142,705","13,18028","52,49346",5040934.0,Alt-Gatow,1346.0
197325,11,1,,2019,7,20,4,3,0,3,0,1,0,0,0,0,1,0,"798507,5333","5830233,396","13,40252","52,54019",1033201.0,Brunnenstraße,4660.0
197326,11,1,,2019,7,19,4,3,1,5,0,1,1,0,0,0,0,0,"798782,3379","5829671,733","13,40605","52,535",1011402.0,Arkonaplatz,4658.0
197327,11,12,,2019,7,19,4,3,2,4,0,0,1,1,0,0,0,0,"791950,0482","5831492,874","13,30721","52,55503",1044101.0,Rehberge,3264.0
197328,11,11,,2019,7,18,4,3,2,3,0,0,1,0,0,0,0,0,"803361,7038","5826298,587","13,47029","52,50224",11051229.0,Rummelsburg,5649.0
197329,11,2,,2019,7,18,4,3,0,6,0,1,0,0,0,0,0,0,"802547,5962","5826732,022","13,45872","52,50658",2050802.0,Boxhagener Platz,5450.0
197330,11,1,,2019,7,18,4,3,5,3,0,1,1,0,0,0,0,0,"798603,908","5828890,418","13,40273","52,5281",1011302.0,Oranienburger Straße,4656.0
197331,11,5,,2019,7,18,4,2,2,6,0,0,1,0,1,0,0,0,"786044,5055","5829165,312","13,21834","52,5373",5030730.0,Zitadellenweg,1959.0
197332,11,2,,2019,7,18,4,3,5,2,0,0,1,0,1,0,0,0,"798322,9117","5825139,64","13,39524","52,49463",2020204.0,Urbanstraße,4547.0
197333,11,7,,2019,7,18,4,3,6,2,0,1,0,1,0,0,0,0,"798099,158","5823964,834","13,3909","52,48422",7040401.0,Neu-Tempelhof,4444.0
197334,11,1,,2019,7,18,4,3,0,1,0,1,0,0,0,0,0,0,"798545,2399","5829189,163","13,40214","52,53081",1011402.0,Arkonaplatz,4657.0
197335,11,10,,2019,7,17,4,3,6,7,0,0,1,1,0,0,0,0,"812123,4917","5830905,826","13,60328","52,53859",10020414.0,Helle Mitte,7660.0
197336,11,1,,2019,7,12,4,3,2,2,0,0,1,0,0,0,1,0,"794913,1324","5832044,113","13,35128","52,55838",1044102.0,Schillerpark,3865.0
197337,11,9,,2019,7,12,4,3,0,6,0,0,1,0,1,0,0,0,"806685,7465","5822696,904","13,51579","52,4681",9020502.0,Oberschöneweide Ost,6339.0
197338,11,7,,2019,7,12,4,3,5,2,0,1,1,0,0,0,0,0,"796347,0883","5824919,951","13,36602","52,49374",7010104.0,Dennewitzplatz,4046.0
197339,11,9,,2019,7,11,4,2,6,7,0,0,1,1,0,0,0,0,"804282,1573","5823767,033","13,48149","52,47904",9010202.0,Köpenicker Landstraße,5842.0
197340,11,3,,2019,7,10,4,2,6,4,0,0,1,1,0,0,0,0,"800710,2781","5829144,165","13,43392","52,52921",3071639.0,Bötzowstraße,5157.0
197341,11,7,,2019,7,9,4,3,5,2,0,0,1,0,0,0,0,0,"794567,3052","5825796,196","13,34066","52,50256",7010101.0,Wittenbergplatz/Viktoria-Luise-Platz,3749.0
197342,11,7,,2019,7,8,4,3,5,3,0,1,1,0,0,0,0,0,"795426,1992","5825488,69","13,353","52,49933",7010102.0,Nollendorfplatz,3948.0
197343,11,1,,2019,7,8,4,3,1,5,0,1,1,0,0,0,0,0,"798855,242","5827027,577","13,40475","52,51126",1011204.0,Leipziger Straße,4652.0
197344,11,11,,2019,7,8,4,3,5,2,0,1,1,0,0,0,0,0,"803969,6837","5829072,463","13,48175","52,52676",11030619.0,Fennpfuhl Ost,5856.0
197345,11,11,,2019,7,7,4,3,5,3,0,0,1,0,1,0,0,0,"804308,5809","5828168,371","13,4859","52,51847",11030721.0,Rüdigerstraße,5854.0
197346,11,5,,2019,7,7,4,3,6,4,0,0,1,1,0,0,0,0,"786804,9857","5828211,49","13,2287","52,52835",5010339.0,Freiheit,2057.0
197347,11,3,,2019,7,16,4,3,2,6,0,0,1,0,0,0,0,0,"804644,687","5841357,339","13,50296","52,63649",3010102.0,Buch,6188.0
197348,11,11,,2019,7,16,4,3,0,7,0,1,1,0,0,0,0,0,"808400,6053","5823572,31","13,54177","52,47498",11051331.0,Karlshorst Nord,6741.0
197349,11,4,,2019,7,15,4,2,5,2,0,0,1,0,1,0,0,0,"792302,3205","5825377,025","13,30702","52,50002",4030726.0,Droysenstraße,3248.0
197350,11,12,,2019,7,15,4,3,3,5,0,1,1,0,0,0,0,0,"788353,7777","5832100,746","13,25485","52,5624",12214125.0,Waldidyll/Flughafensee,2466.0
197351,11,4,,2019,7,14,4,2,6,4,0,1,0,1,0,0,0,0,"794028,2973","5824715,809","13,33179","52,49316",4051653.0,Prager Platz,3546.0
197352,11,3,,2019,7,14,4,3,2,6,0,0,1,0,0,0,0,0,"798047,2902","5831836,487","13,39719","52,55481",1033102.0,Gesundbrunnen,4564.0
197353,11,3,,2019,7,13,4,3,6,2,0,0,1,1,0,0,0,0,"801536,4047","5831445,505","13,44815","52,54938",3050924.0,Behaimstraße,5363.0
197354,11,1,,2019,7,13,4,3,0,3,0,0,1,0,0,0,0,0,"794479,002","5827387,3","13,34077","52,51687",1022207.0,Hansaviertel,3753.0
197355,11,1,,2019,7,13,4,3,5,2,0,1,1,0,0,0,0,0,"795668,9129","5829732,336","13,36034","52,53724",1022202.0,Heidestraße,4059.0
197356,11,11,,2019,7,12,4,3,3,6,0,0,1,0,0,1,0,0,"805522,379","5831606,095","13,5069","52,5486",11020412.0,Hauptstraße,6162.0
197357,11,2,,2019,7,13,4,2,3,6,0,0,1,0,1,0,0,0,"801730,635","5828912,954","13,4487","52,52658",2050601.0,Hausburgviertel,5356.0
197358,11,10,,2019,7,5,4,3,6,4,0,0,0,1,0,0,1,0,"809206,1174","5830597,75","13,56011","52,53749",10010310.0,Alt-Marzahn,6959.0
197359,11,2,,2019,7,20,4,3,5,2,0,0,1,0,1,0,0,0,"800425,6853","5827973,981","13,42868","52,51888",2040701.0,Andreasviertel,5054.0
197360,11,9,,2019,7,19,3,3,6,4,0,1,0,1,0,0,0,0,"813473,2629","5816411,605","13,60949","52,40793",9031101.0,Grünau,7721.0
197361,11,1,,2019,7,21,3,3,5,3,2,0,1,0,1,0,0,0,"797804,4315","5830038,942","13,39201","52,53883",1033202.0,Humboldthain Süd,4460.0
197362,11,1,,2019,7,20,3,3,0,7,0,0,1,0,0,0,0,0,"796401,9495","5830096,117","13,37144","52,54011",1033203.0,Humboldthain Nordwest,4160.0
197363,11,7,,2019,7,19,3,3,2,7,0,1,0,0,0,0,1,0,"796206,5206","5824232,496","13,36335","52,48765",7020203.0,Kaiser-Wilhelm-Platz,4045.0
197364,11,9,,2019,7,19,3,3,5,2,0,1,1,0,0,0,0,0,"807367,0132","5822350,367","13,52547","52,46461",9020502.0,Oberschöneweide Ost,6438.0
197365,11,2,,2019,7,19,3,2,5,7,1,0,1,0,1,0,0,0,"799766,8115","5824819,202","13,41615","52,49097",2020206.0,Graefekiez,4846.0
197366,11,1,,2019,7,19,3,2,1,5,0,1,1,0,0,0,0,0,"798617,6698","5828850,144","13,4029","52,52773",1011302.0,Oranienburger Straße,4656.0
197367,11,1,,2019,7,18,3,3,2,6,0,0,1,0,1,0,0,0,"798372,7401","5829037,422","13,39946","52,52954",1011302.0,Oranienburger Straße,4557.0
197368,11,5,,2019,7,18,3,3,5,3,0,0,1,0,0,0,0,0,"782375,924","5827033,052","13,16259","52,52009",5020523.0,Maulbeerallee,1054.0
197369,11,8,,2019,7,18,3,3,0,3,0,0,1,0,1,0,0,0,"805354,681","5817314,53","13,49134","52,42061",8041037.0,Alt-Rudow,5925.0
197370,11,2,,2019,7,17,3,3,6,4,0,0,1,1,0,0,0,0,"801427,4069","5826416,965","13,44198","52,50437",2040703.0,Wriezener Bahnhof/Entwicklungsgebiet,5250.0
197371,11,2,,2019,7,17,3,3,2,6,0,1,0,0,0,0,0,0,"801627,8052","5826057,583","13,4446","52,50104",2030302.0,Lausitzer Platz,5249.0
197372,11,2,,2019,7,16,3,3,5,3,0,1,1,0,0,0,0,0,"802218,9191","5826089,384","13,45331","52,501",2050803.0,Stralauer Kiez,5349.0
197373,11,9,,2019,7,16,3,3,5,7,0,0,1,0,0,0,1,0,"806509,9448","5822550,203","13,51308","52,46689",9020501.0,Oberschöneweide West,6239.0
197374,11,3,,2019,7,11,3,3,0,1,0,1,0,0,0,0,0,0,"804086,6477","5841238,982","13,49463","52,63574",3010102.0,Buch,6088.0
197375,11,1,,2019,7,16,3,2,0,1,0,1,0,0,0,0,0,0,"798678,5389","5829460,684","13,40434","52,53317",1011402.0,Arkonaplatz,4658.0
197376,11,1,,2019,7,16,3,3,0,1,0,1,0,0,0,0,0,0,"798474,5082","5829096,249","13,40101","52,53001",1011401.0,Invalidenstraße,4657.0
197377,11,1,,2019,7,15,3,3,5,2,0,0,1,0,1,0,0,0,"797776,8136","5827345,155","13,38919","52,5147",1011203.0,Unter den Linden Süd,4453.0
197378,11,8,,2019,7,15,3,2,0,1,0,1,0,0,0,0,0,0,"800329,3289","5824358,696","13,424","52,48653",8010303.0,Donaustraße,4944.0
197379,11,2,,2019,7,14,3,3,0,7,0,1,1,0,0,0,0,0,"801207,7451","5827481,316","13,43972","52,51403",2040701.0,Andreasviertel,5152.0
197380,11,1,,2019,7,13,3,3,2,6,0,0,0,0,1,0,1,0,"794554,3647","5830743,303","13,34485","52,54691",1044103.0,Westliche Müllerstraße,3762.0
197381,11,6,,2019,7,13,3,3,5,7,0,0,1,0,1,0,0,0,"795142,4399","5818859,104","13,34297","52,44006",6020302.0,Komponistenviertel Lankwitz,3731.0
197382,11,9,,2019,7,13,3,2,5,3,0,1,1,0,0,0,0,0,"811558,5299","5818886,184","13,58374","52,4312",9041301.0,Kietzer Feld/Nachtheide,7328.0
197383,11,8,,2019,7,12,3,3,5,7,0,0,1,0,1,0,0,0,"800185,1982","5823612,589","13,42121","52,47992",8010117.0,Schillerpromenade,4942.0
197384,11,4,,2019,7,12,3,3,3,2,0,0,1,0,0,0,0,0,"792628,5074","5825441,235","13,31187","52,50042",4030929.0,Hindemithplatz,3248.0
197385,11,1,,2019,7,12,3,3,1,5,0,1,1,0,0,0,0,0,"797240,287","5828237,236","13,3821","52,52299",1011301.0,Charitéviertel,4355.0
197386,11,4,,2019,7,11,3,3,2,2,0,0,1,0,1,0,0,0,"792439,2963","5824109,262","13,30792","52,48858",4051445.0,Eisenzahnstraße,3245.0
197387,11,2,,2019,7,11,3,3,6,4,0,0,1,1,0,0,0,0,"800282,3398","5826085,137","13,42487","52,50203",2030301.0,Oranienplatz,4949.0
197388,11,4,,2019,7,11,3,3,2,6,0,0,1,0,1,0,0,0,"792378,8498","5825383,952","13,30815","52,50004",4030929.0,Hindemithplatz,3248.0
197389,11,3,,2019,7,11,3,3,5,3,0,0,1,0,1,0,0,0,"798977,7695","5835029,233","13,41375","52,58292",3040614.0,Pankow Zentrum,4872.0
197390,11,5,,2019,7,17,3,3,2,6,0,0,1,0,0,0,0,0,"785138,3518","5828966,141","13,20485","52,53599",5010314.0,Carl-Schurz-Straße,1759.0
197391,11,5,,2019,7,10,3,3,2,6,0,0,1,0,0,0,0,0,"779617,7478","5827822,114","13,12271","52,52859",5020521.0,Döberitzer Weg,457.0
197392,11,7,,2019,7,10,3,3,2,2,0,0,1,0,1,0,0,0,"798741,9674","5823946,932","13,40032","52,48371",7040401.0,Neu-Tempelhof,4643.0
197393,11,2,,2019,7,10,3,3,0,1,0,1,0,0,0,0,0,0,"801416,9208","5825630,388","13,44112","52,49733",2030402.0,Wrangelkiez,5247.0
197394,11,1,,2019,7,9,3,3,2,6,0,0,1,0,0,0,0,0,"795375,1858","5831089,716","13,35723","52,54957",1044203.0,Leopoldplatz,3963.0
197395,11,11,,2019,7,9,3,3,5,2,0,1,1,0,0,0,0,0,"804095,0153","5825995,295","13,48078","52,49911",11051229.0,Rummelsburg,5848.0
197396,11,4,,2019,7,9,3,3,2,2,0,0,1,0,1,0,0,0,"791474,7366","5828282,774","13,29741","52,52651",4030518.0,Tegeler Weg,3056.0
197397,11,3,,2019,7,9,3,3,1,5,0,1,1,0,0,0,0,0,"801620,921","5830165,634","13,44823","52,53787",3061429.0,Greifswalder Straße,5359.0
197398,11,9,,2019,7,7,3,3,5,7,0,1,0,0,0,0,1,0,"814207,5313","5821766,947","13,62528","52,4555",9051702.0,Bölschestraße,7935.0
197399,11,3,,2019,7,6,3,3,5,3,0,0,1,0,0,0,1,0,"796278,303","5835300,553","13,37427","52,58683",3040512.0,Wilhelmsruh,4274.0
197400,11,11,,2019,7,6,3,3,5,3,0,0,1,0,1,0,0,0,"806501,8618","5833022,41","13,5226","52,56075",11010205.0,Falkenberg West,6466.0
197401,11,1,,2019,7,6,3,3,5,2,0,0,1,0,1,0,0,0,"797556,1451","5828722,82","13,38718","52,52717",1011301.0,Charitéviertel,4456.0
197402,11,4,,2019,7,3,3,3,5,3,2,1,1,0,0,0,0,0,"792847,2806","5824332,448","13,31411","52,49036",4051446.0,Preußenpark,3345.0
197403,11,1,,2019,7,18,3,3,0,1,0,0,0,0,0,0,1,0,"798485,4558","5828032,274","13,40022","52,52047",1011303.0,Alexanderplatzviertel,4654.0
197404,11,5,,2019,7,13,3,3,1,5,0,1,1,0,0,0,0,0,"781733,6368","5828491,503","13,15438","52,5335",5020417.0,Staakener Straße,958.0
197405,11,1,,2019,7,19,3,3,1,5,0,1,1,0,0,0,0,0,"797482,0528","5828817,64","13,38618","52,52806",1011301.0,Charitéviertel,4356.0
197406,11,3,,2019,7,7,2,3,5,3,0,0,1,0,0,0,0,0,"799586,5108","5831413,305","13,41945","52,55017",3061227.0,Humannplatz,4863.0
197407,11,4,,2019,7,6,2,3,2,2,0,0,1,0,0,1,0,0,"791672,953","5830679,627","13,30242","52,54789",4010102.0,Plötzensee,3162.0
197408,11,7,,2019,7,1,2,3,0,1,2,0,1,0,0,0,0,0,"799160,2544","5816219,514","13,39954","52,41421",7070701.0,Kettinger Straße/Schillerstraße,4523.0
197409,11,1,,2019,7,15,2,3,5,3,0,1,1,0,0,0,0,0,"799106,9793","5828466,091","13,40974","52,52402",1011303.0,Alexanderplatzviertel,4755.0
197410,11,3,,2019,7,15,2,3,2,7,0,0,0,0,1,1,0,0,"799980,5304","5835126,008","13,4286","52,58323",3040614.0,Pankow Zentrum,5073.0
197411,11,4,,2019,7,17,2,3,5,2,0,1,1,0,0,0,0,1,"793631,3299","5824864,161","13,32609","52,4947",4051448.0,Schaperstraße,3547.0
197412,11,4,,2019,7,17,2,3,0,7,0,1,1,0,0,0,0,1,"791839,1431","5824921,469","13,29982","52,49618",4031032.0,Halensee,3147.0
197413,11,1,,2019,7,13,2,3,5,2,0,1,1,0,0,0,0,0,"797763,2654","5829744,614","13,39114","52,53621",1033202.0,Humboldthain Süd,4459.0
197414,11,1,,2019,7,13,2,3,3,6,0,1,0,0,0,0,1,0,"797705,0865","5829652,281","13,3902","52,53542",1033202.0,Humboldthain Süd,4459.0
197415,11,1,,2019,7,16,2,3,2,7,0,0,1,0,0,0,0,0,"796369,3878","5831657,559","13,37236","52,55412",1044201.0,Reinickendorfer Straße,4164.0
197416,11,1,,2019,7,15,2,2,5,2,0,1,1,0,0,0,0,0,"797471,2321","5826798,786","13,38421","52,50997",1011201.0,Wilhelmstraße,4351.0
197417,11,1,,2019,7,15,2,3,1,1,0,0,1,0,0,0,0,0,"797811,5894","5831131,418","13,39309","52,54862",1033201.0,Brunnenstraße,4562.0
197418,11,5,,2019,7,16,2,3,2,6,0,0,1,0,0,0,1,0,"784702,1072","5827686,122","13,19734","52,52474",5020626.0,Adamstraße,1555.0
197419,11,4,,2019,7,14,2,2,3,6,0,0,1,0,0,0,0,0,"790381,6894","5825984,707","13,27934","52,50649",4020313.0,Königin-Elisabeth-Straße,2850.0
197420,11,4,,2019,7,17,2,2,0,1,0,0,0,0,1,0,0,1,"790732,0781","5827657,588","13,28594","52,5213",4030415.0,Schloßgarten,2954.0
197421,11,5,,2019,7,21,2,3,9,1,1,0,1,0,0,0,0,1,"784926,624","5831138,701","13,2036","52,55558",5010103.0,Amorbacher Weg,1664.0
197422,11,8,,2019,7,20,2,3,2,7,1,0,1,0,1,0,0,0,"800717,3842","5823850,426","13,42924","52,48176",8010211.0,Flughafenstraße,5043.0
197423,11,12,,2019,7,19,2,3,2,6,0,0,1,0,0,0,0,0,"793509,8551","5832413,303","13,33097","52,56244",12214424.0,Scharnweberstraße,3567.0
197424,11,1,,2019,7,19,2,3,1,5,0,1,1,0,0,0,1,0,"795112,1716","5831237,511","13,35349","52,55104",1044203.0,Leopoldplatz,3963.0
197425,11,2,,2019,7,13,2,3,5,3,0,0,1,0,0,0,0,0,"799022,9659","5826071,454","13,40636","52,5026",2010103.0,Moritzplatz,4649.0
197426,11,4,,2019,7,13,2,3,5,2,0,0,1,0,1,0,0,0,"792312,4101","5825381,533","13,30717","52,50005",4030726.0,Droysenstraße,3248.0
197427,11,1,,2019,7,12,2,3,5,3,0,1,0,0,0,0,0,0,"793831,3744","5828141,03","13,33192","52,52397",1022106.0,Elberfelder Straße,3555.0
197428,11,9,,2019,7,12,2,3,5,3,0,0,1,0,0,0,0,0,"811065,6118","5821224,398","13,57869","52,45243",9051901.0,Dammvorstadt,7234.0
197429,11,11,,2019,7,11,2,3,0,7,0,0,0,0,0,1,0,0,"806591,6061","5827752,818","13,51906","52,51347",11041022.0,Rosenfelder Ring,6352.0
197430,11,6,,2019,7,11,2,3,5,3,0,0,1,0,0,0,1,0,"796875,8598","5817496,01","13,36719","52,4269",6020306.0,Lankwitz Süd,4127.0
197431,11,9,,2019,7,11,2,3,5,3,0,1,1,0,0,0,0,0,"806409,5666","5822969,801","13,51199","52,4707",9020501.0,Oberschöneweide West,6240.0
197432,11,2,,2019,7,9,2,3,2,6,0,1,0,0,0,0,0,0,"798346,1963","5825563,927","13,39596","52,49842",2010102.0,Mehringplatz,4548.0
197433,11,11,,2019,7,9,2,3,2,6,0,0,1,0,0,0,0,0,"807217,6113","5824022,971","13,52482","52,47969",11051332.0,Karlshorst Süd,6442.0
197434,11,3,,2019,7,8,2,3,5,3,0,1,1,0,0,0,0,0,"798684,5131","5833804,311","13,40833","52,5721",3040614.0,Pankow Zentrum,4769.0
197435,11,1,,2019,7,6,2,3,6,4,0,1,0,1,0,0,0,0,"797087,5049","5828852,287","13,38041","52,52858",1011301.0,Charitéviertel,4357.0
197436,11,5,,2019,7,10,2,3,5,2,0,1,1,0,0,0,0,0,"785202,6906","5831163,583","13,20768","52,55565",5010101.0,Hakenfelde Nord,1765.0
197437,11,4,,2019,7,10,2,2,6,4,0,0,1,1,0,0,0,0,"789756,334","5826384,785","13,2705","52,51041",4020311.0,Reichsstraße,2651.0
197438,11,3,,2019,7,20,2,3,1,5,1,1,1,0,0,0,0,0,"798149,9737","5835473,657","13,40197","52,58735",3020210.0,Herthaplatz,4674.0
197439,11,5,,2019,7,11,2,3,6,2,0,0,1,1,0,0,0,0,"783903,2146","5831186,961","13,18859","52,55654",5010103.0,Amorbacher Weg,1465.0
197440,11,9,,2019,7,14,1,3,6,4,0,0,1,1,0,0,0,0,"809277,9159","5817390,902","13,54892","52,41909",9030901.0,Dorf Altglienicke,6825.0
197441,11,1,,2019,7,19,1,3,2,6,0,0,1,0,0,0,0,0,"794706,6407","5830843,821","13,34718","52,54773",1044103.0,Westliche Müllerstraße,3862.0
197442,11,3,,2019,7,22,1,3,1,7,2,0,0,0,1,0,1,0,"800149,2991","5831877,123","13,42814","52,55402",3040818.0,Pankow Süd,5064.0
197443,11,4,,2019,7,19,1,3,1,5,0,0,1,0,1,0,0,0,"791975,8154","5824146,324","13,30114","52,48916",4051445.0,Eisenzahnstraße,3145.0
197444,11,3,,2019,7,19,1,3,5,3,0,1,1,0,0,0,0,0,"799136,13","5830553,416","13,41205","52,54271",3061131.0,Falkplatz,4761.0
197445,11,6,,2019,7,19,1,3,1,5,0,0,1,0,0,0,0,0,"790696,3993","5817892,226","13,27691","52,43377",6030503.0,Zehlendorf Mitte,2729.0
197446,11,8,,2019,7,18,1,3,0,2,0,0,1,0,0,0,1,0,"800750,0551","5824332,298","13,43015","52,48606",8010301.0,Reuterkiez,5044.0
197447,11,9,,2019,7,18,1,3,5,2,0,0,1,0,0,0,1,0,"803842,6567","5823840,348","13,47511","52,47994",9010202.0,Köpenicker Landstraße,5742.0
197448,11,9,,2019,7,17,1,2,5,3,0,0,1,0,1,0,0,0,"818821,531","5812575,883","13,68421","52,37047",9031202.0,Schmöckwitz/Rauchfangswerder,8810.0
197449,11,11,,2019,7,16,1,3,3,6,0,0,1,0,1,0,0,0,"805514,1552","5830038,116","13,50533","52,53455",11030720.0,Herzbergstraße,6158.0
197450,11,11,,2019,7,16,1,2,6,4,0,0,1,1,0,0,0,0,"805043,606","5833518,386","13,50161","52,56601",11010309.0,Zingster Straße West,6168.0
197451,11,11,,2019,7,16,1,3,4,6,0,0,1,0,1,0,0,0,"805830,8108","5834831,459","13,5144","52,57734",11010102.0,Dorf Wartenberg,6371.0
197452,11,2,,2019,7,15,1,3,5,3,0,0,1,0,1,0,0,0,"800618,9241","5827215,663","13,43083","52,51198",2040701.0,Andreasviertel,5052.0
197453,11,5,,2019,7,15,1,3,5,2,0,0,1,0,0,0,0,1,"783691,1223","5830167,514","13,18459","52,54751",5010207.0,Darbystraße,1462.0
197454,11,4,,2019,7,14,1,3,2,6,0,1,1,0,0,0,0,0,"785817,4789","5825053,083","13,21147","52,50055",4061757.0,Forst Grunewald,1848.0
197455,11,9,,2019,7,14,1,3,1,5,0,1,1,0,0,0,0,0,"810570,0901","5820665,306","13,5709","52,4477",9020801.0,Spindlersfeld,7133.0
197456,11,4,,2019,7,14,1,3,1,5,0,1,1,0,0,0,0,0,"792933,6467","5825549,874","13,31645","52,50123",4030930.0,George-Grosz-Platz,3349.0
197457,11,1,,2019,7,15,1,3,8,1,0,0,1,0,0,0,1,0,"794423,8217","5828948,138","13,34134","52,53089",1022104.0,Emdener Straße,3757.0
197458,11,12,,2019,7,10,1,3,5,3,0,0,1,0,0,0,0,1,"793890,5372","5837581,197","13,34115","52,60857",12301206.0,Lübars,3780.0
197459,11,8,,2019,7,2,1,2,1,5,2,1,1,0,0,0,0,1,"801218,4211","5824851,347","13,4375","52,49046",8010301.0,Reuterkiez,5145.0
197460,11,1,,2019,7,22,1,2,0,7,2,0,0,0,0,0,1,0,"797411,7651","5831253,655","13,38732","52,54993",1033102.0,Gesundbrunnen,4463.0
197461,11,3,,2019,7,20,7,3,5,2,1,1,1,0,0,0,0,0,"800624,1669","5831371,523","13,43467","52,54923",3061228.0,Erich-Weinert-Straße,5163.0
197462,11,1,,2019,7,18,7,3,6,4,0,0,1,1,0,0,0,0,"797351,5866","5831186,295","13,38638","52,54936",1033203.0,Humboldthain Nordwest,4463.0
197463,11,12,,2019,7,22,7,3,6,7,2,1,0,1,0,0,0,1,"787238,4723","5837814,425","13,24339","52,61421",12224230.0,Heiligensee,2282.0
197464,11,7,,2019,7,20,7,3,5,2,0,0,1,0,0,0,1,0,"796014,0049","5824955,601","13,36116","52,49424",7010104.0,Dennewitzplatz,4047.0
197465,11,12,,2019,7,20,7,3,2,2,0,0,1,0,0,0,0,0,"793267,6298","5832584,139","13,32756","52,56411",12214424.0,Scharnweberstraße,3567.0
197466,11,8,,2019,7,18,7,2,5,2,0,0,1,0,1,0,0,0,"800663,9273","5824384,824","13,42894","52,48658",8010301.0,Reuterkiez,5044.0
197467,11,11,,2019,7,17,7,3,9,1,0,0,1,0,0,0,0,0,"806362,865","5835157,976","13,52253","52,57996",11010102.0,Dorf Wartenberg,6472.0
197468,11,1,,2019,7,17,7,3,5,7,0,0,1,0,1,0,0,0,"795079,6277","5829098,479","13,35112","52,53188",1022201.0,Stephankiez,3858.0
197469,11,7,,2019,7,16,7,2,1,5,0,1,1,0,0,0,0,0,"794959,2689","5825281,655","13,34596","52,49773",7010102.0,Nollendorfplatz,3848.0
197470,11,4,,2019,7,16,7,3,5,3,0,1,1,0,0,0,0,0,"790669,1179","5829639,788","13,28675","52,5391",4010101.0,Jungfernheide,2960.0
197471,11,3,,2019,7,16,7,3,8,1,0,0,0,0,0,0,1,0,"800910,4538","5832110,499","13,43954","52,55569",3050923.0,Weißenseer Spitze,5165.0
197472,11,4,,2019,7,15,7,3,5,2,0,1,1,0,0,0,0,0,"792061,585","5824052,229","13,30232","52,48827",4051445.0,Eisenzahnstraße,3145.0
197473,11,4,,2019,7,14,7,3,2,6,0,0,1,0,1,0,0,0,"790363,3212","5825570,779","13,2787","52,50279",4020314.0,Messegelände,2849.0
197474,11,4,,2019,7,13,7,2,5,2,0,0,1,0,0,0,0,0,"793433,5209","5823929,36","13,32236","52,48643",4051654.0,Wilhelmsaue,3444.0
197475,11,11,,2019,7,12,7,2,2,6,0,0,1,0,0,0,0,0,"805112,0017","5829972,509","13,49936","52,53419",11030720.0,Herzbergstraße,6058.0
197476,11,6,,2019,7,12,7,3,3,6,0,0,1,0,1,0,0,0,"793238,1486","5816841,304","13,31327","52,42299",6020409.0,Königsberger Straße,3326.0
197477,11,7,,2019,7,11,7,3,5,2,0,0,1,0,0,0,0,0,"797576,81","5818421,451","13,37829","52,43482",7050502.0,Fritz-Werner-Straße,4229.0
197478,11,7,,2019,7,11,7,3,5,3,0,1,1,0,0,0,0,0,"795889,7709","5815352,929","13,35083","52,40822",7060604.0,Marienfelde Süd,3821.0
197479,11,10,,2019,7,10,7,3,5,3,0,1,1,0,0,0,0,0,"811314,4224","5831721,137","13,59215","52,54635",10020412.0,Alte Hellersdorfer Straße,7462.0
197480,11,3,,2019,7,10,7,2,6,3,0,0,1,1,0,0,0,0,"800073,7201","5837478,547","13,4321","52,60427",3020307.0,Buchholz,5079.0
197481,11,5,,2019,7,9,7,3,0,6,0,0,0,0,0,0,1,0,"786050,9259","5829162,042","13,21843","52,53726",5030730.0,Zitadellenweg,1959.0