OBJECTID,LAND,BEZ,LOR_ab_2021,UJAHR,UMONAT,USTUNDE,UWOCHENTAG,UKATEGORIE,UART,UTYP1,ULICHTVERH,IstRad,IstPKW,IstFuss,IstKrad,IstGkfz,IstSonstige,USTRZUSTAND,LINREFX,LINREFY,XGCSWGS84,YGCSWGS84,LOR,STRASSE,quadrant
197651,11,8,,2019,8,12,5,3,5,7,0,0,1,0,0,0,0,0,"800255,8668","5820518,579","13,41947","52,45215",8020621.0,Mohriner Allee Nord,4834.0
197652,11,4,,2019,8,10,5,3,5,3,0,0,1,0,0,0,0,0,"788993,5354","5826824,874","13,25967","52,51476",4020311.0,Reichsstraße,2553.0
197653,11,2,,2019,8,12,5,3,2,2,0,0,1,0,1,0,0,1,"798307,2909","5825319,943","13,39517","52,49625",2020204.0,Urbanstraße,4547.0
197654,11,3,,2019,8,9,5,3,5,2,0,1,1,0,0,0,0,0,"799097,3877","5829119,467","13,41019","52,52988",3071536.0,Teutoburger Platz,4757.0
197655,11,11,,2019,8,8,5,3,5,3,0,0,0,0,0,1,1,0,"802962,5382","5829199,311","13,46707","52,52846",11030618.0,Fennpfuhl West,5657.0
197656,11,3,,2019,8,11,5,3,5,7,0,0,1,0,0,0,0,0,"800091,4071","5831671,63","13,4271","52,55221",3061227.0,Humannplatz,5064.0
197657,11,11,,2019,8,8,5,3,5,5,0,0,1,0,1,0,0,1,"802961,9857","5829229,121","13,46709","52,52873",11030618.0,Fennpfuhl West,5657.0
197658,11,7,,2019,8,10,5,3,0,6,0,1,1,0,0,0,0,0,"795222,5234","5824517,249","13,34915","52,49074",7010103.0,Barbarossaplatz,3846.0
197659,11,3,,2019,8,10,5,3,1,5,0,0,1,0,0,0,0,0,"798713,9284","5835849,209","13,41061","52,59041",3020210.0,Herthaplatz,4775.0
197660,11,4,,2019,8,8,5,3,0,3,0,0,1,0,1,0,0,0,"793345,4634","5822848,241","13,32012","52,47679",4041344.0,Rüdesheimer Platz,3441.0
197661,11,12,,2019,8,8,5,3,5,2,0,1,1,0,0,0,0,0,"794973,7113","5833121,37","13,35313","52,568",12103218.0,Teichstraße,3968.0
197662,11,1,,2019,8,7,5,3,8,1,0,0,1,0,0,0,0,0,"796143,4566","5826287,673","13,36425","52,50611",1011105.0,Nördlicher Landwehrkanal,4050.0
197663,11,2,,2019,8,6,5,3,0,4,0,1,0,1,0,0,0,1,"801701,6301","5825858,256","13,44551","52,49921",2030402.0,Wrangelkiez,5248.0
197664,11,11,,2019,8,6,5,3,2,6,0,0,1,0,1,0,0,0,"803714,6044","5826360,447","13,47553","52,5026",11040925.0,Victoriastadt,5749.0
197665,11,1,,2019,8,5,5,3,5,3,1,0,1,0,0,0,0,1,"797904,0587","5831002,832","13,39434","52,54741",1033201.0,Brunnenstraße,4562.0
197666,11,4,,2019,8,2,5,3,5,2,2,0,1,0,0,0,0,0,"794005,4386","5824068,884","13,33088","52,48737",4051655.0,Babelsberger Straße,3545.0
197667,11,2,,2019,8,0,5,3,0,2,2,1,1,0,0,0,0,1,"801420,6965","5826071,803","13,44157","52,50128",2030302.0,Lausitzer Platz,5249.0
197668,11,12,,2019,7,2,4,3,0,7,2,1,0,0,0,0,0,0,"793457,9125","5833874,317","13,3315","52,57557",12214421.0,Reinickes Hof,3570.0
197669,11,4,,2019,7,20,4,3,5,2,1,0,1,0,0,0,0,1,"790688,312","5822694,722","13,28097","52,47683",4041136.0,Hagenplatz,2841.0
197670,11,12,,2019,7,20,4,3,1,5,2,0,1,0,0,0,0,1,"795516,1985","5834371,925","13,36223","52,57892",12103218.0,Teichstraße,4071.0
197671,11,12,,2019,7,20,4,3,0,1,1,0,0,0,1,0,0,1,"795775,2458","5832574,735","13,36444","52,56267",12103117.0,Letteplatz,4067.0
197672,11,2,,2019,7,19,4,3,5,5,1,0,1,0,1,0,0,0,"797639,2191","5824583,574","13,3847","52,49002",2020203.0,Viktoriapark,4345.0
197673,11,2,,2019,7,23,4,3,5,7,2,0,1,0,1,0,0,1,"800550,3391","5826943,713","13,42958","52,50958",2040701.0,Andreasviertel,5051.0
197674,11,4,,2019,7,22,4,3,0,1,2,0,0,0,1,0,0,1,"793383,6209","5824666,596","13,32228","52,49307",4051447.0,Ludwigkirchplatz,3446.0
197675,11,4,,2019,7,18,4,3,5,2,0,0,1,0,0,0,0,0,"792725,01","5826102,048","13,31387","52,50629",4030827.0,Karl-August-Platz,3350.0
197676,11,8,,2019,7,18,4,3,5,3,0,0,1,0,0,0,0,0,"805253,9858","5817245,999","13,4898","52,42005",8041036.0,Zittauer Straße,5925.0
197677,11,1,,2019,7,17,4,3,2,6,0,0,1,0,0,0,0,1,"799129,2984","5828985,888","13,41054","52,52866",1011303.0,Alexanderplatzviertel,4757.0
197678,11,4,,2019,7,17,4,3,0,6,0,0,1,0,1,0,0,1,"792709,7555","5825553,248","13,31316","52,50138",4030929.0,Hindemithplatz,3349.0
197679,11,4,,2019,7,17,4,2,0,1,0,1,0,0,0,0,0,1,"791464,1874","5825787,123","13,29507","52,50414",4030725.0,Amtsgerichtsplatz,3049.0
197680,11,10,,2019,7,17,4,3,6,4,0,0,1,1,0,0,0,1,"809541,086","5827065,572","13,56175","52,50564",10030727.0,Biesdorf Süd,7050.0
197681,11,1,,2019,7,17,4,2,5,2,0,1,1,0,0,0,0,1,"798724,5164","5828298,304","13,40397","52,52272",1011303.0,Alexanderplatzviertel,4655.0
197682,11,1,,2019,7,16,4,3,0,5,0,0,1,0,1,0,0,1,"794477,2405","5828352,663","13,3416","52,52552",1022106.0,Elberfelder Straße,3756.0
197683,11,7,,2019,7,16,4,3,2,6,0,0,1,0,0,0,0,1,"798357,8334","5818989,156","13,39025","52,43948",7050505.0,Hundsteinweg,4431.0
197684,11,1,,2019,7,16,4,3,5,3,0,0,1,0,0,0,0,1,"797037,4266","5829318,799","13,38009","52,53279",1011301.0,Charitéviertel,4358.0
197685,11,12,,2019,7,15,4,3,5,2,0,1,1,0,0,0,0,1,"791292,4727","5838941,212","13,30409","52,62216",12231101.0,Hermsdorf,3184.0
197686,11,1,,2019,7,15,4,3,2,6,0,0,1,0,0,0,0,1,"795245,906","5826623,983","13,35136","52,50961",1011101.0,Stülerstraße,3851.0
197687,11,4,,2019,7,10,4,3,5,2,0,0,1,0,0,0,0,0,"793340,7633","5829719,994","13,3261","52,53839",4010102.0,Plötzensee,3559.0
197688,11,1,,2019,7,9,4,3,5,7,0,1,1,0,0,0,0,0,"794769,7231","5828313,4","13,34586","52,52501",1022204.0,Thomasiusstraße,3756.0
197689,11,12,,2019,7,9,4,2,4,6,0,1,0,0,0,0,0,0,"792106,8156","5832956,029","13,31081","52,56806",12214422.0,Klixstraße,3268.0
197690,11,2,,2019,7,9,4,3,2,6,0,0,1,0,1,0,0,0,"797822,382","5824931,546","13,3877","52,49304",2020203.0,Viktoriapark,4446.0
197691,11,2,,2019,7,7,4,3,5,2,0,1,1,0,0,0,0,0,"799720,0578","5826052,13","13,41658","52,50204",2030301.0,Oranienplatz,4849.0
197692,11,1,,2019,7,15,4,2,5,7,0,0,1,0,0,0,0,0,"798396,0525","5829040,767","13,39981","52,52956",1011302.0,Oranienburger Straße,4657.0
197693,11,1,,2019,7,7,4,3,5,3,0,1,0,0,0,0,1,0,"798715,4912","5829563,106","13,40497","52,53407",1011402.0,Arkonaplatz,4658.0
197694,11,5,,2019,7,7,4,3,5,2,0,0,0,0,1,0,1,0,"787597,2147","5829401,001","13,24138","52,53859",5030731.0,Gartenfelder Straße,2260.0
197695,11,12,,2019,7,4,4,3,5,3,1,1,1,0,0,0,0,0,"791496,771","5833027,919","13,3019","52,56904",12214422.0,Klixstraße,3168.0
197696,11,11,,2019,7,2,4,3,0,1,2,1,0,0,0,0,0,0,"806693,6647","5833980,849","13,52631","52,56923",11010204.0,Falkenberg Ost,6468.0
197697,11,5,,2019,7,14,4,3,6,4,0,0,1,1,0,0,0,0,"785297,9785","5830407,972","13,20843","52,54883",5010312.0,Kurstraße,1763.0
197698,11,1,,2019,7,14,4,3,5,3,0,0,1,0,0,0,0,0,"793529,1778","5832017,906","13,3309","52,55889",1044101.0,Rehberge,3565.0
197699,11,6,,2019,7,12,4,3,5,3,0,0,0,0,1,0,1,0,"791574,3862","5821712,915","13,29312","52,46756",6040810.0,Dahlem,3039.0
197700,11,4,,2019,7,12,4,3,5,3,0,0,1,0,0,0,1,0,"792444,0765","5825425,954","13,30914","52,50038",4030929.0,Hindemithplatz,3248.0
197701,11,12,,2019,7,11,4,2,5,7,0,0,1,0,1,0,0,0,"790584,9238","5834488,186","13,28976","52,58261",12214527.0,Alt-Tegel,2972.0
197702,11,7,,2019,7,10,4,3,1,5,0,1,1,0,0,0,0,0,"795592,4922","5824160,714","13,35427","52,48734",7020203.0,Kaiser-Wilhelm-Platz,3945.0
197703,11,4,,2019,7,10,4,3,5,3,0,1,0,0,0,0,0,0,"788657,619","5825722,151","13,25378","52,50505",4061757.0,Forst Grunewald,2450.0
197704,11,8,,2019,7,10,4,3,6,4,0,0,1,1,0,0,0,0,"800898,0072","5822408,954","13,43059","52,46874",8010118.0,Silbersteinstraße,5039.0
197705,11,12,,2019,7,9,3,3,0,6,0,1,1,0,0,0,0,0,"794850,991","5833071,512","13,35128","52,56762",12103218.0,Teichstraße,3868.0
197706,11,3,,2019,7,7,3,3,6,7,0,0,1,1,0,0,0,0,"799443,2167","5832748,76","13,41854","52,56222",3040818.0,Pankow Süd,4866.0
197707,11,10,,2019,7,9,3,3,5,3,0,0,1,0,0,0,0,0,"811989,6215","5826852,58","13,59751","52,50234",10040933.0,Mahlsdorf Süd,7549.0
197708,11,3,,2019,7,8,3,3,2,2,0,0,1,0,0,0,0,1,"802839,7771","5832687,346","13,46844","52,55979",3051017.0,Rennbahnstraße,5666.0
197709,11,1,,2019,7,8,3,3,3,6,0,1,0,0,0,0,0,0,"797300,6481","5829109,322","13,38377","52,53077",1011401.0,Invalidenstraße,4357.0
197710,11,1,,2019,7,0,3,2,5,2,2,0,1,0,1,0,0,0,"798901,2925","5827345,255","13,40571","52,51408",1011204.0,Leipziger Straße,4652.0
197711,11,9,,2019,7,6,3,2,1,5,0,1,1,0,0,0,0,0,"806046,1012","5820006,085","13,50394","52,44435",9010401.0,Johannisthal West,6132.0
197712,11,11,,2019,7,17,3,3,5,3,0,0,1,0,0,0,0,0,"807676,676","5824535,78","13,53203","52,48403",11051331.0,Karlshorst Nord,6544.0
197713,11,4,,2019,7,16,3,2,1,5,0,1,1,0,0,0,0,0,"791954,0242","5822499,632","13,29938","52,47441",4041241.0,Breite Straße,3141.0
197714,11,5,,2019,7,16,3,2,5,7,0,0,1,0,1,0,0,0,"784748,3734","5828694,96","13,19888","52,53376",5020625.0,Borkumer Straße,1658.0
197715,11,1,,2019,7,15,3,3,5,2,0,1,1,0,0,0,0,0,"794707,6267","5831780,937","13,34803","52,55613",1044102.0,Schillerpark,3865.0
197716,11,4,,2019,7,15,3,3,5,7,0,0,1,0,1,0,0,0,"792977,3795","5826184,837","13,31765","52,5069",4030828.0,Savignyplatz,3350.0
197717,11,1,,2019,7,15,3,3,0,3,0,0,1,0,1,0,0,0,"794963,3007","5826080,539","13,34673","52,50489",1011101.0,Stülerstraße,3850.0
197718,11,2,,2019,7,23,3,3,0,1,2,1,0,0,0,0,0,0,"797247,7859","5824831,582","13,37917","52,49245",2020203.0,Viktoriapark,4246.0
197719,11,1,,2019,7,15,3,3,6,4,0,0,0,1,1,0,0,0,"797583,724","5831293,124","13,38989","52,55019",1033102.0,Gesundbrunnen,4463.0
197720,11,3,,2019,7,20,3,3,1,5,1,1,1,0,0,0,0,0,"801022,3297","5830798,88","13,44","52,54387",3061228.0,Erich-Weinert-Straße,5161.0
197721,11,4,,2019,7,13,3,3,0,7,0,0,1,0,1,0,0,0,"789598,367","5827272,506","13,26895","52,51845",4020312.0,Branitzer Platz,2654.0
197722,11,1,,2019,7,20,3,2,0,1,0,1,0,0,0,0,0,0,"794549,2754","5826088,225","13,34065","52,50518",1011101.0,Stülerstraße,3750.0
197723,11,8,,2019,7,14,3,3,5,3,0,0,1,0,1,0,0,0,"800380,4474","5823330,392","13,42382","52,47728",8010117.0,Schillerpromenade,4942.0
197724,11,1,,2019,7,20,3,3,5,3,0,0,1,0,0,0,0,0,"795324,9037","5826261,334","13,3522","52,50632",1011101.0,Stülerstraße,3850.0
197725,11,5,,2019,7,20,3,3,5,3,0,1,1,0,0,0,0,0,"782573,5164","5828540,581","13,16677","52,53351",5020417.0,Staakener Straße,1158.0
197726,11,7,,2019,7,19,3,3,5,7,0,0,1,0,1,0,0,0,"794624,1034","5825565,122","13,34129","52,50045",7010101.0,Wittenbergplatz/Viktoria-Luise-Platz,3748.0
197727,11,9,,2019,7,13,3,3,3,1,0,1,0,0,0,0,1,0,"804279,5321","5823056,603","13,48081","52,47267",9010202.0,Köpenicker Landstraße,5840.0
197728,11,5,,2019,7,12,3,3,2,2,0,1,1,0,0,0,0,0,"781551,3758","5819649,201","13,14423","52,45431",5040936.0,Jägerallee,835.0
197729,11,8,,2019,7,18,3,3,2,6,0,0,1,0,0,0,0,0,"801839,1619","5823625,641","13,4455","52,47913",8010404.0,Rixdorf,5242.0
197730,11,6,,2019,7,18,3,3,5,2,0,1,1,0,0,0,0,0,"788760,1197","5819994,54","13,25032","52,45365",6040804.0,Krumme Lanke,2335.0
197731,11,4,,2019,7,18,3,3,3,6,0,0,1,0,0,0,0,0,"791881,5694","5826501,475","13,30182","52,51032",4030725.0,Amtsgerichtsplatz,3151.0
197732,11,9,,2019,7,17,3,3,2,7,0,0,1,0,1,0,0,0,"806289,1047","5819201,096","13,50677","52,43699",9010402.0,Johannisthal Ost,6130.0
197733,11,8,,2019,7,17,3,3,5,3,0,1,0,0,0,0,1,0,"801800,8908","5817488,167","13,4394","52,42414",8020728.0,Buckow Ost,5126.0
197734,11,9,,2019,7,10,3,2,1,5,0,0,1,0,1,0,0,0,"814030,5204","5820744,837","13,62173","52,44644",9051702.0,Bölschestraße,7933.0
197735,11,1,,2019,7,9,3,3,1,5,0,1,0,0,0,1,0,0,"797963,6549","5832408,763","13,39648","52,55998",1033101.0,Soldiner Straße,4566.0
197736,11,8,,2019,7,12,3,3,5,2,0,0,1,0,0,0,1,0,"805438,8438","5818396,446","13,49356","52,43026",8041037.0,Alt-Rudow,5928.0
197737,11,7,,2019,7,14,3,1,6,2,0,0,0,1,0,1,0,0,"794950,1287","5825642,635","13,34615","52,50097",7010102.0,Nollendorfplatz,3849.0
197738,11,2,,2019,7,13,2,3,5,2,0,1,0,0,0,0,1,0,"801250,7933","5827844,043","13,44068","52,51726",2040502.0,Friedenstraße,5253.0
197739,11,7,,2019,7,15,2,3,0,7,0,1,0,0,0,0,0,0,"799195,4451","5816141,739","13,39999","52,4135",7070701.0,Kettinger Straße/Schillerstraße,4623.0
197740,11,10,,2019,7,12,2,3,0,1,0,1,0,0,0,0,0,0,"812433,1499","5824753,677","13,60205","52,48328",10040933.0,Mahlsdorf Süd,7643.0
197741,11,1,,2019,7,22,2,3,2,6,2,0,1,0,1,0,0,1,"797662,7325","5831882,289","13,39158","52,55543",1033102.0,Gesundbrunnen,4464.0
197742,11,3,,2019,7,21,2,3,0,2,2,0,1,0,1,0,0,1,"798606,8339","5833049,831","13,40651","52,56538",3040614.0,Pankow Zentrum,4767.0
197743,11,2,,2019,7,20,2,3,1,1,0,0,1,0,1,0,0,1,"802589,8442","5827014,158","13,4596","52,50908",2050802.0,Boxhagener Platz,5451.0
197744,11,1,,2019,7,18,2,3,5,2,0,1,0,0,0,0,1,1,"797763,8745","5829744,158","13,39115","52,53621",1033202.0,Humboldthain Süd,4459.0
197745,11,4,,2019,7,18,2,3,0,6,0,0,1,0,1,0,0,1,"793293,0704","5825627,007","13,32179","52,50172",4030930.0,George-Grosz-Platz,3449.0
197746,11,6,,2019,7,18,2,3,0,5,0,1,1,0,0,0,0,1,"791844,99","5818906,647","13,29464","52,44225",6030610.0,Lichterfelde West,3031.0
197747,11,1,,2019,7,18,2,3,2,6,0,0,1,0,0,0,0,1,"796586,3302","5831006,272","13,37497","52,54816",1033203.0,Humboldthain Nordwest,4262.0
197748,11,1,,2019,7,16,2,3,2,6,0,0,1,0,0,0,0,0,"797978,3241","5828497,041","13,39318","52,52491",1011302.0,Oranienburger Straße,4556.0
197749,11,5,,2019,7,16,2,3,5,7,0,1,1,0,0,0,0,0,"785352,2748","5830155,443","13,20902","52,54654",5010311.0,Eiswerder,1762.0
197750,11,6,,2019,7,19,2,3,2,6,0,0,1,0,0,0,0,1,"794923,1007","5821446,918","13,34204","52,46337",6010210.0,Bismarckstraße,3738.0
197751,11,1,,2019,7,17,2,3,1,5,0,1,1,0,0,0,0,1,"798018,5797","5827089,741","13,39251","52,51228",1011203.0,Unter den Linden Süd,4452.0
197752,11,4,,2019,7,16,2,3,5,2,0,0,1,0,1,0,0,0,"794187,4403","5823111,523","13,33271","52,47869",4051655.0,Babelsberger Straße,3642.0
197753,11,1,,2019,7,16,2,3,5,2,0,1,1,0,0,0,0,0,"797720,1863","5831257,475","13,39186","52,5498",1033102.0,Gesundbrunnen,4463.0
197754,11,3,,2019,7,19,2,3,0,7,0,0,1,0,0,0,0,1,"800995,0394","5833682,888","13,44221","52,56974",3030715.0,Heinersdorf,5269.0
197755,11,4,,2019,7,15,2,2,5,3,0,1,1,0,0,0,0,0,"794185,4354","5823226,393","13,33278","52,47972",4051655.0,Babelsberger Straße,3642.0
197756,11,11,,2019,7,15,2,3,5,2,0,1,0,0,0,0,1,0,"806220,1135","5830350,064","13,516","52,53695",11020516.0,Weiße Taube,6359.0
197757,11,1,,2019,7,15,2,3,2,7,0,1,1,0,0,0,0,0,"797108,2794","5829252,994","13,38107","52,53216",1011301.0,Charitéviertel,4358.0
197758,11,4,,2019,7,14,2,2,2,6,0,0,1,0,1,0,0,0,"792541,9464","5822821,104","13,3083","52,47697",4041342.0,Schlangenbader Straße,3242.0
197759,11,9,,2019,7,15,2,3,2,2,0,0,1,0,0,0,0,0,"809388,1246","5821483,315","13,55432","52,4557",9020502.0,Oberschöneweide Ost,6835.0
197760,11,5,,2019,7,14,2,3,0,1,0,0,0,0,1,0,0,0,"781396,7463","5830734,375","13,15133","52,55379",5010206.0,Gütersloher Weg,964.0
197761,11,4,,2019,7,14,2,3,5,2,0,0,0,0,0,1,1,0,"792688,9222","5825321,282","13,31265","52,49931",4051446.0,Preußenpark,3348.0
197762,11,2,,2019,7,14,2,3,5,3,0,0,1,0,0,0,0,0,"802951,1655","5826800,407","13,46471","52,50697",2050802.0,Boxhagener Platz,5550.0
197763,11,9,,2019,7,13,2,3,3,2,0,0,1,0,1,0,0,0,"809054,4041","5818764,105","13,54691","52,43152",9020701.0,Adlershof West,6728.0
197764,11,7,,2019,7,12,2,2,6,7,0,0,0,1,0,0,1,0,"796334,7395","5822992,284","13,36413","52,47646",7020204.0,Schöneberger Insel,4041.0
197765,11,4,,2019,7,12,2,3,2,6,0,0,1,0,0,0,0,0,"790087,4081","5827345,428","13,2762","52,51884",4020310.0,Park Ruhwald,2754.0
197766,11,3,,2019,7,12,2,3,5,2,0,1,1,0,0,0,0,0,"798218,8879","5831596,932","13,3995","52,55257",3061126.0,Arnimplatz,4564.0
197767,11,2,,2019,7,11,2,3,5,3,0,1,1,0,0,0,0,0,"797772,1162","5824035,105","13,38616","52,48503",2020203.0,Viktoriapark,4344.0
197768,11,10,,2019,7,11,2,2,5,2,0,0,1,0,0,0,0,0,"811209,6329","5828853,203","13,58792","52,52071",10020622.0,Kaulsdorf Nord I,7354.0
197769,11,9,,2019,7,9,2,3,6,4,0,0,1,1,0,0,0,0,"808587,58","5817624,475","13,53902","52,42157",9030901.0,Dorf Altglienicke,6625.0
197770,11,2,,2019,7,9,2,3,5,2,0,1,1,0,0,0,0,0,"801247,6083","5827817,05","13,44061","52,51702",2040502.0,Friedenstraße,5253.0
197771,11,4,,2019,7,9,2,3,2,6,0,0,1,0,0,0,0,0,"792954,6976","5823333,796","13,31481","52,48135",4051551.0,Brabanter Platz,3343.0
197772,11,5,,2019,7,11,2,2,8,1,0,0,1,0,0,0,0,0,"785406,5245","5827917,12","13,20789","52,52644",5020627.0,Tiefwerder,1756.0
197773,11,2,,2019,7,18,2,3,0,1,0,1,0,0,0,0,0,1,"800744,9878","5826524,979","13,43206","52,50572",2030302.0,Lausitzer Platz,5050.0
197774,11,2,,2019,7,19,2,3,0,1,0,1,0,0,0,0,0,1,"797954,21","5826221,374","13,39079","52,50453",2010102.0,Mehringplatz,4450.0
197775,11,4,,2019,7,8,2,3,3,6,0,0,1,0,0,0,1,0,"793345,5481","5829701,877","13,32616","52,53823",4010102.0,Plötzensee,3559.0
197776,11,8,,2019,7,7,2,3,2,2,0,1,1,0,0,0,0,0,"800770,9391","5822754,222","13,42904","52,4719",8010118.0,Silbersteinstraße,5040.0
197777,11,2,,2019,7,6,2,3,2,6,0,0,1,0,1,0,0,0,"802034,753","5827168,587","13,45159","52,51077",2050802.0,Boxhagener Platz,5351.0
197778,11,6,,2019,7,20,1,3,0,1,0,1,0,0,0,0,0,0,"792685,3396","5816255,374","13,30465","52,41804",6020408.0,Lichterfelde Süd,3124.0
197779,11,7,,2019,7,14,1,3,2,6,0,0,1,0,1,0,0,0,"794490,9078","5824873,772","13,33872","52,49433",7010101.0,Wittenbergplatz/Viktoria-Luise-Platz,3647.0
197780,11,5,,2019,7,13,1,3,2,6,0,0,1,0,0,0,0,0,"787405,146","5829457,203","13,2386","52,5392",5030731.0,Gartenfelder Straße,2260.0
197781,11,1,,2019,7,17,1,3,0,7,0,0,0,0,0,0,1,0,"798149,4495","5828008,425","13,39526","52,52044",1011202.0,Unter den Linden Nord,4554.0
197782,11,1,,2019,7,22,1,3,0,4,2,0,0,1,1,0,0,0,"798499,2072","5828167,118","13,40054","52,52167",1011303.0,Alexanderplatzviertel,4655.0
197783,11,8,,2019,7,18,1,3,0,1,0,1,0,0,0,0,0,0,"802547,3641","5822134,889","13,45455","52,46537",8010510.0,Gewerbegebiet Köllnische Heide,5438.0
197784,11,8,,2019,7,16,1,3,5,7,0,0,1,0,0,0,0,0,"803518,4075","5818925,21","13,46588","52,43607",8040933.0,Vogelviertel Süd,5530.0
197785,11,1,,2019,7,16,1,3,1,5,0,0,1,0,0,0,1,0,"796816,6964","5827811,613","13,3755","52,5194",1011102.0,Großer Tiergarten,4254.0
197786,11,7,,2019,7,15,1,2,2,6,0,0,1,0,1,0,0,0,"795340,4104","5821501,027","13,34821","52,46363",7030303.0,Grazer Platz,3838.0
197787,11,1,,2019,7,15,1,3,0,1,0,0,0,0,0,0,1,0,"799954,8444","5828561,921","13,42229","52,52441",1011304.0,Karl-Marx-Allee,4955.0
197788,11,2,,2019,7,9,1,3,5,2,0,1,0,0,0,0,1,0,"803120,208","5825676,768","13,46617","52,4968",2050804.0,Stralauer Halbinsel,5547.0
197789,11,2,,2019,7,10,7,3,0,1,0,1,0,0,0,0,0,0,"799486,2656","5826075,855","13,41316","52,50238",2010103.0,Moritzplatz,4749.0
197790,11,2,,2019,7,17,7,3,0,3,0,1,1,0,0,0,0,0,"800938,9236","5828520,101","13,43671","52,52349",2040502.0,Friedenstraße,5155.0
197791,11,8,,2019,7,23,7,3,0,7,2,1,0,0,0,0,1,0,"801808,5509","5823647,437","13,44507","52,47934",8010404.0,Rixdorf,5242.0
197792,11,6,,2019,7,18,7,3,5,3,0,1,1,0,0,0,0,0,"789259,0559","5818045,547","13,25596","52,43591",6030503.0,Zehlendorf Mitte,2430.0
197793,11,8,,2019,7,18,7,3,0,6,0,0,1,0,1,0,0,0,"800802,9232","5825036,241","13,43156","52,49234",8010301.0,Reuterkiez,5046.0
197794,11,1,,2019,7,17,7,3,2,6,0,0,1,0,0,0,0,0,"793878,2203","5830057,55","13,3343","52,54113",1022103.0,Westhafen,3660.0
197795,11,4,,2019,7,16,7,3,2,6,0,0,1,0,0,0,0,0,"794310,327","5825265,978","13,33642","52,49794",4051448.0,Schaperstraße,3648.0
197796,11,4,,2019,7,16,7,3,5,2,0,0,1,0,0,0,0,0,"791910,6703","5826241,686","13,30202","52,50798",4030725.0,Amtsgerichtsplatz,3151.0
197797,11,1,,2019,7,16,7,3,5,2,0,1,1,0,0,0,0,0,"797380,5277","5832454,199","13,38794","52,56071",1033101.0,Soldiner Straße,4466.0
197798,11,6,,2019,7,15,7,2,6,4,0,0,1,1,0,0,0,0,"788813,4905","5819565,809","13,25073","52,44977",6040806.0,Fischtal,2334.0
197799,11,8,,2019,7,23,7,3,0,6,2,0,0,0,1,0,0,0,"800693,6109","5824376,777","13,42936","52,48649",8010301.0,Reuterkiez,5044.0
197800,11,1,,2019,8,7,4,3,6,4,0,0,1,1,0,0,0,0,"794722,14","5827403,2","13,34436","52,51688",1022207.0,Hansaviertel,3753.0
197801,11,5,,2019,8,6,4,3,5,2,0,0,1,0,0,0,0,0,"783902,0376","5826598,354","13,18465","52,5154",5020524.0,Weinmeisterhornweg,1453.0
197802,11,9,,2019,8,7,4,2,6,7,0,0,0,1,0,0,1,0,"814090,9362","5820779,314","13,62264","52,44671",9051702.0,Bölschestraße,7933.0
197803,11,5,,2019,8,7,4,3,0,1,0,1,0,0,0,0,0,0,"785752,9864","5833148,226","13,21749","52,57316",5010101.0,Hakenfelde Nord,1870.0
197804,11,3,,2019,8,18,3,3,0,5,0,1,1,0,0,0,0,0,"798990,5256","5831447,339","13,41071","52,5508",3061126.0,Arnimplatz,4763.0
197805,11,1,,2019,8,17,3,2,6,7,0,0,0,1,0,0,1,0,"795778,1337","5828197,658","13,36058","52,52343",1022206.0,Lüneburger Straße,4055.0
197806,11,1,,2019,8,13,3,3,6,4,0,1,0,1,0,0,0,0,"798503,6639","5827866,87","13,40034","52,51898",1011202.0,Unter den Linden Nord,4654.0
197807,11,3,,2019,8,18,3,3,1,5,0,1,1,0,0,0,1,0,"799076,3458","5830209,542","13,41086","52,53966",3071536.0,Teutoburger Platz,4760.0
197808,11,9,,2019,8,16,3,2,6,4,0,0,0,1,1,0,0,0,"808003,4203","5821567,833","13,53409","52,45724",9020502.0,Oberschöneweide Ost,6536.0
197809,11,3,,2019,8,16,3,3,5,2,0,1,1,0,0,0,0,0,"801324,399","5831012,737","13,44464","52,54562",3061429.0,Greifswalder Straße,5262.0
197810,11,1,,2019,8,15,3,3,2,6,0,0,1,0,0,0,0,0,"793620,3421","5828131,124","13,32881","52,524",1022101.0,Huttenkiez,3555.0
197811,11,8,,2019,8,18,3,3,1,5,1,1,1,0,0,0,0,0,"801886,179","5824407,018","13,4469","52,4861",8010406.0,Treptower Straße Nord,5344.0
197812,11,7,,2019,8,18,3,3,6,2,0,0,1,1,0,0,0,0,"797839,4215","5822204,983","13,38552","52,46859",7040403.0,Manteuffelstraße,4339.0
197813,11,7,,2019,8,18,3,3,6,4,0,0,1,1,0,0,0,0,"794949,8822","5825395,214","13,34593","52,49875",7010102.0,Nollendorfplatz,3748.0
197814,11,10,,2019,8,18,3,3,1,5,0,1,1,0,0,0,0,0,"812119,7102","5825410,824","13,59807","52,48935",10040933.0,Mahlsdorf Süd,7545.0
197815,11,3,,2019,8,17,3,3,3,6,0,1,0,0,0,0,0,0,"800030,146","5830416,315","13,42507","52,54099",3071633.0,Thälmannpark,4960.0
197816,11,8,,2019,8,17,3,3,5,2,0,1,1,0,0,0,0,0,"801751,4353","5822053,178","13,44279","52,46508",8010214.0,Glasower Straße,5238.0
197817,11,2,,2019,8,17,3,3,5,2,0,1,1,0,0,0,0,0,"802742,3509","5827484,842","13,46227","52,51322",2050801.0,Traveplatz,5552.0
197818,11,7,,2019,8,17,3,3,2,2,0,1,1,0,0,0,0,0,"793962,185","5822011,868","13,32843","52,46896",7030301.0,Friedenau,3539.0