OBJECTID,LAND,BEZ,LOR_ab_2021,UJAHR,UMONAT,USTUNDE,UWOCHENTAG,UKATEGORIE,UART,UTYP1,ULICHTVERH,IstRad,IstPKW,IstFuss,IstKrad,IstGkfz,IstSonstige,USTRZUSTAND,LINREFX,LINREFY,XGCSWGS84,YGCSWGS84,LOR,STRASSE,quadrant
197819,11,7,,2019,8,17,3,2,0,1,0,0,0,0,0,0,1,0,"797637,6352","5821170,737","13,38163","52,45943",7040403.0,Manteuffelstraße,4336.0
197820,11,1,,2019,8,8,3,3,0,6,0,1,0,0,0,0,0,0,"799178,2548","5828665,568","13,41097","52,52577",1011303.0,Alexanderplatzviertel,4756.0
197821,11,2,,2019,8,12,3,3,0,7,0,0,0,0,1,0,0,0,"802060,8305","5826223,753","13,45111","52,50229",2050803.0,Stralauer Kiez,5349.0
197822,11,1,,2019,8,16,3,3,5,3,0,1,1,0,1,0,0,0,"798578,17","5826868,996","13,40054","52,50999",1011204.0,Leipziger Straße,4651.0
197823,11,7,,2019,8,15,3,3,5,2,0,0,1,0,1,0,0,0,"797348,8816","5821927,388","13,37807","52,46637",7040403.0,Manteuffelstraße,4238.0
197824,11,9,,2019,8,15,3,3,2,1,0,0,1,0,0,0,0,0,"804136,8475","5822925,76","13,47859","52,47158",9010202.0,Köpenicker Landstraße,5740.0
197825,11,4,,2019,8,14,3,3,5,3,0,0,1,0,1,0,0,0,"791289,8649","5826076,601","13,29276","52,50683",4030725.0,Amtsgerichtsplatz,3050.0
197826,11,12,,2019,8,14,3,3,2,6,0,0,1,0,0,0,0,0,"788035,6558","5830933,77","13,24915","52,5521",12214125.0,Waldidyll/Flughafensee,2363.0
197827,11,5,,2019,8,13,3,3,2,6,0,0,1,0,0,0,0,0,"784742,3057","5826399,867","13,19683","52,51318",5020628.0,Graetschelsteig,1552.0
197828,11,4,,2019,8,13,3,3,5,2,0,1,0,0,0,1,0,0,"793970,2454","5824451,222","13,3307","52,49082",4051653.0,Prager Platz,3546.0
197829,11,3,,2019,8,16,3,3,3,6,0,1,1,0,0,0,0,0,"802435,844","5831508,359","13,46143","52,54945",3050925.0,Komponistenviertel Weißensee,5563.0
197830,11,4,,2019,8,15,3,2,5,2,0,0,1,0,0,0,0,0,"793999,777","5824056,737","13,33079","52,48727",4051655.0,Babelsberger Straße,3545.0
197831,11,9,,2019,8,12,3,3,5,7,0,0,1,0,0,0,1,0,"811154,3715","5822083,013","13,58079","52,46007",9052001.0,Köpenick Nord,7237.0
197832,11,8,,2019,8,15,3,3,1,5,0,0,1,0,0,0,0,0,"800387,6822","5816784,153","13,41804","52,4186",8020727.0,Buckow Mitte,4824.0
197833,11,9,,2019,8,12,3,3,1,5,0,1,0,0,0,0,1,0,"814205,0237","5821576,376","13,62507","52,45379",9051702.0,Bölschestraße,7935.0
197834,11,1,,2019,8,11,3,3,3,7,0,1,1,0,0,0,0,0,"799728,6442","5827524,534","13,41803","52,51524",1011304.0,Karl-Marx-Allee,4853.0
197835,11,1,,2019,8,8,3,3,2,6,0,1,1,0,0,0,0,0,"796089,5964","5825998,886","13,3632","52,50355",1011103.0,Lützowstraße,4049.0
197836,11,5,,2019,8,8,3,3,5,7,0,0,1,0,1,0,0,0,"783420,0777","5827703,379","13,17851","52,52556",5020626.0,Adamstraße,1356.0
197837,11,10,,2019,8,11,3,3,2,6,0,0,1,0,0,1,0,0,"808464,1155","5831133,874","13,5497","52,54271",10010310.0,Alt-Marzahn,6861.0
197838,11,3,,2019,8,6,3,2,0,7,0,1,0,0,0,0,0,0,"798179,4691","5831829,763","13,39913","52,55468",3061126.0,Arnimplatz,4564.0
197839,11,5,,2019,8,10,3,3,0,2,0,1,1,0,0,0,0,0,"783049,1199","5826060,425","13,17166","52,51102",5020524.0,Weinmeisterhornweg,1251.0
197840,11,1,,2019,8,6,3,3,5,2,0,1,1,0,0,0,0,0,"794020,8898","5830176,827","13,33651","52,54212",1044101.0,Rehberge,3661.0
197841,11,8,,2019,8,1,3,3,6,7,2,0,0,1,0,0,1,0,"801652,8494","5823740,411","13,44287","52,48026",8010404.0,Rixdorf,5242.0
197842,11,9,,2019,8,9,3,3,5,3,0,1,1,0,0,0,0,0,"804361,0633","5819757,855","13,479","52,44306",9010302.0,Späthsfelde,5732.0
197843,11,10,,2019,8,9,3,3,0,7,0,0,1,0,1,0,0,1,"810838,046","5831023,101","13,58449","52,54037",10020413.0,Gut Hellersdorf,7360.0
197844,11,8,,2019,8,9,3,3,5,2,0,1,1,0,0,0,0,0,"801515,4081","5823855,424","13,44096","52,48136",8010404.0,Rixdorf,5243.0
197845,11,2,,2019,8,8,3,3,5,3,0,0,1,0,1,0,0,0,"800418,8943","5828048,477","13,42864","52,51955",2040502.0,Friedenstraße,5054.0
197846,11,5,,2019,8,20,2,3,2,2,0,1,0,0,0,0,0,0,"782821,3343","5827119,085","13,16921","52,52063",5020523.0,Maulbeerallee,1154.0
197847,11,7,,2019,8,12,2,3,2,7,0,1,1,0,0,0,0,0,"794142,0076","5821828,56","13,33091","52,46722",7030301.0,Friedenau,3539.0
197848,11,4,,2019,8,15,2,3,2,6,2,0,1,0,0,0,0,0,"790138,3992","5827315,795","13,27692","52,51855",4020310.0,Park Ruhwald,2754.0
197849,11,8,,2019,8,20,2,3,5,2,0,1,0,0,0,1,0,0,"803150,1434","5818453,026","13,46005","52,43204",8030829.0,Gropiusstadt Nord,5428.0
197850,11,11,,2019,8,19,2,3,6,4,0,1,0,1,0,0,0,0,"803090,1344","5829555,484","13,46927","52,53158",11030618.0,Fennpfuhl West,5657.0
197851,11,10,,2019,8,18,2,3,5,2,0,1,1,0,0,0,0,0,"813242,0154","5831082,86","13,61988","52,53953",10020416.0,Böhlener Straße,7860.0
197852,11,7,,2019,8,18,2,2,5,5,0,0,1,0,0,0,0,0,"799660,4191","5819025,7","13,40939","52,43909",7050505.0,Hundsteinweg,4730.0
197853,11,1,,2019,8,20,2,2,1,5,1,1,0,0,0,0,1,0,"797888,4508","5829287,764","13,39257","52,53205",1011401.0,Invalidenstraße,4458.0
197854,11,11,,2019,8,15,2,3,0,2,0,0,1,0,1,0,0,0,"804196,7879","5830673,15","13,48655","52,54098",11020514.0,Große-Leege-Straße,5860.0
197855,11,5,,2019,8,18,2,3,5,2,0,1,1,0,0,0,0,0,"785941,5643","5827986,124","13,21582","52,52678",5020627.0,Tiefwerder,1856.0
197856,11,1,,2019,8,17,2,3,5,2,0,0,1,0,1,0,0,0,"798619,0623","5826919,345","13,40118","52,51042",1011204.0,Leipziger Straße,4651.0
197857,11,7,,2019,8,13,2,3,6,7,0,1,0,1,0,0,0,0,"796138,2204","5824930,94","13,36297","52,49395",7010104.0,Dennewitzplatz,4046.0
197858,11,2,,2019,8,13,2,3,2,6,0,1,0,0,0,0,0,0,"797860,0672","5825617,782","13,38887","52,49917",2010101.0,Askanischer Platz,4448.0
197859,11,4,,2019,8,13,2,3,5,3,0,0,1,0,0,0,0,0,"791265,9289","5823330,345","13,29001","52,48222",4041137.0,Flinsberger Platz,2943.0
197860,11,2,,2019,8,17,2,3,0,2,0,0,1,0,1,0,0,0,"796946,3943","5824394,82","13,37436","52,4887",2020203.0,Viktoriapark,4245.0
197861,11,5,,2019,8,16,2,3,0,2,0,1,1,0,0,0,0,0,"779764,0754","5827777,819","13,12482","52,52812",5020521.0,Döberitzer Weg,556.0
197862,11,11,,2019,8,16,2,2,0,7,0,1,0,0,0,0,0,0,"804813,1794","5825374,69","13,49076","52,49315",11051229.0,Rummelsburg,5946.0
197863,11,12,,2019,8,16,2,3,5,3,0,1,1,0,0,0,0,0,"791868,0067","5836954,407","13,31082","52,60404",12301205.0,Waidmannslust,3279.0
197864,11,5,,2019,8,16,2,3,0,4,0,0,0,1,0,0,1,0,"783257,7747","5827579,934","13,17602","52,52454",5020523.0,Maulbeerallee,1255.0
197865,11,5,,2019,8,15,2,3,2,2,0,0,1,0,0,0,1,0,"784100,7328","5829006,197","13,18963","52,53689",5010314.0,Carl-Schurz-Straße,1459.0
197866,11,10,,2019,8,15,2,2,5,3,0,0,1,0,1,0,0,0,"809134,105","5833829,102","13,56206","52,56649",10010102.0,Havemannstraße,7068.0
197867,11,12,,2019,8,15,2,3,6,2,0,0,1,1,0,0,0,0,"793384,0558","5833148,659","13,32977","52,5691",12214421.0,Reinickes Hof,3568.0
197868,11,11,,2019,8,14,2,3,0,2,0,1,0,0,0,0,1,0,"803705,0328","5828330,214","13,47718","52,52026",11030721.0,Rüdigerstraße,5754.0
197869,11,1,,2019,8,14,2,3,3,5,0,1,1,0,0,0,0,0,"797306,4507","5829022,234","13,38378","52,52999",1011301.0,Charitéviertel,4357.0
197870,11,6,,2019,8,15,2,3,5,3,0,0,1,0,0,0,0,0,"793290,113","5818935,465","13,31587","52,44174",6030609.0,Augustaplatz,3331.0
197871,11,4,,2019,8,10,2,3,5,3,0,1,1,0,0,0,0,0,"792863,3672","5823178,646","13,31333","52,48001",4051551.0,Brabanter Platz,3342.0
197872,11,12,,2019,8,10,2,3,5,2,0,1,1,0,0,0,0,0,"793055,1391","5832658,344","13,3245","52,56489",12214424.0,Scharnweberstraße,3467.0
197873,11,3,,2019,8,9,2,3,6,3,0,0,1,1,0,0,0,0,"800087,0474","5837531,421","13,43234","52,60473",3020307.0,Buchholz,5079.0
197874,11,11,,2019,8,12,2,2,5,3,0,1,1,0,0,0,0,0,"807525,5288","5827503,379","13,53255","52,51071",11041023.0,Gensinger Straße,6551.0
197875,11,2,,2019,8,12,2,3,0,1,0,1,0,0,0,0,0,0,"800646,4438","5826254,01","13,43037","52,50334",2030302.0,Lausitzer Platz,5049.0
197876,11,9,,2019,8,10,2,3,5,5,0,0,1,0,0,0,0,0,"819645,0591","5816369,295","13,69988","52,40398",9041601.0,Müggelheim,9020.0
197877,11,1,,2019,8,8,2,3,2,6,0,0,1,0,1,0,0,0,"799500,4357","5828868,571","13,41589","52,52741",3071537.0,Kollwitzplatz,4856.0
197878,11,7,,2019,8,8,2,3,5,3,0,1,1,0,0,0,0,0,"795423,7898","5825487,401","13,35297","52,49932",7010102.0,Nollendorfplatz,3948.0
197879,11,7,,2019,8,8,2,3,3,6,0,1,1,0,0,0,0,0,"795874,135","5824078,934","13,35833","52,48645",7020203.0,Kaiser-Wilhelm-Platz,3944.0
197880,11,1,,2019,8,7,2,3,5,3,0,0,1,0,0,0,0,0,"797763,6967","5829744,291","13,39115","52,53621",1033202.0,Humboldthain Süd,4459.0
197881,11,4,,2019,8,14,1,3,0,6,0,0,1,0,1,0,0,0,"792381,961","5825033,942","13,30789","52,4969",4051446.0,Preußenpark,3247.0
197882,11,8,,2019,8,10,1,3,0,6,0,1,1,0,0,0,0,0,"804144,7695","5819483,094","13,47557","52,44072",8020623.0,Ortolanweg,5731.0
197883,11,8,,2019,8,22,1,3,5,2,2,1,1,0,0,0,0,0,"800111,2893","5822904,316","13,41949","52,47361",8010117.0,Schillerpromenade,4841.0
197884,11,8,,2019,8,21,1,3,0,1,2,0,0,0,1,0,0,0,"800339,6602","5824354,172","13,42415","52,48648",8010303.0,Donaustraße,4944.0
197885,11,2,,2019,8,14,1,3,5,3,0,1,1,0,0,0,0,0,"797275,9293","5824816,059","13,37957","52,4923",2020203.0,Viktoriapark,4246.0
197886,11,12,,2019,8,14,1,3,1,5,0,0,1,0,0,0,0,0,"792858,3941","5833870,252","13,32267","52,57586",12214423.0,Mellerbogen,3470.0
197887,11,6,,2019,8,13,1,3,0,1,0,1,0,0,0,0,0,0,"789584,8989","5819810,161","13,26227","52,45156",6040808.0,Hüttenweg,2534.0
197888,11,4,,2019,8,13,1,3,5,3,0,0,1,0,1,0,0,0,"788996,0302","5826983,544","13,25984","52,51618",4020311.0,Reichsstraße,2553.0
197889,11,6,,2019,8,13,1,3,2,6,0,0,1,0,1,0,0,0,"794085,5806","5817433,194","13,32621","52,42784",6020410.0,Oberhofer Platz,3527.0
197890,11,8,,2019,8,13,1,3,5,2,0,0,1,0,0,0,0,0,"800176,1067","5823648,15","13,42111","52,48024",8010117.0,Schillerpromenade,4942.0
197891,11,3,,2019,8,12,1,3,0,1,0,1,0,0,0,0,0,0,"800929,0775","5831159,84","13,43896","52,54716",3061228.0,Erich-Weinert-Straße,5162.0
197892,11,2,,2019,8,12,1,3,5,3,0,0,1,0,0,0,0,0,"800796,8265","5826165,377","13,4325","52,50247",2030302.0,Lausitzer Platz,5049.0
197893,11,4,,2019,8,12,1,3,2,6,0,0,1,0,1,0,0,0,"790792,7268","5824821,024","13,28436","52,49584",4041134.0,Bismarckallee,2847.0
197894,11,1,,2019,8,12,1,3,2,6,0,0,1,0,0,0,0,0,"796963,9598","5831502,18","13,38096","52,5524",1044201.0,Reinickendorfer Straße,4364.0
197895,11,9,,2019,8,20,1,3,2,5,0,0,1,0,0,0,0,0,"814326,4736","5820802,051","13,62612","52,44678",9051702.0,Bölschestraße,7933.0
197896,11,11,,2019,8,20,1,2,5,2,1,1,1,0,0,0,0,0,"804474,4056","5826396,77","13,48672","52,5025",11040926.0,Weitlingstraße,5849.0
197897,11,1,,2019,8,19,1,3,5,2,0,1,1,0,0,0,0,0,"793992,5718","5827833,022","13,33402","52,52112",1022106.0,Elberfelder Straße,3654.0
197898,11,9,,2019,8,18,1,3,5,2,0,1,1,0,0,0,0,0,"810216,1875","5819629,706","13,56475","52,43862",9020802.0,Köllnische Vorstadt,7030.0
197899,11,8,,2019,8,18,1,3,5,3,0,0,1,0,1,0,0,0,"800678,7454","5824253,229","13,42903","52,48539",8010303.0,Donaustraße,5044.0
197900,11,10,,2019,8,17,1,3,5,3,0,0,1,0,0,0,0,0,"812999,9339","5827621,262","13,61307","52,50865",10040932.0,Alt-Mahlsdorf,7751.0
197901,11,12,,2019,8,17,1,3,5,3,0,0,1,0,1,0,0,0,"789648,9775","5839735,083","13,28058","52,63015",12231102.0,Frohnau,2886.0
197902,11,5,,2019,8,15,1,2,5,2,0,0,1,0,0,0,0,0,"783691,3294","5830169,932","13,1846","52,54753",5010207.0,Darbystraße,1462.0
197903,11,12,,2019,8,15,1,3,2,6,0,0,1,0,0,0,1,0,"794595,6775","5836263,882","13,35036","52,59637",12302110.0,Dannenwalder Weg,3876.0
197904,11,6,,2019,8,15,1,3,0,7,0,1,0,0,0,0,0,0,"789964,618","5817497,545","13,26583","52,43062",6030503.0,Zehlendorf Mitte,2628.0
197905,11,8,,2019,8,14,1,3,0,7,0,0,1,0,1,0,0,0,"801507,9577","5817670,541","13,43527","52,42593",8020727.0,Buckow Mitte,5127.0
197906,11,1,,2019,8,10,1,3,1,5,0,1,1,0,0,0,0,0,"795156,3639","5830167,974","13,35319","52,54143",1044202.0,Sparrplatz,3960.0
197907,11,9,,2019,8,8,1,3,5,3,0,0,1,0,0,0,1,0,"809444,0207","5820586,841","13,55431","52,44764",9020702.0,Adlershof Ost,6833.0
197908,11,5,,2019,8,7,4,3,5,2,0,0,1,0,1,0,0,0,"781255,4552","5830769,401","13,14928","52,55417",5010206.0,Gütersloher Weg,864.0
197909,11,5,,2019,8,8,1,3,6,2,0,0,1,1,0,0,0,0,"784801,8103","5828811,508","13,19977","52,53478",5010314.0,Carl-Schurz-Straße,1658.0
197910,11,3,,2019,8,1,1,3,1,5,2,1,1,0,0,0,0,0,"798124,5781","5836519,194","13,40254","52,59674",3020209.0,Niederschönhausen,4677.0
197911,11,3,,2019,8,17,7,1,0,7,0,0,0,0,0,0,1,0,"802912,7804","5833425,813","13,47019","52,56637",3030716.0,Märchenland,5668.0
197912,11,3,,2019,8,12,7,3,0,4,0,1,0,1,0,0,0,0,"798953,688","5831063,113","13,40983","52,54738",3061131.0,Falkplatz,4762.0
197913,11,3,,2019,8,13,7,3,5,2,0,1,1,0,0,0,0,0,"797777,0326","5832954,963","13,39422","52,56498",3040614.0,Pankow Zentrum,4567.0
197914,11,4,,2019,8,13,7,3,5,3,0,0,1,0,1,0,0,0,"793817,307","5826074,512","13,32989","52,50545",4030623.0,Ernst-Reuter-Platz,3550.0
197915,11,11,,2019,8,12,7,3,2,6,0,0,1,0,0,0,0,0,"805592,4681","5831602,965","13,50792","52,54854",11020412.0,Hauptstraße,6262.0
197916,11,3,,2019,8,12,7,3,5,3,0,0,1,0,0,0,0,0,"802955,7318","5838465,458","13,47543","52,61151",3030406.0,Alt-Karow,5781.0
197917,11,9,,2019,8,12,7,3,5,3,0,0,1,0,0,0,0,0,"806607,5516","5822051,841","13,51405","52,46237",9020501.0,Oberschöneweide West,6237.0
197918,11,4,,2019,8,11,7,3,5,3,0,1,1,0,0,0,0,0,"792154,2991","5821844,666","13,30175","52,46843",4041241.0,Breite Straße,3139.0
197919,11,5,,2019,8,11,7,2,5,2,0,1,1,0,0,0,0,0,"785222,4213","5831822,497","13,20854","52,56155",5010101.0,Hakenfelde Nord,1766.0
197920,11,6,,2019,8,11,7,3,2,2,0,0,1,0,0,0,0,0,"794207,7702","5817194,552","13,3278","52,42564",6020410.0,Oberhofer Platz,3527.0
197921,11,9,,2019,8,11,7,2,5,3,0,0,1,0,0,0,0,0,"811120,4039","5814751,152","13,57347","52,39439",9031001.0,Bohnsdorf,7117.0
197922,11,5,,2019,8,11,7,3,5,3,0,1,1,0,0,0,0,0,"781829,3196","5828449,786","13,15575","52,53308",5020419.0,Magistratsweg,958.0
197923,11,9,,2019,8,9,7,3,2,2,0,0,1,0,0,0,0,0,"804949,5365","5820715,138","13,4885","52,45131",9010302.0,Späthsfelde,5934.0
197924,11,1,,2019,8,9,7,3,5,3,0,0,1,0,0,0,0,0,"797759,4375","5827447,8","13,38903","52,51563",1011203.0,Unter den Linden Süd,4453.0
197925,11,12,,2019,8,0,7,3,4,6,2,0,1,0,0,0,0,1,"793079,8008","5837628,807","13,32926","52,60943",12302212.0,Rollbergesiedlung,3580.0
197926,11,5,,2019,8,19,7,3,2,6,0,0,1,0,0,0,0,0,"788729,1278","5830509,299","13,25898","52,54793",5030832.0,Rohrdamm,2562.0
197927,11,4,,2019,8,18,7,3,2,6,0,0,1,0,0,0,0,0,"793882,77","5823110,87","13,32824","52,47885",4051655.0,Babelsberger Straße,3542.0
197928,11,3,,2019,8,17,7,3,2,2,0,0,1,0,0,0,0,0,"800111,8259","5830641,833","13,42647","52,54297",3071633.0,Thälmannpark,4961.0
197929,11,4,,2019,8,17,7,3,0,1,0,0,0,0,1,0,0,0,"792037,9456","5824074,031","13,30199","52,48848",4051445.0,Eisenzahnstraße,3145.0
197930,11,1,,2019,8,16,7,3,4,6,0,0,1,0,0,0,0,0,"795540,5251","5831979,311","13,36045","52,55746",1044102.0,Schillerpark,4065.0
197931,11,9,,2019,8,16,7,3,5,3,0,1,1,0,0,0,0,0,"807907,5725","5821556,476","13,53267","52,4572",9020502.0,Oberschöneweide Ost,6536.0
197932,11,4,,2019,8,15,7,3,5,2,0,0,1,0,0,0,0,0,"793341,1861","5829717,405","13,32611","52,53837",4010102.0,Plötzensee,3559.0
197933,11,2,,2019,8,23,7,3,5,3,2,0,1,0,0,0,0,0,"798770,6384","5825999,081","13,40258","52,50209",2010103.0,Moritzplatz,4649.0
197934,11,7,,2019,8,20,7,3,5,3,0,0,1,0,0,0,0,0,"800037,5347","5812702,574","13,40925","52,38221",7070706.0,Horstwalder Straße/Paplitzer Straße,4714.0
197935,11,3,,2019,8,3,7,3,0,1,2,0,0,0,1,0,0,0,"798883,2974","5830388,117","13,40818","52,54137",3061131.0,Falkplatz,4760.0
197936,11,1,,2019,8,17,6,3,5,2,0,1,1,0,0,0,0,0,"797258,0406","5829087,652","13,38313","52,5306",1011301.0,Charitéviertel,4357.0
197937,11,2,,2019,8,16,6,3,0,4,0,1,0,1,0,0,0,0,"797148,417","5826436,852","13,37915","52,5069",2010101.0,Askanischer Platz,4250.0
197938,11,2,,2019,8,19,6,3,1,7,0,0,1,0,0,0,0,0,"798714,5201","5824519,354","13,40043","52,48886",2020205.0,Chamissokiez,4645.0
197939,11,4,,2019,8,21,6,3,3,6,2,1,1,0,0,0,0,0,"793929,439","5826192,219","13,33164","52,50645",4030931.0,Breitscheidplatz,3550.0
197940,11,12,,2019,8,17,6,3,2,6,0,1,1,0,0,0,0,0,"793248,5048","5832592,229","13,32728","52,56419",12214424.0,Scharnweberstraße,3567.0
197941,11,8,,2019,8,22,6,3,1,5,2,1,1,0,0,0,0,0,"800659,7376","5823785,19","13,42833","52,48121",8010211.0,Flughafenstraße,5043.0
197942,11,2,,2019,8,17,6,3,1,5,0,1,1,0,0,0,0,0,"798298,3349","5826175,969","13,39581","52,50393",2010102.0,Mehringplatz,4549.0
197943,11,2,,2019,8,20,6,3,5,3,0,0,1,0,1,0,0,0,"799338,6006","5826194,199","13,4111","52,50353",2010103.0,Moritzplatz,4749.0
197944,11,8,,2019,8,17,6,3,3,6,0,1,1,0,0,0,0,0,"800356,1158","5824304,261","13,42434","52,48603",8010211.0,Flughafenstraße,4944.0
197945,11,9,,2019,8,19,6,3,5,3,0,1,0,0,0,0,1,0,"810688,4516","5815694,378","13,56802","52,40309",9031001.0,Bohnsdorf,7120.0
197946,11,3,,2019,8,18,6,3,5,7,0,0,1,0,0,0,0,0,"799499,8532","5831775,949","13,4185","52,55347",3061227.0,Humannplatz,4864.0
197947,11,6,,2019,8,21,6,3,1,7,2,0,1,0,0,0,0,0,"793387,491","5817067,489","13,31566","52,42494",6020409.0,Königsberger Straße,3326.0
197948,11,4,,2019,8,17,6,2,1,5,0,1,1,0,0,0,0,0,"791820,3397","5823513,589","13,29831","52,48357",4041238.0,Kissinger Straße,3043.0
197949,11,4,,2019,8,19,6,2,0,1,0,0,0,0,1,0,0,0,"791603,6581","5825598,116","13,29695","52,50237",4030726.0,Droysenstraße,3049.0
197950,11,8,,2019,8,18,6,3,0,7,0,0,1,0,1,0,0,0,"800419,9731","5823845,149","13,42487","52,48188",8010211.0,Flughafenstraße,4943.0
197951,11,7,,2019,8,8,6,3,0,7,0,0,0,1,0,0,1,0,"799198,7516","5819999,343","13,40349","52,44807",7050503.0,Eisenacher Straße,4633.0
197952,11,9,,2019,8,8,6,3,0,2,0,1,1,0,0,0,0,0,"807336,6604","5822153,079","13,52484","52,46286",9020502.0,Oberschöneweide Ost,6437.0
197953,11,12,,2019,8,8,6,3,5,2,0,1,1,0,0,0,0,0,"791341,9922","5834083,529","13,30055","52,57858",12214125.0,Waldidyll/Flughafensee,3171.0
197954,11,7,,2019,8,8,6,3,2,2,0,1,1,0,0,0,0,0,"795537,2264","5825528,545","13,35467","52,49963",7010102.0,Nollendorfplatz,3948.0
197955,11,12,,2019,8,8,6,3,3,6,0,0,1,0,0,1,0,0,"790300,6052","5835003,475","13,28603","52,58739",12214527.0,Alt-Tegel,2974.0
197956,11,4,,2019,8,7,6,3,0,7,0,0,1,0,1,0,0,0,"792484,7691","5830073,71","13,31383","52,54202",4010102.0,Plötzensee,3361.0
197957,11,12,,2019,8,7,6,3,4,6,0,1,0,0,0,0,0,0,"789715,4631","5843084,892","13,2845","52,66015",12231102.0,Frohnau,2895.0
197958,11,4,,2019,8,13,6,3,5,2,0,0,1,0,1,0,0,0,"785088,2086","5822378,284","13,19847","52,47695",4061757.0,Forst Grunewald,1642.0
197959,11,1,,2019,8,16,6,3,1,1,0,1,1,0,0,0,0,0,"797842,3148","5829276,802","13,39188","52,53198",1011401.0,Invalidenstraße,4458.0
197960,11,9,,2019,8,13,6,3,6,4,0,1,0,1,0,0,0,0,"804497,4794","5823751,3","13,48464","52,47878",9010202.0,Köpenicker Landstraße,5842.0
197961,11,11,,2019,8,16,6,2,5,3,0,1,1,0,0,0,0,0,"805822,5923","5831859,4","13,51154","52,5507",11020412.0,Hauptstraße,6263.0
197962,11,1,,2019,8,13,6,3,1,5,0,1,1,0,0,0,0,0,"796855,8998","5828954,382","13,3771","52,52962",1011301.0,Charitéviertel,4257.0
197963,11,7,,2019,8,13,6,3,2,6,0,0,1,0,0,0,0,0,"796270,8572","5823270,606","13,36344","52,47899",7020204.0,Schöneberger Insel,4042.0
197964,11,3,,2019,8,13,6,3,5,3,0,0,1,0,1,0,0,0,"797961,1937","5833667,029","13,39757","52,57126",3040513.0,Schönholz,4569.0
197965,11,9,,2019,8,11,6,3,0,1,0,1,0,0,0,0,0,0,"811136,6297","5821575,653","13,58006","52,45554",9051901.0,Dammvorstadt,7235.0
197966,11,1,,2019,8,11,6,3,2,7,0,0,1,0,1,0,0,0,"797823,4513","5827057,684","13,38962","52,5121",1011203.0,Unter den Linden Süd,4452.0
197967,11,12,,2019,8,10,6,2,6,4,0,0,1,1,0,0,0,0,"786260,6304","5838957,347","13,22998","52,62497",12224230.0,Heiligensee,2085.0
197968,11,5,,2019,8,10,6,3,0,2,0,0,1,0,1,0,0,0,"784787,2588","5828801,308","13,19954","52,53469",5010314.0,Carl-Schurz-Straße,1658.0
197969,11,3,,2019,8,9,6,3,5,2,0,1,0,0,0,0,0,0,"801713,8007","5831783,336","13,45106","52,55231",3050920.0,Weißer See,5364.0
197970,11,1,,2019,8,9,6,3,5,2,0,1,1,0,0,0,0,0,"794628,0174","5829879,14","13,34517","52,53912",1044202.0,Sparrplatz,3760.0
197971,11,9,,2019,8,9,6,3,5,2,0,1,1,0,0,0,0,0,"802628,1212","5824462,347","13,45785","52,48619",9010101.0,Elsenstraße,5444.0
197972,11,5,,2019,8,15,6,2,6,4,0,0,1,1,0,0,0,0,"784538,1313","5828641,949","13,19575","52,53339",5020625.0,Borkumer Straße,1558.0
197973,11,1,,2019,8,15,6,3,5,2,0,1,1,0,1,0,0,0,"794988,267","5831179,99","13,35162","52,55059",1044103.0,Westliche Müllerstraße,3863.0
197974,11,2,,2019,8,14,6,3,3,6,0,1,0,0,0,0,1,0,"797532,4692","5826001,06","13,3844","52,50278",2010101.0,Askanischer Platz,4349.0
197975,11,5,,2019,8,14,6,3,5,2,0,0,1,0,0,0,0,0,"781904,5467","5829571,257","13,15781","52,54309",5010209.0,An der Kappe,1061.0
197976,11,11,,2019,8,13,6,3,2,6,0,0,1,0,0,0,1,0,"803672,6347","5829500,063","13,47778","52,53076",11030619.0,Fennpfuhl Ost,5757.0
197977,11,4,,2019,8,2,6,3,0,1,2,1,0,0,0,0,0,0,"792458,2732","5824011,377","13,30811","52,48769",4051549.0,Rathaus Wilmersdorf,3245.0
197978,11,3,,2019,8,23,6,3,9,1,2,0,0,0,0,0,1,0,"799185,3849","5830027,242","13,4123","52,53797",3071536.0,Teutoburger Platz,4759.0
197979,11,4,,2019,8,14,5,2,5,2,0,0,1,0,1,0,0,0,"793914,3833","5825527,807","13,33083","52,5005",4030931.0,Breitscheidplatz,3548.0
197980,11,5,,2019,8,16,5,2,5,2,0,0,1,0,0,0,0,0,"784452,915","5828671,699","13,19452","52,5337",5020625.0,Borkumer Straße,1558.0
197981,11,11,,2019,8,19,5,3,4,6,0,1,0,0,0,0,0,0,"803846,9648","5828899,179","13,47979","52,52528",11030618.0,Fennpfuhl West,5756.0
197982,11,4,,2019,8,17,5,3,6,4,0,1,0,1,0,0,0,0,"793910,4477","5826223,901","13,33139","52,50674",4030931.0,Breitscheidplatz,3550.0
197983,11,9,,2019,8,18,5,3,5,2,0,1,1,0,0,0,0,0,"806606,8689","5822047,592","13,51404","52,46233",9020501.0,Oberschöneweide West,6237.0
197984,11,6,,2019,8,17,5,3,2,6,0,0,1,0,1,0,0,0,"796275,5319","5818274,425","13,35907","52,4342",6020301.0,Alt-Lankwitz,3929.0
197985,11,6,,2019,8,16,5,3,5,3,0,1,1,0,0,0,0,0,"790291,7049","5817165,004","13,27034","52,42747",6030504.0,Teltower Damm,2627.0
197986,11,1,,2019,8,16,5,3,2,2,0,0,1,0,1,0,0,0,"795116,5643","5826507,405","13,34936","52,50863",1011101.0,Stülerstraße,3851.0
197987,11,1,,2019,8,18,5,3,3,2,0,1,1,0,0,0,0,0,"799490,22","5826644,834","13,41373","52,50748",1011305.0,Heine-Viertel West,4850.0