OBJECTID,LAND,BEZ,LOR_ab_2021,UJAHR,UMONAT,USTUNDE,UWOCHENTAG,UKATEGORIE,UART,UTYP1,ULICHTVERH,IstRad,IstPKW,IstFuss,IstKrad,IstGkfz,IstSonstige,USTRZUSTAND,LINREFX,LINREFY,XGCSWGS84,YGCSWGS84,LOR,STRASSE,quadrant
197988,11,9,,2019,8,16,5,2,5,2,0,1,1,0,0,0,0,0,"807389,932","5821730,017","13,52524","52,45904",9020502.0,Oberschöneweide Ost,6436.0
197989,11,8,,2019,8,15,5,3,5,3,0,1,0,0,0,0,0,0,"802493,7404","5823233,965","13,45476","52,47525",8010405.0,Hertzbergplatz,5441.0
197990,11,2,,2019,8,15,5,3,1,5,0,1,1,0,0,0,0,0,"797983,1023","5826068,888","13,39108","52,50314",2010102.0,Mehringplatz,4449.0
197991,11,1,,2019,8,15,5,3,2,6,0,1,1,0,0,0,0,0,"797968,0824","5826581,411","13,39132","52,50775",1011204.0,Leipziger Straße,4451.0
197992,11,8,,2019,8,14,5,3,0,3,0,0,1,0,0,0,1,0,"801101,1948","5824132,292","13,43513","52,48408",8010301.0,Reuterkiez,5144.0
197993,11,1,,2019,8,14,5,3,5,2,0,1,0,0,0,0,1,0,"796960,9901","5830140,194","13,3797","52,5402",1033202.0,Humboldthain Süd,4360.0
197994,11,5,,2019,8,14,5,3,3,6,0,0,1,0,1,0,0,0,"784988,2766","5829498,698","13,2031","52,54084",5010314.0,Carl-Schurz-Straße,1660.0
197995,11,2,,2019,8,14,5,3,2,6,0,0,1,0,0,0,1,0,"800302,8577","5827593,182","13,42653","52,51554",2040701.0,Andreasviertel,4953.0
197996,11,8,,2019,8,14,5,3,5,2,0,1,1,0,0,0,0,0,"802612,8087","5820747,366","13,45425","52,4529",8020619.0,Buschkrugallee Nord,5434.0
197997,11,11,,2019,8,13,5,3,5,3,0,1,1,0,0,0,0,0,"806721,0308","5833968,491","13,5267","52,5691",11010204.0,Falkenberg Ost,6468.0
197998,11,1,,2019,8,10,5,3,5,2,0,1,1,0,0,0,0,0,"793842,8454","5827938,222","13,33191","52,52215",1022106.0,Elberfelder Straße,3555.0
197999,11,7,,2019,8,21,5,3,6,7,2,1,0,1,0,0,0,0,"795605,2521","5824203,297","13,35449","52,48771",7020203.0,Kaiser-Wilhelm-Platz,3945.0
198000,11,4,,2019,8,19,5,2,5,2,0,0,1,0,1,0,0,0,"790958,544","5824828,662","13,2868","52,49582",4031032.0,Halensee,2947.0
198001,11,6,,2019,8,8,5,3,5,5,0,1,1,0,0,0,0,0,"792390,0143","5821311,806","13,30474","52,46352",6040810.0,Dahlem,3138.0
198002,11,12,,2019,8,10,5,2,5,3,0,0,1,0,0,0,0,0,"792143,1969","5834902,424","13,31306","52,58549",12304313.0,Borsigwalde,3373.0
198003,11,3,,2019,8,8,5,3,5,3,0,1,0,0,0,0,0,0,"802905,2808","5833190,584","13,46986","52,56427",3051017.0,Rennbahnstraße,5667.0
198004,11,3,,2019,8,8,5,3,5,7,0,0,1,0,1,0,0,0,"802577,2722","5829421,258","13,46161","52,53066",3061430.0,Volkspark Prenzlauer Berg,5557.0
198005,11,1,,2019,8,9,5,3,0,1,0,1,0,0,0,0,0,1,"797045,1174","5826556,027","13,37774","52,50802",1011201.0,Wilhelmstraße,4251.0
198006,11,8,,2019,8,8,5,3,2,6,0,0,1,0,0,0,0,0,"801289,3341","5819652,694","13,43385","52,44382",8020622.0,Parchimer Allee,5132.0
198007,11,5,,2019,8,8,5,3,5,3,0,1,1,0,0,0,0,0,"780096,1591","5830192,289","13,13174","52,5496",5010205.0,An der Tränke,663.0
198008,11,10,,2019,8,6,5,2,6,4,0,0,1,1,0,0,0,0,"809583,1292","5832688,2","13,5676","52,55601",10010204.0,Wuhletalstraße,7065.0
198009,11,5,,2019,8,8,4,3,6,7,0,1,0,1,0,0,0,0,"786952,3021","5829373,308","13,23187","52,53868",5030731.0,Gartenfelder Straße,2160.0
198010,11,1,,2019,8,14,4,3,5,2,0,1,0,0,0,0,0,1,"797883,4172","5827468,3","13,39087","52,51574",1011203.0,Unter den Linden Süd,4453.0
198011,11,9,,2019,8,12,4,2,6,7,0,1,0,1,0,0,0,0,"806755,6134","5821023,154","13,51528","52,45306",9020601.0,Schnellerstraße,6335.0
198012,11,7,,2019,8,11,4,3,3,6,0,0,1,0,0,0,0,0,"798871,0405","5821208,386","13,39976","52,45909",7040405.0,Rathaus Tempelhof,4536.0
198013,11,4,,2019,8,11,4,2,6,4,0,0,1,1,0,0,0,0,"792379,5086","5825041,82","13,30786","52,49697",4051446.0,Preußenpark,3247.0
198014,11,2,,2019,8,11,4,3,2,6,0,0,1,0,0,0,0,0,"797294,6702","5824859,541","13,37989","52,49268",2020203.0,Viktoriapark,4346.0
198015,11,2,,2019,8,9,4,3,6,4,0,1,0,1,0,0,0,0,"798646,6606","5825146,559","13,4","52,49451",2020204.0,Urbanstraße,4647.0
198016,11,8,,2019,8,9,4,3,6,4,0,0,1,1,0,0,0,0,"802450,0222","5817211,62","13,44866","52,4213",8020728.0,Buckow Ost,5325.0
198017,11,4,,2019,8,9,4,3,5,7,0,0,1,0,0,0,0,0,"791053,258","5826041,686","13,28925","52,50664",4030724.0,Lietzensee,2950.0
198018,11,4,,2019,8,9,4,3,5,3,0,1,1,0,0,0,0,0,"792912,4407","5824395,27","13,31512","52,49089",4051446.0,Preußenpark,3346.0
198019,11,6,,2019,8,9,4,2,5,3,0,1,1,0,0,0,0,0,"791931,0031","5817469,527","13,29465","52,42932",6030608.0,Schweizer Viertel,3028.0
198020,11,1,,2019,8,8,4,3,0,6,0,0,1,0,1,0,0,0,"798153,3287","5829856,451","13,39697","52,537",1011402.0,Arkonaplatz,4559.0
198021,11,1,,2019,8,7,4,3,2,2,0,0,1,0,1,0,0,0,"797471,6288","5826797,767","13,38422","52,50996",1011201.0,Wilhelmstraße,4351.0
198022,11,8,,2019,8,3,4,3,5,3,2,1,1,0,0,0,0,0,"802944,2055","5822480,612","13,46069","52,46825",8010510.0,Gewerbegebiet Köllnische Heide,5539.0
198023,11,1,,2019,8,20,4,3,5,3,0,0,1,0,1,0,0,0,"795948,4133","5825842,049","13,36099","52,50222",1011103.0,Lützowstraße,4049.0
198024,11,4,,2019,8,7,4,3,5,2,0,0,1,0,0,0,0,0,"793959,4928","5824711,478","13,33077","52,49316",4051653.0,Prager Platz,3546.0
198025,11,12,,2019,8,12,4,3,5,3,0,0,1,0,0,0,0,0,"791063,3653","5838521,126","13,30035","52,61851",12231101.0,Hermsdorf,3183.0
198026,11,12,,2019,8,12,4,3,0,1,0,1,0,0,0,0,0,0,"793166,4873","5832631,332","13,32611","52,56458",12214424.0,Scharnweberstraße,3567.0
198027,11,3,,2019,8,7,4,3,2,6,0,0,1,0,0,0,0,0,"796351,7231","5835763,049","13,37577","52,59093",3040512.0,Wilhelmsruh,4275.0
198028,11,6,,2019,8,2,4,3,9,1,2,0,1,0,0,0,0,0,"795797,0108","5819015,273","13,35271","52,4411",6020301.0,Alt-Lankwitz,3931.0
198029,11,2,,2019,8,16,4,3,5,3,0,0,1,0,0,0,0,0,"798432,2293","5824775,349","13,39652","52,4913",2020204.0,Urbanstraße,4546.0
198030,11,3,,2019,8,8,4,3,3,6,0,1,1,0,0,0,0,0,"799817,8277","5832027,341","13,4234","52,55555",3040818.0,Pankow Süd,4964.0
198031,11,1,,2019,8,15,4,3,6,7,0,0,0,1,0,0,1,0,"798796,2729","5829200,867","13,40584","52,53077",1011402.0,Arkonaplatz,4657.0
198032,11,7,,2019,8,15,4,3,3,7,0,1,0,0,0,0,0,0,"796253,8663","5823582,794","13,36347","52,4818",7020204.0,Schöneberger Insel,4043.0
198033,11,1,,2019,8,15,4,3,5,2,0,1,0,0,0,0,1,1,"798118,3084","5826806,719","13,39373","52,50968",1011204.0,Leipziger Straße,4551.0
198034,11,2,,2019,8,14,4,3,0,6,0,1,1,0,0,0,0,0,"801840,4319","5825742,687","13,44744","52,4981",2030402.0,Wrangelkiez,5348.0
198035,11,1,,2019,8,14,4,3,0,1,0,0,0,0,1,0,0,1,"799539,2574","5828242,843","13,41589","52,52178",1011303.0,Alexanderplatzviertel,4855.0
198036,11,7,,2019,8,14,4,3,0,3,0,1,1,0,0,0,0,1,"797341,9626","5818651,203","13,37505","52,437",7050501.0,Rathausstraße,4230.0
198037,11,2,,2019,8,14,4,3,0,2,0,0,0,0,1,0,1,1,"798295,634","5825321,221","13,395","52,49627",2020204.0,Urbanstraße,4547.0
198038,11,3,,2019,8,14,4,3,5,2,0,1,1,0,0,0,0,1,"802417,5389","5829233,88","13,45909","52,52907",3061430.0,Volkspark Prenzlauer Berg,5457.0
198039,11,4,,2019,8,19,4,3,5,2,0,1,1,0,0,0,0,0,"793021,543","5826957,25","13,31898","52,5138",4030623.0,Ernst-Reuter-Platz,3352.0
198040,11,5,,2019,8,18,4,3,5,3,0,0,1,0,0,0,0,0,"780874,55","5828327,515","13,14161","52,53247",5020419.0,Magistratsweg,758.0
198041,11,11,,2019,8,17,4,3,5,3,0,0,1,0,1,0,0,0,"806669,2935","5825621,953","13,51824","52,49433",11041128.0,Sewanstraße,6347.0
198042,11,11,,2019,8,13,4,3,5,7,0,0,1,0,0,1,0,1,"804930,4818","5828708,41","13,49554","52,52296",11030720.0,Herzbergstraße,6055.0
198043,11,10,,2019,8,13,4,3,5,7,0,0,1,0,0,0,0,0,"811564,5324","5828250,804","13,59257","52,51511",10040828.0,Kaulsdorf Nord,7453.0
198044,11,1,,2019,8,13,4,3,5,2,0,1,1,0,0,0,0,0,"794317,3858","5828375,768","13,33927","52,52581",1022106.0,Elberfelder Straße,3756.0
198045,11,1,,2019,8,5,3,3,5,3,1,0,1,0,1,0,0,0,"793962,1842","5829147,045","13,33473","52,53292",1022104.0,Emdener Straße,3658.0
198046,11,6,,2019,8,12,3,2,1,5,0,1,1,0,0,0,0,0,"794162,7871","5821472,77","13,3309","52,46402",6010209.0,Feuerbachstraße,3538.0
198047,11,4,,2019,8,15,3,3,0,6,0,0,1,0,1,0,0,1,"793977,1132","5824687,009","13,33101","52,49293",4051653.0,Prager Platz,3546.0
198048,11,7,,2019,8,16,3,3,1,7,0,0,1,0,0,0,0,0,"795295,2721","5823410,803","13,34924","52,48078",7020202.0,Volkspark (Rudolf-Wilde-Park),3843.0
198049,11,4,,2019,8,10,3,3,2,2,0,0,1,0,1,0,0,0,"790346,2112","5827318,973","13,27998","52,51847",4020310.0,Park Ruhwald,2854.0
198050,11,1,,2019,8,20,3,3,5,3,2,1,1,0,0,0,0,0,"797877,4444","5827467,313","13,39078","52,51574",1011203.0,Unter den Linden Süd,4453.0
198051,11,7,,2019,8,20,3,3,3,6,0,1,0,0,0,0,1,0,"796278,4867","5824923,285","13,36502","52,4938",7010104.0,Dennewitzplatz,4046.0
198052,11,6,,2019,8,19,3,3,1,1,0,0,1,0,0,0,0,0,"789009,5406","5817158,507","13,25153","52,42809",6030501.0,Berlepschstraße,2327.0
198053,11,7,,2019,8,19,3,3,2,6,0,0,1,0,0,0,0,0,"794252,3651","5822055,721","13,33273","52,46919",7030301.0,Friedenau,3639.0
198054,11,5,,2019,8,18,3,3,0,2,0,0,1,0,0,0,1,0,"784994,7893","5829498,224","13,20319","52,54083",5010314.0,Carl-Schurz-Straße,1660.0
198055,11,5,,2019,8,18,3,3,0,4,0,1,0,1,0,0,0,0,"784457,8651","5828663,714","13,19458","52,53363",5020625.0,Borkumer Straße,1558.0
198056,11,1,,2019,8,18,3,3,2,2,0,1,1,0,0,0,0,0,"797511,7446","5828326,84","13,38617","52,52364",1011301.0,Charitéviertel,4355.0
198057,11,1,,2019,8,18,3,3,5,3,0,1,1,0,0,0,0,0,"796637,6403","5829799,464","13,37464","52,53732",1033203.0,Humboldthain Nordwest,4259.0
198058,11,2,,2019,8,16,3,3,0,7,0,1,1,0,0,0,0,1,"799660,0378","5825045,622","13,41479","52,49305",2020206.0,Graefekiez,4846.0
198059,11,2,,2019,8,17,3,2,2,6,0,0,0,0,1,0,1,0,"799354,6489","5824553,973","13,40986","52,48882",2020206.0,Graefekiez,4745.0
198060,11,9,,2019,8,17,3,3,3,6,0,1,1,0,0,0,0,0,"812272,4861","5816664,686","13,59213","52,41088",9031101.0,Grünau,7422.0
198061,11,1,,2019,8,17,4,3,5,2,0,1,1,0,0,0,0,0,"796110,1835","5826714,408","13,36414","52,50995",1011105.0,Nördlicher Landwehrkanal,4051.0
198062,11,1,,2019,8,17,3,3,0,3,0,0,1,0,1,0,0,1,"798147,1841","5826702,157","13,39406","52,50873",1011204.0,Leipziger Straße,4551.0
198063,11,4,,2019,8,17,3,3,5,7,0,1,1,0,0,0,0,0,"792926,052","5827451,134","13,31801","52,51827",4030620.0,Alt-Lietzow,3354.0
198064,11,1,,2019,8,17,4,3,0,2,0,1,1,0,0,0,0,0,"795668,9129","5829732,336","13,36034","52,53724",1022202.0,Heidestraße,4059.0
198065,11,3,,2019,8,17,3,3,5,2,0,1,1,0,0,0,0,0,"798411,9276","5831802,081","13,40252","52,5543",3061126.0,Arnimplatz,4664.0
198066,11,7,,2019,8,17,4,3,5,3,0,1,1,0,0,0,0,0,"800641,0362","5814918,821","13,42008","52,40174",7070702.0,Alt-Lichtenrade/Töpchiner Weg,4920.0
198067,11,1,,2019,8,17,3,3,5,3,0,0,1,0,0,0,1,0,"797757,1703","5827447,417","13,38899","52,51563",1011203.0,Unter den Linden Süd,4453.0
198068,11,10,,2019,8,17,4,3,5,3,0,1,0,0,0,0,1,0,"807649,1373","5830820,334","13,53743","52,54036",10010203.0,Gewerbegebiet Bitterfelder Straße,6660.0
198069,11,6,,2019,8,17,3,3,5,2,0,0,1,0,1,0,0,0,"795577,8985","5818297,475","13,34886","52,43479",6020303.0,Lankwitz Kirche,3829.0
198070,11,1,,2019,8,8,4,3,5,2,0,1,0,0,1,0,0,0,"797648,5536","5828123,815","13,388","52,52175",1011202.0,Unter den Linden Nord,4455.0
198071,11,3,,2019,8,11,3,3,2,5,0,0,1,0,1,0,0,0,"803299,0151","5832238,536","13,47479","52,55551",3051021.0,Buschallee,5764.0
198072,11,2,,2019,8,16,4,3,6,7,0,1,0,1,0,0,0,0,"799037,4848","5825525,393","13,40608","52,4977",2010104.0,Wassertorplatz,4648.0
198073,11,8,,2019,8,12,3,3,2,6,0,1,1,0,0,0,0,0,"800581,6621","5823235,918","13,42669","52,47633",8010117.0,Schillerpromenade,5041.0
198074,11,1,,2019,8,16,4,2,1,5,0,0,1,0,1,0,0,0,"796613,8589","5831758,443","13,37604","52,55489",1044201.0,Reinickendorfer Straße,4264.0
198075,11,1,,2019,8,11,3,3,5,3,0,0,1,0,1,0,0,0,"797681,2015","5832859,991","13,39273","52,56418",1033101.0,Soldiner Straße,4467.0
198076,11,5,,2019,8,11,3,3,6,7,0,0,1,1,0,0,0,0,"789682,9471","5829290,225","13,27195","52,53649",5030832.0,Rohrdamm,2659.0
198077,11,1,,2019,8,15,4,3,5,2,0,0,1,0,1,0,0,0,"796315,8523","5831639,222","13,37155","52,55399",1044201.0,Reinickendorfer Straße,4164.0
198078,11,6,,2019,8,10,3,3,1,5,0,1,1,0,0,0,0,0,"789432,1103","5819803,077","13,26002","52,45157",6040806.0,Fischtal,2534.0
198079,11,4,,2019,8,15,4,2,5,2,0,1,0,0,0,0,1,0,"793381,001","5827323,304","13,32458","52,51688",4030623.0,Ernst-Reuter-Platz,3453.0
198080,11,8,,2019,8,9,3,3,5,3,0,0,1,0,1,0,1,0,"800610,3629","5823149,809","13,42704","52,47554",8010117.0,Schillerpromenade,5041.0
198081,11,12,,2019,8,12,4,3,5,7,0,0,1,0,1,0,0,0,"790382,2859","5834609,562","13,28688","52,58381",12214527.0,Alt-Tegel,2973.0
198082,11,3,,2019,8,9,3,3,0,3,0,0,1,0,0,0,1,0,"802745,303","5839064,717","13,47288","52,617",3030406.0,Alt-Karow,5682.0
198083,11,6,,2019,8,11,4,3,5,3,0,0,1,0,0,0,0,0,"785940,6961","5817242,8","13,20659","52,43046",6040703.0,Nikolassee,1728.0
198084,11,8,,2019,8,8,3,3,5,2,0,1,1,0,0,0,0,0,"802495,323","5822550,456","13,45416","52,46913",8010510.0,Gewerbegebiet Köllnische Heide,5439.0
198085,11,4,,2019,8,7,3,3,5,2,0,1,1,0,0,0,0,0,"791904,161","5827432,757","13,30297","52,51866",4030620.0,Alt-Lietzow,3154.0
198086,11,11,,2019,8,10,4,3,5,5,0,0,1,0,0,0,1,0,"805065,1366","5828068,406","13,49693","52,51715",11030721.0,Rüdigerstraße,6053.0
198087,11,1,,2019,8,10,4,3,5,2,0,0,1,0,0,0,0,0,"793708,979","5828405,774","13,33036","52,52641",1022105.0,Zwinglistraße,3556.0
198088,11,3,,2019,8,7,3,3,5,3,0,1,1,0,0,0,0,0,"799982,6898","5835097,359","13,4286","52,58297",3040614.0,Pankow Zentrum,5073.0
198089,11,11,,2019,8,7,3,2,3,6,0,0,0,0,1,0,1,0,"809149,8274","5834434,031","13,56286","52,5719",11010103.0,Dorf Falkenberg,7069.0
198090,11,1,,2019,8,10,4,2,6,7,0,0,1,1,0,0,0,0,"796249,2749","5828293,77","13,36759","52,52403",1022206.0,Lüneburger Straße,4155.0
198091,11,9,,2019,8,7,3,3,2,6,0,0,1,0,1,0,0,0,"810121,8602","5820417,14","13,5641","52,44573",9020802.0,Köllnische Vorstadt,7032.0
198092,11,9,,2019,8,9,4,3,5,2,0,1,1,0,0,0,0,0,"803087,4944","5824001,539","13,46417","52,4818",9010201.0,Am Treptower Park Süd,5543.0
198093,11,4,,2019,8,15,3,3,1,5,0,0,1,0,0,0,0,0,"791325,5746","5822594,394","13,29024","52,47559",4041238.0,Kissinger Straße,2941.0
198094,11,11,,2019,8,16,3,3,4,6,0,1,1,0,0,0,0,0,"805206,4246","5828089,675","13,49902","52,51726",11030721.0,Rüdigerstraße,6053.0
198095,11,7,,2019,8,9,4,3,5,2,0,1,1,0,0,0,0,0,"798458,0235","5816858,123","13,38982","52,42032",7060603.0,Marienfelde Nordost,4425.0
198096,11,12,,2019,8,15,3,3,0,3,0,0,0,0,1,0,1,1,"790597,9421","5839715,374","13,29454","52,62947",12231102.0,Frohnau,3086.0
198097,11,5,,2019,8,15,3,3,0,3,0,0,1,0,1,0,0,1,"781252,7204","5830770,05","13,14924","52,55418",5010206.0,Gütersloher Weg,864.0
198098,11,3,,2019,8,7,4,3,5,2,0,1,0,0,0,0,1,0,"799143,9981","5829203,411","13,41095","52,53061",3071536.0,Teutoburger Platz,4757.0
198099,11,4,,2019,8,16,3,2,5,7,0,0,1,0,0,0,0,0,"788126,0595","5826660,205","13,24678","52,51374",4020207.0,Flatowallee,2352.0
198100,11,5,,2019,8,15,3,3,0,3,0,0,1,0,1,0,0,0,"784107,4778","5826571,67","13,18764","52,51506",5020628.0,Graetschelsteig,1453.0
198101,11,1,,2019,8,15,4,3,5,2,0,1,1,0,0,0,0,0,"796702,6521","5831625,93","13,37723","52,55366",1044201.0,Reinickendorfer Straße,4264.0
198102,11,1,,2019,8,14,3,3,6,4,0,1,0,1,0,0,0,0,"796484,0914","5831932,031","13,37429","52,55652",1044201.0,Reinickendorfer Straße,4265.0
198103,11,3,,2019,8,15,4,3,4,5,0,1,1,0,0,0,0,0,"799661,5668","5830085,927","13,41935","52,53823",3071537.0,Kollwitzplatz,4859.0
198104,11,11,,2019,8,16,3,3,3,6,0,1,0,0,0,0,0,0,"803242,0889","5829630,813","13,47157","52,53217",11030618.0,Fennpfuhl West,5658.0
198105,11,7,,2019,8,15,4,3,3,6,0,1,1,0,0,0,0,0,"794958,6569","5825649,153","13,34628","52,50103",7010102.0,Nollendorfplatz,3849.0
198106,11,8,,2019,8,14,3,3,0,2,0,0,1,0,1,0,0,0,"800608,4452","5822055,673","13,42602","52,46573",8010118.0,Silbersteinstraße,4938.0
198107,11,3,,2019,8,14,4,3,5,3,0,0,1,0,1,0,0,0,"798134,5278","5833144,702","13,39965","52,56649",3040614.0,Pankow Zentrum,4568.0
198108,11,9,,2019,8,14,3,2,5,2,0,0,1,0,1,0,0,0,"808328,5657","5818867,728","13,53636","52,43286",9020701.0,Adlershof West,6629.0
198109,11,9,,2019,8,16,3,3,5,7,0,0,1,0,1,0,0,0,"814278,2174","5822668,957","13,62717","52,46354",9051702.0,Bölschestraße,7938.0
198110,11,4,,2019,8,14,4,3,6,2,0,0,1,1,0,0,0,0,"790619,1232","5826514,546","13,28329","52,51111",4020313.0,Königin-Elisabeth-Straße,2851.0
198111,11,12,,2019,8,14,4,3,1,5,0,1,1,0,0,0,0,0,"791350,1453","5835733,339","13,30212","52,59337",12304314.0,Ziekowstraße/Freie Scholle,3176.0
198112,11,5,,2019,8,13,3,3,5,2,0,1,1,0,0,0,0,0,"785740,9699","5829268,777","13,21397","52,53838",5030730.0,Zitadellenweg,1859.0
198113,11,1,,2019,8,8,3,3,5,3,0,1,1,0,0,0,0,0,"798594,193","5829506,506","13,40314","52,53362",1011402.0,Arkonaplatz,4658.0
198114,11,8,,2019,8,13,4,2,5,3,0,0,1,0,1,0,0,0,"801372,1812","5823768,391","13,43878","52,48066",8010404.0,Rixdorf,5143.0
198115,11,4,,2019,8,12,3,3,5,7,0,1,1,0,0,0,0,0,"793210,3227","5824255,775","13,31937","52,48948",4051550.0,Leon-Jessel-Platz,3445.0
198116,11,2,,2019,8,13,4,3,5,3,0,0,1,0,0,0,0,0,"800313,1137","5827614,722","13,4267","52,51572",2040701.0,Andreasviertel,5053.0
198117,11,12,,2019,8,16,3,3,3,6,0,0,1,0,0,0,0,0,"792996,0588","5835643,84","13,32627","52,59168",12301203.0,Wittenau Süd,3575.0
198118,11,3,,2019,8,13,4,3,5,3,0,0,1,0,0,0,0,0,"802176,9","5832418,005","13,45845","52,55775",3050920.0,Weißer See,5465.0
198119,11,2,,2019,8,15,3,3,5,3,0,0,1,0,0,0,0,1,"802674,4834","5827248,385","13,46106","52,51113",2050802.0,Boxhagener Platz,5551.0
198120,11,4,,2019,8,13,4,2,1,5,0,0,1,0,0,0,1,0,"792463,4101","5827182,441","13,31097","52,51611",4030620.0,Alt-Lietzow,3253.0
198121,11,3,,2019,8,15,3,3,5,2,0,1,1,0,0,0,0,1,"802416,1299","5829233,278","13,45907","52,52907",3061430.0,Volkspark Prenzlauer Berg,5457.0
198122,11,6,,2019,8,7,4,3,0,2,0,0,1,0,1,0,0,0,"790573,2869","5819746,916","13,27671","52,45046",6040810.0,Dahlem,2734.0
198123,11,12,,2019,8,15,3,3,0,1,0,0,0,0,1,0,0,1,"792371,3784","5834089,693","13,3157","52,57808",12301203.0,Wittenau Süd,3371.0
198124,11,7,,2019,8,12,4,3,1,5,0,1,1,0,0,0,1,0,"795909,52","5825162,448","13,35981","52,49615",7010102.0,Nollendorfplatz,4047.0
198125,11,9,,2019,8,13,5,3,5,7,0,0,1,0,0,0,1,0,"810762,6809","5820884,689","13,57393","52,44956",9051901.0,Dammvorstadt,7133.0
198126,11,10,,2019,8,13,5,3,1,5,0,1,1,0,0,0,0,0,"811523,7931","5827156,263","13,59095","52,50533",10040829.0,Alt-Kaulsdorf,7450.0
198127,11,1,,2019,8,13,5,3,5,2,0,1,1,0,0,0,0,0,"794165,4345","5830317,61","13,33876","52,5433",1044101.0,Rehberge,3661.0
198128,11,1,,2019,8,12,5,3,2,7,0,1,1,0,0,0,0,0,"797713,2172","5827742,369","13,38861","52,51829",1011202.0,Unter den Linden Nord,4454.0
198129,11,1,,2019,8,9,5,2,2,7,0,0,1,0,0,0,0,0,"793981,8463","5828213,025","13,3342","52,52454",1022106.0,Elberfelder Straße,3655.0
198130,11,4,,2019,8,9,5,2,5,2,0,1,0,0,0,1,0,0,"790377,3342","5827305,695","13,28042","52,51833",4020310.0,Park Ruhwald,2854.0
198131,11,1,,2019,8,9,5,3,5,2,0,0,1,0,1,0,0,0,"800217,6184","5826836,19","13,42459","52,5088",1011306.0,Heine-Viertel Ost,4951.0
198132,11,1,,2019,8,9,5,3,0,5,0,0,1,0,1,0,0,0,"794691,0916","5829867,029","13,34609","52,53898",1044202.0,Sparrplatz,3860.0
198133,11,11,,2019,8,9,5,3,5,3,0,1,1,0,0,0,0,0,"804493,4617","5833106,309","13,49315","52,56262",11020411.0,Malchower Weg,5967.0
198134,11,1,,2019,8,8,5,3,5,3,0,0,1,0,0,0,0,0,"796668,0538","5831919,027","13,37698","52,5563",1044201.0,Reinickendorfer Straße,4265.0
198135,11,7,,2019,8,8,5,3,5,2,0,0,1,0,1,0,0,0,"795243,1041","5822265,217","13,34746","52,47054",7030303.0,Grazer Platz,3840.0
198136,11,12,,2019,8,8,5,3,3,6,0,0,1,0,0,1,0,0,"793377,6881","5832523,965","13,32912","52,56351",12214424.0,Scharnweberstraße,3567.0
198137,11,1,,2019,8,8,5,3,5,2,0,1,1,0,0,0,0,0,"795547,8192","5828216,315","13,35721","52,52372",1022206.0,Lüneburger Straße,3955.0
198138,11,2,,2019,8,8,5,3,5,2,0,1,1,0,0,0,0,0,"800682,9989","5828487,434","13,43292","52,52334",2040502.0,Friedenstraße,5055.0
198139,11,9,,2019,8,7,5,3,5,2,0,1,1,0,0,0,0,0,"807993,4899","5820988,578","13,53341","52,45206",9020601.0,Schnellerstraße,6534.0
198140,11,7,,2019,8,3,5,3,6,6,2,0,0,1,0,0,1,0,"794871,7443","5825151,88","13,34456","52,49661",7010101.0,Wittenbergplatz/Viktoria-Luise-Platz,3747.0
198141,11,12,,2019,8,10,5,3,0,1,0,0,0,0,1,0,0,0,"790969,4582","5839059,932","13,29944","52,62339",12231101.0,Hermsdorf,3184.0
198142,11,12,,2019,8,16,4,3,5,2,0,1,1,0,0,0,0,0,"793549,3751","5832363,97","13,33151","52,56198",12214424.0,Scharnweberstraße,3566.0
198143,11,12,,2019,8,16,4,3,0,1,0,0,1,0,1,0,0,0,"790912,0196","5836075,853","13,29597","52,59667",12304314.0,Ziekowstraße/Freie Scholle,3077.0
198144,11,2,,2019,8,4,4,3,5,3,2,0,1,0,0,0,0,1,"797613,612","5825516,809","13,38516","52,4984",2020202.0,Rathaus Yorckstraße,4348.0
198145,11,3,,2019,8,19,4,3,2,2,2,0,1,0,1,0,0,0,"798279,9804","5831806,93","13,40059","52,55442",3061126.0,Arnimplatz,4664.0
198146,11,4,,2019,8,19,4,3,5,3,1,0,1,0,1,0,0,0,"792153,9557","5827387,865","13,3066","52,51812",4030620.0,Alt-Lietzow,3254.0
198147,11,6,,2019,8,18,4,3,5,2,0,0,1,0,1,0,0,0,"795319,9544","5819776,99","13,34639","52,44819",6010205.0,Südende,3833.0
198148,11,7,,2019,8,18,4,3,5,7,0,1,0,0,0,0,1,0,"793975,5858","5821710,854","13,32837","52,46625",7030301.0,Friedenau,3538.0
198149,11,2,,2019,8,17,4,3,1,5,0,0,1,0,1,0,0,0,"797765,6944","5826033,166","13,38785","52,50294",2010101.0,Askanischer Platz,4449.0
198150,11,2,,2019,8,16,4,3,1,5,0,1,1,0,0,0,0,0,"803387,508","5827907,456","13,47213","52,51665",2050602.0,Samariterviertel,5653.0
198151,11,2,,2019,8,18,4,3,3,6,0,1,1,0,0,0,0,0,"799873,7068","5825357,012","13,41821","52,49573",2020206.0,Graefekiez,4847.0
198152,11,5,,2019,8,17,4,3,0,3,0,1,1,0,0,0,0,0,"780077,7011","5827688,408","13,12936","52,52715",5020521.0,Döberitzer Weg,556.0
198153,11,6,,2019,8,14,4,2,2,6,0,0,1,0,0,0,1,0,"793570,7253","5817998,586","13,31916","52,43319",6020409.0,Königsberger Straße,3429.0
198154,11,7,,2019,8,17,4,3,3,6,0,1,1,0,0,0,0,0,"794359,0268","5822247,024","13,33447","52,47085",7030301.0,Friedenau,3640.0
198155,11,4,,2019,8,17,4,3,0,4,0,1,0,1,0,0,0,0,"793463,7422","5824621,626","13,32341","52,49262",4051652.0,Nikolsburger Platz,3446.0
198156,11,7,,2019,8,15,4,3,3,6,0,1,1,0,0,0,0,0,"795727,2576","5824969,538","13,35697","52,49452",7010102.0,Nollendorfplatz,3947.0