OBJECTID,LAND,BEZ,LOR_ab_2021,UJAHR,UMONAT,USTUNDE,UWOCHENTAG,UKATEGORIE,UART,UTYP1,ULICHTVERH,IstRad,IstPKW,IstFuss,IstKrad,IstGkfz,IstSonstige,USTRZUSTAND,LINREFX,LINREFY,XGCSWGS84,YGCSWGS84,LOR,STRASSE,quadrant
198326,11,7,,2019,8,15,6,3,2,7,0,0,1,0,0,0,0,0,"799433,6575","5817747,153","13,40492","52,42776",7050505.0,Hundsteinweg,4627.0
198327,11,9,,2019,8,16,6,3,5,2,0,1,1,0,0,0,0,0,"807652,934","5815400,169","13,52327","52,40216",9030902.0,Wohngebiet II,6420.0
198328,11,12,,2019,8,14,6,3,5,7,0,0,1,0,1,0,0,0,"790630,4004","5835827,695","13,2916","52,5946",12304314.0,Ziekowstraße/Freie Scholle,2976.0
198329,11,4,,2019,8,18,6,3,0,7,0,0,0,0,0,0,1,0,"791512,1869","5828130,99","13,29782","52,52513",4030518.0,Tegeler Weg,3056.0
198330,11,9,,2019,8,17,6,3,2,6,0,1,1,0,0,0,0,0,"811432,6706","5819474,455","13,58244","52,43654",9041301.0,Kietzer Feld/Nachtheide,7330.0
198331,11,7,,2019,8,2,6,2,8,7,2,1,1,0,0,0,0,0,"796645,0547","5815862,454","13,36236","52,41238",7060604.0,Marienfelde Süd,4023.0
198332,11,3,,2019,8,7,6,3,2,6,0,0,1,0,1,0,0,0,"799182,1473","5831775,365","13,41383","52,55364",3061126.0,Arnimplatz,4864.0
198333,11,3,,2019,8,7,6,3,5,3,0,0,1,0,0,0,0,0,"803393,7433","5833112,228","13,47698","52,56329",3051017.0,Rennbahnstraße,5767.0
198334,11,10,,2019,8,7,6,3,1,5,0,1,1,0,0,0,0,0,"809366,3268","5829235,102","13,5612","52,52519",10030724.0,Oberfeldstraße,7056.0
198335,11,11,,2019,8,6,6,3,1,7,0,0,1,0,0,0,0,0,"805978,4899","5826277,409","13,5087","52,50059",11041128.0,Sewanstraße,6248.0
198336,11,1,,2019,8,0,6,2,0,1,2,1,0,0,0,0,0,0,"799499,6351","5826668,556","13,41389","52,50769",1011305.0,Heine-Viertel West,4850.0
198337,11,1,,2019,8,13,6,3,0,5,0,1,1,0,0,0,0,0,"794543,7657","5829040,924","13,34319","52,53165",1022104.0,Emdener Straße,3757.0
198338,11,4,,2019,8,13,6,3,2,6,0,0,1,0,0,0,0,0,"791039,1783","5824879,449","13,28803","52,49623",4031032.0,Halensee,2947.0
198339,11,3,,2019,8,13,6,3,3,6,0,0,1,0,0,0,0,0,"803714,4017","5839273,64","13,48734","52,61833",3030405.0,Karow Nord,5983.0
198340,11,7,,2019,8,13,6,3,1,5,0,0,1,0,1,0,0,0,"797197,7923","5823488,604","13,37724","52,48044",7040401.0,Neu-Tempelhof,4243.0
198341,11,10,,2019,8,12,6,3,8,1,0,0,0,0,1,0,0,0,"810981,7664","5830923,061","13,58651","52,53939",10020413.0,Gut Hellersdorf,7360.0
198342,11,12,,2019,8,12,6,3,5,2,0,1,1,0,0,0,0,0,"790807,8287","5834063,812","13,29267","52,57869",12214125.0,Waldidyll/Flughafensee,3071.0
198343,11,3,,2019,8,11,6,3,5,3,0,1,1,0,0,0,0,0,"803213,496","5838294,556","13,47907","52,60984",3030406.0,Alt-Karow,5780.0
198344,11,4,,2019,8,11,6,3,5,2,0,0,1,0,0,0,0,0,"792215,1299","5826873,904","13,30705","52,51348",4030622.0,Richard-Wagner-Straße,3252.0
198345,11,1,,2019,8,11,6,2,0,7,0,0,1,0,0,0,1,0,"796805,5748","5831258,191","13,37841","52,5503",1033203.0,Humboldthain Nordwest,4263.0
198346,11,2,,2019,8,10,6,3,2,6,0,0,1,0,0,0,0,0,"801686,8795","5825869,68","13,4453","52,49932",2030402.0,Wrangelkiez,5248.0
198347,11,4,,2019,8,10,6,2,6,2,0,0,1,1,0,0,0,0,"791778,1502","5827053,66","13,30079","52,51533",4030417.0,Schloßstraße,3153.0
198348,11,3,,2019,8,10,6,3,9,1,0,0,1,0,0,0,0,0,"797647,0186","5838779,393","13,39754","52,61726",3020203.0,Blankenfelde,4583.0
198349,11,4,,2019,8,10,6,3,5,3,0,1,0,0,0,0,1,0,"789514,4306","5824664,94","13,26545","52,49512",4020209.0,Eichkamp,2647.0
198350,11,1,,2019,8,9,6,3,5,3,0,1,1,0,0,0,0,0,"798295,2768","5828774,576","13,39809","52,52723",1011302.0,Oranienburger Straße,4556.0
198351,11,1,,2019,8,9,6,3,5,2,0,1,0,0,0,1,0,0,"798081,4207","5830001,1","13,39605","52,53834",1033201.0,Brunnenstraße,4559.0
198352,11,10,,2019,8,10,6,3,3,6,0,1,0,0,0,0,1,0,"809827,5043","5834061,469","13,57248","52,56817",10010102.0,Havemannstraße,7168.0
198353,11,3,,2019,8,8,6,3,5,3,0,0,1,0,0,0,0,0,"800771,1214","5832134,759","13,43752","52,55598",3050923.0,Weißenseer Spitze,5165.0
198354,11,8,,2019,8,10,6,3,5,2,0,1,1,0,0,0,0,0,"801063,6899","5824921,084","13,43529","52,49117",8010301.0,Reuterkiez,5146.0
198355,11,5,,2019,8,17,5,3,5,3,0,0,1,0,0,0,0,0,"785160,8257","5829594,063","13,20572","52,5416",5010312.0,Kurstraße,1760.0
198356,11,1,,2019,8,8,6,3,1,5,0,0,1,0,1,0,0,0,"794737,1235","5827921,657","13,34504","52,52152",1022207.0,Hansaviertel,3755.0
198357,11,10,,2019,8,8,6,3,5,2,0,1,1,0,0,0,0,0,"813056,0504","5830189,813","13,61631","52,53163",10020517.0,Adele-Sandrock-Straße,7857.0
198358,11,1,,2019,8,16,5,3,1,7,0,1,1,0,0,0,0,0,"794471,7764","5826103,989","13,33953","52,50537",1011101.0,Stülerstraße,3750.0
198359,11,1,,2019,8,8,6,3,5,2,0,0,1,0,1,0,0,0,"796662,2414","5832016,891","13,37698","52,55718",1033101.0,Soldiner Straße,4265.0
198360,11,4,,2019,8,9,6,3,1,5,0,1,1,0,0,0,0,0,"791519,3604","5825076,898","13,29525","52,49774",4031032.0,Halensee,3048.0
198361,11,3,,2019,8,16,5,3,0,6,0,1,0,0,0,0,1,0,"800676,1451","5831379,892","13,43544","52,54927",3061228.0,Erich-Weinert-Straße,5163.0
198362,11,4,,2019,8,9,6,3,1,5,0,1,0,0,0,0,1,0,"792496,9924","5825773,292","13,31023","52,50346",4030929.0,Hindemithplatz,3249.0
198363,11,3,,2019,8,9,5,2,5,2,0,1,1,0,0,0,0,0,"802413,2504","5829232,049","13,45902","52,52906",3061430.0,Volkspark Prenzlauer Berg,5457.0
198364,11,7,,2019,8,15,6,2,5,2,0,1,0,0,0,0,1,0,"796687,5014","5824815,48","13,37093","52,49262",7010104.0,Dennewitzplatz,4146.0
198365,11,3,,2019,8,14,5,3,5,2,0,1,1,0,0,0,0,0,"800237,8485","5831183,083","13,42881","52,54775",3061228.0,Erich-Weinert-Straße,5062.0
198366,11,1,,2019,8,15,6,3,0,1,0,0,0,0,1,0,0,0,"795623,3802","5830524,891","13,36038","52,54437",1044202.0,Sparrplatz,4061.0
198367,11,2,,2019,8,9,5,3,6,7,0,0,1,1,0,0,0,0,"797959,767","5826222,35","13,39087","52,50453",2010102.0,Mehringplatz,4450.0
198368,11,2,,2019,8,9,6,3,5,3,0,1,1,0,0,0,0,0,"801755,4664","5826262,313","13,44666","52,50281",2040703.0,Wriezener Bahnhof/Entwicklungsgebiet,5249.0
198369,11,4,,2019,8,18,5,3,6,2,0,0,1,1,0,0,0,0,"793139,5995","5825769,424","13,31966","52,50308",4030930.0,George-Grosz-Platz,3449.0
198370,11,1,,2019,8,14,6,2,5,3,0,1,1,0,0,0,0,0,"796322,4473","5825939,404","13,36657","52,50289",1011104.0,Körnerstraße,4149.0
198371,11,7,,2019,8,18,5,3,1,5,0,1,1,0,0,0,0,0,"798092,7355","5818431,367","13,38587","52,43462",7050502.0,Fritz-Werner-Straße,4329.0
198372,11,8,,2019,8,23,5,3,2,2,2,0,1,0,0,0,0,0,"800790,8062","5824328,663","13,43075","52,48601",8010301.0,Reuterkiez,5044.0
198373,11,6,,2019,8,14,6,3,5,2,0,0,1,0,1,0,0,0,"794656,7601","5820891,288","13,33764","52,45854",6010209.0,Feuerbachstraße,3636.0
198374,11,11,,2019,8,22,5,3,0,1,2,1,0,0,0,0,0,0,"803787,423","5826193,366","13,47644","52,50106",11051229.0,Rummelsburg,5749.0
198375,11,8,,2019,8,14,6,3,2,6,0,0,1,0,0,0,0,0,"802661,4427","5818106,211","13,45257","52,4292",8030830.0,Gropiusstadt Süd,5328.0
198376,11,1,,2019,8,22,5,3,2,6,2,0,1,0,1,0,0,0,"799639,0966","5828700,216","13,41777","52,52582",1011303.0,Alexanderplatzviertel,4856.0
198377,11,5,,2019,8,20,5,3,2,6,0,0,1,0,0,0,0,0,"784654,507","5828610,657","13,19743","52,53305",5020625.0,Borkumer Straße,1558.0
198378,11,6,,2019,8,14,6,3,0,6,0,1,0,0,0,0,0,0,"795421,702","5818017,868","13,34632","52,43237",6020303.0,Lankwitz Kirche,3828.0
198379,11,12,,2019,8,20,5,3,6,7,1,0,1,1,0,0,0,0,"795688,2284","5837006,102","13,36711","52,60244",12302109.0,Treuenbrietzener Straße,4178.0
198380,11,3,,2019,8,9,6,3,5,3,0,1,1,0,0,0,0,0,"800107,8411","5831704,331","13,42737","52,55249",3061227.0,Humannplatz,5064.0
198381,11,1,,2019,8,18,5,3,2,7,0,1,1,0,0,0,0,0,"795552,037","5830735,247","13,35952","52,5463",1044202.0,Sparrplatz,4062.0
198382,11,11,,2019,8,14,6,2,2,2,0,1,1,0,0,0,0,0,"804735,6719","5831197,811","13,49496","52,54538",11020514.0,Große-Leege-Straße,6062.0
198383,11,10,,2019,8,17,5,3,0,7,0,1,0,0,0,0,0,0,"812538,0793","5825004,972","13,60383","52,48547",10040933.0,Mahlsdorf Süd,7644.0
198384,11,6,,2019,8,13,6,2,0,3,0,1,0,0,1,0,0,0,"787137,1802","5817203,306","13,22411","52,42947",6040703.0,Nikolassee,1928.0
198385,11,1,,2019,8,17,5,3,1,1,0,0,1,0,1,0,0,0,"798844,8777","5827406,885","13,40494","52,51467",1011204.0,Leipziger Straße,4653.0
198386,11,1,,2019,8,17,5,3,2,6,0,0,1,0,0,0,0,0,"799411,0447","5826447,833","13,41239","52,50576",1011305.0,Heine-Viertel West,4750.0
198387,11,8,,2019,8,13,6,3,5,2,0,0,1,0,0,0,0,0,"802364,1047","5819912,369","13,44985","52,44555",8020622.0,Parchimer Allee,5332.0
198388,11,8,,2019,8,13,6,3,5,2,0,1,1,0,0,0,0,0,"805240,4291","5818112,762","13,49039","52,42783",8041037.0,Alt-Rudow,5927.0
198389,11,11,,2019,8,17,5,3,0,6,0,1,0,0,0,0,0,0,"807213,4817","5825535,11","13,52615","52,49324",11051330.0,Karlshorst West,6446.0
198390,11,3,,2019,8,13,6,3,5,3,0,0,1,0,0,0,0,0,"799483,2694","5831961,425","13,41842","52,55514",3040818.0,Pankow Süd,4864.0
198391,11,1,,2019,8,16,5,3,5,3,0,1,1,0,0,0,0,0,"795460,5523","5830151,393","13,35765","52,54111",1044202.0,Sparrplatz,3960.0
198392,11,7,,2019,8,13,6,3,2,6,0,1,1,0,0,0,0,0,"798029,2977","5821092,815","13,38731","52,45852",7040405.0,Rathaus Tempelhof,4436.0
198393,11,3,,2019,8,16,5,2,0,1,0,0,0,0,1,0,0,1,"796252,8901","5836386,066","13,37487","52,59657",3040508.0,Rosenthal,4276.0
198394,11,7,,2019,8,15,5,3,5,2,0,1,1,0,0,0,0,0,"798741,1515","5823947,037","13,40031","52,48371",7040401.0,Neu-Tempelhof,4643.0
198395,11,1,,2019,8,8,6,3,2,6,0,1,1,0,0,0,0,0,"795142,2051","5827068,647","13,35023","52,51365",1011102.0,Großer Tiergarten,3852.0
198396,11,1,,2019,8,8,6,2,4,6,0,1,1,0,0,0,0,0,"797656,124","5826533,363","13,38669","52,50749",1011201.0,Wilhelmstraße,4450.0
198397,11,9,,2019,8,15,5,3,0,6,0,1,1,0,0,0,0,0,"810290,5475","5820232,745","13,5664","52,44398",9020802.0,Köllnische Vorstadt,7032.0
198398,11,7,,2019,8,15,5,3,6,4,0,0,1,1,0,0,0,0,"795109,3886","5825630,814","13,34848","52,50078",7010102.0,Nollendorfplatz,3848.0
198399,11,6,,2019,8,7,6,3,5,3,0,1,1,0,0,0,0,0,"794305,8176","5820843,585","13,33245","52,4583",6010209.0,Feuerbachstraße,3536.0
198400,11,9,,2019,8,15,5,3,2,6,0,0,1,0,0,0,0,0,"808550,2719","5821662,088","13,5422","52,45778",9020502.0,Oberschöneweide Ost,6736.0
198401,11,1,,2019,8,7,6,3,4,4,0,1,0,1,0,0,0,0,"794565,5548","5828688,546","13,3432","52,52848",1022104.0,Emdener Straße,3757.0
198402,11,1,,2019,8,16,5,3,5,3,0,1,1,0,0,0,0,1,"796705,2814","5831623,596","13,37727","52,55363",1044201.0,Reinickendorfer Straße,4264.0
198403,11,1,,2019,8,16,5,3,5,3,0,1,1,0,0,0,0,0,"798164,3527","5827654,87","13,39516","52,51726",1011202.0,Unter den Linden Nord,4553.0
198404,11,8,,2019,8,7,6,3,1,4,0,0,1,1,1,0,0,0,"801522,7374","5820826,28","13,43833","52,45421",8020619.0,Buschkrugallee Nord,5135.0
198405,11,3,,2019,8,15,5,3,6,4,0,0,1,1,0,0,0,0,"801899,622","5831983,95","13,45398","52,55401",3050920.0,Weißer See,5464.0
198406,11,4,,2019,8,6,6,3,5,3,0,0,1,0,1,0,0,0,"790313,5771","5826032,152","13,27838","52,50695",4020313.0,Königin-Elisabeth-Straße,2750.0
198407,11,7,,2019,8,15,5,3,5,7,0,1,1,0,0,0,0,0,"795138,7782","5825315,223","13,34863","52,49793",7010102.0,Nollendorfplatz,3848.0
198408,11,5,,2019,8,6,6,3,5,2,0,1,1,0,0,0,0,0,"785169,3366","5829353,742","13,20564","52,53945",5010314.0,Carl-Schurz-Straße,1760.0
198409,11,2,,2019,8,14,5,2,6,4,0,0,1,1,0,0,0,0,"801966,1795","5829057,2","13,45229","52,52774",3061435.0,Conrad-Blenkle-Straße,5356.0
198410,11,3,,2019,8,14,5,3,5,3,0,1,1,0,0,0,0,0,"799498,5859","5831955,332","13,41864","52,55508",3040818.0,Pankow Süd,4864.0
198411,11,12,,2019,8,13,5,3,2,6,0,0,1,0,0,0,0,0,"792902,968","5835251,063","13,32455","52,58821",12301203.0,Wittenau Süd,3474.0
198412,11,1,,2019,8,13,5,3,2,6,0,0,1,0,1,0,0,0,"798237,0972","5829359,982","13,39776","52,53251",1011401.0,Invalidenstraße,4558.0
198413,11,1,,2019,8,23,5,3,2,6,2,0,1,0,0,0,0,0,"796221,3014","5828479,042","13,36734","52,52571",1022206.0,Lüneburger Straße,4156.0
198414,11,12,,2019,8,17,5,3,5,3,0,0,1,0,1,0,0,0,"788332,6224","5832049,025","13,25449","52,56194",12214125.0,Waldidyll/Flughafensee,2466.0
198415,11,3,,2019,8,12,5,3,2,6,0,0,1,0,0,0,0,0,"799062,2721","5833193,75","13,41334","52,56642",3040818.0,Pankow Süd,4868.0
198416,11,1,,2019,8,10,5,3,0,2,0,1,1,0,0,0,0,0,"793674,4089","5828112,209","13,32959","52,5238",1022106.0,Elberfelder Straße,3555.0
198417,11,2,,2019,8,17,5,3,5,2,0,1,1,0,0,0,0,0,"799113,4154","5826283,725","13,40787","52,50445",2010103.0,Moritzplatz,4750.0
198418,11,6,,2019,8,10,5,3,5,2,0,0,1,0,1,0,0,0,"790571,965","5815974,672","13,27342","52,41665",6030504.0,Teltower Damm,2724.0
198419,11,10,,2019,8,17,5,3,5,2,0,1,1,0,0,0,0,0,"810053,6742","5831662,224","13,57356","52,54655",10010311.0,Landsberger Tor,7162.0
198420,11,2,,2019,8,10,5,3,2,6,0,0,1,0,0,0,0,0,"801011,697","5825883,728","13,4354","52,49982",2030302.0,Lausitzer Platz,5148.0
198421,11,12,,2019,8,15,5,2,5,2,0,1,1,0,0,0,0,0,"793495,5542","5832425,534","13,33077","52,56256",12214424.0,Scharnweberstraße,3567.0
198422,11,5,,2019,8,16,5,3,5,3,0,0,1,0,0,0,0,0,"787735,5191","5828231,707","13,2424","52,52804",5010339.0,Freiheit,2256.0
198423,11,11,,2019,8,16,5,3,5,3,0,1,1,0,0,0,0,0,"804284,0592","5828424,809","13,48578","52,52078",11030721.0,Rüdigerstraße,5854.0
198424,11,12,,2019,8,12,5,3,0,7,0,0,1,0,0,0,0,0,"788053,427","5839250,737","13,25665","52,62666",12224230.0,Heiligensee,2485.0
198425,11,11,,2019,8,17,5,2,0,1,0,0,0,0,1,0,0,0,"803192,1709",5829600,"13,47081","52,53192",11030618.0,Fennpfuhl West,5658.0
198426,11,2,,2019,8,9,5,3,5,2,0,1,1,0,0,0,0,0,"798309,3794","5825390,151","13,39526","52,49688",2020204.0,Urbanstraße,4547.0
198427,11,2,,2019,8,16,5,3,0,4,0,1,0,1,0,0,0,0,"802370,6601","5826043,477","13,4555","52,5005",2050803.0,Stralauer Kiez,5448.0
198428,11,7,,2019,8,9,5,2,1,5,0,0,1,0,1,0,0,0,"798407,4927","5821902,524","13,39358","52,46557",7040405.0,Rathaus Tempelhof,4538.0
198429,11,1,,2019,8,9,5,3,5,3,0,1,0,0,0,0,1,0,"797859,3259","5829059,972","13,39194","52,53002",1011401.0,Invalidenstraße,4457.0
198430,11,2,,2019,8,16,5,3,5,2,0,0,1,0,1,0,0,0,"801248,901","5827827,504","13,44064","52,51711",2040502.0,Friedenstraße,5253.0
198431,11,4,,2019,8,8,5,3,2,6,0,0,1,0,0,0,0,0,"793044,7455","5826934,701","13,3193","52,51358",4030623.0,Ernst-Reuter-Platz,3452.0
198432,11,4,,2019,8,16,5,3,2,6,0,0,1,0,0,0,1,0,"792076,4537","5825815,858","13,30409","52,50407",4030726.0,Droysenstraße,3149.0
198433,11,7,,2019,8,8,5,3,2,6,0,1,1,0,0,0,0,0,"797179,0299","5823326,309","13,37682","52,479",7040401.0,Neu-Tempelhof,4242.0
198434,11,5,,2019,8,16,5,3,2,6,0,0,1,0,0,0,0,0,"785981,2453","5829237,792","13,21748","52,53798",5030730.0,Zitadellenweg,1859.0
198435,11,9,,2019,8,8,5,3,3,6,0,1,0,0,0,0,1,0,"807485,6889","5819535,716","13,52462","52,43932",9010402.0,Johannisthal Ost,6431.0
198436,11,2,,2019,8,15,5,2,5,3,0,1,0,0,1,0,0,0,"796996,9136","5823989,132","13,37474","52,48504",2020203.0,Viktoriapark,4244.0
198437,11,12,,2019,8,8,5,3,6,4,0,0,1,1,0,0,0,0,"793343,9246","5832881,72","13,32894","52,56673",12214424.0,Scharnweberstraße,3568.0
198438,11,2,,2019,8,7,5,3,0,1,0,1,0,0,0,0,0,0,"797726,9853","5824595,16","13,386","52,49007",2020203.0,Viktoriapark,4345.0
198439,11,10,,2019,8,15,5,3,2,6,0,0,1,0,0,0,0,0,"811541,362","5830311,123","13,59416","52,53359",10020413.0,Gut Hellersdorf,7458.0
198440,11,1,,2019,8,15,5,3,3,6,0,0,1,0,0,0,0,0,"797666,1466","5831849,729","13,3916","52,55514",1033102.0,Gesundbrunnen,4464.0
198441,11,12,,2019,8,7,5,3,5,3,0,1,1,0,0,0,0,0,"790202,1849","5840072,232","13,28902","52,63288",12231102.0,Frohnau,2987.0
198442,11,8,,2019,8,7,5,3,5,2,0,1,1,0,0,0,0,0,"801480,2777","5823165,517","13,43982","52,4752",8010212.0,Rollberg,5141.0
198443,11,2,,2019,8,23,5,2,6,6,2,0,1,1,0,0,0,0,"799970,4214","5825685,209","13,41992","52,49862",2030301.0,Oranienplatz,4848.0
198444,11,3,,2019,8,7,5,3,1,5,0,1,1,0,0,0,0,0,"800273,9053","5829997,352","13,42827","52,5371",3071638.0,Winsstraße,5059.0
198445,11,2,,2019,8,22,5,3,1,5,2,1,1,0,1,0,0,0,"799646,7109","5825118,546","13,41466","52,49372",2020206.0,Graefekiez,4846.0
198446,11,9,,2019,8,5,5,3,5,3,0,1,1,0,0,0,0,0,"807725,1774","5817906,97","13,52663","52,42459",9030901.0,Dorf Altglienicke,6426.0
198447,11,1,,2019,8,7,5,3,5,3,0,0,1,0,0,0,0,0,"795171,7893","5830814,274","13,35399","52,54721",1044103.0,Westliche Müllerstraße,3962.0
198448,11,3,,2019,8,10,5,3,2,6,0,1,1,0,0,0,0,0,"798442,0595","5832220,368","13,40334","52,55803",3040818.0,Pankow Süd,4665.0
198449,11,8,,2019,8,7,5,3,2,6,0,0,1,0,1,0,0,0,"801441,6458","5820297,887","13,43666","52,44952",8020622.0,Parchimer Allee,5133.0
198450,11,1,,2019,8,18,4,2,6,4,1,1,0,1,0,0,0,0,"798185,736","5827419,451","13,39527","52,51514",1011203.0,Unter den Linden Süd,4553.0
198451,11,4,,2019,8,20,5,3,0,7,1,1,0,0,0,0,0,0,"793453,8798","5823877,445","13,32261","52,48595",4051654.0,Wilhelmsaue,3444.0
198452,11,4,,2019,8,8,4,3,5,3,0,0,1,0,0,0,0,0,"793822,7688","5824454,86","13,32854","52,49093",4051652.0,Nikolsburger Platz,3546.0
198453,11,1,,2019,8,18,4,3,6,4,1,1,0,1,0,0,0,0,"798178,5838","5827418,388","13,39516","52,51513",1011203.0,Unter den Linden Süd,4553.0
198454,11,11,,2019,8,19,5,3,5,2,0,1,0,0,1,0,0,0,"803298,3376","5826311,12","13,46937","52,50239",2050803.0,Stralauer Kiez,5649.0
198455,11,2,,2019,8,12,4,3,5,2,0,1,0,0,0,0,1,0,"797922,37","5826457,303","13,39053","52,50666",2010102.0,Mehringplatz,4450.0
198456,11,3,,2019,8,18,5,2,5,3,0,1,0,0,0,0,0,0,"801465,6586","5829795,009","13,44561","52,53463",3061434.0,Anton-Saefkow-Park,5258.0
198457,11,6,,2019,8,9,4,3,2,7,0,0,1,0,0,0,0,0,"793872,9581","5820987,437","13,32622","52,45982",6010103.0,Markelstraße,3536.0
198458,11,6,,2019,8,18,5,3,2,6,0,0,1,0,0,0,0,0,"795828,7491","5818153,303","13,35241","52,43336",6020301.0,Alt-Lankwitz,3829.0
198459,11,6,,2019,8,12,4,3,0,6,0,1,1,0,0,0,0,0,"794895,5062","5817963,441","13,33856","52,43216",6020304.0,Kaiser-Wilhelm-Straße,3628.0
198460,11,2,,2019,8,18,5,3,5,2,0,0,1,0,1,0,0,0,"800638,7984","5825281,293","13,42938","52,49463",2030401.0,Reichenberger Straße,5047.0
198461,11,12,,2019,8,21,4,2,1,5,2,0,1,0,1,0,0,0,"792801,2499","5832751,247","13,32084","52,56585",12214424.0,Scharnweberstraße,3467.0
198462,11,10,,2019,8,21,4,2,5,2,2,0,1,0,1,0,0,0,"807954,0506","5830178,217","13,54132","52,53444",10010309.0,Springpfuhl,6758.0
198463,11,7,,2019,8,14,5,3,2,6,0,0,1,0,0,0,1,0,"797326,1678","5822160,66","13,37794","52,46847",7040403.0,Manteuffelstraße,4239.0
198464,11,4,,2019,8,14,5,2,0,7,0,1,0,0,0,0,0,0,"790436,5368","5823930,587","13,27835","52,48804",4041134.0,Bismarckallee,2745.0
198465,11,6,,2019,8,19,4,3,5,3,0,1,1,0,0,0,0,0,"792032,6094","5819499,555","13,29791","52,44747",6030605.0,Botanischer Garten,3033.0
198466,11,2,,2019,8,18,4,3,5,3,0,1,0,0,0,0,1,0,"800087,0618","5825638,252","13,42159","52,49813",2030301.0,Oranienplatz,4948.0
198467,11,6,,2019,8,14,5,3,0,5,0,0,0,0,1,0,1,0,"787893,7713","5818427,453","13,23626","52,44005",6040804.0,Krumme Lanke,2131.0
198468,11,4,,2019,8,18,4,3,5,3,0,1,1,0,0,0,0,0,"792314,9976","5824568,099","13,3065","52,49276",4051445.0,Eisenzahnstraße,3246.0
198469,11,8,,2019,8,14,5,3,5,3,0,0,1,0,0,0,1,0,"802145,9004","5817752,848","13,44469","52,42632",8020728.0,Buckow Ost,5227.0
198470,11,10,,2019,8,19,4,2,1,1,0,0,1,0,1,0,0,0,"807604,1714","5832730,5","13,53854","52,55751",10010203.0,Gewerbegebiet Bitterfelder Straße,6665.0
198471,11,7,,2019,8,13,5,2,1,5,0,0,1,0,1,0,0,0,"799628,0443","5813972,831","13,40439","52,39382",7070703.0,John-Locke-Straße,4617.0
198472,11,12,,2019,8,16,4,2,0,7,0,0,1,1,0,0,0,0,"795668,8017","5833194,238","13,36342","52,56828",12103115.0,Breitkopfbecken,4068.0
198473,11,1,,2019,8,13,5,3,6,4,0,1,0,1,0,0,0,0,"798611,5993","5828991,258","13,40293","52,529",1011302.0,Oranienburger Straße,4657.0
198474,11,7,,2019,8,18,4,3,5,2,0,1,1,0,0,0,0,0,"796846,3782","5822343,865","13,37106","52,47037",7040403.0,Manteuffelstraße,4140.0
198475,11,9,,2019,8,12,5,3,3,6,0,0,1,0,0,0,0,0,"811302,9342","5821565,655","13,58249","52,45535",9051901.0,Dammvorstadt,7335.0
198476,11,1,,2019,8,17,4,3,0,5,0,1,1,0,0,0,0,0,"796676,9797","5829751,436","13,37518","52,53687",1011301.0,Charitéviertel,4259.0
198477,11,4,,2019,8,10,5,3,2,6,0,0,1,0,0,0,1,0,"791894,4379","5823948,627","13,29978","52,48743",4041137.0,Flinsberger Platz,3145.0
198478,11,2,,2019,8,9,5,3,3,6,0,1,1,0,0,0,0,0,"801461,7987","5826399,787","13,44247","52,5042",2040703.0,Wriezener Bahnhof/Entwicklungsgebiet,5249.0
198479,11,8,,2019,8,9,5,3,5,2,0,1,1,0,0,0,0,0,"800975,3024","5823486,157","13,4327","52,47835",8010212.0,Rollberg,5042.0
198480,11,6,,2019,8,8,5,3,2,6,0,1,1,0,0,0,0,0,"793084,8394","5821596,447","13,31519","52,4657",6010103.0,Markelstraße,3338.0
198481,11,1,,2019,8,8,5,3,2,6,0,0,1,0,1,1,0,0,"797640,7595","5828756,597","13,38845","52,52742",1011302.0,Oranienburger Straße,4456.0
198482,11,3,,2019,8,7,5,3,5,3,0,1,1,0,0,0,0,0,"801739,727","5833471,906","13,45298","52,56743",3030715.0,Heinersdorf,5368.0
198483,11,2,,2019,8,7,5,3,2,6,0,0,1,0,0,0,0,0,"799581,9113","5824899,881","13,41351","52,49179",2020206.0,Graefekiez,4846.0
198484,11,2,,2019,8,7,5,3,5,2,0,1,1,0,0,0,0,0,"798675,2355","5826439,932","13,40158","52,50609",2010102.0,Mehringplatz,4650.0
198485,11,9,,2019,8,7,5,3,5,2,0,1,1,0,0,0,0,0,"810538,7594","5823205,449","13,5728","52,47048",9052001.0,Köpenick Nord,7140.0
198486,11,11,,2019,8,18,5,2,1,1,0,0,1,0,1,0,0,0,"806260,768","5834078,197","13,52003","52,57034",11010206.0,Wartenberg Süd,6369.0
198487,11,9,,2019,8,16,5,2,0,3,0,0,1,0,1,0,0,0,"814217,5797","5821995,719","13,62565","52,45754",9051702.0,Bölschestraße,7936.0
198488,11,6,,2019,8,10,5,2,1,5,0,1,1,0,0,0,0,0,"793617,9659","5819199,879","13,32091","52,44393",6030606.0,Hindenburgdamm,3432.0
198489,11,7,,2019,8,14,5,2,0,1,0,1,0,0,0,0,0,0,"796025,33","5824503,48","13,36093","52,49018",7010104.0,Dennewitzplatz,4045.0
198490,11,5,,2019,8,14,5,2,5,3,0,0,1,0,0,0,0,0,"784096,0945","5826562,35","13,18747","52,51498",5020628.0,Graetschelsteig,1453.0
198491,11,5,,2019,8,13,5,2,5,3,0,0,1,0,1,0,0,0,"779977,5741","5828118,513","13,12825","52,53106",5020420.0,Werkstraße,557.0
198492,11,8,,2019,8,9,5,2,5,3,0,0,1,0,1,0,0,0,"805315,3803","5817670,599","13,49109","52,42382",8041037.0,Alt-Rudow,5926.0
198493,11,2,,2019,8,7,5,2,2,6,0,0,1,0,1,0,0,0,"800761,0069","5826515,127","13,43228","52,50562",2030302.0,Lausitzer Platz,5050.0