OBJECTID,LAND,BEZ,LOR_ab_2021,UJAHR,UMONAT,USTUNDE,UWOCHENTAG,UKATEGORIE,UART,UTYP1,ULICHTVERH,IstRad,IstPKW,IstFuss,IstKrad,IstGkfz,IstSonstige,USTRZUSTAND,LINREFX,LINREFY,XGCSWGS84,YGCSWGS84,LOR,STRASSE,quadrant
198494,11,1,,2019,8,12,5,3,3,6,0,0,1,0,0,0,0,0,"795621,4101","5831727,613","13,36142","52,55516",1044203.0,Leopoldplatz,4064.0
198495,11,7,,2019,8,5,5,3,1,5,2,1,1,0,0,0,0,0,"796307,5454","5825096,137","13,3656","52,49534",7010104.0,Dennewitzplatz,4047.0
198496,11,5,,2019,8,13,5,3,1,5,0,1,1,0,0,0,0,0,"784747,1307","5829286,599","13,19937","52,53906",5010314.0,Carl-Schurz-Straße,1660.0
198497,11,3,,2019,8,7,4,3,6,4,0,1,0,1,0,0,0,0,"799618,2406","5832900,919","13,42126","52,56349",3040818.0,Pankow Süd,4967.0
198498,11,8,,2019,8,8,4,3,6,4,0,1,0,1,0,0,0,0,"802359,5687","5823235,852","13,45279","52,47534",8010404.0,Rixdorf,5341.0
198499,11,6,,2019,8,21,4,3,1,5,2,1,1,0,0,0,0,0,"788665,0191","5821483,92","13,25021","52,46705",6040808.0,Hüttenweg,2339.0
198500,11,1,,2019,8,20,4,3,0,7,1,0,0,0,1,0,1,1,"795156,1062","5827069,006","13,35044","52,51365",1011102.0,Großer Tiergarten,3852.0
198501,11,5,,2019,8,20,4,3,0,2,0,0,1,0,1,0,0,0,"783691,2322","5830168,797","13,1846","52,54752",5010207.0,Darbystraße,1462.0
198502,11,7,,2019,8,18,4,3,0,3,0,0,1,0,1,0,0,0,"795150,7214","5824016,297","13,34765","52,48628",7020203.0,Kaiser-Wilhelm-Platz,3844.0
198503,11,3,,2019,8,17,4,3,6,4,0,1,0,1,0,0,0,0,"801035,2388","5830457,001","13,43988","52,5408",3061429.0,Greifswalder Straße,5160.0
198504,11,2,,2019,8,18,4,3,3,6,0,1,1,0,0,0,0,0,"799736,0135","5825019,823","13,41588","52,49278",2020206.0,Graefekiez,4846.0
198505,11,1,,2019,8,18,4,3,2,6,0,0,1,0,1,0,0,0,"796500,4221","5829913,214","13,37273","52,53841",1033203.0,Humboldthain Nordwest,4159.0
198506,11,10,,2019,8,17,4,3,1,5,0,1,1,0,0,0,0,0,"814259,5337","5829300,919","13,63315","52,52298",10040931.0,Mahlsdorf Nord,8055.0
198507,11,11,,2019,8,17,4,3,5,2,0,1,0,0,0,0,1,0,"803688,0015","5826242,168","13,47503","52,50155",11051229.0,Rummelsburg,5749.0
198508,11,3,,2019,8,15,4,3,6,2,0,0,1,1,0,0,0,0,"802263,6328","5831576,71","13,45896","52,55016",3050925.0,Komponistenviertel Weißensee,5463.0
198509,11,2,,2019,8,17,4,3,5,3,0,1,1,0,0,0,0,0,"802168,2566","5828591,814","13,45484","52,52346",2050601.0,Hausburgviertel,5455.0
198510,11,4,,2019,8,16,4,3,2,6,0,0,1,0,0,0,1,0,"792749,3428","5826830,47","13,31486","52,51281",4030622.0,Richard-Wagner-Straße,3352.0
198511,11,12,,2019,8,17,4,3,5,2,0,1,1,0,0,0,0,0,"793488,8642","5833874,031","13,33195","52,57555",12214421.0,Reinickes Hof,3570.0
198512,11,2,,2019,8,16,4,3,2,6,0,0,0,0,0,0,1,0,"802973,6343","5826889,463","13,46513","52,50775",2050802.0,Boxhagener Platz,5551.0
198513,11,2,,2019,8,16,4,3,0,3,0,0,1,0,1,0,0,0,"800868,8215","5828314,388","13,4355","52,52169",2040502.0,Friedenstraße,5155.0
198514,11,8,,2019,8,16,4,3,5,3,0,0,1,0,0,0,0,0,"801404,4802","5818946,899","13,4349","52,43743",8020625.0,Handwerker-Siedlung,5130.0
198515,11,4,,2019,8,15,4,3,6,4,0,1,0,1,0,0,0,0,"793742,7547",5823682,"13,32668","52,48405",4051654.0,Wilhelmsaue,3544.0
198516,11,6,,2019,8,15,4,3,0,1,0,1,0,0,0,0,0,0,"792267,4309","5819359,743","13,30123","52,44609",6030605.0,Botanischer Garten,3132.0
198517,11,8,,2019,8,15,4,3,5,2,0,0,1,0,0,0,0,0,"801893,317","5821840,913","13,44468","52,4631",8020619.0,Buschkrugallee Nord,5237.0
198518,11,1,,2019,8,15,4,3,0,6,0,0,1,0,1,0,0,0,"793664,2055","5827984,187","13,32932","52,52266",1022106.0,Elberfelder Straße,3555.0
198519,11,3,,2019,8,15,4,3,5,3,0,1,0,0,0,0,0,0,"802567,4075","5828655,475","13,46076","52,52381",3061441.0,Eldenaer Straße,5555.0
198520,11,9,,2019,8,14,4,3,0,1,0,1,0,0,0,0,0,0,"809146,7124","5819518,235","13,54896","52,43823",9020702.0,Adlershof Ost,6830.0
198521,11,9,,2019,8,14,4,3,5,7,0,0,1,0,1,0,0,0,"806274,5894","5822917,38","13,50996","52,47031",9020501.0,Oberschöneweide West,6240.0
198522,11,1,,2019,8,14,4,3,1,5,0,0,1,0,0,0,0,0,"795113,8365","5832342,275","13,3545","52,56094",1044102.0,Schillerpark,3966.0
198523,11,9,,2019,8,14,4,3,5,3,0,0,1,0,0,0,1,0,"813260,2255","5821764,933","13,61139","52,45602",9051701.0,Hirschgarten,7735.0
198524,11,1,,2019,8,13,4,3,5,3,0,0,1,0,0,0,0,0,"795610,3147","5830993,841","13,3606","52,54858",1044203.0,Leopoldplatz,4062.0
198525,11,4,,2019,8,13,4,3,2,6,0,0,1,0,0,0,0,0,"791022,9453","5823094,627","13,28623","52,48024",4041137.0,Flinsberger Platz,2942.0
198526,11,8,,2019,8,13,4,3,5,2,0,1,1,0,0,0,0,0,"799850,8722","5823654,82","13,41634","52,48048",8010115.0,Hasenheide,4843.0
198527,11,5,,2019,8,12,4,3,6,4,0,1,0,1,0,0,0,0,"787999,2505","5830184,595","13,24797","52,54541",5030731.0,Gartenfelder Straße,2362.0
198528,11,1,,2019,8,12,4,3,1,5,0,1,1,0,0,0,0,0,"796430,8779","5831984,639","13,37355","52,55702",1033101.0,Soldiner Straße,4265.0
198529,11,2,,2019,8,11,4,3,5,3,0,1,1,0,0,0,0,0,"798493,8601","5825222,624","13,39782","52,49528",2020204.0,Urbanstraße,4547.0
198530,11,1,,2019,8,11,4,3,6,4,0,0,0,1,0,0,1,0,"797477,0948","5829029,491","13,38629","52,52996",1011401.0,Invalidenstraße,4357.0
198531,11,8,,2019,8,10,4,3,2,6,0,0,1,0,1,0,0,0,"800596,8634","5823190,3","13,42687","52,47591",8010117.0,Schillerpromenade,5041.0
198532,11,4,,2019,8,10,4,3,5,2,0,1,1,0,0,0,0,0,"793912,9731","5823084,508","13,32866","52,4786",4051655.0,Babelsberger Straße,3542.0
198533,11,4,,2019,8,10,4,3,5,2,0,1,0,0,0,0,1,0,"792342,9002","5823120,286","13,30564","52,47976",4041239.0,Stadion Wilmersdorf,3242.0
198534,11,1,,2019,8,9,4,3,5,2,0,1,1,0,0,0,0,0,"797758,9468","5828569,808","13,39002","52,52568",1011302.0,Oranienburger Straße,4456.0
198535,11,12,,2019,8,9,4,3,4,6,0,1,0,0,0,0,0,0,"790623,5039","5835959,551","13,29162","52,59578",12304314.0,Ziekowstraße/Freie Scholle,2976.0
198536,11,3,,2019,8,8,4,3,6,4,0,0,1,1,0,0,0,0,"802067,0127","5829584,73","13,45426","52,53241",3061430.0,Volkspark Prenzlauer Berg,5458.0
198537,11,1,,2019,8,8,4,3,2,7,0,0,1,0,0,0,0,0,"794325,1867","5831332,11","13,342","52,55231",1044101.0,Rehberge,3764.0
198538,11,1,,2019,8,7,4,3,6,4,0,1,0,1,0,0,0,0,"796535,2569","5829880,186","13,37321","52,5381",1033203.0,Humboldthain Nordwest,4259.0
198539,11,1,,2019,8,7,4,3,1,5,0,1,0,0,0,0,1,0,"797265,7959","5831276,37","13,3852","52,55022",1033102.0,Gesundbrunnen,4363.0
198540,11,5,,2019,8,7,4,3,3,6,0,0,1,0,0,1,0,0,"786975,7717","5829474,46","13,2323","52,53958",5030731.0,Gartenfelder Straße,2160.0
198541,11,7,,2019,8,1,4,3,8,1,2,0,1,0,0,0,0,0,"796393,6853","5819743,565","13,36211","52,44731",7040404.0,Marienhöhe,4033.0
198542,11,8,,2019,8,1,4,3,5,2,2,0,1,0,0,0,0,0,"800419,0002","5823854,194","13,42486","52,48196",8010211.0,Flughafenstraße,4943.0
198543,11,1,,2019,8,20,4,3,5,2,1,1,1,0,0,0,0,0,"796153,5875","5828278,068","13,36617","52,52394",1022206.0,Lüneburger Straße,4155.0
198544,11,2,,2019,8,12,4,3,0,2,0,1,1,0,0,0,0,0,"802620,5308","5826136,051","13,45925","52,50119",2050803.0,Stralauer Kiez,5449.0
198545,11,5,,2019,8,17,4,2,5,3,0,1,1,0,0,0,0,0,"784800,3362","5828788,293","13,19973","52,53457",5010314.0,Carl-Schurz-Straße,1658.0
198546,11,9,,2019,8,14,4,2,3,6,0,1,0,0,0,0,0,0,"805741,1314","5821782,362","13,50109","52,46044",9020601.0,Schnellerstraße,6137.0
198547,11,1,,2019,8,12,4,2,6,4,0,0,0,1,1,0,0,0,"794812,0042","5831913,829","13,34968","52,55726",1044102.0,Schillerpark,3865.0
198548,11,10,,2019,8,7,4,2,5,3,0,1,1,0,0,0,0,0,"811349,1206","5827806,52","13,58899","52,51125",10040829.0,Alt-Kaulsdorf,7452.0
198549,11,11,,2019,8,6,4,2,5,3,0,1,1,0,0,0,0,0,"805829,9658","5831862,424","13,51165","52,55073",11020412.0,Hauptstraße,6263.0
198550,11,4,,2019,8,8,3,3,2,2,0,0,1,0,1,0,0,0,"792345,3308","5827971,385","13,30993","52,52325",4030519.0,Kaiserin-Augusta-Allee,3255.0
198551,11,6,,2019,8,7,3,3,5,2,0,1,1,0,0,0,0,0,"790908,9877","5817458,272","13,27965","52,42977",6030608.0,Schweizer Viertel,2828.0
198552,11,4,,2019,8,20,3,3,5,3,2,0,1,0,0,0,1,0,"791931,5525","5828331,141","13,30416","52,5267",4030518.0,Tegeler Weg,3156.0
198553,11,1,,2019,8,19,3,3,0,1,1,1,0,0,0,0,0,0,"799681,4884","5827573,205","13,41738","52,5157",1011304.0,Karl-Marx-Allee,4853.0
198554,11,4,,2019,8,19,3,3,1,5,1,1,1,0,0,0,0,0,"788630,4235","5827480,252","13,2549","52,52083",4020311.0,Reichsstraße,2454.0
198555,11,3,,2019,8,19,3,3,3,6,0,1,0,0,0,0,0,0,"800194,0116","5830930,245","13,42794","52,54551",3061228.0,Erich-Weinert-Straße,5062.0
198556,11,1,,2019,8,18,3,3,0,1,0,1,0,0,0,0,0,0,"797126,7244","5827886,753","13,38012","52,51991",1011301.0,Charitéviertel,4354.0
198557,11,1,,2019,8,18,3,3,1,5,0,1,1,0,0,0,1,0,"799161,5229","5828790,194","13,41084","52,52689",1011303.0,Alexanderplatzviertel,4756.0
198558,11,1,,2019,8,17,3,3,6,2,0,0,1,1,0,0,0,0,"797069,6214","5828181,489","13,37955","52,52258",1011301.0,Charitéviertel,4255.0
198559,11,3,,2019,8,17,3,3,5,3,0,0,1,0,1,0,0,0,"798474,0529","5834871,82","13,4062","52,58178",3020210.0,Herthaplatz,4672.0
198560,11,1,,2019,8,17,3,3,2,6,0,1,1,0,0,0,0,0,"795529,3862","5830044,414","13,35857","52,54012",1044202.0,Sparrplatz,3960.0
198561,11,4,,2019,8,17,3,3,6,4,0,0,1,1,0,0,0,0,"791971,9504","5826033,756","13,30274","52,50608",4030725.0,Amtsgerichtsplatz,3150.0
198562,11,8,,2019,8,17,3,3,2,6,0,0,1,0,0,0,0,0,"803012,0959","5818352,712","13,45794","52,43122",8030829.0,Gropiusstadt Nord,5428.0
198563,11,4,,2019,8,16,3,3,5,3,0,1,1,0,0,0,0,0,"793300,7563","5827220,259","13,32331","52,516",4030623.0,Ernst-Reuter-Platz,3453.0
198564,11,9,,2019,8,16,3,3,5,2,0,0,1,0,0,0,0,0,"808083,5134","5816925,765","13,53098","52,41559",9030901.0,Dorf Altglienicke,6524.0
198565,11,4,,2019,8,16,3,3,5,2,0,1,1,0,0,0,0,0,"791412,9934","5822544,936","13,29148","52,4751",4041241.0,Breite Straße,2941.0
198566,11,7,,2019,8,16,3,3,5,2,0,1,1,0,0,0,0,0,"797787,572","5823274,241","13,38571","52,4782",7040401.0,Neu-Tempelhof,4342.0
198567,11,10,,2019,8,15,3,3,1,5,0,1,1,0,0,0,0,0,"808995,1109","5830085,957","13,55654","52,53302",10030724.0,Oberfeldstraße,6958.0
198568,11,4,,2019,8,9,3,3,5,2,0,1,1,0,0,0,0,0,"791570,9237","5826572,581","13,29732","52,51112",4030417.0,Schloßstraße,3051.0
198569,11,7,,2019,8,12,1,2,0,7,0,1,0,0,0,0,0,0,"796761,9113","5824800,805","13,37201","52,49244",7010104.0,Dennewitzplatz,4146.0
198570,11,1,,2019,8,4,3,3,5,3,2,0,1,0,0,0,0,1,"795884,7312","5831962,531","13,3655","52,55712",1044203.0,Leopoldplatz,4065.0
198571,11,3,,2019,8,15,3,3,0,3,0,0,1,0,1,0,0,0,"801422,308","5836110,66","13,45071","52,59126",3030711.0,Blankenburg,5375.0
198572,11,7,,2019,8,14,3,3,0,5,0,1,1,0,0,0,0,0,"795037,3795","5821615,549","13,34387","52,46482",7030303.0,Grazer Platz,3738.0
198573,11,7,,2019,8,14,3,3,5,3,0,0,1,0,0,0,1,0,"798890,1398","5820866,074","13,39974","52,45601",7040405.0,Rathaus Tempelhof,4535.0
198574,11,1,,2019,8,14,3,3,5,2,0,1,1,0,0,0,0,0,"796269,6227","5825956,003","13,36581","52,50307",1011104.0,Körnerstraße,4049.0
198575,11,8,,2019,8,14,3,3,6,4,0,0,1,1,0,0,0,0,"805722,8496","5816779,874","13,49625","52,41561",8041038.0,Waßmannsdorfer Chaussee,6024.0
198576,11,10,,2019,8,13,3,3,5,2,0,1,1,0,0,0,0,0,"813368,613","5830132,338","13,62085","52,53094",10020517.0,Adele-Sandrock-Straße,7857.0
198577,11,1,,2019,8,12,3,3,5,3,0,0,1,0,1,0,0,0,"797034,898","5829317,032","13,38005","52,53278",1011301.0,Charitéviertel,4358.0
198578,11,4,,2019,8,12,3,3,2,6,0,0,1,0,0,0,0,0,"793261,2306","5830061,76","13,32524","52,5415",4010102.0,Plötzensee,3460.0
198579,11,3,,2019,8,12,3,3,2,6,0,0,1,0,0,0,0,0,"800954,2663","5832147,621","13,44022","52,556",3050919.0,Gustav-Adolf-Straße,5265.0
198580,11,1,,2019,8,5,3,3,5,3,1,1,1,0,0,0,0,0,"795878,6741","5831927,792","13,36538","52,55681",1044203.0,Leopoldplatz,4065.0
198581,11,7,,2019,8,11,3,3,3,6,0,1,0,0,0,0,1,0,"796284,1819","5823196,035","13,36357","52,47832",7020204.0,Schöneberger Insel,4042.0
198582,11,4,,2019,8,11,3,3,5,3,0,0,1,0,0,0,0,0,"789992,273","5826317,665","13,2739","52,50968",4020311.0,Reichsstraße,2751.0
198583,11,6,,2019,8,10,3,3,5,3,0,1,1,0,0,0,0,0,"794846,4269","5815349,536","13,33554","52,40876",6020411.0,Schütte-Lanz-Straße,3622.0
198584,11,7,,2019,8,10,3,3,4,6,0,1,0,0,0,0,0,0,"793883,0154","5821558,935","13,32687","52,46494",7030301.0,Friedenau,3538.0
198585,11,9,,2019,8,9,3,3,5,3,0,0,1,0,0,1,0,0,"807573,534","5815427,807","13,52213","52,40246",9030901.0,Dorf Altglienicke,6420.0
198586,11,6,,2019,8,9,3,3,6,4,0,1,0,1,0,0,0,0,"792991,2081","5817715,348","13,31041","52,43096",6030607.0,Goerzwerke,3228.0
198587,11,3,,2019,8,8,3,3,5,2,0,0,1,0,1,0,0,0,"798049,9717","5833597,711","13,39881","52,57059",3040513.0,Schönholz,4569.0
198588,11,1,,2019,8,8,3,3,5,7,0,0,1,0,1,0,0,0,"793607,2912","5829133,36","13,3295","52,53299",1022104.0,Emdener Straße,3558.0
198589,11,7,,2019,8,7,3,3,6,4,0,1,0,1,0,0,0,0,"795890,0336","5820828,643","13,35568","52,45731",7030303.0,Grazer Platz,3936.0
198590,11,4,,2019,8,8,3,3,3,6,0,1,0,0,0,0,1,0,"792135,541","5825303,805","13,30451","52,49945",4030726.0,Droysenstraße,3148.0
198591,11,8,,2019,8,7,3,3,5,2,0,1,0,0,0,0,1,0,"805395,3381","5817297,758","13,49192","52,42044",8041037.0,Alt-Rudow,5925.0
198592,11,3,,2019,8,7,3,3,5,2,0,1,0,0,0,0,0,0,"803626,0358","5838990,042","13,48578","52,61584",3030406.0,Alt-Karow,5882.0
198593,11,1,,2019,8,7,3,3,5,5,0,1,1,0,0,0,0,0,"799862,7028","5826725,432","13,41928","52,508",1011306.0,Heine-Viertel Ost,4851.0
198594,11,1,,2019,8,6,3,3,3,6,0,0,1,0,1,0,0,0,"799500,6008","5828868,913","13,41589","52,52741",3071537.0,Kollwitzplatz,4856.0
198595,11,11,,2019,8,16,3,2,0,3,0,1,0,0,0,0,0,0,"804769,7815","5827953,595","13,49248","52,51629",11030721.0,Rüdigerstraße,5953.0
198596,11,10,,2019,8,6,3,3,5,2,1,1,0,0,0,0,1,0,"809357,6489","5834278,683","13,56577","52,57039",10010102.0,Havemannstraße,7069.0
198597,11,12,,2019,8,13,3,2,8,6,0,0,1,0,0,0,0,0,"791404,6232","5834248,616","13,30161","52,58003",12304313.0,Borsigwalde,3172.0
198598,11,9,,2019,8,9,3,2,1,5,0,1,0,0,0,0,1,0,"805750,4818","5821343,165","13,50083","52,45649",9010401.0,Johannisthal West,6136.0
198599,11,2,,2019,8,9,3,3,1,5,0,1,1,0,0,0,1,0,"800078,7317","5825915,568","13,42172","52,50062",2030301.0,Oranienplatz,4948.0
198600,11,7,,2019,8,10,3,3,2,6,0,0,1,0,0,0,0,0,"794605,1715","5821838,041","13,33772","52,46705",7030303.0,Grazer Platz,3639.0
198601,11,12,,2019,8,15,2,3,6,4,0,0,0,1,1,0,0,0,"795902,0471","5832722,152","13,36643","52,56392",12103117.0,Letteplatz,4167.0
198602,11,6,,2019,8,18,2,3,6,7,0,1,0,1,0,0,0,0,"787950,9967","5818881,167","13,23749","52,44409",6040804.0,Krumme Lanke,2132.0
198603,11,6,,2019,8,18,2,3,2,6,0,1,1,0,0,0,0,0,"789778,9538","5815904,519","13,26173","52,41644",6030504.0,Teltower Damm,2524.0
198604,11,12,,2019,8,17,2,3,5,2,0,1,0,0,0,0,1,0,"795649,9105","5833011,387","13,36298","52,56665",12103219.0,Schäfersee,4068.0
198605,11,2,,2019,8,17,2,3,5,3,0,1,1,0,0,0,0,0,"800066,633","5825920,046","13,42155","52,50067",2030301.0,Oranienplatz,4948.0
198606,11,3,,2019,8,17,2,3,2,7,0,0,1,0,0,0,0,0,"802330,5613","5828713,97","13,45734","52,52446",3061441.0,Eldenaer Straße,5455.0
198607,11,6,,2019,8,16,2,3,2,6,0,1,1,0,0,0,0,0,"788970,5622","5816397,228","13,2503","52,42128",6030504.0,Teltower Damm,2325.0
198608,11,7,,2019,8,16,2,3,0,7,0,1,0,0,0,0,0,0,"793916,2284","5822504,204","13,32819","52,4734",7030301.0,Friedenau,3540.0
198609,11,1,,2019,8,16,2,3,5,3,0,1,0,0,0,0,0,0,"793300,5265","5828392,318","13,32434","52,52651",1022102.0,Beusselkiez,3456.0
198610,11,4,,2019,8,16,2,3,1,5,0,0,1,0,0,0,0,0,"790673,2405","5822906,085","13,28093","52,47873",4041136.0,Hagenplatz,2842.0
198611,11,11,,2019,8,10,2,3,0,7,0,1,0,0,0,0,0,0,"805549,0526","5825408,884","13,5016","52,49305",11041128.0,Sewanstraße,6146.0
198612,11,1,,2019,9,12,2,3,0,4,0,0,0,1,0,0,1,0,"796436,7502","5831957,511","13,37361","52,55677",1044201.0,Reinickendorfer Straße,4265.0
198613,11,1,,2019,8,20,2,3,5,3,2,1,1,0,0,0,0,0,"797140,9446","5831804,109","13,38383","52,55501",1033102.0,Gesundbrunnen,4364.0
198614,11,9,,2019,9,15,2,3,5,3,0,1,1,0,0,0,0,0,"807012,5646","5820000,545","13,51811","52,44375",9010402.0,Johannisthal Ost,6332.0
198615,11,11,,2019,9,7,2,3,3,2,0,1,1,0,0,0,0,0,"804303,0644","5828174,553","13,48583","52,51853",11030721.0,Rüdigerstraße,5854.0
198616,11,11,,2019,8,16,2,3,2,6,0,0,1,0,0,0,1,0,"805511,2631","5833361,652","13,50835","52,56434",11010310.0,Mühlengrund,6267.0
198617,11,2,,2019,8,15,2,3,5,2,0,1,0,0,1,0,0,0,"803466,787","5827006,257","13,47248","52,50852",2050801.0,Traveplatz,5651.0
198618,11,4,,2019,9,11,2,3,2,2,0,0,1,0,0,1,0,0,"792490,9426","5824356,459","13,30889","52,49077",4051445.0,Eisenzahnstraße,3246.0
198619,11,6,,2019,9,11,2,3,2,6,0,0,1,0,1,0,0,0,"790054,6454","5819391,936","13,2688","52,44756",6040808.0,Hüttenweg,2633.0
198620,11,10,,2019,8,15,2,3,2,6,0,0,1,0,0,0,0,0,"813230,6983","5830142,03","13,61883","52,53111",10020517.0,Adele-Sandrock-Straße,7857.0
198621,11,6,,2019,9,10,2,2,2,6,0,0,1,0,0,0,0,0,"796742,4901","5818424,507","13,36606","52,4353",6020301.0,Alt-Lankwitz,4029.0
198622,11,9,,2019,8,15,2,3,0,3,0,1,1,0,0,0,0,0,"810488,3211","5820100,09","13,56918","52,44268",9020802.0,Köllnische Vorstadt,7131.0
198623,11,1,,2019,9,11,2,3,2,2,0,0,1,0,0,0,0,0,"797772,4613","5829743,966","13,39127","52,5362",1033202.0,Humboldthain Süd,4459.0
198624,11,1,,2019,8,15,2,3,2,6,0,0,1,0,0,0,1,0,"797165,0892","5831383,595","13,38381","52,55123",1033102.0,Gesundbrunnen,4363.0
198625,11,8,,2019,9,11,2,3,5,3,0,0,1,0,0,0,0,0,"805268,6566","5817249,913","13,49002","52,42008",8041036.0,Zittauer Straße,5925.0
198626,11,5,,2019,8,15,2,3,5,3,0,1,1,0,0,0,0,0,"785421,3354","5833134,883","13,21259","52,57321",5010101.0,Hakenfelde Nord,1870.0
198627,11,12,,2019,9,11,2,3,3,6,0,0,1,0,0,0,0,0,"793403,2709","5832502,841","13,32948","52,5633",12214424.0,Scharnweberstraße,3567.0
198628,11,7,,2019,9,7,2,3,2,7,0,0,0,0,1,0,1,0,"796407,4256","5824314,507","13,36637","52,48828",7010104.0,Dennewitzplatz,4145.0
198629,11,6,,2019,8,14,2,3,0,1,0,1,0,0,0,0,0,0,"791400,7932","5817792,549","13,28715","52,4325",6030608.0,Schweizer Viertel,2929.0
198630,11,4,,2019,8,12,2,3,5,3,0,1,1,0,0,0,0,0,"793598,7198","5827934,896","13,32832","52,52225",4030621.0,Spreestadt,3555.0
198631,11,9,,2019,9,10,2,3,0,1,0,1,0,0,0,0,0,0,"810822,0614","5820754,912","13,57468","52,44836",9051901.0,Dammvorstadt,7233.0
198632,11,1,,2019,8,11,2,3,2,6,0,1,1,0,0,0,0,0,"797818,9095","5827085,093","13,38958","52,51234",1011203.0,Unter den Linden Süd,4452.0
198633,11,1,,2019,9,7,2,3,1,5,0,1,1,0,0,0,0,0,"797614,4145","5827324,514","13,38679","52,5146",1011203.0,Unter den Linden Süd,4453.0
198634,11,2,,2019,8,13,2,3,5,3,0,1,1,0,0,0,0,0,"802416,3728","5828159,991","13,45809","52,51945",2050602.0,Samariterviertel,5454.0
198635,11,9,,2019,9,14,2,3,5,3,0,1,1,0,0,0,0,0,"806231,885","5820330,035","13,50696","52,44714",9010401.0,Johannisthal West,6133.0
198636,11,6,,2019,8,11,2,2,5,2,0,1,1,0,0,0,0,0,"790266,0254","5818425,522","13,27106","52,43878",6040807.0,Zehlendorf Eiche,2630.0
198637,11,1,,2019,9,10,2,3,0,1,0,1,1,0,0,0,0,0,"797923,3745","5829296,063","13,39309","52,53211",1011401.0,Invalidenstraße,4558.0
198638,11,11,,2019,8,10,2,3,0,6,0,0,1,0,1,0,0,0,"803642,637","5829518,394","13,47735","52,53094",11030619.0,Fennpfuhl Ost,5757.0
198639,11,10,,2019,9,10,2,3,2,6,0,0,0,0,1,1,0,0,"812374,4361","5824004,558","13,60049","52,4766",10040933.0,Mahlsdorf Süd,7541.0
198640,11,1,,2019,9,14,2,3,5,3,0,0,1,0,1,0,0,0,"795049,7504","5827190,349","13,34898","52,51479",1011102.0,Großer Tiergarten,3853.0
198641,11,2,,2019,8,10,2,3,5,5,0,1,0,0,0,0,1,0,"803578,7314","5827251,324","13,47434","52,51066",2050801.0,Traveplatz,5751.0
198642,11,2,,2019,9,10,2,3,5,3,0,0,1,0,0,0,1,0,"799332,8143","5825643,201","13,41052","52,49859",2010104.0,Wassertorplatz,4748.0
198643,11,8,,2019,8,9,2,3,5,3,0,0,1,0,0,0,0,0,"804756,5053","5818460,742","13,48361","52,43121",8041035.0,Blumenviertel,5828.0
198644,11,10,,2019,9,9,2,3,2,6,0,1,1,0,0,0,0,0,"809581,4019","5824963,399","13,56039","52,48678",10030727.0,Biesdorf Süd,6944.0
198645,11,1,,2019,9,9,2,2,5,2,0,0,1,0,1,0,0,0,"795118,309","5828260,673","13,35094","52,52435",1022204.0,Thomasiusstraße,3855.0
198646,11,4,,2019,8,9,2,3,0,1,0,1,0,0,0,0,0,0,"793790,1327","5826938,358","13,33025","52,51321",4030623.0,Ernst-Reuter-Platz,3552.0
198647,11,4,,2019,9,9,2,2,6,7,0,0,0,1,0,0,1,0,"789630,8045","5826519,391","13,26877","52,51168",4020311.0,Reichsstraße,2652.0
198648,11,12,,2019,8,8,2,3,1,1,0,0,1,0,0,0,0,0,"792267,4101","5833460,096","13,31362","52,5725",12214422.0,Klixstraße,3369.0
198649,11,4,,2019,9,8,2,3,2,6,0,0,1,0,1,0,0,0,"793993,3384","5824432,048","13,33102","52,49064",4051653.0,Prager Platz,3546.0
198650,11,2,,2019,8,8,2,3,2,6,0,0,1,0,0,0,0,0,"799111,5059","5825616,935","13,40725","52,49848",2010104.0,Wassertorplatz,4748.0
198651,11,9,,2019,9,8,2,2,2,6,0,0,1,0,0,0,0,0,"811044,5871","5820290,889","13,57751","52,44408",9041501.0,Altstadt Kietz,7232.0
198652,11,4,,2019,8,7,2,3,5,2,0,1,1,0,0,0,0,0,"792924,6834","5824369,308","13,31528","52,49065",4051446.0,Preußenpark,3346.0
198653,11,4,,2019,9,8,2,3,5,2,0,1,1,0,0,0,0,0,"790879,5383","5826740,671","13,28731","52,513",4030417.0,Schloßstraße,2952.0
198654,11,7,,2019,9,10,2,2,9,7,0,0,1,0,0,0,0,0,"795814,9036","5820978,976","13,35471","52,4587",7030303.0,Grazer Platz,3936.0
198655,11,6,,2019,8,7,2,3,5,2,0,1,1,0,0,0,0,0,"794097,1478","5817420,813","13,32637","52,42773",6020410.0,Oberhofer Platz,3527.0
198656,11,2,,2019,8,5,2,3,5,2,1,0,1,0,1,0,0,0,"800631,4386","5827304,017","13,43109","52,51276",2040701.0,Andreasviertel,5052.0
198657,11,2,,2019,9,13,1,3,6,7,0,0,0,1,0,0,1,0,"798919,3445","5825281,61","13,40412","52,49558",2020204.0,Urbanstraße,4647.0
198658,11,2,,2019,8,0,2,3,0,1,2,0,0,0,1,0,0,0,"802369,5116","5827303,205","13,45663","52,5118",2050802.0,Boxhagener Platz,5452.0
198659,11,3,,2019,9,0,1,3,5,3,2,0,1,0,0,0,1,0,"799320,8484","5829403,95","13,41373","52,53231",3071537.0,Kollwitzplatz,4858.0
198660,11,3,,2019,8,23,2,3,0,1,2,1,0,0,0,0,0,1,"799601,3908","5834026,02","13,42202","52,57358",3040614.0,Pankow Zentrum,4970.0
198661,11,6,,2019,9,17,1,2,6,4,0,0,1,1,0,0,0,0,"792302,1299","5816419,824","13,29917","52,41972",6030607.0,Goerzwerke,3125.0
198662,11,1,,2019,8,21,2,3,5,3,2,1,1,0,0,0,0,1,"795897,2719","5831931,011","13,36566","52,55683",1044203.0,Leopoldplatz,4065.0