OBJECTID,LAND,BEZ,LOR_ab_2021,UJAHR,UMONAT,USTUNDE,UWOCHENTAG,UKATEGORIE,UART,UTYP1,ULICHTVERH,IstRad,IstPKW,IstFuss,IstKrad,IstGkfz,IstSonstige,USTRZUSTAND,LINREFX,LINREFY,XGCSWGS84,YGCSWGS84,LOR,STRASSE,quadrant
198663,11,1,,2019,9,20,1,3,6,4,2,1,0,1,0,0,0,0,"795353,9902","5830247,489","13,35617","52,54203",1044202.0,Sparrplatz,3961.0
198664,11,4,,2019,9,18,1,3,5,2,0,1,1,0,0,0,0,0,"790741,6248","5826718,392","13,28526","52,51287",4020313.0,Königin-Elisabeth-Straße,2852.0
198665,11,11,,2019,8,20,2,3,0,7,1,1,1,0,0,0,0,1,"806756,234","5827745,499","13,52147","52,51331",11041023.0,Gensinger Straße,6452.0
198666,11,8,,2019,9,18,1,3,0,6,0,0,1,0,0,0,1,0,"801432,4054","5823871,04","13,43975","52,48155",8010303.0,Donaustraße,5143.0
198667,11,6,,2019,8,19,2,3,1,5,2,1,0,0,0,0,1,1,"794836,8638","5820045,157","13,33954","52,45085",6010205.0,Südende,3734.0
198668,11,10,,2019,9,17,1,3,5,2,0,0,1,0,0,0,0,0,"809347,3839","5834283,582","13,56562","52,57044",10010102.0,Havemannstraße,7069.0
198669,11,5,,2019,8,18,2,3,3,2,0,0,1,0,0,1,0,0,"786537,8568","5831590,981","13,22769","52,55879",5030730.0,Zitadellenweg,2065.0
198670,11,10,,2019,9,16,1,3,6,6,0,1,0,1,0,0,0,0,"810268,173","5830966,691","13,57607","52,54019",10010311.0,Landsberger Tor,7260.0
198671,11,12,,2019,8,22,2,2,5,3,2,0,1,0,0,0,1,1,"796289,479","5833226,757","13,37258","52,56823",12103116.0,Hausotterplatz,4168.0
198672,11,11,,2019,9,11,1,3,5,3,0,1,1,0,0,0,0,0,"806999,5058","5825987,426","13,52343","52,49742",11041128.0,Sewanstraße,6447.0
198673,11,2,,2019,9,11,1,3,5,3,0,1,1,0,0,0,0,0,"798186,1162","5826507,477","13,39445","52,50697",2010102.0,Mehringplatz,4550.0
198674,11,2,,2019,8,20,2,2,1,1,2,0,1,0,1,0,0,1,"802462,8263","5827457,06","13,45814","52,51312",2050801.0,Traveplatz,5452.0
198675,11,5,,2019,9,10,1,3,5,2,0,1,1,0,0,0,0,0,"785783,7471","5829261,769","13,21459","52,5383",5030730.0,Zitadellenweg,1859.0
198676,11,5,,2019,8,20,2,2,5,2,1,0,1,0,1,0,0,1,"784665,788","5829707,58","13,19854","52,54288",5010313.0,Ackerstraße,1661.0
198677,11,1,,2019,9,10,1,3,1,5,0,1,1,0,0,0,0,0,"796934,838","5829453,263","13,3787","52,53405",1011301.0,Charitéviertel,4258.0
198678,11,10,,2019,8,17,2,3,3,6,0,0,1,0,1,0,0,0,"812210,9938","5830805,319","13,60447","52,53763",10020414.0,Helle Mitte,7659.0
198679,11,9,,2019,9,8,1,3,2,6,0,0,1,0,0,0,0,0,"805487,8485","5821532,889","13,49715","52,45834",9010301.0,Baumschulenstraße,6036.0
198680,11,3,,2019,8,14,2,2,3,6,0,1,0,0,0,0,1,0,"800047,5297","5837374,637","13,43162","52,60335",3020307.0,Buchholz,5078.0
198681,11,2,,2019,8,22,7,3,2,6,2,0,1,0,1,0,0,0,"803653,608","5827412,105","13,47559","52,51206",2050801.0,Traveplatz,5752.0
198682,11,1,,2019,8,21,7,2,5,3,2,1,0,0,0,0,1,0,"798875,3797","5828559,678","13,40642","52,52498",1011302.0,Oranienburger Straße,4656.0
198683,11,8,,2019,8,13,2,2,2,6,0,1,1,0,0,0,0,0,"801318,2228","5823538,293","13,43778","52,47863",8010212.0,Rollberg,5142.0
198684,11,4,,2019,8,8,2,2,3,6,0,1,1,0,0,0,0,0,"792625,7815","5827383,713","13,31353","52,51783",4030620.0,Alt-Lietzow,3353.0
198685,11,2,,2019,8,21,7,3,0,1,2,0,0,0,1,0,0,0,"803312,4479","5826753,065","13,46998","52,50634",2050801.0,Traveplatz,5650.0
198686,11,3,,2019,8,20,7,3,1,5,1,0,1,0,0,0,0,0,"796312,8228","5835124,278","13,37462","52,58523",3040512.0,Wilhelmsruh,4273.0
198687,11,7,,2019,8,5,2,3,0,3,1,0,1,0,1,0,0,0,"799987,4129","5814600,758","13,41022","52,39925",7070702.0,Alt-Lichtenrade/Töpchiner Weg,4719.0
198688,11,11,,2019,8,19,7,2,0,7,1,0,0,1,0,0,1,0,"806570,592","5833534,735","13,52409","52,5653",11010205.0,Falkenberg West,6467.0
198689,11,1,,2019,8,7,2,3,6,2,0,1,0,1,0,0,0,0,"796956,8289","5826851,485","13,3767","52,51072",1011201.0,Wilhelmstraße,4251.0
198690,11,4,,2019,8,18,7,3,5,3,0,0,1,0,0,0,0,0,"791676,2314","5823237,923","13,29595","52,48117",4041238.0,Kissinger Straße,3043.0
198691,11,8,,2019,8,18,7,2,5,3,0,1,0,0,0,0,1,0,"801401,9158","5820270,165","13,43605","52,44929",8020620.0,Tempelhofer Weg,5133.0
198692,11,8,,2019,8,13,1,3,2,6,0,0,1,0,1,0,0,0,"800973,2873","5822233,642","13,43154","52,46713",8010118.0,Silbersteinstraße,5039.0
198693,11,8,,2019,8,17,7,3,1,5,0,1,0,0,0,0,1,0,"801898,5758","5822395,418","13,44526","52,46807",8010214.0,Glasower Straße,5239.0
198694,11,10,,2019,8,17,7,3,5,2,0,1,1,0,0,0,0,0,"810692,6617","5826244,576","13,57789","52,49763",10040830.0,Kaulsdorf Süd,7248.0
198695,11,6,,2019,8,8,1,3,5,2,0,1,1,0,0,0,0,0,"790147,0368","5819783,758","13,27049","52,45102",6040810.0,Dahlem,2634.0
198696,11,4,,2019,8,17,7,3,2,6,0,1,1,0,0,0,0,0,"793767,0114","5825839,66","13,32894","52,50338",4030931.0,Breitscheidplatz,3549.0
198697,11,4,,2019,8,23,1,3,2,6,2,0,1,0,0,0,0,0,"794108,7672","5825981,751","13,33409","52,50447",4030931.0,Breitscheidplatz,3650.0
198698,11,11,,2019,8,16,7,2,5,3,0,0,1,0,1,0,0,0,"806921,285","5834063,537","13,52973","52,56984",11010204.0,Falkenberg Ost,6569.0
198699,11,1,,2019,8,15,7,3,5,3,0,1,0,0,1,0,0,0,"794514,5567","5830657,14","13,34419","52,54616",1044103.0,Westliche Müllerstraße,3762.0
198700,11,1,,2019,8,22,1,3,5,3,2,1,0,0,1,0,0,0,"794025,258","5828224,264","13,33484","52,52461",1022106.0,Elberfelder Straße,3655.0
198701,11,1,,2019,8,14,7,3,0,1,0,0,0,0,1,0,0,0,"799909,8289","5826747,849","13,41999","52,50818",1011306.0,Heine-Viertel Ost,4951.0
198702,11,6,,2019,8,19,1,3,0,2,0,1,1,0,0,0,0,0,"794456,5522","5821342,746","13,3351","52,46269",6010209.0,Feuerbachstraße,3637.0
198703,11,1,,2019,8,13,7,3,5,3,0,1,1,0,0,0,0,0,"797692,2343","5831313,486","13,3915","52,55031",1033102.0,Gesundbrunnen,4463.0
198704,11,1,,2019,8,18,1,3,1,5,0,1,1,0,0,0,0,0,"794669,8338","5826061,607","13,3424","52,50488",1011101.0,Stülerstraße,3750.0
198705,11,8,,2019,8,13,7,3,6,4,0,1,0,1,0,0,0,0,"800987,1573","5817046,688","13,42707","52,42063",8020727.0,Buckow Mitte,5025.0
198706,11,4,,2019,8,13,7,3,2,6,0,0,1,0,0,0,0,0,"792913,3764","5824383,51","13,31512","52,49078",4051446.0,Preußenpark,3346.0
198707,11,5,,2019,8,17,1,3,5,2,0,0,1,0,1,0,0,0,"781546,8186","5830699,459","13,15351","52,5534",5010206.0,Gütersloher Weg,964.0
198708,11,12,,2019,8,17,1,3,0,1,0,0,0,0,1,0,0,0,"792372,4542","5835867,448","13,31728","52,59402",12301204.0,Wittenau Nord,3376.0
198709,11,2,,2019,8,13,7,3,1,5,0,1,1,0,0,0,0,0,"798362,9236","5826308,9","13,39687","52,50509",2010102.0,Mehringplatz,4550.0
198710,11,8,,2019,8,13,7,3,2,6,0,0,1,0,0,0,0,0,"801325,8677","5820387,484","13,43505","52,45039",8020620.0,Tempelhofer Weg,5134.0
198711,11,6,,2019,8,17,1,3,2,6,0,0,1,0,1,0,0,0,"790208,7111","5815125,845","13,26735","52,40923",6030504.0,Teltower Damm,2622.0
198712,11,1,,2019,8,13,7,3,1,6,0,0,1,0,0,0,0,0,"797000,7183","5831896,644","13,38185","52,55592",1044201.0,Reinickendorfer Straße,4365.0
198713,11,6,,2019,8,15,1,3,5,3,0,0,1,0,1,0,0,0,"793289,8789","5821667,262","13,31826","52,46623",6010103.0,Markelstraße,3338.0
198714,11,1,,2019,8,12,7,3,2,6,0,0,1,0,0,0,0,0,"797162,9664","5831385,467","13,38378","52,55125",1033102.0,Gesundbrunnen,4363.0
198715,11,2,,2019,8,12,7,3,2,6,0,0,1,0,0,0,0,0,"800823,1754","5826476,89","13,43316","52,50524",2030302.0,Lausitzer Platz,5050.0
198716,11,9,,2019,8,14,1,3,1,6,0,0,1,0,1,0,0,0,"808445,1406","5821716,893","13,5407","52,45833",9020502.0,Oberschöneweide Ost,6636.0
198717,11,8,,2019,8,11,7,3,3,6,0,1,1,0,0,0,0,0,"801023,293","5824207,355","13,43405","52,48479",8010301.0,Reuterkiez,5144.0
198718,11,12,,2019,8,10,7,3,2,2,0,0,1,0,1,0,0,0,"794355,9625","5836310,109","13,34688","52,59692",12302107.0,Schorfheidestraße,3877.0
198719,11,4,,2019,8,14,1,3,3,6,0,0,1,0,1,0,0,0,"789177,2518","5826906,958","13,26244","52,5154",4020311.0,Reichsstraße,2553.0
198720,11,2,,2019,8,9,7,3,1,6,0,1,1,0,0,0,0,0,"803182,4517","5828348,274","13,46952","52,52071",3061441.0,Eldenaer Straße,5654.0
198721,11,1,,2019,8,14,1,3,6,2,0,1,0,1,0,0,0,0,"797465,9045","5826811,952","13,38415","52,51009",1011201.0,Wilhelmstraße,4351.0
198722,11,3,,2019,8,8,7,3,1,5,0,1,1,0,0,0,0,0,"799157,5687","5833207,4","13,41476","52,56649",3040818.0,Pankow Süd,4868.0
198723,11,9,,2019,8,7,7,2,5,2,0,0,1,0,0,0,0,0,"805016,3562","5822703,075","13,4913","52,46909",9010301.0,Baumschulenstraße,5939.0
198724,11,10,,2019,8,21,1,2,0,1,2,1,0,0,0,0,0,0,"810197,5367","5832282,385","13,57626","52,55202",10010205.0,Marzahn Ost,7263.0
198725,11,1,,2019,8,11,1,3,5,7,0,0,1,0,0,0,1,0,"800038,123","5828499,656","13,42346","52,52381",1011304.0,Karl-Marx-Allee,4955.0
198726,11,1,,2019,8,4,7,3,8,1,2,0,1,0,0,0,0,0,"796476,0174","5827485,428","13,3702","52,51666",1011102.0,Großer Tiergarten,4153.0
198727,11,7,,2019,8,12,7,3,6,7,0,0,1,1,0,0,0,0,"795658,368","5816089,258","13,34809","52,41495",7060601.0,Marienfelder Allee Nordwest,3823.0
198728,11,2,,2019,8,10,1,3,5,2,0,0,1,0,0,0,0,0,"801248,6824","5827825,545","13,44063","52,5171",2040502.0,Friedenstraße,5253.0
198729,11,2,,2019,8,0,7,2,6,4,2,1,0,1,0,0,0,0,"800222,3812","5826026,455","13,42393","52,50154",2030301.0,Oranienplatz,4949.0
198730,11,12,,2019,8,3,1,3,0,1,2,1,0,0,0,0,0,0,"789882,2786","5834745,573","13,27964","52,5853",12214527.0,Alt-Tegel,2873.0
198731,11,5,,2019,8,0,1,3,5,3,2,1,1,0,0,0,0,0,"784803,6785","5828786,024","13,19977","52,53455",5010314.0,Carl-Schurz-Straße,1658.0
198732,11,4,,2019,8,13,7,3,5,2,0,1,1,0,0,0,0,0,"791929,0205","5826115,362","13,30218","52,50683",4030725.0,Amtsgerichtsplatz,3150.0
198733,11,7,,2019,8,18,6,3,5,3,0,1,0,0,0,0,0,0,"799664,8023","5821836,306","13,41198","52,46429",7040405.0,Rathaus Tempelhof,4738.0
198734,11,11,,2019,8,22,7,2,0,1,2,1,0,0,0,0,0,0,"805054,5976","5827733,751","13,49647","52,51416",11030721.0,Rüdigerstraße,6052.0
198735,11,4,,2019,8,23,6,3,6,7,2,0,1,1,0,0,0,0,"793820,9052","5825862,558","13,32975","52,50355",4030931.0,Breitscheidplatz,3549.0
198736,11,2,,2019,8,22,7,3,2,7,2,1,1,0,0,0,0,0,"800292,8219","5824782,825","13,42385","52,49035",2020206.0,Graefekiez,4945.0
198737,11,8,,2019,8,21,6,2,5,3,2,1,1,0,0,0,0,0,"800972,6522","5823485,442","13,43266","52,47835",8010212.0,Rollberg,5042.0
198738,11,11,,2019,8,10,7,3,0,7,0,1,0,0,0,0,0,0,"804074,3881","5826008,691","13,48049","52,49925",11051229.0,Rummelsburg,5848.0
198739,11,3,,2019,8,19,6,3,5,3,0,1,1,0,0,0,0,0,"801940,6689","5830654,805","13,45337","52,54207",3061429.0,Greifswalder Straße,5361.0
198740,11,7,,2019,8,18,7,3,5,3,0,0,1,0,0,0,0,0,"796173,0249","5825310,067","13,36382","52,49733",7010104.0,Dennewitzplatz,4047.0
198741,11,4,,2019,8,19,6,3,5,3,0,1,1,0,0,0,0,0,"789949,2996","5826866,278","13,27375","52,51462",4020312.0,Branitzer Platz,2753.0
198742,11,12,,2019,8,18,7,3,2,6,0,0,1,0,0,0,0,0,"793179,3439","5832282,316","13,32599","52,56145",12214424.0,Scharnweberstraße,3566.0
198743,11,6,,2019,8,18,6,3,5,3,0,1,1,0,0,0,0,0,"794122,0144","5815880,6","13,32538","52,41391",6020411.0,Schütte-Lanz-Straße,3423.0
198744,11,1,,2019,8,17,7,3,5,2,0,1,1,0,0,0,0,0,"797398,2276","5826955,915","13,38328","52,51142",1011201.0,Wilhelmstraße,4352.0
198745,11,3,,2019,8,17,6,3,5,5,0,0,1,0,1,0,0,0,"800912,0326","5830852,383","13,43843","52,54441",3061228.0,Erich-Weinert-Straße,5161.0
198746,11,2,,2019,8,23,7,3,1,5,2,1,1,0,0,0,0,0,"799891,7869","5825930,281","13,41899","52,50086",2030301.0,Oranienplatz,4848.0
198747,11,4,,2019,8,17,6,2,5,3,0,1,1,0,0,0,0,0,"791981,3128","5825970,016","13,30282","52,5055",4030725.0,Amtsgerichtsplatz,3150.0
198748,11,4,,2019,8,17,6,2,0,7,0,1,0,0,0,0,0,0,"792050,122","5825983,705","13,30385","52,50559",4030827.0,Karl-August-Platz,3150.0
198749,11,5,,2019,8,18,7,3,0,6,0,0,1,0,1,0,0,0,"785676,2047","5829288,478","13,21303","52,53859",5030730.0,Zitadellenweg,1860.0
198750,11,7,,2019,8,16,6,3,5,2,0,0,1,0,1,0,0,0,"794948,7605","5825408,176","13,34592","52,49887",7010102.0,Nollendorfplatz,3748.0
198751,11,7,,2019,8,17,7,3,5,3,0,1,1,0,0,0,0,0,"796672,1463","5820706,888","13,36705","52,45579",7040402.0,Lindenhofsiedlung,4135.0
198752,11,3,,2019,8,13,6,3,4,6,0,0,1,0,0,0,0,0,"805042,6701","5840284,203","13,50783","52,62665",3010102.0,Buch,6285.0
198753,11,1,,2019,8,9,6,3,3,6,0,0,1,0,0,0,1,0,"798905,7015","5827778,839","13,40617","52,51797",1011303.0,Alexanderplatzviertel,4653.0
198754,11,10,,2019,8,15,7,3,0,7,0,1,0,0,0,0,0,0,"809882,9832","5825695,901","13,5655","52,49317",10030727.0,Biesdorf Süd,7046.0
198755,11,1,,2019,8,15,6,3,0,7,0,0,0,0,1,0,0,0,"795705,1749","5830573,939","13,36162","52,54477",1044202.0,Sparrplatz,4061.0
198756,11,5,,2019,8,23,7,3,2,6,2,0,1,0,0,0,0,0,"785232,1257","5830967,673","13,20795","52,55388",5010311.0,Eiswerder,1764.0
198757,11,4,,2019,8,15,6,3,1,5,0,1,1,0,0,0,0,0,"791593,2727","5826097,554","13,29723","52,50685",4030725.0,Amtsgerichtsplatz,3050.0
198758,11,8,,2019,8,21,7,3,3,6,2,0,1,0,1,0,0,0,"800915,9446","5822366,509","13,43082","52,46835",8010118.0,Silbersteinstraße,5039.0
198759,11,12,,2019,8,15,6,3,2,6,0,0,1,0,1,0,0,0,"792396,2923","5834131,693","13,3161","52,57845",12301203.0,Wittenau Süd,3371.0
198760,11,5,,2019,8,19,7,3,6,4,1,0,1,1,0,0,0,0,"785191,0062","5829494,14","13,20608","52,54069",5010312.0,Kurstraße,1760.0
198761,11,12,,2019,8,14,6,3,5,2,0,1,0,0,0,0,1,0,"794442,2324","5833814,742","13,34593","52,5745",12103220.0,Humboldtstraße,3770.0
198762,11,1,,2019,8,13,6,3,5,3,0,1,1,0,0,0,0,0,"795269,8836","5827320,609","13,35233","52,51584",1011102.0,Großer Tiergarten,3853.0
198763,11,5,,2019,8,15,7,3,2,2,0,0,1,0,0,0,0,0,"785935,8454","5827990,488","13,21573","52,52682",5020627.0,Tiefwerder,1856.0
198764,11,1,,2019,8,19,7,2,0,7,0,1,0,0,0,0,0,0,"797371,3017","5829619,253","13,38527","52,5353",1033202.0,Humboldthain Süd,4359.0
198765,11,7,,2019,8,13,6,3,5,7,0,0,1,0,0,0,0,0,"797115,7197","5822169,482","13,37486","52,46866",7040403.0,Manteuffelstraße,4239.0
198766,11,9,,2019,8,14,7,3,5,3,0,1,1,0,0,0,0,0,"809185,9864","5819527,385","13,54955","52,43829",9020702.0,Adlershof Ost,6830.0
198767,11,8,,2019,8,13,6,3,5,2,0,1,1,0,0,0,0,0,"801303,0762","5819923,381","13,43429","52,44624",8020622.0,Parchimer Allee,5133.0
198768,11,3,,2019,8,14,7,3,2,3,0,0,1,0,0,0,0,0,"799381,5511","5833496,931","13,41831","52,56896",3040818.0,Pankow Süd,4868.0
198769,11,4,,2019,8,13,6,3,2,6,0,0,1,0,0,0,0,0,"792448,9879","5826117,907","13,30982","52,50658",4030827.0,Karl-August-Platz,3250.0
198770,11,4,,2019,8,12,6,3,5,2,0,1,1,0,0,0,0,0,"792107,4487","5827719,235","13,30621","52,52112",4030519.0,Kaiserin-Augusta-Allee,3254.0
198771,11,9,,2019,8,13,7,3,2,6,0,0,1,0,0,0,0,0,"811045,5384","5820290,706","13,57753","52,44408",9041501.0,Altstadt Kietz,7232.0
198772,11,8,,2019,8,13,7,3,5,2,0,0,1,0,0,0,0,0,"803350,9864","5817402,487","13,46205","52,42251",8030831.0,Gropiusstadt Ost,5526.0
198773,11,9,,2019,8,12,6,3,5,3,0,1,0,0,0,0,1,0,"805226,4819","5820576,102","13,49244","52,44991",9010302.0,Späthsfelde,5934.0
198774,11,3,,2019,8,11,6,3,0,3,0,1,0,0,0,0,1,0,"799385,1194","5833902,198","13,41873","52,57259",3040614.0,Pankow Zentrum,4869.0
198775,11,9,,2019,8,12,7,3,5,3,0,1,0,0,0,0,0,0,"810640,2615","5821014,471","13,57225","52,45079",9051901.0,Dammvorstadt,7134.0
198776,11,5,,2019,8,11,6,3,0,3,0,0,1,0,1,0,0,0,"783412,2115","5828627,715","13,17918","52,53385",5020417.0,Staakener Straße,1358.0
198777,11,7,,2019,8,11,7,3,5,2,0,1,1,0,0,0,0,0,"794663,7199","5821801,518","13,33855","52,46669",7030303.0,Grazer Platz,3639.0
198778,11,7,,2019,8,9,6,3,1,5,0,1,1,0,0,0,0,0,"797542,4664","5819885,597","13,37909","52,44796",7050501.0,Rathausstraße,4233.0
198779,11,1,,2019,8,9,6,3,5,3,0,1,1,0,0,0,0,0,"798573,097","5826806,593","13,40041","52,50943",1011204.0,Leipziger Straße,4651.0
198780,11,9,,2019,8,11,7,2,8,1,0,0,0,0,1,0,0,0,"817660,2736","5817833,291","13,67219","52,41825",9041601.0,Müggelheim,8624.0
198781,11,8,,2019,8,9,6,3,2,6,0,0,1,0,0,0,0,0,"801473,8951","5823243,846","13,4398","52,47591",8010404.0,Rixdorf,5141.0
198782,11,4,,2019,8,6,7,2,8,7,0,0,1,0,0,0,0,1,"794061,3912","5826259,611","13,33364","52,50698",4030931.0,Breitscheidplatz,3650.0
198783,11,12,,2019,8,8,6,3,5,2,0,1,1,0,0,0,0,0,"786327,0895","5834462,963","13,22707","52,58465",12224229.0,Konradshöhe/Tegelort,2073.0
198784,11,2,,2019,8,12,7,3,5,3,0,0,1,0,0,0,0,0,"800515,1044","5825456,432","13,42772","52,49627",2030401.0,Reichenberger Straße,5047.0
198785,11,8,,2019,8,8,6,3,6,4,0,0,1,1,0,0,0,0,"801189,3637","5817153,938","13,43013","52,42148",8020727.0,Buckow Mitte,5025.0
198786,11,8,,2019,8,16,7,3,5,3,0,1,1,0,0,0,0,0,"801143,2076","5822844,615","13,43458","52,47251",8010213.0,Körnerpark,5140.0
198787,11,1,,2019,8,8,6,3,5,2,0,1,1,0,0,0,0,0,"797567,7044","5832754,761","13,39096","52,5633",1033101.0,Soldiner Straße,4467.0
198788,11,7,,2019,8,7,6,3,1,5,0,0,1,0,0,1,0,0,"799413,5123","5814247,53","13,40149","52,3964",7070701.0,Kettinger Straße/Schillerstraße,4618.0
198789,11,3,,2019,8,3,6,3,6,4,2,0,1,1,0,0,0,0,"800812,11","5830226,204","13,43639","52,53886",3061434.0,Anton-Saefkow-Park,5160.0
198790,11,7,,2019,8,15,6,3,5,3,0,0,1,0,0,0,0,0,"794955,8231","5824307,565","13,34505","52,489",7020201.0,Bayerischer Platz,3745.0
198791,11,2,,2019,8,7,6,3,5,2,0,1,1,0,0,0,0,0,"800143,1108","5827348,243","13,42396","52,51343",2040701.0,Andreasviertel,4952.0
198792,11,7,,2019,8,9,6,3,6,4,0,0,1,1,0,0,0,0,"798538,8999","5821892,512","13,3955","52,46541",7040405.0,Rathaus Tempelhof,4538.0
198793,11,6,,2019,8,19,6,3,5,3,0,0,1,0,1,0,0,0,"794043,7699","5820378,322","13,32819","52,45427",6010207.0,Mittelstraße,3535.0
198794,11,9,,2019,8,16,6,2,5,7,0,0,1,0,1,0,0,0,"814193,138","5820923,791","13,62428","52,44795",9051702.0,Bölschestraße,7933.0
198795,11,2,,2019,8,13,6,3,0,2,0,1,0,0,0,0,1,0,"801183,4424","5825936,078","13,43797","52,5002",2030302.0,Lausitzer Platz,5148.0
198796,11,1,,2019,8,16,6,2,1,5,0,0,1,0,0,0,1,0,"799421,8984","5827296,344","13,41332","52,51336",1011305.0,Heine-Viertel West,4852.0
198797,11,1,,2019,8,1,6,3,0,1,2,0,0,0,0,0,1,0,"798986,61","5829022,086","13,40847","52,52907",1011302.0,Oranienburger Straße,4757.0
198798,11,1,,2019,8,13,6,2,5,2,0,0,1,0,0,0,0,0,"796160,3988","5832270,675","13,36983","52,55973",1033101.0,Soldiner Straße,4166.0
198799,11,9,,2019,8,20,6,3,0,6,1,1,0,0,0,0,1,0,"810640,4998","5820337,241","13,57163","52,44472",9051901.0,Dammvorstadt,7132.0
198800,11,3,,2019,8,8,6,3,0,6,0,0,0,0,1,0,0,0,"800282,2281","5829601,003","13,42804","52,53354",3071638.0,Winsstraße,5058.0
198801,11,3,,2019,8,20,6,3,5,2,1,1,1,0,0,0,0,0,"798933,6625","5832600,919","13,41092","52,56118",3040818.0,Pankow Süd,4766.0
198802,11,1,,2019,8,8,6,2,5,3,0,1,0,0,0,0,0,0,"794971,61","5827990,34","13,34854","52,52201",1022204.0,Thomasiusstraße,3855.0
198803,11,9,,2019,8,17,6,3,5,2,0,1,1,0,0,0,0,0,"809054,3932","5818764,115","13,54691","52,43152",9020701.0,Adlershof West,6728.0
198804,11,11,,2019,8,11,6,3,0,6,0,0,1,0,0,0,0,0,"804092,2495","5826002,545","13,48075","52,49918",11051229.0,Rummelsburg,5848.0
198805,11,6,,2019,8,9,6,2,1,5,0,1,1,0,0,0,0,0,"791144,3833","5816642,349","13,28239","52,42233",6030608.0,Schweizer Viertel,2826.0
198806,11,8,,2019,8,19,6,2,0,2,0,0,1,0,0,0,1,0,"801385,2344","5819267,137","13,43491","52,44031",8020625.0,Handwerker-Siedlung,5131.0
198807,11,4,,2019,8,4,6,3,1,5,2,1,1,0,0,0,0,0,"791461,0206","5827151,8","13,29621","52,51638",4030417.0,Schloßstraße,3053.0
198808,11,6,,2019,8,19,6,2,6,4,0,1,0,1,0,0,0,0,"793322,5098","5821172,766","13,31831","52,46178",6010102.0,Schloßstraße,3337.0
198809,11,1,,2019,8,9,5,3,5,2,0,1,1,0,0,0,0,0,"797379,5354","5829301,541","13,3851","52,53245",1011401.0,Invalidenstraße,4358.0
198810,11,8,,2019,8,18,6,3,2,6,0,1,1,0,0,0,0,0,"801370,9623","5823851,961","13,43884","52,48141",8010303.0,Donaustraße,5143.0
198811,11,1,,2019,8,21,5,3,1,5,2,1,1,0,0,0,0,0,"795792,7045","5831041,738","13,36333","52,54891",1044201.0,Reinickendorfer Straße,4063.0
198812,11,12,,2019,8,18,6,3,1,5,0,1,1,0,0,0,0,0,"796017,4944","5833250,458","13,3686","52,56859",12103116.0,Hausotterplatz,4168.0
198813,11,12,,2019,8,19,5,3,3,6,1,1,1,0,0,0,0,0,"789468,4412","5840379,386","13,27848","52,63602",12231102.0,Frohnau,2788.0
198814,11,11,,2019,8,18,5,3,5,3,0,1,0,0,0,0,0,0,"803759,1871","5829235,688","13,47881","52,52834",11030619.0,Fennpfuhl Ost,5757.0
198815,11,2,,2019,8,18,6,3,6,4,0,1,0,1,0,0,0,0,"799736,7661","5824839,719","13,41573","52,49117",2020206.0,Graefekiez,4846.0
198816,11,1,,2019,8,17,6,3,1,5,0,1,0,0,0,0,1,0,"799379,2786","5826369,292","13,41186","52,50507",1011305.0,Heine-Viertel West,4750.0
198817,11,7,,2019,8,18,5,3,5,2,0,1,1,0,0,0,0,0,"799000,5262","5821696,474","13,4021","52,4634",7040405.0,Rathaus Tempelhof,4638.0
198818,11,1,,2019,8,18,5,3,2,6,0,0,1,0,0,0,0,0,"796610,3175","5826883,108","13,37164","52,51119",1011105.0,Nördlicher Landwehrkanal,4152.0
198819,11,7,,2019,8,16,6,2,5,2,0,1,1,0,0,0,0,0,"794403,4776","5822298,878","13,33516","52,47129",7030301.0,Friedenau,3640.0
198820,11,1,,2019,8,17,5,3,5,3,0,1,0,0,0,0,1,0,"797261,9793","5827013,792","13,38133","52,51201",1011201.0,Wilhelmstraße,4352.0
198821,11,4,,2019,8,16,6,3,5,2,0,1,0,0,0,0,1,0,"793992,228","5824051,211","13,33067","52,48722",4051655.0,Babelsberger Straße,3545.0
198822,11,9,,2019,8,19,5,3,5,3,0,0,1,0,1,0,0,0,"808492,5222","5816654,885","13,53673","52,41294",9030901.0,Dorf Altglienicke,6623.0
198823,11,1,,2019,8,17,5,3,6,4,0,0,1,1,0,0,0,0,"794462,6131","5828354,588","13,34139","52,52555",1022106.0,Elberfelder Straße,3756.0
198824,11,1,,2019,8,22,6,3,2,2,2,1,1,0,0,0,0,0,"796635,7318","5826669,56","13,37182","52,50926",1011105.0,Nördlicher Landwehrkanal,4151.0
198825,11,4,,2019,8,15,5,3,0,7,0,1,0,0,0,0,0,0,"793444,9141","5823947,016","13,32254","52,48658",4051654.0,Wilhelmsaue,3444.0
198826,11,1,,2019,8,15,5,3,5,3,0,1,1,0,0,0,0,0,"797990,1984","5826785,715","13,39182","52,50957",1011204.0,Leipziger Straße,4451.0
198827,11,9,,2019,8,16,6,2,5,2,0,1,1,0,0,0,0,0,"809094,9643","5815181,863","13,5442","52,3994",9031001.0,Bohnsdorf,6719.0
198828,11,3,,2019,8,15,5,3,5,3,0,1,0,0,0,0,0,0,"799256,026","5833675,786","13,41663","52,57063",3040614.0,Pankow Zentrum,4869.0
198829,11,6,,2019,8,14,5,3,3,2,0,0,1,0,1,0,0,0,"795910,2272","5818720,486","13,35411","52,4384",6020303.0,Lankwitz Kirche,3930.0
198830,11,5,,2019,8,22,6,3,5,2,2,1,1,0,0,0,0,0,"787944,5893","5830040,922","13,24704","52,54415",5030731.0,Gartenfelder Straße,2361.0
198831,11,7,,2019,8,14,5,3,3,5,0,1,1,0,0,0,0,0,"794969,0567","5825163,879","13,346","52,49667",7010102.0,Nollendorfplatz,3847.0