OBJECTID,LAND,BEZ,LOR_ab_2021,UJAHR,UMONAT,USTUNDE,UWOCHENTAG,UKATEGORIE,UART,UTYP1,ULICHTVERH,IstRad,IstPKW,IstFuss,IstKrad,IstGkfz,IstSonstige,USTRZUSTAND,LINREFX,LINREFY,XGCSWGS84,YGCSWGS84,LOR,STRASSE,quadrant
198832,11,4,,2019,8,22,6,2,5,2,2,1,1,0,0,0,0,0,"791911,7383","5822279,941","13,29857","52,47246",4041241.0,Breite Straße,3040.0
198833,11,3,,2019,8,14,5,3,5,2,0,1,1,0,0,0,0,0,"798733,2711","5833689,212","13,40895","52,57104",3040614.0,Pankow Zentrum,4769.0
198834,11,4,,2019,8,21,6,3,5,2,1,1,1,0,0,0,0,0,"792949,8467","5825355,458","13,31651","52,49947",4030930.0,George-Grosz-Platz,3348.0
198835,11,2,,2019,8,14,5,3,4,7,0,1,0,0,0,0,0,0,"800901,9287","5825850,269","13,43375","52,49958",2030302.0,Lausitzer Platz,5148.0
198836,11,11,,2019,8,20,6,3,0,2,1,1,1,0,0,0,0,0,"804296,7051","5828423,967","13,48596","52,52077",11030721.0,Rüdigerstraße,5854.0
198837,11,5,,2019,8,14,5,3,5,3,0,1,1,0,0,0,0,0,"789482,5517","5829420,639","13,26912","52,53777",5030832.0,Rohrdamm,2659.0
198838,11,5,,2019,8,14,5,3,5,2,0,1,1,0,0,0,0,0,"780793,2334","5820422,124","13,13375","52,46163",5040936.0,Jägerallee,637.0
198839,11,8,,2019,8,16,6,2,3,6,0,0,1,0,1,0,0,0,"800684,3536","5822956,681","13,42795","52,47377",8010117.0,Schillerpromenade,5041.0
198840,11,1,,2019,8,16,6,3,5,3,0,0,1,0,0,0,1,0,"797892,5412","5826671,185","13,39029","52,50859",1011204.0,Leipziger Straße,4451.0
198841,11,4,,2019,8,13,5,3,0,2,0,0,1,0,0,0,1,0,"792761,6933","5827053,349","13,31524","52,5148",4030620.0,Alt-Lietzow,3353.0
198842,11,8,,2019,8,14,5,2,2,6,0,0,1,0,0,0,0,0,"803284,8973","5818518,329","13,46209","52,43255",8040933.0,Vogelviertel Süd,5529.0
198843,11,12,,2019,8,15,6,3,5,2,0,0,1,0,1,0,0,0,"790620,4154","5835983,302","13,29159","52,596",12304314.0,Ziekowstraße/Freie Scholle,2976.0
198844,11,1,,2019,8,12,5,3,5,3,0,1,0,0,0,0,0,0,"798530,3508","5827097,396","13,40004","52,51206",1011204.0,Leipziger Straße,4652.0
198845,11,1,,2019,8,15,6,3,5,2,0,1,1,0,0,0,0,0,"793673,5415","5832254,633","13,33324","52,56093",1044101.0,Rehberge,3666.0
198846,11,9,,2019,8,12,5,3,5,3,0,0,1,0,0,0,0,0,"805707,206","5818798,895","13,49786","52,43372",9010402.0,Johannisthal Ost,6029.0
198847,11,5,,2019,8,12,6,3,2,6,0,0,1,0,0,0,0,0,"786814,6828","5828209,465","13,22884","52,52832",5010339.0,Freiheit,2057.0
198848,11,12,,2019,8,10,5,3,0,6,0,0,1,0,1,0,0,0,"793519,6983","5832404,885","13,33111","52,56236",12214424.0,Scharnweberstraße,3566.0
198849,11,5,,2019,8,11,6,3,5,3,0,1,1,0,0,0,0,0,"782906,9944","5830340,164","13,17321","52,54947",5010209.0,An der Kappe,1263.0
198850,11,7,,2019,8,10,5,3,0,7,0,0,1,0,0,0,1,0,"798499,4783","5820934,458","13,39407","52,45684",7040405.0,Rathaus Tempelhof,4536.0
198851,11,1,,2019,8,11,6,3,2,6,0,0,1,0,0,0,0,0,"797691,7347","5830709,85","13,39095","52,5449",1033201.0,Brunnenstraße,4461.0
198852,11,3,,2019,8,13,1,3,5,3,0,0,1,0,0,0,0,0,"799558,6766","5832081,076","13,41964","52,55617",3040818.0,Pankow Süd,4865.0
198853,11,9,,2019,9,8,2,3,5,3,0,0,1,0,0,0,0,1,"819383,7257","5819910,702","13,69943","52,43586",9051801.0,Rahnsdorf/Hessenwinkel,9029.0
198854,11,12,,2019,9,7,2,3,5,3,0,0,1,0,0,0,1,1,"791931,8628","5834134,627","13,30927","52,57872",12304313.0,Borsigwalde,3271.0
198855,11,8,,2019,9,7,2,3,5,3,0,0,1,0,0,0,0,1,"800432,2562","5824906,288","13,426","52,49138",8010301.0,Reuterkiez,4946.0
198856,11,7,,2019,9,6,2,3,2,2,2,0,1,0,0,0,1,1,"797602,3884","5819527,446","13,37965","52,44472",7050501.0,Rathausstraße,4332.0
198857,11,8,,2019,9,14,2,3,6,2,0,0,1,1,0,0,0,1,"803725,9363","5818021,095","13,4681","52,42785",8030831.0,Gropiusstadt Ost,5627.0
198858,11,11,,2019,9,6,2,3,5,2,1,1,1,0,0,0,0,1,"804095,0153","5825995,295","13,48078","52,49911",11051229.0,Rummelsburg,5848.0
198859,11,4,,2019,9,5,2,3,2,6,0,0,1,0,0,0,0,1,"793350,028","5829688,2","13,32621","52,5381",4010102.0,Plötzensee,3559.0
198860,11,9,,2019,9,18,2,3,5,3,0,1,1,0,0,0,0,1,"810821,066","5821366,703","13,57523","52,45385",9051901.0,Dammvorstadt,7235.0
198861,11,4,,2019,9,22,1,3,5,3,2,1,1,0,0,0,0,0,"791655,4274","5827533,803","13,29941","52,5197",4030415.0,Schloßgarten,3154.0
198862,11,1,,2019,9,3,1,3,1,5,2,0,1,0,0,0,0,0,"796689,967","5830787,498","13,37629","52,54615",1033203.0,Humboldthain Nordwest,4262.0
198863,11,8,,2019,9,21,1,3,1,5,2,0,1,0,0,0,0,0,"801101,8635","5823279,67","13,43437","52,47643",8010212.0,Rollberg,5141.0
198864,11,8,,2019,9,21,1,2,6,7,2,1,0,1,0,0,0,0,"800868,4076","5823457,341","13,4311","52,47815",8010212.0,Rollberg,5042.0
198865,11,7,,2019,9,21,1,3,1,5,2,0,1,0,0,0,0,0,"798375,8146","5816892,587","13,38864","52,42068",7060603.0,Marienfelde Nordost,4425.0
198866,11,7,,2019,9,18,1,3,2,7,0,0,1,0,1,0,0,0,"796917,3641","5820709,001","13,37065","52,45568",7040403.0,Manteuffelstraße,4135.0
198867,11,7,,2019,9,14,1,3,1,5,0,0,1,0,0,0,1,0,"799216,7651","5818158,154","13,40211","52,43156",7050505.0,Hundsteinweg,4628.0
198868,11,8,,2019,9,2,1,2,0,1,2,1,0,0,0,0,0,0,"801109,3563","5823523,596","13,4347","52,47861",8010212.0,Rollberg,5142.0
198869,11,2,,2019,9,1,1,3,0,7,2,0,0,0,0,0,1,0,"802390,7309","5826834,694","13,45651","52,50758",2050802.0,Boxhagener Platz,5450.0
198870,11,12,,2019,9,0,1,2,0,1,2,1,0,0,0,0,0,0,"791656,1618","5838922,166","13,30943","52,62179",12231101.0,Hermsdorf,3284.0
198871,11,2,,2019,9,0,1,3,2,7,2,1,1,0,0,0,0,1,"799926,2899","5826024,477","13,41958","52,50168",2030301.0,Oranienplatz,4849.0
198872,11,4,,2019,9,0,1,3,5,3,2,0,1,0,0,0,0,0,"792844,0053","5827219,739","13,3166","52,51624",4030620.0,Alt-Lietzow,3353.0
198873,11,12,,2019,9,13,1,3,2,6,0,0,1,0,0,0,0,0,"791092,1623","5831074,349","13,29423","52,55174",12214125.0,Waldidyll/Flughafensee,3063.0
198874,11,1,,2019,9,13,1,3,0,7,0,0,0,0,0,0,1,0,"796068,4135","5826700,602","13,36352","52,50985",1011105.0,Nördlicher Landwehrkanal,4051.0
198875,11,8,,2019,9,0,1,3,3,6,2,1,1,0,0,0,0,0,"801021,5817","5822118,483","13,43214","52,46607",8010118.0,Silbersteinstraße,5038.0
198876,11,1,,2019,9,11,1,3,5,2,0,0,1,0,0,0,0,0,"794908,2068","5832038,059","13,35121","52,55832",1044102.0,Schillerpark,3865.0
198877,11,7,,2019,9,11,1,3,2,2,0,0,1,0,0,0,0,0,"798708,516","5816023,92","13,39275","52,41271",7070701.0,Kettinger Straße/Schillerstraße,4423.0
198878,11,3,,2019,9,11,1,3,5,3,0,0,1,0,0,0,0,0,"802747,6523","5839052,537","13,4729","52,61689",3030406.0,Alt-Karow,5682.0
198879,11,11,,2019,9,10,1,3,0,3,0,1,0,0,0,0,1,0,"807201,8172","5825560,026","13,526","52,49347",11051330.0,Karlshorst West,6446.0
198880,11,8,,2019,9,21,7,3,5,3,2,1,1,0,0,0,0,0,"801244,7925","5822459,703","13,43573","52,469",8010213.0,Körnerpark,5139.0
198881,11,4,,2019,9,23,7,2,0,1,2,0,0,0,0,0,1,0,"792095,0729","5827629,059","13,30595","52,52032",4030620.0,Alt-Lietzow,3254.0
198882,11,3,,2019,9,23,7,2,5,3,2,0,1,0,0,0,0,0,"799708,8119","5832505,677","13,42223","52,5599",3040818.0,Pankow Süd,4966.0
198883,11,6,,2019,9,22,7,3,0,1,2,0,0,0,1,0,0,1,"787632,1569","5818122,268","13,23216","52,43745",6040804.0,Krumme Lanke,2130.0
198884,11,1,,2019,9,17,7,3,6,4,0,0,1,1,0,0,0,0,"795265,7077","5830733,421","13,3553","52,54644",1044103.0,Westliche Müllerstraße,3962.0
198885,11,6,,2019,9,14,7,3,5,3,0,0,1,0,1,0,0,0,"788989,8525","5816094,207","13,25032","52,41856",6030502.0,Zehlendorf Süd,2324.0
198886,11,9,,2019,9,16,7,3,5,3,0,1,1,0,0,0,0,0,"812505,9217","5821292,3","13,59988","52,45222",9051701.0,Hirschgarten,7534.0
198887,11,5,,2019,9,16,7,2,4,6,0,0,1,0,1,0,0,0,"785346,6179","5832551,037","13,21099","52,56802",5010101.0,Hakenfelde Nord,1768.0
198888,11,10,,2019,9,16,7,3,2,6,0,0,1,0,0,0,0,0,"809581,1445","5825572,581","13,56095","52,49224",10030727.0,Biesdorf Süd,6946.0
198889,11,8,,2019,9,15,7,2,5,2,0,0,1,0,0,0,1,0,"801377,565",5819273,"13,4348","52,44037",8020625.0,Handwerker-Siedlung,5131.0
198890,11,10,,2019,9,15,7,3,5,2,0,0,1,0,1,0,0,0,"811530,1429","5827808,616","13,59165","52,51117",10040829.0,Alt-Kaulsdorf,7452.0
198891,11,8,,2019,9,14,7,3,5,3,0,0,1,0,0,0,0,0,"800094,5961","5819151,057","13,41587","52,43998",8020621.0,Mohriner Allee Nord,4831.0
198892,11,4,,2019,9,14,7,3,0,1,0,0,0,0,1,0,0,0,"791551,7077","5826692,897","13,29715","52,51221",4030417.0,Schloßstraße,3052.0
198893,11,3,,2019,9,14,7,3,6,4,0,1,0,1,0,0,0,0,"798933,4401","5829951,442","13,40853","52,53743",3071536.0,Teutoburger Platz,4759.0
198894,11,3,,2019,9,14,7,3,1,1,0,1,1,0,0,0,0,0,"802323,9951","5831316,791","13,45961","52,54779",3050925.0,Komponistenviertel Weißensee,5462.0
198895,11,4,,2019,9,14,7,3,2,6,0,0,1,0,0,0,0,0,"792236,113","5825340,99","13,30601","52,49973",4030726.0,Droysenstraße,3248.0
198896,11,9,,2019,9,11,7,3,0,1,0,1,0,0,0,0,0,0,"809134,0658","5819509,341","13,54877","52,43816",9020702.0,Adlershof Ost,6830.0
198897,11,1,,2019,9,10,7,3,1,1,0,1,1,0,0,0,0,0,"797815,9117","5829270,528","13,39149","52,53193",1011401.0,Invalidenstraße,4458.0
198898,11,7,,2019,9,9,7,3,5,3,0,1,1,0,0,0,0,0,"793974,1274","5822306,115","13,32887","52,47159",7030301.0,Friedenau,3540.0
198899,11,8,,2019,9,14,7,3,6,7,0,0,1,1,0,0,0,0,"806573,0322","5815723,312","13,50774","52,40567",8041039.0,Frauenviertel,6221.0
198900,11,2,,2019,9,1,7,3,1,5,2,1,1,0,0,0,1,0,"797690,8606","5824591,385","13,38547","52,49006",2020203.0,Viktoriapark,4345.0
198901,11,2,,2019,9,22,6,3,1,1,2,0,1,0,0,0,1,0,"798312,5537","5824393,81","13,39442","52,48795",2020205.0,Chamissokiez,4545.0
198902,11,2,,2019,9,21,6,3,0,1,2,1,0,0,0,0,0,0,"799173,0862","5826260,654","13,40873","52,50421",2010103.0,Moritzplatz,4749.0
198903,11,2,,2019,9,21,6,3,5,2,2,1,1,0,0,0,0,0,"802753,6741","5826107,63","13,46118","52,50087",2050803.0,Stralauer Kiez,5548.0
198904,11,3,,2019,9,20,6,2,5,2,2,0,1,0,1,0,0,0,"803848,1382","5841440,476","13,4913","52,63768",3010101.0,Bucher Forst,5989.0
198905,11,3,,2019,9,11,6,3,5,3,0,1,1,0,0,0,0,0,"799177,2716","5830743,543","13,41282","52,54439",3061131.0,Falkplatz,4761.0
198906,11,1,,2019,9,11,6,2,6,2,0,0,1,1,0,0,0,0,"797919,1207","5827278,644","13,39122","52,51402",1011203.0,Unter den Linden Süd,4452.0
198907,11,4,,2019,9,11,6,3,3,6,0,0,1,0,1,0,0,0,"793959,9067","5823446,821","13,32966","52,48182",4051655.0,Babelsberger Straße,3543.0
198908,11,1,,2019,9,10,6,3,2,6,0,0,1,0,0,0,0,0,"794877,4811","5832005,641","13,35072","52,55805",1044102.0,Schillerpark,3865.0
198909,11,7,,2019,9,19,6,3,1,5,2,0,1,0,0,0,1,0,"799836,9112","5820459,634","13,41327","52,45185",7050504.0,Imbrosweg,4834.0
198910,11,1,,2019,9,15,6,2,0,1,0,0,0,0,0,0,1,0,"797024,1038","5826580,961","13,37745","52,50826",1011201.0,Wilhelmstraße,4251.0
198911,11,1,,2019,9,9,6,3,2,2,0,0,0,0,1,1,0,0,"800080,107","5826452,345","13,42223","52,50543",1011306.0,Heine-Viertel Ost,4950.0
198912,11,2,,2019,9,19,6,3,6,4,1,0,1,1,0,0,0,0,"798450,9082","5824555,36","13,39659","52,48932",2020205.0,Chamissokiez,4545.0
198913,11,9,,2019,9,19,6,3,5,2,1,1,1,0,0,0,0,0,"806104,989","5819162,606","13,50403","52,43675",9010402.0,Johannisthal Ost,6130.0
198914,11,1,,2019,9,8,6,3,2,2,0,1,1,0,0,0,0,0,"799091,1194","5828975,067","13,40997","52,52859",1011302.0,Oranienburger Straße,4757.0
198915,11,1,,2019,9,14,6,3,2,6,0,0,1,0,0,0,0,0,"793573,896","5829815,239","13,32961","52,53912",1022103.0,Westhafen,3560.0
198916,11,1,,2019,9,8,6,3,3,6,0,0,1,0,1,0,0,0,"796699,3435","5831951,32","13,37747","52,55657",1044201.0,Reinickendorfer Straße,4265.0
198917,11,1,,2019,9,14,6,3,1,7,0,1,1,0,0,0,0,0,"800108,9568","5826881,932","13,42304","52,50927",1011306.0,Heine-Viertel Ost,4951.0
198918,11,2,,2019,9,8,6,3,0,7,0,0,0,0,0,1,0,0,"800617,9463","5827208,76","13,43081","52,51192",2040701.0,Andreasviertel,5052.0
198919,11,11,,2019,9,18,6,2,6,4,0,0,1,1,0,0,0,0,"805182,0009","5829607,719","13,50006","52,53088",11030720.0,Herzbergstraße,6057.0
198920,11,8,,2019,9,7,6,2,6,4,0,0,1,1,0,0,0,0,"800517,1975","5816503,812","13,41969","52,41602",8020727.0,Buckow Mitte,4824.0
198921,11,4,,2019,9,14,6,3,5,3,0,1,1,0,0,0,0,0,"793216,8433","5827791,511","13,32258","52,52117",4030621.0,Spreestadt,3454.0
198922,11,8,,2019,9,18,6,3,1,5,0,0,1,0,0,0,0,0,"800393,3411","5821713,802","13,42256","52,46279",8010118.0,Silbersteinstraße,4937.0
198923,11,1,,2019,9,14,6,3,2,6,0,0,1,0,0,0,0,0,"796244,3684","5831948,853","13,37078","52,5568",1044203.0,Leopoldplatz,4165.0
198924,11,9,,2019,9,6,6,3,5,3,0,0,1,0,0,0,0,0,"806937,8849","5822299,19","13,51913","52,4644",9020502.0,Oberschöneweide Ost,6338.0
198925,11,7,,2019,9,16,6,3,2,2,0,1,1,0,0,0,0,0,"794562,963","5825786,132","13,34059","52,50247",7010101.0,Wittenbergplatz/Viktoria-Luise-Platz,3749.0
198926,11,4,,2019,9,13,6,3,5,2,0,1,1,0,0,0,0,0,"790677,2585","5822691,548","13,2808","52,47681",4041136.0,Hagenplatz,2841.0
198927,11,10,,2019,9,12,6,3,2,6,0,0,1,0,0,0,0,0,"809579,6671","5825096,55","13,56049","52,48798",10030727.0,Biesdorf Süd,6945.0
198928,11,3,,2019,9,16,6,3,5,2,0,1,1,0,0,0,0,0,"802307,5556","5832626,487","13,46056","52,55954",3050920.0,Weißer See,5566.0
198929,11,5,,2019,9,12,6,2,5,2,0,0,1,0,0,0,0,0,"785637,1357","5828028,701","13,21138","52,52732",5020627.0,Tiefwerder,1756.0
198930,11,1,,2019,9,16,6,3,9,1,0,0,1,1,0,0,0,0,"797157,349","5831905,615","13,38417","52,55591",1033102.0,Gesundbrunnen,4365.0
198931,11,12,,2019,9,12,6,3,2,6,0,0,1,0,0,0,1,0,"792067,9287","5832942,158","13,31022","52,56796",12214422.0,Klixstraße,3268.0
198932,11,1,,2019,9,16,6,3,5,2,0,1,1,0,0,0,0,0,"794509,8518","5830643,201","13,34411","52,54604",1044103.0,Westliche Müllerstraße,3762.0
198933,11,10,,2019,9,12,6,3,2,2,0,0,1,0,1,0,0,0,"812069,9533","5830895,591","13,60248","52,53852",10020414.0,Helle Mitte,7660.0
198934,11,4,,2019,9,11,6,2,3,6,0,0,1,0,1,0,0,0,"790476,7969","5826782,486","13,28143","52,51359",4020313.0,Königin-Elisabeth-Straße,2852.0
198935,11,1,,2019,9,15,6,3,0,1,0,1,0,0,0,0,0,0,"798718,9779","5829543,158","13,40501","52,53388",1011402.0,Arkonaplatz,4658.0
198936,11,4,,2019,9,15,6,2,5,2,0,1,1,0,0,0,0,0,"792090,9959","5825291,91","13,30384","52,49937",4030726.0,Droysenstraße,3148.0
198937,11,4,,2019,9,12,6,3,5,2,0,1,0,0,0,1,0,0,"793674,295","5825995,311","13,32772","52,50482",4030623.0,Ernst-Reuter-Platz,3550.0
198938,11,1,,2019,9,19,6,1,9,7,1,0,1,1,0,0,1,0,"798113,9677","5829348,009","13,39594","52,53247",1011401.0,Invalidenstraße,4558.0
198939,11,4,,2019,9,6,5,2,0,7,0,1,1,0,0,0,0,0,"792742,6544","5823123,808","13,31151","52,47958",4041343.0,Binger Straße,3242.0
198940,11,1,,2019,9,4,5,2,6,2,2,0,1,1,0,0,0,1,"799662,8836","5827043,626","13,41663","52,51096",1011306.0,Heine-Viertel Ost,4851.0
198941,11,7,,2019,9,22,5,3,5,2,2,0,1,0,0,0,0,0,"798893,609","5821213,683","13,4001","52,45913",7040405.0,Rathaus Tempelhof,4636.0
198942,11,2,,2019,9,20,5,3,2,6,2,0,1,0,0,0,0,0,"798296,1892","5825339,96","13,39503","52,49644",2020204.0,Urbanstraße,4547.0
198943,11,6,,2019,9,20,5,3,5,2,2,1,1,0,0,0,0,0,"790352,3107","5820678,943","13,27428","52,45894",6040810.0,Dahlem,2736.0
198944,11,12,,2019,9,18,5,2,0,7,0,1,0,0,0,0,0,0,"791061,4568","5833909,291","13,29627","52,57717",12214125.0,Waldidyll/Flughafensee,3071.0
198945,11,10,,2019,9,18,5,2,5,3,0,0,1,0,0,0,0,0,"809838,2586","5825689,294","13,56483","52,49314",10030727.0,Biesdorf Süd,7046.0
198946,11,3,,2019,9,21,5,3,5,3,2,1,1,0,0,0,0,0,"800962,4858","5829193,916","13,43767","52,52952",3071639.0,Bötzowstraße,5157.0
198947,11,6,,2019,9,10,5,3,5,2,0,1,1,0,0,0,0,0,"795189,6191","5818764,689","13,34358","52,43919",6020303.0,Lankwitz Kirche,3730.0
198948,11,1,,2019,9,17,5,3,5,3,0,1,0,0,0,0,0,1,"794303,1401","5828462,655","13,33914","52,5266",1022104.0,Emdener Straße,3656.0
198949,11,10,,2019,9,17,5,3,2,6,0,0,1,0,0,0,0,0,"809717,4314","5826033,113","13,56338","52,49629",10030727.0,Biesdorf Süd,7047.0
198950,11,1,,2019,9,12,5,3,2,6,0,0,1,0,0,0,0,0,"795400,87","5830610,899","13,35718","52,54526",1044202.0,Sparrplatz,3961.0
198951,11,12,,2019,9,11,5,3,5,2,0,1,1,0,0,0,0,0,"794565,1456","5833792,474","13,34772","52,57424",12103218.0,Teichstraße,3870.0
198952,11,3,,2019,9,11,5,3,5,2,0,1,1,0,0,0,0,0,"799135,5132","5830601,35","13,41208","52,54314",3061131.0,Falkplatz,4761.0
198953,11,3,,2019,9,9,5,3,5,3,0,1,1,0,0,0,0,0,"797885,1622","5834642,227","13,39733","52,58005",3020209.0,Niederschönhausen,4572.0
198954,11,10,,2019,9,9,5,3,2,6,0,0,1,0,0,1,0,0,"808094,6883","5830922,342","13,54408","52,54103",10010310.0,Alt-Marzahn,6760.0
198955,11,4,,2019,9,8,5,3,3,6,0,0,1,0,0,0,0,0,"790151,2832","5826070,444","13,27602","52,50738",4020313.0,Königin-Elisabeth-Straße,2750.0
198956,11,6,,2019,9,8,5,3,2,6,0,0,1,0,0,1,0,0,"792224,3246","5816651,021","13,29823","52,42183",6030607.0,Goerzwerke,3025.0
198957,11,7,,2019,9,8,5,3,5,2,0,1,1,0,0,0,0,0,"800253,7607","5821586,116","13,42039","52,46172",7040406.0,Germaniagarten,4937.0
198958,11,3,,2019,9,8,5,3,0,2,0,1,1,0,0,0,0,0,"796916,2901","5835822,402","13,38413","52,59116",3040512.0,Wilhelmsruh,4375.0
198959,11,9,,2019,9,8,5,3,0,2,0,0,1,0,1,0,0,1,"806491,1354","5820058,823","13,51051","52,44457",9010402.0,Johannisthal Ost,6232.0
198960,11,5,,2019,9,8,5,2,5,3,0,1,0,0,0,0,1,0,"788001,8548","5830207,936","13,24803","52,54561",5030731.0,Gartenfelder Straße,2362.0
198961,11,4,,2019,9,17,5,3,0,5,0,0,0,0,1,0,1,0,"789816,8155","5824903,04","13,27009","52,49709",4020209.0,Eichkamp,2647.0
198962,11,8,,2019,9,17,5,3,5,3,0,0,1,0,0,0,0,0,"799906,6176","5816245,14","13,41051","52,41404",8020726.0,Buckow West,4723.0
198963,11,12,,2019,9,17,5,3,5,2,0,1,1,0,0,0,0,0,"787290,0051","5837899,624","13,24423","52,61495",12224230.0,Heiligensee,2282.0
198964,11,4,,2019,9,17,5,2,6,7,0,0,1,1,0,0,0,0,"793599,8418","5823944,754","13,32482","52,48648",4051654.0,Wilhelmsaue,3444.0
198965,11,4,,2019,9,17,5,3,5,3,0,0,1,0,0,0,0,0,"792090,8326","5825281,779","13,30383","52,49927",4030726.0,Droysenstraße,3148.0
198966,11,5,,2019,9,16,5,2,0,1,0,1,0,0,0,0,0,0,"783826,613","5823585,922","13,18097","52,48843",5040934.0,Alt-Gatow,1345.0
198967,11,5,,2019,9,7,5,3,5,3,0,1,1,0,0,0,0,0,"780779,1452","5820414,777","13,13354","52,46157",5040936.0,Jägerallee,637.0
198968,11,4,,2019,9,15,5,3,6,4,0,0,1,1,0,0,0,0,"794436,5297","5825886,939","13,33882","52,50344",4030931.0,Breitscheidplatz,3649.0
198969,11,9,,2019,9,7,5,2,6,4,0,0,1,1,0,0,0,0,"811649,5107","5820424,135","13,58651","52,44493",9041401.0,Allende I,7332.0
198970,11,5,,2019,9,15,6,2,5,3,0,0,1,0,1,0,0,0,"785088,2385","5829871,69","13,20489","52,54413",5010312.0,Kurstraße,1761.0
198971,11,10,,2019,9,15,5,3,6,2,0,0,1,1,0,0,0,0,"812237,7694","5830686,179","13,60475","52,53655",10020414.0,Helle Mitte,7659.0
198972,11,1,,2019,9,15,6,3,1,5,0,1,1,0,0,0,0,0,"794363,2458","5828435,887","13,34","52,52633",1022104.0,Emdener Straße,3756.0
198973,11,6,,2019,9,15,6,3,5,3,0,1,1,0,0,0,0,0,"782334,5566","5815313,249","13,15206","52,41503",6040701.0,Wannsee,923.0
198974,11,9,,2019,9,7,5,3,0,1,0,0,0,0,1,0,0,1,"809101,9055","5821545,987","13,55018","52,45643",9020502.0,Oberschöneweide Ost,6836.0
198975,11,1,,2019,9,15,5,3,5,2,0,1,1,0,0,0,0,0,"797317,6553","5831634,203","13,38628","52,55339",1033102.0,Gesundbrunnen,4364.0
198976,11,1,,2019,9,21,6,3,2,6,2,0,1,0,0,0,0,0,"799773,0299","5827532,78","13,41869","52,51529",1011304.0,Karl-Marx-Allee,4853.0
198977,11,4,,2019,9,15,5,3,5,3,0,0,1,0,0,0,0,0,"791699,3505","5828394,776","13,30081","52,52739",4030518.0,Tegeler Weg,3156.0
198978,11,10,,2019,9,6,5,3,5,3,1,0,1,0,0,0,0,1,"812935,6646","5830025,092","13,61438","52,53023",10020518.0,Schleipfuhl,7757.0
198979,11,4,,2019,9,7,5,3,5,2,0,1,1,0,0,0,0,1,"793312,8333","5823634,548","13,32033","52,48385",4051549.0,Rathaus Wilmersdorf,3444.0
198980,11,6,,2019,9,11,5,3,0,1,0,1,0,0,0,0,0,0,"793733,9796","5821072,301","13,32426","52,46066",6010102.0,Schloßstraße,3437.0
198981,11,2,,2019,9,14,5,3,5,5,0,1,1,0,0,0,0,0,"798318,1772","5824281,804","13,3944","52,48694",2020205.0,Chamissokiez,4544.0
198982,11,6,,2019,9,16,5,3,5,2,0,1,1,0,0,0,0,0,"790387,9079","5820839,826","13,27494","52,46036",6040810.0,Dahlem,2737.0
198983,11,6,,2019,9,15,5,3,6,4,0,1,0,1,0,0,0,0,"787606,683","5818080,596","13,23175","52,43709",6040804.0,Krumme Lanke,2130.0
198984,11,6,,2019,9,6,5,2,2,7,0,0,1,0,0,0,1,1,"789969,7896","5816232,012","13,26481","52,41927",6030504.0,Teltower Damm,2525.0
198985,11,7,,2019,9,16,5,3,2,2,0,1,1,0,0,0,0,0,"794860,4586","5824286,138","13,34363","52,48886",7020201.0,Bayerischer Platz,3745.0
198986,11,7,,2019,9,14,5,3,5,7,0,0,0,0,1,0,1,0,"795520,026","5824366,932","13,35339","52,48923",7020203.0,Kaiser-Wilhelm-Platz,3945.0
198987,11,1,,2019,9,16,5,3,0,5,0,0,1,0,1,0,0,0,"799525,1455","5827882,935","13,41536","52,51856",1011304.0,Karl-Marx-Allee,4854.0
198988,11,7,,2019,9,14,5,3,5,3,0,1,1,0,0,0,0,0,"796317,4343","5824924,649","13,36559","52,49379",7010104.0,Dennewitzplatz,4046.0
198989,11,4,,2019,9,16,5,2,5,2,0,0,1,0,0,0,1,0,"791860,0091","5827450,856","13,30234","52,51884",4030620.0,Alt-Lietzow,3154.0
198990,11,9,,2019,9,14,5,3,0,2,0,0,1,0,1,0,0,0,"806318,2569","5820929,401","13,50878","52,45247",9010401.0,Johannisthal West,6234.0
198991,11,7,,2019,9,15,5,3,0,6,0,0,1,0,0,0,1,0,"796815,0176","5822356,345","13,37061","52,4705",7040402.0,Lindenhofsiedlung,4140.0
198992,11,12,,2019,9,15,5,3,2,2,0,0,1,0,1,0,0,0,"790950,624","5833803,845","13,29454","52,57628",12214125.0,Waldidyll/Flughafensee,3071.0
198993,11,4,,2019,9,6,5,3,0,1,0,0,0,0,1,0,0,1,"790238,6465","5828094,398","13,27907","52,52548",4020310.0,Park Ruhwald,2856.0
198994,11,12,,2019,9,6,5,3,5,3,0,0,1,0,1,0,0,1,"792459,9968","5835351,616","13,31812","52,58935",12301204.0,Wittenau Nord,3374.0
198995,11,5,,2019,9,15,5,3,1,5,0,1,1,0,0,0,0,0,"784779,2556","5830471,799","13,20086","52,54967",5010312.0,Kurstraße,1663.0
198996,11,11,,2019,9,15,5,3,1,5,0,0,1,0,0,0,0,0,"802870,8929","5828733,706","13,4653","52,52434",11030618.0,Fennpfuhl West,5555.0
198997,11,12,,2019,9,6,5,2,0,3,1,0,1,0,1,0,0,1,"796397,3394","5832691,147","13,37369","52,56337",12103117.0,Letteplatz,4267.0
198998,11,3,,2019,9,14,5,3,5,3,0,0,1,0,0,0,0,0,"804371,698","5840424,6","13,49808","52,62828",3010102.0,Buch,6086.0
198999,11,8,,2019,9,18,5,2,0,7,1,0,0,0,1,0,0,1,"801261,5273","5819679,711","13,43346","52,44408",8020622.0,Parchimer Allee,5132.0
199000,11,11,,2019,9,14,5,2,6,4,0,1,0,1,0,0,0,0,"805049,0543","5826744,562","13,49548","52,5053",11040926.0,Weitlingstraße,6050.0
199001,11,2,,2019,9,13,5,3,5,3,0,1,0,0,0,0,1,0,"801767,78","5826253,667","13,44684","52,50272",2040703.0,Wriezener Bahnhof/Entwicklungsgebiet,5249.0