OBJECTID,LAND,BEZ,LOR_ab_2021,UJAHR,UMONAT,USTUNDE,UWOCHENTAG,UKATEGORIE,UART,UTYP1,ULICHTVERH,IstRad,IstPKW,IstFuss,IstKrad,IstGkfz,IstSonstige,USTRZUSTAND,LINREFX,LINREFY,XGCSWGS84,YGCSWGS84,LOR,STRASSE,quadrant
199507,11,4,,2019,9,13,2,3,6,4,0,0,1,1,0,0,0,0,"791317,9052","5829728,403","13,29637","52,53955",4010103.0,Paul-Hertz-Siedlung,3060.0
199508,11,1,,2019,9,15,1,3,1,5,0,1,1,0,0,0,0,0,"797277,2076","5831910,735","13,38593","52,5559",1033102.0,Gesundbrunnen,4365.0
199509,11,5,,2019,9,17,2,3,0,3,0,1,1,0,0,0,0,0,"780686,0779","5827868,001","13,13845","52,52845",5020521.0,Döberitzer Weg,757.0
199510,11,11,,2019,9,8,1,3,6,4,0,0,1,1,0,0,0,0,"804103,3481","5825989,753","13,4809","52,49906",11051229.0,Rummelsburg,5848.0
199511,11,1,,2019,9,13,2,3,0,1,0,1,0,0,0,0,0,0,"797875,4282","5828531,457","13,3917","52,52528",1011302.0,Oranienburger Straße,4456.0
199512,11,4,,2019,9,16,1,3,5,2,0,1,1,0,0,0,0,0,"793986,6853","5826152,492","13,33245","52,50606",4030931.0,Breitscheidplatz,3550.0
199513,11,4,,2019,9,18,1,3,0,7,0,0,0,0,1,0,0,1,"791727,1721","5826104,293","13,29921","52,50684",4030725.0,Amtsgerichtsplatz,3150.0
199514,11,8,,2019,9,9,2,3,5,2,0,1,1,0,0,0,0,0,"801102,7883","5824358,22","13,43536","52,4861",8010301.0,Reuterkiez,5144.0
199515,11,3,,2019,9,18,2,3,4,1,1,1,0,0,0,0,1,0,"801608,3575","5831413,342","13,44917","52,54906",3050924.0,Behaimstraße,5363.0
199516,11,8,,2019,9,16,1,3,0,7,0,0,0,1,0,0,1,0,"800914,8116","5822308,25","13,43075","52,46783",8010118.0,Silbersteinstraße,5039.0
199517,11,1,,2019,9,16,1,3,0,1,0,0,0,0,0,0,1,0,"795183,4983","5826878,868","13,35067","52,51193",1011102.0,Großer Tiergarten,3852.0
199518,11,1,,2019,9,12,2,3,5,3,0,0,1,0,0,0,0,0,"796683,7488","5830124,311","13,37561","52,54021",1033203.0,Humboldthain Nordwest,4260.0
199519,11,9,,2019,9,16,1,3,2,6,0,1,1,0,0,0,0,0,"802250,8945","5824849,782","13,45266","52,48987",9010101.0,Elsenstraße,5345.0
199520,11,9,,2019,9,12,2,3,5,3,0,1,1,0,0,0,0,0,"816641,6225","5817425,396","13,65687","52,41519",9041601.0,Müggelheim,8423.0
199521,11,4,,2019,9,15,1,3,1,5,0,1,1,0,0,0,0,0,"792937,6429","5823317,294","13,31454","52,48121",4051551.0,Brabanter Platz,3343.0
199522,11,4,,2019,9,14,1,3,2,3,0,1,1,0,0,0,0,0,"791793,2005","5827491,668","13,30139","52,51925",4030620.0,Alt-Lietzow,3154.0
199523,11,3,,2019,9,18,2,3,2,6,2,0,1,0,0,0,0,0,"799573,724","5828977,162","13,41706","52,52834",3071537.0,Kollwitzplatz,4857.0
199524,11,4,,2019,9,13,1,3,5,2,0,0,0,0,1,0,0,0,"791208,5889","5829731,013","13,29476","52,53963",4010101.0,Jungfernheide,3060.0
199525,11,4,,2019,9,20,1,3,3,2,2,0,1,0,0,0,0,0,"791127,6552","5829152,348","13,29307","52,53449",4010103.0,Paul-Hertz-Siedlung,3058.0
199526,11,4,,2019,9,17,2,3,5,2,0,0,1,0,0,0,0,0,"792441,1503","5824104,158","13,30794","52,48853",4051445.0,Eisenzahnstraße,3245.0
199527,11,1,,2019,9,18,1,2,5,3,0,1,1,0,0,0,0,0,"795277,2446","5831732,913","13,35636","52,55539",1044102.0,Schillerpark,3964.0
199528,11,1,,2019,9,17,2,3,6,7,0,0,1,1,0,0,0,0,"794746,3495","5827405,639","13,34472","52,51689",1022207.0,Hansaviertel,3753.0
199529,11,9,,2019,9,18,1,3,5,2,0,0,1,0,0,0,0,0,"808329,4667","5818868,776","13,53638","52,43287",9020701.0,Adlershof West,6629.0
199530,11,7,,2019,9,17,1,3,5,2,0,1,1,0,0,0,0,0,"797850,4669","5821927,573","13,38543","52,4661",7040403.0,Manteuffelstraße,4338.0
199531,11,9,,2019,9,14,2,3,1,1,0,1,1,0,0,0,0,0,"810855,6004","5820529,909","13,57496","52,44633",9041501.0,Altstadt Kietz,7233.0
199532,11,1,,2019,9,17,2,3,1,5,0,1,1,0,0,0,0,0,"797843,0024","5830434,097","13,39293","52,54235",1033201.0,Brunnenstraße,4461.0
199533,11,1,,2019,9,7,1,3,0,1,0,0,0,0,1,0,0,0,"796569,7577","5827815,267","13,37187","52,51957",1011102.0,Großer Tiergarten,4154.0
199534,11,2,,2019,9,0,1,3,0,7,2,1,0,0,0,0,0,0,"801645,5922","5826072,385","13,44488","52,50116",2030302.0,Lausitzer Platz,5249.0
199535,11,4,,2019,9,17,2,3,6,7,0,0,0,1,0,0,1,0,"793661,0971","5825794,62","13,32735","52,50303",4030931.0,Breitscheidplatz,3549.0
199536,11,9,,2019,9,6,1,3,5,3,0,1,1,0,0,0,0,0,"802319,3244","5825532,826","13,45428","52,49596",9010101.0,Elsenstraße,5447.0
199537,11,8,,2019,9,11,2,3,2,2,0,0,1,0,0,0,0,0,"802132,294","5822014,777","13,44835","52,46453",8010510.0,Gewerbegebiet Köllnische Heide,5338.0
199538,11,8,,2019,9,10,2,3,1,5,0,0,1,0,0,0,1,0,"801297,5221","5822646,375","13,43667","52,47065",8010213.0,Körnerpark,5140.0
199539,11,4,,2019,9,6,1,3,2,6,1,0,1,0,1,0,0,0,"793337,984","5829739,853","13,32608","52,53857",4010102.0,Plötzensee,3560.0
199540,11,4,,2019,9,4,1,3,5,2,2,0,1,0,0,0,0,0,"793981,0724","5826175,468","13,33238","52,50627",4030931.0,Breitscheidplatz,3550.0
199541,11,5,,2019,9,10,2,2,1,5,0,0,1,0,0,0,0,0,"785717,5635","5828348,616","13,21283","52,53015",5010339.0,Freiheit,1857.0
199542,11,5,,2019,9,1,1,3,1,1,2,0,1,0,0,0,0,0,"787964,8143","5828204,338","13,24575","52,52767",5010339.0,Freiheit,2356.0
199543,11,7,,2019,9,10,2,3,5,3,0,0,1,0,0,0,0,0,"799827,5644","5812671,292","13,40615","52,38204",7070706.0,Horstwalder Straße/Paplitzer Straße,4614.0
199544,11,9,,2019,9,4,7,3,5,3,2,0,1,0,0,0,0,0,"808098,2776","5816928,925","13,5312","52,41561",9030901.0,Dorf Altglienicke,6524.0
199545,11,8,,2019,9,17,2,3,5,7,0,1,1,0,0,0,0,0,"801558,1274","5817506,874","13,43585","52,42444",8020727.0,Buckow Mitte,5126.0
199546,11,7,,2019,9,14,7,3,2,6,0,0,1,0,0,0,0,0,"799026,0647","5819683,048","13,40067","52,44533",7050503.0,Eisenacher Straße,4632.0
199547,11,3,,2019,9,16,2,3,5,2,0,1,1,0,0,0,0,0,"799649,0299","5831843,833","13,42075","52,554",3040818.0,Pankow Süd,4964.0
199548,11,12,,2019,9,14,7,3,6,4,0,0,1,1,0,0,0,0,"793448,4685","5833529,341","13,33105","52,57248",12214421.0,Reinickes Hof,3569.0
199549,11,1,,2019,9,10,2,3,5,3,0,0,1,0,0,0,0,0,"794245,8394","5831424,382","13,34092","52,55318",1044101.0,Rehberge,3764.0
199550,11,12,,2019,9,14,7,2,0,1,0,1,0,0,0,0,0,0,"792312,0308","5837794,064","13,3181","52,61132",12301205.0,Waidmannslust,3381.0
199551,11,9,,2019,9,10,2,3,2,7,0,0,1,0,1,0,0,0,"810618,403","5822959,066","13,57374","52,46823",9052001.0,Köpenick Nord,7139.0
199552,11,7,,2019,9,14,7,2,5,2,0,1,1,0,0,0,0,0,"795998,7577","5824957,224","13,36094","52,49426",7010104.0,Dennewitzplatz,4047.0
199553,11,4,,2019,9,13,2,3,0,2,0,0,0,0,0,0,1,0,"793680,8253","5826359,548","13,32814","52,50808",4030623.0,Ernst-Reuter-Platz,3551.0
199554,11,3,,2019,9,13,7,3,5,3,0,0,1,0,0,0,0,0,"801062,8035","5831425,44","13,44116","52,54947",3050923.0,Weißenseer Spitze,5263.0
199555,11,9,,2019,9,13,7,3,5,3,0,1,1,0,0,0,0,0,"810487,611","5820100,325","13,56917","52,44269",9020802.0,Köllnische Vorstadt,7131.0
199556,11,1,,2019,9,20,1,3,5,3,2,1,1,0,0,0,0,0,"794033,4905","5830175,902","13,33669","52,5421",1044101.0,Rehberge,3661.0
199557,11,9,,2019,9,21,7,3,3,6,2,0,1,0,1,0,0,0,"812474,7137","5821292,557","13,59942","52,45224",9051701.0,Hirschgarten,7534.0
199558,11,11,,2019,9,23,1,3,5,3,2,0,1,0,0,0,0,0,"806139,2486","5826839,37","13,51158","52,50554",11040926.0,Weitlingstraße,6250.0
199559,11,4,,2019,9,21,7,3,0,1,2,0,0,0,0,0,1,0,"793936,5838","5823415,268","13,32929","52,48155",4051655.0,Babelsberger Straße,3543.0
199560,11,6,,2019,9,23,7,3,6,4,2,0,1,1,0,0,0,0,"796311,292","5819684,085","13,36085","52,44682",6010205.0,Südende,4033.0
199561,11,2,,2019,9,20,1,3,5,2,2,1,1,0,0,0,0,0,"797753,44","5824294,292","13,38612","52,48736",2020203.0,Viktoriapark,4345.0
199562,11,1,,2019,9,22,7,2,6,4,1,0,1,1,0,0,0,0,"796848,177","5831560,682","13,37931","52,55299",1044201.0,Reinickendorfer Straße,4264.0
199563,11,3,,2019,9,21,1,2,5,2,2,1,1,0,0,0,0,0,"800169,7637","5830964,025","13,42762","52,54582",3061228.0,Erich-Weinert-Straße,5062.0
199564,11,4,,2019,9,21,7,3,5,2,2,0,1,0,0,0,0,0,"789633,33","5826235,657","13,26856","52,50914",4020311.0,Reichsstraße,2651.0
199565,11,1,,2019,9,21,1,3,3,6,2,0,1,0,0,0,0,0,"797260,8384","5831299,634","13,38515","52,55043",1033102.0,Gesundbrunnen,4363.0
199566,11,11,,2019,9,21,7,3,6,4,2,0,1,1,0,0,0,0,"806600,1979","5827774,59","13,51921","52,51366",11041022.0,Rosenfelder Ring,6352.0
199567,11,9,,2019,9,20,1,3,0,7,2,0,0,0,1,0,0,1,"809662,0848","5821476,299","13,55833","52,45549",9051901.0,Dammvorstadt,6935.0
199568,11,1,,2019,9,13,7,3,0,7,0,1,0,0,0,0,0,0,"798627,8435","5829362,22","13,40351","52,53231",1011402.0,Arkonaplatz,4658.0
199569,11,7,,2019,9,21,7,3,0,1,2,0,0,0,1,0,0,0,"797426,9099","5820387,104","13,37784","52,45252",7040404.0,Marienhöhe,4234.0
199570,11,7,,2019,9,19,1,3,5,3,2,1,1,0,0,0,0,0,"795914,3453","5825161,279","13,35988","52,49613",7010102.0,Nollendorfplatz,4047.0
199571,11,4,,2019,9,19,1,3,5,2,2,0,1,0,0,0,1,0,"791388,5681","5828584,858","13,29641","52,52926",4030518.0,Tegeler Weg,3057.0
199572,11,6,,2019,9,13,7,3,5,2,0,0,1,0,1,0,0,0,"793290,8859","5821108,013","13,31779","52,46121",6010102.0,Schloßstraße,3337.0
199573,11,12,,2019,9,15,1,3,4,6,0,0,1,0,0,0,0,0,"796119,755","5833428,732","13,37027","52,57013",12103116.0,Hausotterplatz,4169.0
199574,11,2,,2019,9,20,7,3,1,5,2,1,1,0,0,0,0,0,"797514,0364","5824836,529","13,38309","52,49235",2020203.0,Viktoriapark,4346.0
199575,11,4,,2019,9,14,1,2,3,6,0,1,0,0,0,0,1,0,"793499,9205","5825729,522","13,32492","52,50253",4030930.0,George-Grosz-Platz,3449.0
199576,11,6,,2019,9,12,7,3,5,5,0,0,1,0,0,0,0,0,"795203,5158","5819997,06","13,34487","52,45023",6010205.0,Südende,3734.0
199577,11,12,,2019,9,11,7,3,5,2,0,0,1,0,0,0,0,0,"790363,2449","5834875,251","13,28684","52,5862",12214527.0,Alt-Tegel,2973.0
199578,11,6,,2019,9,14,1,3,1,5,0,0,1,0,1,0,0,0,"793188,1534","5818207,465","13,31373","52,43527",6030606.0,Hindenburgdamm,3329.0
199579,11,2,,2019,9,13,1,3,5,7,0,0,1,0,0,0,1,0,"797274,725","5826294,892","13,38088","52,50556",2010101.0,Askanischer Platz,4350.0
199580,11,6,,2019,9,19,7,2,0,1,1,0,0,0,1,0,0,0,"792007,7453","5818968,346","13,29708","52,44272",6030610.0,Lichterfelde West,3031.0
199581,11,6,,2019,9,18,7,2,2,6,0,0,1,0,0,0,0,0,"795638,7746","5818259,439","13,34972","52,43441",6020303.0,Lankwitz Kirche,3829.0
199582,11,10,,2019,9,13,1,3,5,7,0,0,1,0,1,0,0,0,"809345,5685","5834284,429","13,5656","52,57045",10010102.0,Havemannstraße,7069.0
199583,11,6,,2019,9,10,7,3,0,6,0,0,1,0,1,0,0,0,"794262,5498","5817558,012","13,32892","52,42887",6020410.0,Oberhofer Platz,3527.0
199584,11,3,,2019,9,13,1,2,5,7,0,1,1,0,0,0,0,0,"799871,1501","5830870,556","13,42314","52,54515",3061332.0,Helmholtzplatz,4961.0
199585,11,9,,2019,9,9,7,3,3,6,0,1,0,0,0,0,0,0,"805580,5324","5821600,976","13,49857","52,4589",9010401.0,Johannisthal West,6036.0
199586,11,3,,2019,9,9,7,3,2,6,0,0,1,0,0,0,0,0,"799244,4862","5831804,448","13,41477","52,55387",3061126.0,Arnimplatz,4864.0
199587,11,12,,2019,9,12,1,3,5,3,0,0,1,0,1,0,0,0,"793401,9442","5833178,733","13,33006","52,56936",12214421.0,Reinickes Hof,3569.0
199588,11,9,,2019,9,9,7,2,6,4,0,0,1,1,0,0,0,0,"810694,6384","5819566,36","13,57171","52,43778",9020802.0,Köllnische Vorstadt,7130.0
199589,11,9,,2019,9,12,1,2,5,3,0,0,1,0,1,0,0,0,"812104,3657","5819738,934","13,59254","52,43853",9041301.0,Kietzer Feld/Nachtheide,7430.0
199590,11,6,,2019,9,9,7,3,6,4,0,1,0,1,0,0,0,0,"787652,6747","5818154,254","13,23249","52,43773",6040804.0,Krumme Lanke,2130.0
199591,11,6,,2019,9,19,1,2,2,2,1,1,1,0,0,0,0,0,"791980,3456","5818992,746","13,2967","52,44295",6030610.0,Lichterfelde West,3032.0
199592,11,3,,2019,9,8,7,3,6,4,0,1,0,1,0,0,0,0,"802507,434","5833837,412","13,4646","52,57028",3030716.0,Märchenland,5569.0
199593,11,11,,2019,9,11,7,3,5,2,0,1,1,0,0,0,0,0,"803548,4357","5829724,318","13,47616","52,53284",11030619.0,Fennpfuhl Ost,5758.0
199594,11,1,,2019,9,16,7,3,1,6,0,1,1,0,0,0,0,0,"797673,8233","5827980,122","13,38825","52,52045",1011202.0,Unter den Linden Nord,4454.0
199595,11,12,,2019,9,16,7,3,0,1,0,0,0,0,1,0,0,0,"792719,5791","5835819,578","13,32235","52,5934",12301204.0,Wittenau Nord,3476.0
199596,11,11,,2019,9,20,7,3,1,5,2,0,1,0,0,0,1,0,"802506,0377","5828941,563","13,46012","52,5264",11030618.0,Fennpfuhl West,5456.0
199597,11,1,,2019,9,19,7,3,5,3,2,0,1,0,0,0,0,0,"796583,3666","5826869,169","13,37123","52,51108",1011105.0,Nördlicher Landwehrkanal,4151.0
199598,11,7,,2019,9,15,7,3,3,6,0,1,1,0,0,0,0,0,"796575,7306","5820074,555","13,36507","52,45018",7040404.0,Marienhöhe,4034.0
199599,11,9,,2019,9,14,7,3,5,2,0,0,1,0,0,0,1,0,"805887,8584","5818966,153","13,50067","52,43511",9010402.0,Johannisthal Ost,6129.0
199600,11,3,,2019,9,18,7,3,1,5,1,0,1,0,0,0,1,0,"800100,9269","5831154,624","13,42678","52,54757",3061227.0,Humannplatz,5062.0
199601,11,12,,2019,9,2,7,3,1,5,2,0,1,0,0,0,0,0,"794808,4633","5836295,863","13,35352","52,59655",12302110.0,Dannenwalder Weg,3976.0
199602,11,3,,2019,9,17,7,3,5,3,0,1,1,0,0,0,0,0,"804155,5217","5838842,838","13,49344","52,61423",3030405.0,Karow Nord,5982.0
199603,11,7,,2019,9,0,7,3,1,3,2,1,1,0,0,0,0,0,"794864,192","5821591,994","13,3413","52,46471",7030303.0,Grazer Platz,3738.0
199604,11,9,,2019,9,16,7,2,5,2,0,0,1,0,0,0,0,0,"807711,3","5818115,267","13,52662","52,42646",9020701.0,Adlershof West,6427.0
199605,11,7,,2019,9,13,6,3,1,5,0,1,1,0,0,0,0,0,"800027,19","5813186,206","13,40954","52,38655",7070706.0,Horstwalder Straße/Paplitzer Straße,4715.0
199606,11,10,,2019,9,13,7,3,1,5,0,1,1,0,0,0,0,0,"812055,2316","5830892,74","13,60226","52,53851",10020414.0,Helle Mitte,7660.0
199607,11,4,,2019,9,10,6,3,0,7,0,1,0,0,0,0,0,0,"793996,6695","5825513,957","13,33203","52,50033",4051448.0,Schaperstraße,3548.0
199608,11,1,,2019,9,10,7,3,5,2,0,0,1,0,0,0,0,0,"795667,3825","5829740,731","13,36033","52,53732",1022202.0,Heidestraße,4059.0
199609,11,12,,2019,9,14,6,3,5,7,0,0,1,0,0,0,0,0,"793104,596","5832646,916","13,32521","52,56476",12214424.0,Scharnweberstraße,3467.0
199610,11,10,,2019,9,7,7,2,6,4,0,0,0,1,0,0,1,0,"812925,0706","5827945,782","13,61227","52,5116",10040932.0,Alt-Mahlsdorf,7752.0
199611,11,7,,2019,9,14,6,3,2,6,0,0,1,0,0,0,0,0,"797344,1268","5821896,547","13,37797","52,46609",7040403.0,Manteuffelstraße,4238.0
199612,11,5,,2019,9,13,6,3,2,6,0,0,1,0,0,0,0,0,"784540,111","5827996,487","13,19522","52,5276",5020626.0,Adamstraße,1556.0
199613,11,12,,2019,9,15,7,3,1,5,0,1,1,0,0,0,1,0,"792308,3314","5832913,652","13,31374","52,56758",12214424.0,Scharnweberstraße,3368.0
199614,11,1,,2019,9,13,6,3,3,6,0,1,0,0,0,0,0,0,"799739,9663","5827544,148","13,41821","52,51541",1011304.0,Karl-Marx-Allee,4853.0
199615,11,12,,2019,9,15,7,3,2,7,0,0,1,0,0,0,0,0,"792589,9968","5835158,451","13,31986","52,58755",12304313.0,Borsigwalde,3474.0
199616,11,5,,2019,9,13,6,3,5,2,0,1,0,0,0,0,1,1,"785746,668","5829267,844","13,21405","52,53837",5030730.0,Zitadellenweg,1859.0
199617,11,8,,2019,9,14,7,3,3,6,0,1,1,0,0,0,0,0,"801367,4561","5823942,513","13,43887","52,48223",8010301.0,Reuterkiez,5143.0
199618,11,7,,2019,9,12,6,3,0,7,0,1,1,0,0,0,0,0,"793940,0134","5822531,83","13,32857","52,47363",7030301.0,Friedenau,3541.0
199619,11,7,,2019,9,3,7,2,9,1,2,0,0,0,1,0,0,0,"793922,2957","5822824,375","13,32856","52,47626",7030301.0,Friedenau,3541.0
199620,11,7,,2019,9,12,6,3,0,7,0,1,1,0,0,0,0,0,"795651,0521","5824126,32","13,3551","52,487",7020203.0,Kaiser-Wilhelm-Platz,3944.0
199621,11,5,,2019,9,11,6,3,2,6,0,0,1,0,0,0,0,0,"786418,2031","5831091,441","13,2255","52,55437",5030730.0,Zitadellenweg,2064.0
199622,11,1,,2019,9,14,7,3,2,2,0,0,1,0,0,0,0,0,"796967,6826","5827051,795","13,37704","52,51251",1011201.0,Wilhelmstraße,4252.0
199623,11,3,,2019,9,14,7,3,0,1,0,0,0,0,1,0,0,0,"802441,2053","5829411,586","13,4596","52,53065",3061430.0,Volkspark Prenzlauer Berg,5457.0
199624,11,5,,2019,9,11,6,3,0,7,0,0,1,0,0,0,1,0,"785932,6107","5831624,467","13,21882","52,5594",5010101.0,Hakenfelde Nord,1966.0
199625,11,9,,2019,9,10,6,3,1,5,0,0,1,0,0,0,0,0,"811666,116","5821148,098","13,58743","52,45141",9051901.0,Dammvorstadt,7334.0
199626,11,9,,2019,9,1,7,3,2,2,2,0,1,0,0,0,0,0,"814466,9649","5820801,501","13,62818","52,4467",9051702.0,Bölschestraße,7933.0
199627,11,9,,2019,9,10,6,3,5,2,0,1,1,0,0,0,0,0,"802330,1912","5825303,626","13,45423","52,49389",9010101.0,Elsenstraße,5446.0
199628,11,8,,2019,9,13,7,3,5,3,0,0,1,0,0,0,0,0,"804354,5329","5818318,002","13,47759","52,43016",8041035.0,Blumenviertel,5728.0
199629,11,4,,2019,9,9,6,3,6,7,0,0,1,1,0,0,0,0,"792711,1192","5825613,55","13,31323","52,50192",4030929.0,Hindemithplatz,3349.0
199630,11,12,,2019,9,21,6,3,4,6,2,1,1,0,0,0,0,0,"793026,7109","5832767,263","13,32418","52,56588",12214424.0,Scharnweberstraße,3468.0
199631,11,10,,2019,9,13,7,3,5,3,0,1,1,0,0,0,0,0,"811347,3244","5831933,489","13,59283","52,54824",10020412.0,Alte Hellersdorfer Straße,7462.0
199632,11,4,,2019,9,9,6,2,0,1,0,0,0,0,1,0,0,0,"790521,3892","5825163,137","13,28067","52,49905",4041133.0,Güterbahnhof Grunewald,2848.0
199633,11,2,,2019,9,7,6,3,5,2,0,0,1,0,0,0,0,0,"800474,5294","5828468,142","13,42984","52,52328",2040502.0,Friedenstraße,5055.0
199634,11,2,,2019,9,12,7,3,0,3,0,0,1,0,1,0,0,0,"800847,5588","5826461,813","13,43351","52,5051",2030302.0,Lausitzer Platz,5150.0
199635,11,8,,2019,9,17,6,3,2,2,0,0,1,0,0,0,0,0,"801642,2779","5822559,931","13,44165","52,46968",8010213.0,Körnerpark,5239.0
199636,11,12,,2019,9,3,6,3,0,1,2,0,0,0,1,0,0,0,"795782,1413","5832578,007","13,36454","52,56269",12103117.0,Letteplatz,4067.0
199637,11,6,,2019,9,12,7,3,2,6,0,0,1,0,0,0,0,0,"794733,21","5820088,049","13,33805","52,4513",6010208.0,Bergstraße,3634.0
199638,11,8,,2019,9,20,6,3,5,3,2,0,1,0,0,0,0,0,"804925,4067","5817687,262","13,48539","52,42419",8041036.0,Zittauer Straße,5826.0
199639,11,4,,2019,9,11,7,3,0,1,0,0,1,0,1,0,0,0,"793184,1137","5830143,075","13,32417","52,54227",4010102.0,Plötzensee,3461.0
199640,11,12,,2019,9,18,6,3,2,6,0,0,1,0,0,0,0,0,"795453,3241","5837428,416","13,36403","52,60635",12302108.0,Märkisches Zentrum,4079.0
199641,11,6,,2019,9,11,7,3,5,3,0,0,1,0,0,0,0,0,"789423,9495","5818031,508","13,25836","52,43569",6040805.0,Fischerhüttenstraße,2429.0
199642,11,1,,2019,9,18,6,3,6,4,0,0,1,1,0,0,0,0,"797522,0886","5828765,463","13,38672","52,52757",1011301.0,Charitéviertel,4456.0
199643,11,10,,2019,9,11,7,3,0,1,0,0,0,0,1,0,0,0,"808704,8425","5832826,231","13,55482","52,55774",10010204.0,Wuhletalstraße,6965.0
199644,11,5,,2019,9,17,6,2,5,3,0,0,1,0,1,0,0,0,"780459,2242","5830047,252","13,13696","52,54811",5010205.0,An der Tränke,662.0
199645,11,9,,2019,9,18,6,3,5,2,0,1,1,0,0,0,0,0,"809933,9053","5821623,534","13,56246","52,45665",9051901.0,Dammvorstadt,7036.0
199646,11,5,,2019,9,10,7,3,5,2,0,1,1,0,0,0,0,0,"783585,3891","5828663,303","13,18176","52,53408",5020417.0,Staakener Straße,1358.0
199647,11,2,,2019,9,10,7,3,5,7,0,1,1,0,0,0,0,0,"799333,5702","5825627,564","13,41052","52,49845",2010104.0,Wassertorplatz,4748.0
199648,11,3,,2019,9,17,6,3,5,3,0,1,1,0,0,0,0,0,"799657,302","5832810,173","13,42175","52,56265",3040818.0,Pankow Süd,4967.0
199649,11,8,,2019,9,17,6,3,2,6,0,0,1,0,0,0,0,0,"800557,9533","5823760,505","13,42682","52,48104",8010211.0,Flughafenstraße,5043.0
199650,11,9,,2019,9,10,7,3,5,7,0,0,1,0,0,0,1,0,"810716,601","5820939,985","13,57331","52,45008",9051901.0,Dammvorstadt,7134.0
199651,11,4,,2019,9,16,6,3,5,3,0,1,1,0,0,0,0,0,"792922,73","5826761,875","13,31735","52,5121",4030623.0,Ernst-Reuter-Platz,3352.0
199652,11,1,,2019,9,12,7,3,1,5,0,1,1,0,0,0,0,0,"796536,571","5827613,376","13,37121","52,51778",1011102.0,Großer Tiergarten,4153.0
199653,11,1,,2019,9,16,6,3,4,6,0,1,0,0,0,0,1,0,"797700,2577","5830671,323","13,39104","52,54455",1033201.0,Brunnenstraße,4461.0
199654,11,1,,2019,9,23,6,3,2,6,2,0,1,0,0,0,0,0,"796479,5476","5831966,369","13,37425","52,55683",1044201.0,Reinickendorfer Straße,4265.0
199655,11,1,,2019,9,16,6,2,5,3,0,0,1,0,0,0,1,0,"794647,6042","5831460,483","13,34686","52,55329",1044101.0,Rehberge,3864.0
199656,11,4,,2019,9,18,6,3,1,5,0,1,1,0,0,0,0,0,"793797,4518","5826075,197","13,3296","52,50547",4030623.0,Ernst-Reuter-Platz,3550.0
199657,11,10,,2019,9,16,6,3,2,6,0,0,1,0,0,0,1,0,"808895,4115","5830178,447","13,55516","52,53391",10010310.0,Alt-Marzahn,6958.0
199658,11,7,,2019,9,14,2,3,5,3,0,0,1,0,0,0,1,0,"797468,7575","5822615,28","13,38044","52,47247",7040401.0,Neu-Tempelhof,4340.0
199659,11,9,,2019,9,16,2,3,2,6,0,0,1,0,0,0,0,1,"803816,9037","5823314,356","13,47425","52,47524",9010202.0,Köpenicker Landstraße,5741.0
199660,11,1,,2019,9,15,2,3,2,6,0,0,1,0,0,0,0,1,"794855,3308","5830989,059","13,3495","52,54895",1044103.0,Westliche Müllerstraße,3863.0
199661,11,12,,2019,9,16,2,2,6,4,0,0,1,1,0,0,0,0,"790301,9368","5834978,205","13,28602","52,58716",12214527.0,Alt-Tegel,2974.0
199662,11,12,,2019,9,16,2,3,0,4,0,0,1,1,0,0,0,0,"789846,1391","5833340,274","13,27788","52,57272",12214125.0,Waldidyll/Flughafensee,2770.0
199663,11,1,,2019,9,16,2,2,5,3,0,0,0,0,1,0,1,1,"799498,019","5828344,449","13,41538","52,52271",1011303.0,Alexanderplatzviertel,4855.0
199664,11,2,,2019,9,16,2,3,5,3,0,0,1,0,0,0,0,1,"801763,6755","5828661,466","13,44896","52,5243",2050601.0,Hausburgviertel,5355.0
199665,11,5,,2019,9,16,2,3,1,5,0,1,1,0,0,0,0,1,"784595,639","5827950,281","13,196","52,52716",5020626.0,Adamstraße,1556.0
199666,11,9,,2019,9,16,2,3,5,3,0,0,1,0,0,0,1,0,"808108,893","5818397,877","13,53271","52,42877",9020701.0,Adlershof West,6527.0
199667,11,1,,2019,9,6,2,3,5,2,0,1,1,0,0,0,0,0,"797156,6552","5831919,568","13,38417","52,55604",1033102.0,Gesundbrunnen,4365.0
199668,11,6,,2019,9,12,2,3,3,6,0,0,1,0,0,0,1,1,"794771,4262","5819856,533","13,33841","52,4492",6010206.0,Stadtpark,3633.0
199669,11,6,,2019,9,12,2,2,6,2,0,0,1,1,0,0,0,1,"796476,3607","5818331,854","13,36207","52,43461",6020301.0,Alt-Lankwitz,4029.0
199670,11,4,,2019,9,12,2,2,2,7,0,0,1,0,0,0,0,1,"794058,881","5825944,668","13,33332","52,50416",4030931.0,Breitscheidplatz,3649.0
199671,11,6,,2019,9,9,2,3,6,4,0,0,1,1,0,0,0,1,"789523,0995","5817482,271","13,25934","52,43072",6030503.0,Zehlendorf Mitte,2528.0
199672,11,5,,2019,9,9,2,3,2,2,0,0,1,0,0,0,0,1,"784756,7722","5831112,541","13,20108","52,55543",5010103.0,Amorbacher Weg,1664.0
199673,11,8,,2019,9,11,2,3,5,3,0,0,1,0,1,0,0,1,"802265,3909","5823531,337","13,45168","52,47805",8010405.0,Hertzbergplatz,5342.0
199674,11,3,,2019,9,10,2,3,2,6,0,0,1,0,0,0,0,1,"799154,44","5830837,209","13,41257","52,54524",3061131.0,Falkplatz,4761.0
199675,11,4,,2019,9,9,2,3,5,2,0,0,1,0,0,0,0,1,"792894,6517","5823290,128","13,31389","52,48099",4051551.0,Brabanter Platz,3343.0