OBJECTID,LAND,BEZ,LOR_ab_2021,UJAHR,UMONAT,USTUNDE,UWOCHENTAG,UKATEGORIE,UART,UTYP1,ULICHTVERH,IstRad,IstPKW,IstFuss,IstKrad,IstGkfz,IstSonstige,USTRZUSTAND,LINREFX,LINREFY,XGCSWGS84,YGCSWGS84,LOR,STRASSE,quadrant
199676,11,4,,2019,9,8,2,3,5,2,0,1,1,0,0,0,0,1,"792748,5023","5826737,825","13,31477","52,51198",4030622.0,Richard-Wagner-Straße,3352.0
199677,11,2,,2019,9,8,2,3,0,5,0,1,1,0,0,0,0,1,"801548,1655","5826038,169","13,44342","52,50091",2030302.0,Lausitzer Platz,5249.0
199678,11,4,,2019,9,7,2,3,5,2,0,1,1,0,0,0,0,1,"790421,1521","5829043,117","13,28259","52,53389",4010101.0,Jungfernheide,2858.0
199679,11,4,,2019,9,7,2,3,2,6,0,0,1,0,0,0,0,1,"790048,7144","5825251,599","13,2738","52,50009",4020314.0,Messegelände,2748.0
199680,11,1,,2019,9,6,2,3,6,2,2,0,1,1,0,0,0,1,"797906,9299","5830316,355","13,39376","52,54126",1033201.0,Brunnenstraße,4560.0
199681,11,7,,2019,9,6,2,2,6,2,2,0,1,1,0,0,0,1,"798001,3187","5819645,445","13,38561","52,44556",7050501.0,Rathausstraße,4332.0
199682,11,8,,2019,9,6,2,3,6,4,2,0,1,1,0,0,0,1,"801754,541","5816744,65","13,43805","52,4175",8020727.0,Buckow Mitte,5124.0
199683,11,2,,2019,9,6,2,3,2,6,2,0,1,0,0,1,0,1,"803348,6358","5826721,293","13,47048","52,50604",2050801.0,Traveplatz,5650.0
199684,11,6,,2019,9,5,2,3,5,2,2,1,1,0,0,0,0,1,"796064,614","5817534,143","13,35533","52,42768",6020305.0,Gemeindepark Lankwitz,3927.0
199685,11,1,,2019,9,18,2,3,5,2,0,1,1,0,0,0,0,0,"797161,1645","5831877,887","13,3842","52,55566",1033102.0,Gesundbrunnen,4365.0
199686,11,8,,2019,9,18,1,3,2,7,2,0,1,0,1,0,1,1,"803533,739","5817798,818","13,46508","52,42596",8030831.0,Gropiusstadt Ost,5527.0
199687,11,1,,2019,9,17,1,3,0,4,0,0,0,1,1,0,0,1,"794573,1492","5826095,612","13,34101","52,50524",1011101.0,Stülerstraße,3750.0
199688,11,1,,2019,9,16,1,3,2,6,0,0,1,0,0,0,0,1,"798307,2058","5829397,76","13,39882","52,53281",1011402.0,Arkonaplatz,4558.0
199689,11,4,,2019,9,16,1,2,5,3,0,0,1,0,0,0,0,1,"792714,9118","5826095,23","13,31371","52,50623",4030827.0,Karl-August-Platz,3350.0
199690,11,5,,2019,9,15,1,2,5,2,1,0,1,0,0,0,0,1,"780865,0524","5828328,486","13,14147","52,53249",5020419.0,Magistratsweg,758.0
199691,11,1,,2019,9,14,1,3,0,1,0,0,0,0,0,0,1,1,"797571,3937","5828629,265","13,38732","52,52632",1011301.0,Charitéviertel,4456.0
199692,11,10,,2019,9,14,1,3,5,3,0,0,1,0,0,0,1,1,"812678,7223","5831108,167","13,61163","52,54008",10020415.0,Hellersdorfer Promenade,7760.0
199693,11,8,,2019,9,13,1,3,2,6,0,0,1,0,0,0,0,1,"799395,4504","5816313,579","13,40308","52,41493",8020726.0,Buckow West,4623.0
199694,11,7,,2019,9,13,1,3,3,6,0,1,1,0,0,0,0,1,"794795,1817","5822894,912","13,34144","52,47642",7030301.0,Friedenau,3741.0
199695,11,4,,2019,9,12,1,3,3,6,0,0,1,0,0,0,0,1,"790472,1479","5826019,601","13,28069","52,50675",4020313.0,Königin-Elisabeth-Straße,2850.0
199696,11,2,,2019,9,12,1,2,4,7,0,1,0,0,0,0,1,1,"800277,3969","5826074,643","13,42478","52,50194",2030301.0,Oranienplatz,4949.0
199697,11,5,,2019,9,8,1,3,1,5,0,0,1,0,0,0,0,0,"786976,1343","5829856,048","13,23264","52,543",5030730.0,Zitadellenweg,2161.0
199698,11,3,,2019,9,19,1,3,0,6,2,0,1,0,0,0,0,1,"802438,6867","5829268,854","13,45943","52,52937",3061430.0,Volkspark Prenzlauer Berg,5457.0
199699,11,2,,2019,9,8,1,3,5,3,0,1,1,0,0,0,0,1,"798292,6721","5824821,381","13,39451","52,49179",2020204.0,Urbanstraße,4546.0
199700,11,1,,2019,9,19,1,3,5,2,1,0,1,0,0,0,0,1,"793796,3796","5832177,287","13,33498","52,56017",1044101.0,Rehberge,3666.0
199701,11,6,,2019,9,18,1,3,5,7,1,0,1,0,1,0,0,1,"795312,7142","5818518,894","13,34517","52,43692",6020303.0,Lankwitz Kirche,3730.0
199702,11,8,,2019,9,17,1,3,5,2,0,1,0,0,0,0,1,1,"801412,7018","5824134,458","13,4397","52,48392",8010301.0,Reuterkiez,5144.0
199703,11,4,,2019,9,21,7,3,1,1,2,0,1,0,0,0,0,1,"789509,5326","5823525,717","13,26438","52,48491",4041136.0,Hagenplatz,2544.0
199704,11,7,,2019,10,17,3,3,2,6,1,0,1,0,1,0,0,1,"798721,5199","5823949,03","13,40002","52,48374",7040401.0,Neu-Tempelhof,4643.0
199705,11,1,,2019,9,13,7,2,2,6,0,1,0,0,0,0,1,0,"795155,563","5827075,522","13,35044","52,51371",1011102.0,Großer Tiergarten,3852.0
199706,11,1,,2019,10,17,3,3,1,5,0,1,1,0,0,0,0,1,"800125,4294","5826577,673","13,42301","52,50653",1011306.0,Heine-Viertel Ost,4950.0
199707,11,7,,2019,9,15,7,3,1,5,1,0,1,0,0,0,0,1,"800160,1835","5821496,765","13,41894","52,46097",7040406.0,Germaniagarten,4837.0
199708,11,6,,2019,10,17,3,3,5,3,0,0,1,0,0,0,0,1,"796228,7557","5817019,635","13,35728","52,42298",6020306.0,Lankwitz Süd,3926.0
199709,11,4,,2019,9,22,7,3,0,2,2,0,0,1,0,0,1,0,"793993,1674","5826148,137","13,33254","52,50602",4030931.0,Breitscheidplatz,3650.0
199710,11,6,,2019,10,16,3,3,2,6,0,0,1,0,0,0,0,1,"796149,0946","5819832,869","13,3586","52,44824",6010205.0,Südende,3933.0
199711,11,7,,2019,10,16,3,3,2,2,0,0,1,0,0,0,1,1,"798941,8003","5817278,527","13,39729","52,42383",7050505.0,Hundsteinweg,4526.0
199712,11,1,,2019,9,23,7,3,5,2,2,1,1,0,0,0,0,0,"797013,799","5828942,3","13,37941","52,52943",1011301.0,Charitéviertel,4257.0
199713,11,7,,2019,10,16,3,3,2,6,0,0,1,0,1,0,0,1,"796177,7135","5825310,447","13,36388","52,49733",7010104.0,Dennewitzplatz,4047.0
199714,11,4,,2019,9,21,7,3,8,1,2,0,1,0,0,0,0,1,"790691,3273","5822709,206","13,28103","52,47696",4041136.0,Hagenplatz,2842.0
199715,11,4,,2019,10,16,3,3,2,6,0,0,1,0,0,0,0,1,"790341,2915","5826678,652","13,27935","52,51273",4020313.0,Königin-Elisabeth-Straße,2852.0
199716,11,8,,2019,10,15,3,3,5,3,0,0,1,0,0,0,0,1,"800481,453","5819301,646","13,42168","52,44112",8020621.0,Mohriner Allee Nord,4931.0
199717,11,4,,2019,9,19,7,2,5,2,2,0,1,0,1,0,0,1,"789617,6374","5823364,563","13,26583","52,4834",4041136.0,Hagenplatz,2643.0
199718,11,11,,2019,10,15,3,3,6,4,0,0,1,1,0,0,0,1,"805271,4291","5833253,957","13,50472","52,56351",11010310.0,Mühlengrund,6167.0
199719,11,5,,2019,9,18,7,3,0,1,0,1,1,0,0,0,0,1,"785941,153","5830341,528","13,21784","52,5479",5010311.0,Eiswerder,1862.0
199720,11,8,,2019,10,15,3,3,2,2,0,0,1,0,0,0,0,1,"801361,5832","5822504,441","13,43748","52,46934",8010213.0,Körnerpark,5139.0
199721,11,8,,2019,9,18,7,3,0,5,0,1,1,0,0,0,0,1,"800501,8014","5824472,817","13,42663","52,48746",8010301.0,Reuterkiez,4945.0
199722,11,1,,2019,10,14,3,3,5,2,0,1,1,0,0,0,0,1,"797330,942","5831873,573","13,38669","52,55553",1033102.0,Gesundbrunnen,4464.0
199723,11,9,,2019,9,15,7,3,0,1,0,0,0,0,1,0,0,1,"811165,4511","5822101,611","13,58097","52,46024",9052001.0,Köpenick Nord,7237.0
199724,11,12,,2019,10,10,3,3,0,5,0,0,1,0,0,0,1,1,"793346,2079","5832817,875","13,32892","52,56616",12214424.0,Scharnweberstraße,3568.0
199725,11,11,,2019,10,9,3,3,2,7,0,0,0,0,0,1,1,1,"805030,3309","5830404,747","13,49856","52,53811",11020515.0,Landsberger Allee,6059.0
199726,11,1,,2019,9,17,7,3,2,7,0,0,1,0,0,0,0,1,"799061,852","5826880,233","13,40765","52,50983",1011305.0,Heine-Viertel West,4751.0
199727,11,12,,2019,9,15,7,3,0,6,0,0,1,0,1,0,0,1,"791177,4253","5830882,63","13,29532","52,54997",12214125.0,Waldidyll/Flughafensee,3063.0
199728,11,9,,2019,10,9,3,3,5,2,0,0,1,0,0,0,1,1,"819378,0584","5812745,61","13,69251","52,37167",9031202.0,Schmöckwitz/Rauchfangswerder,8911.0
199729,11,10,,2019,9,16,7,3,0,5,0,0,1,0,0,0,0,0,"810235,5729","5831099,41","13,57571","52,5414",10010311.0,Landsberger Tor,7260.0
199730,11,2,,2019,10,14,3,3,5,3,0,1,1,0,0,0,0,1,"800107,2649","5825740,862","13,42198","52,49904",2030301.0,Oranienplatz,4948.0
199731,11,11,,2019,9,15,7,3,2,6,0,0,1,0,0,0,0,1,"805634,4408","5831787,975","13,50871","52,55017",11020412.0,Hauptstraße,6263.0
199732,11,1,,2019,10,2,3,3,0,7,2,0,0,0,0,0,1,0,"797680,5401","5827937,483","13,38831","52,52006",1011202.0,Unter den Linden Nord,4454.0
199733,11,7,,2019,10,13,3,3,5,2,0,0,1,0,0,0,0,1,"799474,3042","5820508,998","13,40799","52,45249",7050503.0,Eisenacher Straße,4734.0
199734,11,7,,2019,9,16,7,2,5,2,0,0,1,0,1,0,0,1,"797219,0693","5819544,188","13,37404","52,44507",7050501.0,Rathausstraße,4232.0
199735,11,1,,2019,9,14,7,3,2,6,0,0,1,0,0,0,0,1,"798572,527","5826859,019","13,40045","52,50991",1011204.0,Leipziger Straße,4651.0
199736,11,2,,2019,10,12,3,3,2,2,0,0,1,0,0,0,1,1,"797091,2081","5824704,82","13,37676","52,4914",2020203.0,Viktoriapark,4246.0
199737,11,12,,2019,10,11,3,3,5,2,0,0,1,0,0,0,1,1,"790700,8519","5835384,324","13,29225","52,59059",12304314.0,Ziekowstraße/Freie Scholle,3075.0
199738,11,6,,2019,9,14,7,3,5,2,0,1,1,0,0,0,0,1,"795220,1495","5816173,353","13,34174","52,41594",6020411.0,Schütte-Lanz-Straße,3724.0
199739,11,5,,2019,10,10,3,2,5,3,0,0,1,0,0,1,0,1,"782469,9125","5820629,239","13,15854","52,46262",5040935.0,Groß-Glienicker Weg,1037.0
199740,11,2,,2019,9,12,7,3,3,6,0,1,0,0,0,0,1,1,"798404,9154","5824782,567","13,39612","52,49138",2020204.0,Urbanstraße,4546.0
199741,11,1,,2019,10,20,2,3,5,2,0,0,1,0,0,0,1,0,"797163,233","5831921,313","13,38427","52,55605",1033102.0,Gesundbrunnen,4365.0
199742,11,11,,2019,10,14,2,3,2,2,0,0,1,0,0,0,0,0,"806893,8215","5832610,735","13,52799","52,55684",11010205.0,Falkenberg West,6565.0
199743,11,4,,2019,9,12,7,3,0,4,0,0,0,1,1,0,0,1,"794077,9284","5825724,626","13,33341","52,50218",4030931.0,Breitscheidplatz,3649.0
199744,11,3,,2019,10,17,2,3,5,3,0,0,0,0,1,0,1,0,"799455,8625","5829339,558","13,41566","52,53166",3071537.0,Kollwitzplatz,4858.0
199745,11,5,,2019,9,9,7,3,0,1,0,0,0,0,1,0,0,1,"785031,2113","5826304,242","13,20099","52,51218",5020629.0,Börnicker Straße,1652.0
199746,11,2,,2019,10,20,2,2,5,2,2,0,1,0,1,0,0,0,"799908,0468","5825978,769","13,41927","52,50128",2030301.0,Oranienplatz,4849.0
199747,11,8,,2019,9,9,7,3,0,1,0,0,0,0,1,0,0,1,"800657,7312","5824517,154","13,42896","52,48777",8010301.0,Reuterkiez,5045.0
199748,11,4,,2019,10,20,2,3,5,2,2,0,1,0,0,0,0,0,"792084,9465","5827960,648","13,30609","52,52329",4030519.0,Kaiserin-Augusta-Allee,3255.0
199749,11,5,,2019,9,12,7,2,0,6,0,0,0,0,1,0,0,1,"785486,914","5829263,084","13,21023","52,53847",5030730.0,Zitadellenweg,1759.0
199750,11,2,,2019,10,19,2,3,5,7,2,0,1,0,1,0,0,0,"799339,6612","5825628,45","13,41061","52,49845",2010104.0,Wassertorplatz,4748.0
199751,11,4,,2019,10,19,2,3,2,7,2,0,1,0,0,0,0,0,"791926,8849","5826448,976","13,30244","52,50983",4030827.0,Karl-August-Platz,3151.0
199752,11,8,,2019,9,11,7,3,6,4,0,0,1,1,0,0,0,0,"800623,1038","5823113,661","13,42719","52,47521",8010117.0,Schillerpromenade,5041.0
199753,11,6,,2019,9,11,7,3,0,1,0,1,0,0,0,0,0,1,"789387,8071","5817890,596","13,25771","52,43445",6030503.0,Zehlendorf Mitte,2429.0
199754,11,1,,2019,10,16,2,3,4,2,0,1,0,0,0,0,0,0,"799672,061","5827595,643","13,41726","52,5159",1011304.0,Karl-Marx-Allee,4853.0
199755,11,2,,2019,10,18,2,3,2,6,2,0,1,0,0,0,1,0,"797865,4224","5825570,448","13,3889","52,49874",2010101.0,Askanischer Platz,4448.0
199756,11,5,,2019,9,10,7,2,5,2,0,1,1,0,0,0,0,1,"783702,499","5830168,375","13,18476","52,54751",5010207.0,Darbystraße,1462.0
199757,11,8,,2019,10,16,2,3,5,3,0,1,1,0,0,0,0,0,"805254,5841","5817233,126","13,4898","52,41993",8041036.0,Zittauer Straße,5925.0
199758,11,4,,2019,9,10,7,3,6,7,0,0,1,1,0,0,0,0,"793390,1399","5823677,332","13,3215","52,48419",4051654.0,Wilhelmsaue,3444.0
199759,11,9,,2019,10,18,2,3,1,5,2,1,1,0,0,0,0,0,"813049,5549","5821635,995","13,60818","52,45499",9051701.0,Hirschgarten,7635.0
199760,11,1,,2019,10,15,2,2,4,6,0,1,0,0,0,0,1,0,"798145,1458","5828887,621","13,39598","52,52832",1011302.0,Oranienburger Straße,4557.0
199761,11,1,,2019,9,10,7,3,2,6,0,0,1,0,0,0,0,1,"794568,742","5828788,997","13,34333","52,52938",1022104.0,Emdener Straße,3757.0
199762,11,9,,2019,10,15,2,3,5,3,0,1,0,0,1,0,0,0,"807116,76","5819898,907","13,51954","52,44278",9010402.0,Johannisthal Ost,6332.0
199763,11,7,,2019,9,1,7,3,5,3,2,0,1,0,0,0,0,0,"797309,166","5823515,459","13,3789","52,48062",7040401.0,Neu-Tempelhof,4243.0
199764,11,10,,2019,10,15,2,3,2,6,0,0,1,0,0,0,0,0,"811804,8639","5831858,736","13,59949","52,54731",10020412.0,Alte Hellersdorfer Straße,7562.0
199765,11,2,,2019,9,15,7,3,5,2,0,0,1,0,0,0,0,1,"797028,4322","5825874,38","13,37688","52,50192",2010101.0,Askanischer Platz,4249.0
199766,11,8,,2019,10,15,2,3,6,4,0,0,1,1,0,0,0,0,"800677,0839","5823165,176","13,42803","52,47564",8010212.0,Rollberg,5041.0
199767,11,1,,2019,10,8,2,3,2,2,0,0,1,0,0,0,1,0,"795118,5713","5828261,845","13,35094","52,52436",1022204.0,Thomasiusstraße,3855.0
199768,11,2,,2019,9,11,7,3,5,3,0,0,1,0,0,0,0,0,"799034,9268","5826066,535","13,40653","52,50255",2010103.0,Moritzplatz,4749.0
199769,11,2,,2019,10,9,2,3,2,6,0,0,1,0,0,0,0,0,"801783,2483","5825790,539","13,44664","52,49856",2030402.0,Wrangelkiez,5248.0
199770,11,12,,2019,9,16,6,3,5,2,0,1,1,0,0,0,0,1,"792221,676","5838181,846","13,31711","52,61485",12231101.0,Hermsdorf,3382.0
199771,11,6,,2019,10,14,2,3,0,1,0,0,0,0,1,0,0,0,"793049,1311","5821525,689","13,3146","52,46509",6010103.0,Markelstraße,3338.0
199772,11,4,,2019,9,21,6,3,5,2,2,1,1,0,0,0,0,1,"793948,4352","5824710,565","13,33061","52,49316",4051653.0,Prager Platz,3546.0
199773,11,10,,2019,10,14,2,3,2,2,0,0,1,0,0,0,0,0,"809340,6986","5830332,067","13,56184","52,53503",10010310.0,Alt-Marzahn,7058.0
199774,11,9,,2019,9,17,6,3,0,1,1,0,0,0,1,0,0,1,"809044,1455","5821573,473","13,54936","52,45671",9020502.0,Oberschöneweide Ost,6836.0
199775,11,7,,2019,10,13,2,3,5,2,0,1,0,0,0,0,1,0,"796191,7462","5822784,814","13,36185","52,47468",7030303.0,Grazer Platz,4041.0
199776,11,1,,2019,10,13,2,3,5,3,0,1,0,0,0,0,1,0,"797713,1022","5831818,383","13,39226","52,55483",1033102.0,Gesundbrunnen,4464.0
199777,11,7,,2019,9,15,6,3,4,6,0,0,1,0,1,0,0,1,"796989,5174","5819474,605","13,37061","52,44458",7050501.0,Rathausstraße,4132.0
199778,11,7,,2019,9,12,6,3,0,1,0,0,1,0,1,0,0,1,"799497,9122","5821799,635","13,40949","52,46405",7040405.0,Rathaus Tempelhof,4738.0
199779,11,2,,2019,10,10,2,3,1,7,0,1,1,0,0,0,0,0,"797695,9955","5825807,211","13,38663","52,50096",2010101.0,Askanischer Platz,4449.0
199780,11,1,,2019,10,13,2,3,6,4,0,0,1,1,0,0,0,0,"794763,1096","5828314,352","13,34577","52,52502",1022204.0,Thomasiusstraße,3756.0
199781,11,12,,2019,9,7,6,3,3,2,0,0,1,0,0,0,0,1,"793208,2913","5832403,428","13,32652","52,56252",12214424.0,Scharnweberstraße,3567.0
199782,11,12,,2019,10,13,2,2,5,3,0,0,1,0,0,0,0,0,"792816,4614","5833029,358","13,32131","52,56834",12214424.0,Scharnweberstraße,3468.0
199783,11,9,,2019,9,13,6,3,5,2,0,1,0,0,0,0,1,1,"811341,8913","5819932,436","13,58154","52,4407",9041501.0,Altstadt Kietz,7331.0
199784,11,11,,2019,10,10,2,3,6,2,0,0,1,1,0,0,0,0,"806697,8786","5826920,362","13,51986","52,50595",11040926.0,Weitlingstraße,6350.0
199785,11,1,,2019,10,10,2,3,5,2,0,1,0,0,0,1,0,0,"794578,1584","5829789,565","13,34436","52,53835",1022103.0,Westhafen,3759.0
199786,11,5,,2019,9,19,6,3,2,2,0,0,1,0,0,0,0,0,"780940,0104","5829866,636","13,14388","52,54624",5010209.0,An der Kappe,762.0
199787,11,6,,2019,10,12,2,3,5,3,0,1,1,0,0,0,0,0,"789858,3026","5818760,161","13,26537","52,442",6040807.0,Zehlendorf Eiche,2631.0
199788,11,12,,2019,10,10,2,3,5,2,0,0,1,0,0,0,1,0,"795051,3853","5834850,711","13,35581","52,58346",12103218.0,Teichstraße,3973.0
199789,11,7,,2019,9,9,6,3,0,7,0,0,0,0,1,0,1,1,"797736,3069","5815392,978","13,37793","52,40758",7060604.0,Marienfelde Süd,4221.0
199790,11,1,,2019,10,9,2,3,0,7,0,1,0,0,0,0,0,0,"798157,733","5826644,946","13,39416","52,50821",1011204.0,Leipziger Straße,4551.0
199791,11,2,,2019,9,14,6,3,0,6,0,0,1,0,0,0,1,0,"803212,578","5826326,551","13,46812","52,50257",2050803.0,Stralauer Kiez,5649.0
199792,11,8,,2019,10,9,2,3,3,6,0,1,0,0,0,0,1,0,"800817,6791","5825029,745","13,43178","52,49228",8010301.0,Reuterkiez,5046.0
199793,11,2,,2019,10,9,2,3,2,6,0,0,1,0,0,0,0,0,"798440,4023","5824773,142","13,39664","52,49128",2020204.0,Urbanstraße,4546.0
199794,11,12,,2019,9,13,6,3,5,3,0,0,1,0,0,0,0,1,"793474,3208","5832414,889","13,33045","52,56248",12214424.0,Scharnweberstraße,3567.0
199795,11,4,,2019,9,12,6,3,5,3,0,1,1,0,0,0,0,1,"793356,0868","5829669,931","13,32628","52,53793",4010102.0,Plötzensee,3559.0
199796,11,3,,2019,10,9,2,3,5,3,0,1,1,0,0,0,0,0,"801154,7558","5831132,778","13,44225","52,54679",3061228.0,Erich-Weinert-Straße,5262.0
199797,11,11,,2019,9,14,6,3,3,6,0,0,1,0,0,0,0,1,"804609,6043","5827526,329","13,48974","52,51255",11030721.0,Rüdigerstraße,5952.0
199798,11,7,,2019,10,8,2,3,1,5,0,1,1,0,0,0,0,0,"797411,8021","5823671,301","13,38055","52,48196",7040401.0,Neu-Tempelhof,4343.0
199799,11,2,,2019,10,7,2,3,5,3,0,1,1,0,0,0,0,0,"797273,2895","5825511,353","13,38015","52,49853",2020202.0,Rathaus Yorckstraße,4348.0
199800,11,5,,2019,9,15,6,3,2,6,0,0,1,0,0,0,0,0,"785323,8647","5828214,222","13,20693","52,52915",5020627.0,Tiefwerder,1757.0
199801,11,1,,2019,9,14,6,3,2,6,0,0,1,0,0,0,0,1,"796762,7776","5830511,262","13,37712","52,54363",1033203.0,Humboldthain Nordwest,4261.0
199802,11,9,,2019,10,12,2,3,5,3,0,1,1,0,0,0,0,0,"810988,2838","5821976,045","13,57825","52,45921",9052001.0,Köpenick Nord,7236.0
199803,11,1,,2019,10,12,2,3,5,2,0,0,1,0,0,0,0,0,"796476,8364","5831928,484","13,37418","52,55649",1044201.0,Reinickendorfer Straße,4265.0
199804,11,10,,2019,9,14,6,3,6,4,0,0,1,1,0,0,0,1,"811134,5788","5831268,593","13,58908","52,5424",10020413.0,Gut Hellersdorf,7461.0
199805,11,5,,2019,10,8,2,3,2,2,0,0,1,0,0,0,0,0,"784754,3385","5829936,026","13,20003","52,54488",5010313.0,Ackerstraße,1661.0
199806,11,1,,2019,9,14,6,3,5,3,0,1,1,0,0,0,0,1,"794956,5584","5830810,876","13,35083","52,5473",1044103.0,Westliche Müllerstraße,3862.0
199807,11,4,,2019,10,8,2,3,5,7,0,0,1,0,0,0,0,0,"792098,0072","5825757,396","13,30435","52,50353",4030726.0,Droysenstraße,3149.0
199808,11,9,,2019,9,14,6,3,5,2,0,1,1,0,0,0,0,1,"811587,3328","5821155,046","13,58628","52,45151",9051901.0,Dammvorstadt,7334.0
199809,11,12,,2019,10,7,2,3,5,2,0,1,1,0,0,0,0,0,"795774,41","5832708,541","13,36454","52,56387",12103117.0,Letteplatz,4067.0
199810,11,5,,2019,9,14,6,3,5,3,0,0,1,0,0,0,0,1,"784406,357","5829916,536","13,1949","52,54489",5010313.0,Ackerstraße,1561.0
199811,11,7,,2019,10,12,2,3,6,2,0,0,1,1,0,0,0,0,"800036,2547","5813257,524","13,40973","52,38718",7070706.0,Horstwalder Straße/Paplitzer Straße,4715.0
199812,11,12,,2019,10,1,2,2,1,7,2,0,1,0,0,0,0,0,"795655,4926","5833549,202","13,36354","52,57147",12103115.0,Breitkopfbecken,4069.0
199813,11,6,,2019,9,14,6,3,5,3,0,0,1,0,1,0,0,1,"792318,3301","5816606,45","13,29957","52,42138",6030607.0,Goerzwerke,3125.0
199814,11,4,,2019,9,13,6,3,5,2,0,1,1,0,0,0,0,1,"793459,8653","5824721,958","13,32345","52,49352",4051448.0,Schaperstraße,3446.0
199815,11,5,,2019,10,11,2,3,1,7,0,0,1,0,0,0,0,0,"784860,3605","5830102,776","13,20174","52,54632",5010313.0,Ackerstraße,1662.0
199816,11,3,,2019,10,11,2,2,6,4,0,0,1,1,0,0,0,0,"802308,3869","5829187,285","13,45744","52,52872",3061430.0,Volkspark Prenzlauer Berg,5457.0
199817,11,4,,2019,9,13,6,3,2,2,0,0,1,0,0,0,1,1,"792439,8159","5824107,832","13,30792","52,48856",4051445.0,Eisenzahnstraße,3245.0
199818,11,1,,2019,10,11,2,3,5,2,0,0,1,0,1,0,0,0,"800254,7937","5826822,949","13,42513","52,50866",1011306.0,Heine-Viertel Ost,4951.0
199819,11,2,,2019,9,12,6,3,2,6,0,0,1,0,0,0,1,1,"798289,3766","5825474,968","13,39505","52,49765",2020204.0,Urbanstraße,4548.0
199820,11,9,,2019,10,10,2,2,5,3,0,1,1,0,0,0,0,0,"806211,3864","5822174,162","13,50835","52,46368",9020501.0,Oberschöneweide West,6238.0
199821,11,2,,2019,10,5,1,3,1,5,2,1,1,0,0,0,1,1,"803110,0241","5826296,668","13,46659","52,50236",2050803.0,Stralauer Kiez,5549.0
199822,11,7,,2019,9,13,6,3,1,6,0,1,1,0,0,0,0,1,"798900,5026","5814354,293","13,39407","52,39764",7070703.0,John-Locke-Straße,4518.0
199823,11,10,,2019,10,14,1,3,5,3,0,1,1,0,0,0,0,0,"809981,5728","5832050,792","13,57286","52,55007",10010206.0,Ringkolonnaden,7163.0
199824,11,8,,2019,9,12,6,3,1,5,0,1,1,0,0,0,0,1,"801096,92","5824135,331","13,43507","52,4841",8010301.0,Reuterkiez,5144.0
199825,11,1,,2019,10,19,1,3,5,2,2,0,1,0,0,0,0,0,"797363,25","5831193,189","13,38656","52,54942",1033102.0,Gesundbrunnen,4463.0
199826,11,1,,2019,9,12,6,3,5,2,0,1,1,0,0,0,0,1,"798860,024","5826767,224","13,40459","52,50892",1011204.0,Leipziger Straße,4651.0
199827,11,7,,2019,9,12,6,2,6,4,0,0,1,1,0,0,0,1,"798079,1177","5814407,312","13,38208","52,39856",7060604.0,Marienfelde Süd,4319.0
199828,11,1,,2019,10,18,1,2,6,4,1,0,1,1,0,0,0,0,"794447,1613","5829094,053","13,34181","52,53218",1022104.0,Emdener Straße,3758.0
199829,11,5,,2019,10,18,1,3,2,6,1,0,1,0,0,0,0,0,"785409,1719","5830362,934","13,21003","52,54837",5010311.0,Eiswerder,1762.0
199830,11,1,,2019,9,11,6,3,5,2,0,1,1,0,0,0,0,1,"794700,6914","5831783,392","13,34793","52,55615",1044102.0,Schillerpark,3865.0
199831,11,11,,2019,10,21,1,3,2,2,2,0,1,0,1,0,0,0,"804789,0093","5825408,278","13,49044","52,49347",11051229.0,Rummelsburg,5946.0
199832,11,1,,2019,9,21,6,2,6,4,2,0,1,1,0,0,0,0,"797472,9618","5826794,341","13,38423","52,50993",1011201.0,Wilhelmstraße,4351.0
199833,11,1,,2019,10,16,1,3,2,6,0,0,1,0,0,0,0,0,"797047,6671","5831926,997","13,38257","52,55617",1044201.0,Reinickendorfer Straße,4365.0
199834,11,7,,2019,9,18,6,3,5,3,1,1,1,0,0,0,0,1,"795182,5715","5825494,419","13,34943","52,49952",7010102.0,Nollendorfplatz,3848.0
199835,11,8,,2019,10,14,1,3,2,6,0,0,1,0,0,0,0,0,"801600,2987","5817447,348","13,43642","52,42388",8020727.0,Buckow Mitte,5126.0
199836,11,9,,2019,9,18,6,3,8,1,1,0,1,0,0,0,0,1,"803207,8644","5820967,3","13,46318","52,45454",9010302.0,Späthsfelde,5535.0
199837,11,12,,2019,10,14,1,3,2,2,0,1,1,0,0,0,0,0,"789922,9949","5840474,14","13,28526","52,63663",12231102.0,Frohnau,2888.0
199838,11,7,,2019,10,14,1,3,2,6,0,0,1,0,0,0,0,0,"797750,2572","5823954,092","13,38577","52,48432",7040401.0,Neu-Tempelhof,4344.0
199839,11,1,,2019,9,19,6,3,0,1,2,0,0,0,0,0,1,1,"797737,7201","5827795,168","13,38902","52,51875",1011202.0,Unter den Linden Nord,4454.0
199840,11,11,,2019,9,18,6,3,5,3,1,0,1,0,0,0,0,1,"804833,5019","5827749,191","13,49323","52,51442",11030721.0,Rüdigerstraße,5952.0
199841,11,8,,2019,10,14,1,3,5,3,0,1,1,0,0,0,0,0,"801650,6878","5823968,661","13,44305","52,48231",8010405.0,Hertzbergplatz,5243.0
199842,11,4,,2019,9,18,6,3,8,1,1,0,1,0,0,0,0,1,"790174,1079","5828196,549","13,27821","52,52643",4020310.0,Park Ruhwald,2756.0
199843,11,1,,2019,10,13,1,3,6,4,0,0,1,1,0,0,0,0,"796417,3844","5831970,492","13,37334","52,5569",1044201.0,Reinickendorfer Straße,4265.0