OBJECTID,LAND,BEZ,LOR_ab_2021,UJAHR,UMONAT,USTUNDE,UWOCHENTAG,UKATEGORIE,UART,UTYP1,ULICHTVERH,IstRad,IstPKW,IstFuss,IstKrad,IstGkfz,IstSonstige,USTRZUSTAND,LINREFX,LINREFY,XGCSWGS84,YGCSWGS84,LOR,STRASSE,quadrant
200517,11,1,,2019,10,7,3,3,6,2,1,0,1,1,0,0,0,0,"794814,0992","5828307,01","13,34651","52,52493",1022204.0,Thomasiusstraße,3856.0
200518,11,5,,2019,10,15,3,3,2,6,0,0,1,0,0,0,0,0,"785522,4677","5828078,065","13,20973","52,52782",5020627.0,Tiefwerder,1756.0
200519,11,6,,2019,10,15,3,3,6,2,0,0,1,1,0,0,0,0,"795869,4195","5818141,173","13,353","52,43323",6020305.0,Gemeindepark Lankwitz,3929.0
200520,11,12,,2019,10,7,3,3,2,6,0,0,1,0,0,0,0,0,"791306,1722","5834150,096","13,30008","52,5792",12214125.0,Waldidyll/Flughafensee,3171.0
200521,11,6,,2019,10,15,3,3,3,6,0,1,1,0,0,0,0,0,"793454,543","5820116,432","13,31932","52,45224",6010207.0,Mittelstraße,3434.0
200522,11,4,,2019,10,15,3,3,6,4,0,0,0,1,1,0,0,0,"791561,435","5826495,988","13,29712","52,51044",4030725.0,Amtsgerichtsplatz,3051.0
200523,11,5,,2019,10,15,3,3,5,2,0,1,1,0,0,0,0,0,"788173,529","5829380,732","13,24983","52,53811",5030833.0,Motardstraße,2359.0
200524,11,6,,2019,10,14,3,3,6,4,0,0,1,1,0,0,0,0,"795589,0263","5817107,837","13,34797","52,42412",6020305.0,Gemeindepark Lankwitz,3826.0
200525,11,2,,2019,10,6,3,3,5,3,0,0,1,0,1,0,0,0,"801430,3295","5827930,446","13,4434","52,51794",2040503.0,Richard-Sorge-Viertel,5253.0
200526,11,8,,2019,10,7,3,3,0,3,2,1,1,0,0,0,0,1,"804550,5177","5817094,643","13,47935","52,41909",8041036.0,Zittauer Straße,5725.0
200527,11,1,,2019,10,17,2,3,5,3,1,1,1,0,0,0,0,0,"795756,3459","5826351,216","13,35862","52,50689",1011105.0,Nördlicher Landwehrkanal,3950.0
200528,11,5,,2019,10,17,2,3,2,6,0,0,1,0,0,0,0,0,"785445,5757","5828137,524","13,20865","52,5284",5020627.0,Tiefwerder,1757.0
200529,11,1,,2019,10,15,2,3,6,2,0,0,1,1,0,0,0,0,"797163,4286","5830379,222","13,38289","52,54223",1033202.0,Humboldthain Süd,4361.0
200530,11,3,,2019,10,16,2,3,2,2,0,0,1,0,0,0,1,0,"796796,3364","5833946,587","13,38068","52,57441",3040513.0,Schönholz,4370.0
200531,11,8,,2019,10,16,2,3,5,3,0,1,0,0,0,0,1,0,"805917,1848","5816210,02","13,49858","52,41039",8041038.0,Waßmannsdorfer Chaussee,6022.0
200532,11,3,,2019,10,16,2,3,5,3,0,0,1,0,0,0,0,0,"801113,0072","5836547,71","13,44655","52,59535",3030711.0,Blankenburg,5276.0
200533,11,4,,2019,10,15,2,3,5,3,0,1,1,0,0,0,0,0,"791797,2987","5827063,929","13,30108","52,51541",4030417.0,Schloßstraße,3153.0
200534,11,8,,2019,10,15,2,3,5,2,0,1,1,0,0,0,0,0,"806124,2393","5815162,165","13,50065","52,40089",8041039.0,Frauenviertel,6019.0
200535,11,3,,2019,10,13,2,3,6,7,0,0,0,1,0,0,1,0,"798472,7977","5830961,089","13,40266","52,54673",3061131.0,Falkplatz,4662.0
200536,11,6,,2019,10,19,2,2,5,2,0,0,1,0,0,0,0,0,"787136,364","5817205,235","13,2241","52,42949",6040703.0,Nikolassee,1928.0
200537,11,3,,2019,10,15,2,3,1,5,0,1,0,0,0,0,1,0,"798980,7236","5830035,775","13,4093","52,53816",3071536.0,Teutoburger Platz,4759.0
200538,11,11,,2019,10,14,2,2,5,3,0,1,0,0,0,0,1,0,"803729,22","5827145,144","13,47646","52,50962",11030824.0,Frankfurter Allee Süd,5751.0
200539,11,5,,2019,10,14,2,2,5,3,0,1,1,0,0,0,0,0,"784825,8816","5830254,049","13,20136","52,5477",5010312.0,Kurstraße,1662.0
200540,11,4,,2019,10,14,2,3,2,6,0,0,1,0,0,0,0,0,"794260,9805","5825421,772","13,33583","52,49936",4051448.0,Schaperstraße,3648.0
200541,11,7,,2019,10,8,5,2,6,4,0,0,0,1,1,0,0,0,"798337,7781","5823951,16","13,39439","52,48397",7040401.0,Neu-Tempelhof,4544.0
200542,11,5,,2019,10,14,2,2,2,6,0,0,1,0,0,0,0,0,"782486,9633","5827002,234","13,16419","52,51976",5020523.0,Maulbeerallee,1054.0
200543,11,6,,2019,10,14,2,3,5,3,0,1,0,0,0,0,1,0,"788801,21","5818057,261","13,24925","52,43625",6040805.0,Fischerhüttenstraße,2330.0
200544,11,11,,2019,10,13,2,3,5,3,0,1,1,0,0,0,0,0,"805757,965","5827181,083","13,50629","52,50881",11040926.0,Weitlingstraße,6151.0
200545,11,2,,2019,10,19,2,3,5,2,2,1,0,0,0,0,1,0,"801206,4482","5827467,238","13,43969","52,51391",2040701.0,Andreasviertel,5152.0
200546,11,6,,2019,10,19,2,3,0,2,2,0,1,0,1,0,0,0,"795411,585","5820128,619","13,34804","52,45129",6010204.0,Munsterdamm,3834.0
200547,11,8,,2019,10,19,2,3,1,5,2,1,1,0,0,0,0,0,"801968,8498","5824220,581","13,44795","52,48439",8010406.0,Treptower Straße Nord,5344.0
200548,11,1,,2019,10,19,2,3,5,2,2,1,1,0,0,0,0,0,"799124,0588","5827123,737","13,40879","52,51198",1011305.0,Heine-Viertel West,4752.0
200549,11,9,,2019,10,19,2,3,4,6,2,0,1,0,0,0,0,0,"804761,2364","5820427,958","13,48548","52,44884",9010302.0,Späthsfelde,5833.0
200550,11,1,,2019,10,8,5,3,1,7,0,0,1,0,0,0,0,1,"795954,929","5832037,956","13,3666","52,55776",1044102.0,Schillerpark,4165.0
200551,11,2,,2019,10,19,2,3,1,5,2,1,1,0,0,0,0,0,"800333,5379","5825943,511","13,42549","52,50073",2030302.0,Lausitzer Platz,4948.0
200552,11,1,,2019,10,18,2,3,0,1,1,1,0,0,0,0,0,1,"797979,2838","5828496,709","13,3932","52,52491",1011302.0,Oranienburger Straße,4556.0
200553,11,1,,2019,10,8,5,3,5,3,0,0,1,0,0,0,0,0,"797960,5998","5827080,44","13,39165","52,51222",1011203.0,Unter den Linden Süd,4452.0
200554,11,1,,2019,10,1,2,3,0,1,2,1,0,0,0,0,0,0,"799446,613","5826756,236","13,41319","52,5085",1011305.0,Heine-Viertel West,4751.0
200555,11,6,,2019,10,19,5,2,0,3,2,0,1,0,1,0,0,0,"792385,9566","5816868,446","13,30079","52,42369",6030608.0,Schweizer Viertel,3126.0
200556,11,5,,2019,10,11,2,3,2,6,0,0,1,0,0,1,0,0,"786958,8377","5829804,928","13,23234","52,54255",5030730.0,Zitadellenweg,2161.0
200557,11,3,,2019,10,12,2,3,2,6,0,0,1,0,0,0,0,0,"801002,2863","5836004,294","13,44443","52,59054",3030711.0,Blankenburg,5275.0
200558,11,7,,2019,10,12,2,3,5,3,0,0,1,0,0,0,0,0,"793485,5848","5822489,171","13,32186","52,47349",7030301.0,Friedenau,3440.0
200559,11,11,,2019,10,10,2,3,1,7,0,0,1,0,0,0,0,0,"804749,0965","5830196,978","13,49423","52,53641",11020515.0,Landsberger Allee,6059.0
200560,11,3,,2019,10,9,2,3,5,3,0,0,1,0,1,0,0,0,"801403,8976","5831496,335","13,44624","52,54991",3050924.0,Behaimstraße,5263.0
200561,11,4,,2019,10,8,2,3,2,6,0,0,1,0,0,0,0,0,"794003,8523","5824264,683","13,33103","52,48913",4051653.0,Prager Platz,3545.0
200562,11,9,,2019,10,8,2,3,0,2,0,1,1,0,0,0,0,0,"812050,7804","5821282,944","13,59319","52,45239",9051901.0,Dammvorstadt,7434.0
200563,11,1,,2019,10,8,2,3,0,6,0,1,1,0,0,0,0,0,"800167,7355","5827387,503","13,42436","52,51377",2040701.0,Andreasviertel,4952.0
200564,11,11,,2019,10,6,5,3,5,3,2,1,1,0,0,0,0,1,"803692,264","5827471,396","13,47621","52,51257",11030824.0,Frankfurter Allee Süd,5752.0
200565,11,1,,2019,10,8,2,3,5,3,0,1,1,0,0,0,0,0,"796894,091","5829203,728","13,37788","52,53184",1011301.0,Charitéviertel,4258.0
200566,11,10,,2019,10,8,2,3,5,3,0,1,1,0,0,0,0,0,"812064,889","5830625,37","13,60215","52,53611",10020414.0,Helle Mitte,7659.0
200567,11,12,,2019,10,7,2,3,4,6,1,1,0,0,0,0,0,1,"787073,216","5838229,101","13,24132","52,61802",12224230.0,Heiligensee,2283.0
200568,11,2,,2019,10,7,2,3,0,1,0,0,1,0,1,0,0,1,"803319,6888","5827756,481","13,471","52,51533",2050602.0,Samariterviertel,5653.0
200569,11,4,,2019,10,7,5,3,0,6,0,0,0,0,1,0,0,1,"790130,0406","5828221,836","13,27759","52,52668",4020310.0,Park Ruhwald,2756.0
200570,11,6,,2019,10,7,2,3,0,2,1,1,1,0,0,0,0,1,"789966,7903","5816242,925","13,26478","52,41937",6030504.0,Teltower Damm,2525.0
200571,11,9,,2019,10,6,2,3,5,2,2,0,1,0,0,0,0,0,"809327,0386","5818519,358","13,55068","52,42918",9020701.0,Adlershof West,6828.0
200572,11,8,,2019,10,15,1,2,2,6,0,0,1,0,0,0,0,0,"802220,0374","5816787,543","13,44491","52,41762",8020728.0,Buckow Ost,5224.0
200573,11,6,,2019,10,10,1,2,1,1,0,0,1,0,0,0,0,0,"790527,1785","5821382,998","13,27746","52,46516",6040810.0,Dahlem,2738.0
200574,11,1,,2019,10,21,1,3,5,2,2,0,1,0,0,0,0,0,"793980,205","5832017,921","13,33754","52,55865",1044101.0,Rehberge,3665.0
200575,11,12,,2019,10,19,1,2,5,2,2,1,1,0,0,0,0,0,"796175,0752","5832754,284","13,37048","52,56406",12103117.0,Letteplatz,4167.0
200576,11,5,,2019,10,17,1,3,5,2,1,0,1,0,0,0,0,0,"780873,0764","5828322,241","13,14159","52,53243",5020419.0,Magistratsweg,758.0
200577,11,12,,2019,10,16,1,3,2,6,0,0,1,0,0,0,0,0,"793841,3304","5832776,67","13,33617","52,56552",12103218.0,Teichstraße,3667.0
200578,11,9,,2019,10,3,1,2,8,1,2,0,1,0,0,0,0,0,"806777,0284","5818391,78","13,51318","52,42947",9010402.0,Johannisthal Ost,6228.0
200579,11,8,,2019,10,9,1,3,1,5,0,0,1,0,0,0,1,0,"802061,4751","5821981,047","13,44728","52,46426",8010214.0,Glasower Straße,5338.0
200580,11,4,,2019,10,12,1,3,2,6,0,0,1,0,0,0,0,0,"791236,294","5824986,867","13,29102","52,49709",4031032.0,Halensee,2947.0
200581,11,2,,2019,10,15,1,3,6,4,0,0,1,1,0,0,0,0,"800616,5426","5828462,289","13,43192","52,52315",2040502.0,Friedenstraße,5055.0
200582,11,2,,2019,10,11,7,3,0,7,0,1,1,0,0,0,0,0,"797092,7863","5824685,556","13,37677","52,49123",2020203.0,Viktoriapark,4246.0
200583,11,7,,2019,10,12,7,3,0,6,0,0,1,0,0,0,0,0,"797210,052","5815560,852","13,37037","52,40937",7060604.0,Marienfelde Süd,4122.0
200584,11,9,,2019,10,19,7,2,5,2,2,0,1,0,1,0,0,0,"802361,3223","5825340,343","13,45472","52,49421",9010101.0,Elsenstraße,5447.0
200585,11,5,,2019,10,18,7,2,2,7,0,0,1,0,1,0,1,0,"785895,4608","5829230,555","13,21621","52,53796",5030730.0,Zitadellenweg,1859.0
200586,11,1,,2019,10,22,7,3,0,1,2,0,0,0,0,0,1,0,"799190,121","5827726,447","13,4103","52,51734",1011303.0,Alexanderplatzviertel,4753.0
200587,11,8,,2019,10,19,7,3,5,3,2,0,1,0,0,0,0,0,"803203,7266","5822728,925","13,46472","52,47033",8010508.0,Weiße Siedlung,5540.0
200588,11,6,,2019,10,17,7,3,5,3,1,0,1,0,0,0,1,0,"793367,8094","5815508,079","13,314","52,41097",6020407.0,Thermometersiedlung,3322.0
200589,11,8,,2019,10,17,7,2,6,4,1,0,1,1,0,0,0,1,"801565,1184","5821900,2","13,43992","52,46381",8010214.0,Glasower Straße,5138.0
200590,11,6,,2019,10,16,7,3,2,2,0,0,1,0,0,0,0,0,"793549,5069","5820062,644","13,32066","52,4517",6010207.0,Mittelstraße,3434.0
200591,11,1,,2019,10,16,7,3,3,6,0,0,1,0,1,0,0,0,"793962,7996","5828206,051","13,33391","52,52448",1022106.0,Elberfelder Straße,3655.0
200592,11,5,,2019,10,15,7,3,5,2,0,0,1,0,0,0,0,0,"789675,122","5829303,071","13,27184","52,53661",5030832.0,Rohrdamm,2659.0
200593,11,2,,2019,10,15,7,3,5,3,0,1,1,0,0,0,0,0,"799925,802","5825743,09","13,41932","52,49916",2030301.0,Oranienplatz,4848.0
200594,11,7,,2019,10,16,7,2,0,1,0,0,0,0,0,0,1,1,"794731,6164","5825213,43","13,34256","52,49724",7010101.0,Wittenbergplatz/Viktoria-Luise-Platz,3747.0
200595,11,4,,2019,10,8,5,3,5,2,0,0,1,0,0,0,0,0,"793914,1033","5825519,99","13,33082","52,50043",4030931.0,Breitscheidplatz,3548.0
200596,11,5,,2019,10,14,7,3,6,4,0,0,1,1,0,0,0,0,"785620,2611","5832199,466","13,21472","52,56472",5010101.0,Hakenfelde Nord,1867.0
200597,11,11,,2019,10,19,5,3,6,4,2,0,0,1,0,0,1,0,"804903,367","5832974,478","13,49905","52,56121",11020411.0,Malchower Weg,6066.0
200598,11,1,,2019,10,14,7,3,1,5,0,1,1,0,0,0,0,0,"797762,443","5828323,726","13,38986","52,52348",1011302.0,Oranienburger Straße,4455.0
200599,11,8,,2019,10,13,7,3,6,4,0,1,0,1,0,0,0,1,"801331,0956","5822166,562","13,43673","52,46633",8010214.0,Glasower Straße,5138.0
200600,11,11,,2019,10,11,7,3,6,7,0,0,0,1,0,0,1,0,"805526,7018","5834714,75","13,50982","52,57646",11010207.0,Wartenberg Nord,6271.0
200601,11,2,,2019,10,2,7,3,1,5,2,1,1,0,0,0,1,1,"800929,2293","5825858,591","13,43416","52,49964",2030302.0,Lausitzer Platz,5148.0
200602,11,7,,2019,10,18,6,3,5,2,2,1,0,0,1,0,0,1,"794951,6794","5825644,97","13,34617","52,50099",7010102.0,Nollendorfplatz,3849.0
200603,11,7,,2019,10,3,6,2,0,1,2,1,0,0,0,0,0,1,"796656,0172","5824828,398","13,37048","52,49275",7010104.0,Dennewitzplatz,4146.0
200604,11,8,,2019,10,3,6,3,5,2,2,1,0,0,0,0,1,0,"801735,9068","5823907,623","13,44424","52,48171",8010405.0,Hertzbergplatz,5243.0
200605,11,7,,2019,10,11,6,3,5,2,0,1,1,0,0,0,0,0,"794999,4432","5825633,49","13,34686","52,50086",7010102.0,Nollendorfplatz,3848.0
200606,11,7,,2019,10,11,6,3,1,7,0,0,1,0,1,0,0,0,"795709,9693","5824869,101","13,35662","52,49363",7010103.0,Barbarossaplatz,3946.0
200607,11,3,,2019,10,8,5,3,5,3,0,1,0,0,0,0,1,1,"800484,8877","5836403,21","13,43718","52,5944",3020307.0,Buchholz,5176.0
200608,11,4,,2019,10,11,6,3,6,7,0,0,1,1,0,0,0,0,"791981,0203","5825245,731","13,30218","52,49901",4030726.0,Droysenstraße,3148.0
200609,11,4,,2019,10,19,5,3,1,5,2,1,1,0,0,0,0,0,"791277,0803","5826601,557","13,29303","52,51154",4030417.0,Schloßstraße,3052.0
200610,11,11,,2019,10,11,6,3,5,3,0,0,1,0,0,0,1,0,"806909,6123","5832626,655","13,52823","52,55697",11010205.0,Falkenberg West,6565.0
200611,11,2,,2019,10,12,6,3,5,3,0,1,0,0,0,0,0,0,"796945,9811","5824295,834","13,37426","52,48782",2020203.0,Viktoriapark,4245.0
200612,11,2,,2019,10,12,6,3,5,2,0,0,0,0,0,1,1,0,"801134,7721","5828570,372","13,43963","52,52384",2040502.0,Friedenstraße,5155.0
200613,11,8,,2019,10,12,6,3,5,2,0,0,0,0,0,1,1,0,"801318,5201","5819558,361","13,43419","52,44296",8020622.0,Parchimer Allee,5132.0
200614,11,11,,2019,10,10,6,3,0,4,0,0,0,1,0,0,1,1,"806625,1896","5833176,332","13,52456","52,56206",11010205.0,Falkenberg West,6466.0
200615,11,4,,2019,10,10,6,3,3,2,0,0,1,0,0,1,0,0,"790375,1343","5825656,171","13,27895","52,50355",4020314.0,Messegelände,2849.0
200616,11,1,,2019,10,10,6,3,2,6,0,1,1,0,0,0,0,1,"796454,888","5828233,178","13,37056","52,52338",1022206.0,Lüneburger Straße,4155.0
200617,11,4,,2019,10,9,6,3,0,1,0,0,0,0,1,0,0,1,"793847,8786","5824906,846","13,32931","52,49497",4051448.0,Schaperstraße,3547.0
200618,11,1,,2019,10,9,6,2,5,3,0,1,1,0,0,0,0,1,"796971,6266","5830138,511","13,37985","52,54018",1033202.0,Humboldthain Süd,4360.0
200619,11,2,,2019,10,5,5,3,9,1,1,0,1,0,0,0,0,0,"797756,5989","5826062,437","13,38775","52,50321",2010101.0,Askanischer Platz,4449.0
200620,11,2,,2019,10,8,6,3,1,5,0,1,1,0,0,0,0,0,"800359,6266","5827741,206","13,4275","52,51683",2040701.0,Andreasviertel,5053.0
200621,11,5,,2019,10,7,5,3,2,6,0,0,1,0,0,0,1,0,"781427,193","5828391,093","13,14979","52,53276",5020419.0,Magistratsweg,858.0
200622,11,7,,2019,10,8,6,3,5,2,0,0,1,0,0,1,0,1,"799070,7128","5821704,512","13,40314","52,46343",7040405.0,Rathaus Tempelhof,4638.0
200623,11,4,,2019,10,8,6,3,2,7,0,0,0,0,1,1,0,1,"793867,7906","5823094,564","13,328","52,47871",4051655.0,Babelsberger Straße,3542.0
200624,11,11,,2019,10,7,5,3,2,7,0,0,1,0,0,1,0,1,"804292,3107","5828449,448","13,48592","52,521",11030721.0,Rüdigerstraße,5854.0
200625,11,4,,2019,10,7,6,3,5,3,0,1,1,0,0,0,0,1,"792968,3524","5825890,668","13,31725","52,50426",4030930.0,George-Grosz-Platz,3349.0
200626,11,11,,2019,10,6,6,3,5,3,1,0,1,0,0,0,1,1,"803331,1196","5830081,399","13,47329","52,53616",11020515.0,Landsberger Allee,5659.0
200627,11,1,,2019,10,6,6,3,2,7,2,0,1,0,0,0,0,1,"794118,5043","5830088,228","13,33786","52,54127",1044101.0,Rehberge,3660.0
200628,11,11,,2019,10,11,5,3,5,3,0,0,1,0,0,0,0,1,"805987,963","5826846,082","13,50936","52,50568",11040926.0,Weitlingstraße,6250.0
200629,11,12,,2019,10,0,6,2,6,4,2,0,1,1,0,0,0,1,"794328,2067","5836224,713","13,34639","52,59617",12302107.0,Schorfheidestraße,3876.0
200630,11,1,,2019,10,19,6,3,6,4,2,1,0,1,0,0,0,1,"799580,5301","5828027,678","13,41631","52,51983",1011304.0,Karl-Marx-Allee,4854.0
200631,11,3,,2019,10,19,6,3,5,3,2,1,1,0,0,0,0,1,"799081,773","5833201,546","13,41364","52,56648",3040818.0,Pankow Süd,4868.0
200632,11,6,,2019,10,19,6,3,5,3,2,0,1,0,0,0,0,1,"788835,1428","5819582,218","13,25107","52,44991",6040806.0,Fischtal,2334.0
200633,11,3,,2019,10,17,6,3,5,3,1,1,1,0,0,0,0,0,"802091,2437","5830587,042","13,45552","52,54138",3061429.0,Greifswalder Straße,5460.0
200634,11,11,,2019,10,17,6,3,6,4,0,0,1,1,0,0,0,0,"805197,9422","5828964,356","13,4997","52,52511",11030720.0,Herzbergstraße,6056.0
200635,11,2,,2019,10,22,6,3,5,2,2,1,1,0,0,0,0,1,"800374,2415","5827890,698","13,42785","52,51816",2040701.0,Andreasviertel,5054.0
200636,11,5,,2019,10,2,5,2,6,4,2,0,0,1,0,0,1,1,"784139,8448","5827330,738","13,18877","52,52184",5020626.0,Adamstraße,1455.0
200637,11,2,,2019,10,21,6,3,0,2,2,0,1,0,1,0,0,1,"800272,47","5824372,183","13,42318","52,48668",2020206.0,Graefekiez,4944.0
200638,11,1,,2019,10,16,6,2,6,4,0,0,1,1,0,0,0,0,"797411,9966","5831253,866","13,38733","52,54993",1033102.0,Gesundbrunnen,4463.0
200639,11,2,,2019,10,13,5,3,2,6,0,0,1,0,1,0,0,0,"797794,5967","5824033,021","13,38649","52,485",7040401.0,Neu-Tempelhof,4444.0
200640,11,6,,2019,10,16,6,3,0,7,0,0,0,0,1,0,1,1,"795388,428","5818321,762","13,34611","52,43511",6020303.0,Lankwitz Kirche,3829.0
200641,11,3,,2019,10,16,6,3,5,2,0,1,1,0,1,0,0,0,"799081,9672","5830219,83","13,41095","52,53975",3071536.0,Teutoburger Platz,4760.0
200642,11,2,,2019,10,20,6,3,5,2,2,1,1,0,0,0,0,1,"801754,3231","5826263,116","13,44665","52,50281",2040703.0,Wriezener Bahnhof/Entwicklungsgebiet,5249.0
200643,11,12,,2019,10,11,5,3,5,7,0,1,1,0,0,0,0,1,"786409,5229","5838821,013","13,23205","52,62367",12224230.0,Heiligensee,2184.0
200644,11,1,,2019,10,15,6,3,2,6,0,0,1,0,0,0,0,0,"797205,792","5832002,87","13,38497","52,55676",1033101.0,Soldiner Straße,4365.0
200645,11,10,,2019,10,14,6,3,5,3,0,0,1,0,1,0,0,0,"809570,3222","5825056,652","13,56031","52,48762",10030727.0,Biesdorf Süd,6945.0
200646,11,6,,2019,10,20,6,3,2,6,2,0,1,0,0,0,0,1,"793523,9933","5820665,367","13,32082","52,45712",6010102.0,Schloßstraße,3436.0
200647,11,1,,2019,10,10,5,3,1,5,0,1,1,0,0,0,1,0,"796922,4691","5826850,694","13,3762","52,51073",1011105.0,Nördlicher Landwehrkanal,4251.0
200648,11,9,,2019,10,20,6,3,0,1,2,1,0,0,0,0,0,1,"811149,1169","5822074,307","13,58071","52,46",9052001.0,Köpenick Nord,7237.0
200649,11,2,,2019,10,19,6,2,0,1,2,0,0,0,1,0,1,1,"802812,5983","5826942,628","13,46281","52,50832",2050802.0,Boxhagener Platz,5551.0
200650,11,11,,2019,10,14,6,3,6,2,0,0,1,1,0,0,0,0,"806996,8561","5825780,812","13,5232","52,49557",11041128.0,Sewanstraße,6447.0
200651,11,6,,2019,10,18,5,3,5,3,1,0,1,0,0,0,0,1,"793425,588","5820368,851","13,31911","52,45452",6010102.0,Schloßstraße,3435.0
200652,11,6,,2019,10,14,6,3,5,3,0,1,1,0,0,0,0,0,"795282,3621","5818607,528","13,3448","52,43773",6020303.0,Lankwitz Kirche,3730.0
200653,11,10,,2019,10,14,6,3,5,3,0,1,1,0,0,0,0,0,"813012,0507","5831230,063","13,61664","52,54098",10020416.0,Böhlener Straße,7860.0
200654,11,6,,2019,10,9,4,1,6,4,0,0,0,1,0,1,0,1,"792071,4789","5818874,158","13,29793","52,44184",6030610.0,Lichterfelde West,3031.0
200655,11,8,,2019,10,19,6,3,2,3,2,1,1,0,0,0,0,1,"803603,9798","5817861,697","13,46617","52,42649",8030831.0,Gropiusstadt Ost,5527.0
200656,11,9,,2019,10,15,4,3,5,3,0,0,1,0,0,0,0,1,"810837,8768","5818460,836","13,57278","52,42779",9031101.0,Grünau,7127.0
200657,11,12,,2019,10,6,4,3,3,6,1,1,1,0,0,0,0,1,"792601,7739","5839326,422","13,32372","52,62491",12231101.0,Hermsdorf,3485.0
200658,11,3,,2019,10,9,6,3,2,6,0,0,1,0,0,0,0,0,"800917,5406","5831204,107","13,43883","52,54756",3061228.0,Erich-Weinert-Straße,5162.0
200659,11,6,,2019,10,18,5,3,5,3,0,0,1,0,0,0,1,0,"794316,62","5816909,457","13,32914","52,42303",6020410.0,Oberhofer Platz,3526.0
200660,11,1,,2019,10,13,5,3,1,5,0,1,1,0,0,0,0,0,"799441,8442","5826523,985","13,41292","52,50643",1011305.0,Heine-Viertel West,4750.0
200661,11,1,,2019,10,17,4,3,5,2,0,1,1,0,0,0,0,0,"795669,217","5829731,907","13,36035","52,53724",1022202.0,Heidestraße,4059.0
200662,11,2,,2019,10,9,5,3,5,2,0,1,0,0,0,1,0,0,"801787,2272","5828672,998","13,44932","52,5244",2050601.0,Hausburgviertel,5355.0
200663,11,12,,2019,10,16,4,3,5,3,0,0,1,0,0,0,0,1,"792609,7264","5833527,327","13,31871","52,57292",12214423.0,Mellerbogen,3370.0
200664,11,8,,2019,10,6,5,2,8,1,1,0,1,0,0,0,0,1,"801720,4873","5823052,464","13,44324","52,47405",8010404.0,Rixdorf,5241.0
200665,11,10,,2019,10,1,5,2,5,2,2,1,0,0,0,0,1,1,"809577,5151","5832688,883","13,56752","52,55602",10010204.0,Wuhletalstraße,7065.0
200666,11,1,,2019,10,22,5,3,5,2,2,0,1,0,0,0,1,0,"797845,19","5826961,291","13,38985","52,51122",1011204.0,Leipziger Straße,4452.0
200667,11,4,,2019,10,16,4,3,5,3,0,0,1,0,0,0,0,1,"789080,5715","5827172,497","13,26125","52,51783",4020311.0,Reichsstraße,2553.0
200668,11,10,,2019,10,21,5,2,6,4,2,0,1,1,0,0,0,0,"806464,4174","5829702,705","13,51899","52,53101",10010308.0,Marzahner Chaussee,6357.0
200669,11,1,,2019,10,20,5,3,0,2,2,1,1,0,0,0,0,0,"799609,613","5827987,189","13,4167","52,51945",1011304.0,Karl-Marx-Allee,4854.0
200670,11,4,,2019,10,20,5,3,1,5,2,1,1,0,0,0,0,0,"793480,2728","5824972,062","13,32397","52,49575",4051448.0,Schaperstraße,3447.0
200671,11,4,,2019,10,19,5,3,5,2,2,1,1,0,0,0,0,0,"792600,2479","5824204,52","13,31037","52,48934",4051445.0,Eisenzahnstraße,3245.0
200672,11,4,,2019,10,15,5,3,2,6,0,0,1,0,1,0,0,0,"793775,4919","5826584,28","13,32972","52,51005",4030623.0,Ernst-Reuter-Platz,3551.0
200673,11,2,,2019,10,14,5,3,3,6,0,0,1,0,1,0,0,0,"802748,5924","5826124,566","13,46112","52,50102",2050803.0,Stralauer Kiez,5549.0
200674,11,4,,2019,10,12,5,3,5,7,0,1,1,0,0,0,0,0,"793919,6422","5825534,677","13,33092","52,50056",4030931.0,Breitscheidplatz,3548.0
200675,11,8,,2019,10,14,5,3,6,7,0,0,1,1,0,0,0,0,"801193,8541","5823546,929","13,43596","52,47878",8010212.0,Rollberg,5142.0
200676,11,11,,2019,10,7,5,3,5,3,0,1,0,0,0,0,0,1,"807349,9054","5825174,202","13,52782","52,48993",11051331.0,Karlshorst Nord,6545.0
200677,11,1,,2019,10,18,5,3,6,4,2,0,1,1,0,0,0,0,"795291,2002","5826136,153","13,3516","52,50521",1011103.0,Lützowstraße,3850.0
200678,11,5,,2019,10,7,5,3,3,5,0,0,1,0,0,1,0,0,"784384,9396","5828696,59","13,19354","52,53396",5020625.0,Borkumer Straße,1558.0
200679,11,7,,2019,10,18,5,2,5,2,2,1,1,0,0,0,0,0,"796000,7501","5824957,171","13,36097","52,49426",7010104.0,Dennewitzplatz,4047.0
200680,11,4,,2019,10,17,5,3,5,2,0,1,1,0,0,0,0,0,"793635,0695","5823953,88","13,32534","52,48654",4051654.0,Wilhelmsaue,3444.0
200681,11,2,,2019,10,21,5,2,3,6,2,1,1,0,0,0,0,1,"798347,6965","5825310,518","13,39576","52,49615",2020204.0,Urbanstraße,4547.0
200682,11,1,,2019,10,14,5,2,6,4,0,0,1,1,0,0,0,0,"799920,4924","5826585,652","13,42","52,50672",1011306.0,Heine-Viertel Ost,4950.0
200683,11,1,,2019,10,17,5,3,5,2,0,1,1,0,0,0,0,0,"800044,8568","5827113,457","13,4223","52,51138",1011306.0,Heine-Viertel Ost,4952.0
200684,11,7,,2019,10,13,5,3,0,4,0,0,0,1,0,0,1,0,"796680,3096","5815838,478","13,36285","52,41215",7060604.0,Marienfelde Süd,4023.0