OBJECTID,LAND,BEZ,LOR_ab_2021,UJAHR,UMONAT,USTUNDE,UWOCHENTAG,UKATEGORIE,UART,UTYP1,ULICHTVERH,IstRad,IstPKW,IstFuss,IstKrad,IstGkfz,IstSonstige,USTRZUSTAND,LINREFX,LINREFY,XGCSWGS84,YGCSWGS84,LOR,STRASSE,quadrant
200685,11,11,,2019,10,16,5,2,5,7,0,0,1,0,0,0,1,0,"803795,279","5827699,225","13,47793","52,51455",11030721.0,Rüdigerstraße,5752.0
200686,11,6,,2019,10,16,5,3,5,2,0,0,1,0,0,0,0,0,"790244,9942","5820069,745","13,27218","52,45353",6040810.0,Dahlem,2735.0
200687,11,4,,2019,10,15,5,2,5,3,0,1,1,0,0,0,0,0,"793796,3756","5826908,208","13,33032","52,51294",4030623.0,Ernst-Reuter-Platz,3552.0
200688,11,11,,2019,10,16,4,3,4,5,1,0,1,0,0,1,0,1,"803505,9773","5826621,619","13,4727","52,50506",11040925.0,Victoriastadt,5650.0
200689,11,9,,2019,10,15,5,2,6,4,0,1,0,1,0,0,0,0,"807611,3522","5815414,643","13,52267","52,40232",9030902.0,Wohngebiet II,6420.0
200690,11,3,,2019,10,13,5,3,5,3,0,1,1,0,0,0,0,0,"803225,2649","5838029,16","13,479","52,60745",3030406.0,Alt-Karow,5780.0
200691,11,9,,2019,10,15,5,2,6,7,0,0,1,1,0,0,0,0,"803509,3058","5824119,129","13,47047","52,48262",9010201.0,Am Treptower Park Süd,5643.0
200692,11,4,,2019,10,15,5,2,3,6,0,1,1,0,0,0,0,0,"792860,5913","5826142,195","13,31589","52,50658",4030828.0,Savignyplatz,3350.0
200693,11,10,,2019,10,10,5,3,3,6,0,0,1,0,0,1,0,0,"807607,956","5830678,905","13,5367","52,53912",10010308.0,Marzahner Chaussee,6660.0
200694,11,4,,2019,10,16,4,3,5,2,0,1,1,0,0,0,0,1,"790967,8749","5823011,108","13,28535","52,47952",4041137.0,Flinsberger Platz,2842.0
200695,11,9,,2019,10,6,5,3,5,7,2,0,1,0,0,0,0,1,"804667,3622","5823483,469","13,48689","52,47628",9010202.0,Köpenicker Landstraße,5841.0
200696,11,4,,2019,10,8,2,3,6,4,0,0,1,1,0,0,0,0,"793493,862","5826491,535","13,3255","52,50937",4030623.0,Ernst-Reuter-Platz,3451.0
200697,11,1,,2019,10,23,5,3,1,5,2,0,1,0,0,1,0,0,"794859,4115","5831985,521","13,35044","52,55788",1044102.0,Schillerpark,3865.0
200698,11,12,,2019,11,15,7,3,5,7,0,0,1,0,0,0,0,1,"793664,9933","5832607,627","13,33342","52,5641",12103218.0,Teichstraße,3667.0
200699,11,12,,2019,10,21,7,2,4,6,2,0,1,0,0,0,0,0,"792945,0578","5835345,391","13,32525","52,58903",12301203.0,Wittenau Süd,3474.0
200700,11,2,,2019,10,0,3,3,0,3,2,1,0,0,1,0,0,1,"797540,6837","5824968,729","13,3836","52,49352",2020203.0,Viktoriapark,4346.0
200701,11,3,,2019,11,10,6,3,5,7,0,1,1,0,0,0,0,0,"801631,262","5831292,173","13,4494","52,54796",3050924.0,Behaimstraße,5362.0
200702,11,2,,2019,10,14,6,3,1,5,0,0,1,0,1,0,0,0,"797602,4728","5824020,433","13,38366","52,48499",2020203.0,Viktoriapark,4344.0
200703,11,12,,2019,10,17,2,2,6,2,2,0,1,1,0,0,0,1,"793556,0295","5836912,148","13,33563","52,60275",12302211.0,Lübarser Straße,3678.0
200704,11,1,,2019,10,12,5,3,3,6,0,0,1,0,1,0,0,0,"795255,2403","5827309,031","13,35211","52,51574",1011102.0,Großer Tiergarten,3853.0
200705,11,2,,2019,10,1,1,2,5,3,2,0,1,0,0,0,0,0,"799148,0138","5825786,315","13,40794","52,49997",2010103.0,Moritzplatz,4748.0
200706,11,4,,2019,10,16,4,3,1,1,0,1,1,0,0,0,0,1,"794187,5407","5824946,116","13,33433","52,49514",4051448.0,Schaperstraße,3647.0
200707,11,3,,2019,11,18,6,3,5,2,2,1,1,0,0,0,0,0,"800148,8953","5837867,431","13,43356","52,60771",3020307.0,Buchholz,5180.0
200708,11,3,,2019,10,0,7,2,0,1,2,0,0,0,0,0,1,0,"800956,5757","5829213,349","13,4376","52,5297",3071639.0,Bötzowstraße,5157.0
200709,11,7,,2019,10,10,3,3,2,6,0,0,1,0,0,0,0,0,"799152,8495","5819065,035","13,40198","52,43972",7050505.0,Hundsteinweg,4631.0
200710,11,6,,2019,11,16,6,3,0,6,1,0,0,0,0,0,1,1,"789355,3484","5819226,286","13,25839","52,44644",6040806.0,Fischtal,2433.0
200711,11,4,,2019,10,19,6,3,5,7,2,0,1,0,0,0,0,0,"792865,3402","5825527,278","13,31542","52,50106",4030930.0,George-Grosz-Platz,3349.0
200712,11,4,,2019,10,11,3,3,5,2,0,0,1,0,1,0,0,0,"791783,584","5827061,712","13,30088","52,5154",4030417.0,Schloßstraße,3153.0
200713,11,5,,2019,11,9,6,3,2,6,0,0,1,0,1,0,0,0,"785065,487","5827598,676","13,2026","52,52376",5020626.0,Adamstraße,1655.0
200714,11,4,,2019,10,23,6,3,1,5,2,1,1,0,0,0,1,0,"793192,8007","5826095,453","13,32073","52,50598",4030828.0,Savignyplatz,3450.0
200715,11,4,,2019,10,16,2,3,2,6,1,0,1,0,0,0,0,1,"792749,4254","5826850,985","13,31488","52,51299",4030622.0,Richard-Wagner-Straße,3352.0
200716,11,4,,2019,10,10,5,3,5,2,0,0,1,0,0,0,0,0,"790367,8256","5827304,28","13,28028","52,51833",4020310.0,Park Ruhwald,2854.0
200717,11,12,,2019,10,18,1,3,1,5,2,0,1,0,0,0,0,0,"794080,1111","5832881,644","13,33977","52,56633",12103218.0,Teichstraße,3768.0
200718,11,4,,2019,10,13,4,3,5,3,0,0,1,0,1,0,0,0,"789594,7378","5826764,453","13,26845","52,5139",4020311.0,Reichsstraße,2652.0
200719,11,1,,2019,11,20,6,2,6,4,2,0,1,1,0,0,0,1,"793722,8612","5828499,919","13,33064","52,52725",1022104.0,Emdener Straße,3556.0
200720,11,2,,2019,10,13,7,2,1,5,0,1,1,0,0,0,0,0,"798291,3152","5825672,62","13,39525","52,49942",2010102.0,Mehringplatz,4548.0
200721,11,2,,2019,10,7,3,3,0,7,1,0,0,0,1,0,0,1,"797111,4904","5824745,129","13,37709","52,49175",2020203.0,Viktoriapark,4246.0
200722,11,8,,2019,10,10,6,3,2,6,0,0,1,0,0,1,0,0,"802056,6529","5822123,546","13,44734","52,46554",8010510.0,Gewerbegebiet Köllnische Heide,5338.0
200723,11,10,,2019,10,18,5,3,5,3,2,1,0,0,0,0,1,1,"810639,8182","5826003,194","13,57689","52,4955",10040830.0,Kaulsdorf Süd,7247.0
200724,11,1,,2019,10,12,6,3,0,2,0,1,1,0,0,0,0,0,"795860,551","5832062,544","13,36523","52,55803",1044102.0,Schillerpark,4065.0
200725,11,4,,2019,10,7,2,3,2,6,0,1,1,0,0,0,0,0,"789504,5482","5825149,176","13,26572","52,49946",4020209.0,Eichkamp,2648.0
200726,11,10,,2019,10,18,5,3,6,4,2,0,1,1,0,0,0,0,"807934,85","5829268,787","13,5402","52,5263",10010309.0,Springpfuhl,6656.0
200727,11,8,,2019,11,21,7,3,6,2,2,0,1,1,0,0,0,1,"806497,4522","5815419,516","13,50636","52,40299",8041039.0,Frauenviertel,6120.0
200728,11,1,,2019,10,16,7,3,6,4,0,1,0,1,0,0,0,0,"798016,8831","5828889,664","13,3941","52,52841",1011302.0,Oranienburger Straße,4557.0
200729,11,1,,2019,10,18,2,2,0,1,2,0,0,0,1,0,0,1,"794490,3807","5830681,135","13,34386","52,54639",1044103.0,Westliche Müllerstraße,3762.0
200730,11,8,,2019,10,19,5,3,6,4,2,0,1,1,0,0,0,0,"800375,0484","5824520,516","13,42482","52,48795",2020206.0,Graefekiez,4945.0
200731,11,11,,2019,11,8,7,2,3,6,0,0,0,0,1,0,1,1,"805018,5994","5829961,172","13,49798","52,53414",11030720.0,Herzbergstraße,6058.0
200732,11,3,,2019,10,17,7,3,2,4,2,0,1,1,0,0,0,0,"805360,0371","5841928,744","13,51403","52,64121",3010102.0,Buch,6290.0
200733,11,1,,2019,10,10,4,3,2,2,0,0,1,0,0,0,0,0,"796165,1434","5832275,698","13,3699","52,55977",1033101.0,Soldiner Straße,4166.0
200734,11,12,,2019,10,8,4,2,5,2,0,0,1,0,0,0,0,0,"792646,8471","5835833,999","13,32129","52,59357",12301204.0,Wittenau Nord,3476.0
200735,11,1,,2019,11,17,6,2,5,3,2,1,1,0,0,0,0,1,"796955,3758","5826855,715","13,37668","52,51076",1011201.0,Wilhelmstraße,4251.0
200736,11,2,,2019,10,18,6,3,1,5,2,1,1,0,0,0,0,0,"797992,2933","5826474,921","13,39158","52,50678",2010102.0,Mehringplatz,4450.0
200737,11,9,,2019,10,11,3,2,6,4,0,0,0,1,0,1,0,0,"811007,8645","5821782,643","13,57836","52,45747",9051901.0,Dammvorstadt,7236.0
200738,11,1,,2019,10,15,5,3,6,7,0,0,1,1,0,0,0,0,"795591,1786","5830809,248","13,36016","52,54694",1044201.0,Reinickendorfer Straße,4062.0
200739,11,3,,2019,10,12,6,3,2,6,0,0,1,0,0,0,0,0,"798054,6107","5835828,995","13,40089","52,59059",3020209.0,Niederschönhausen,4675.0
200740,11,11,,2019,10,8,2,3,6,4,0,0,1,1,0,0,0,0,"806440,4184","5826889,92","13,51605","52,50582",11040926.0,Weitlingstraße,6350.0
200741,11,8,,2019,10,10,5,2,5,5,0,0,1,0,1,0,0,0,"801056,1659","5823509,942","13,43391","52,47852",8010212.0,Rollberg,5142.0
200742,11,3,,2019,11,16,7,2,5,3,2,0,1,0,0,0,1,1,"797140,3172","5838891,198","13,39018","52,61854",3020203.0,Blankenfelde,4483.0
200743,11,9,,2019,10,15,7,3,0,6,0,0,0,0,1,0,1,0,"809558,5881","5821506,31","13,55684","52,45581",9020502.0,Oberschöneweide Ost,6935.0
200744,11,7,,2019,10,16,3,3,3,6,2,0,1,0,1,0,0,0,"798062,5046","5821899,69","13,38852","52,46573",7040405.0,Rathaus Tempelhof,4438.0
200745,11,1,,2019,11,12,6,3,2,2,0,0,1,0,0,0,0,0,"797855,2477","5826858,219","13,38991","52,51029",1011204.0,Leipziger Straße,4451.0
200746,11,2,,2019,10,15,6,2,5,2,0,0,1,0,1,0,0,0,"797698,6187","5825812,174","13,38667","52,501",2010101.0,Askanischer Platz,4449.0
200747,11,2,,2019,10,18,2,3,2,6,2,0,1,0,0,0,0,1,"798639,4642","5824687,859","13,39948","52,49041",2020204.0,Urbanstraße,4545.0
200748,11,4,,2019,10,7,4,3,1,6,0,0,1,0,0,0,1,0,"790698,6274","5824569,293","13,28276","52,49363",4041134.0,Bismarckallee,2846.0
200749,11,9,,2019,10,19,3,3,5,3,2,1,1,0,0,0,0,0,"806355,7324","5822134,691","13,51043","52,46325",9020501.0,Oberschöneweide West,6237.0
200750,11,2,,2019,11,14,6,3,5,3,0,1,1,0,0,0,0,0,"798668,4792","5826432,568","13,40147","52,50603",2010102.0,Mehringplatz,4650.0
200751,11,8,,2019,10,16,6,3,5,2,0,1,1,0,0,0,0,0,"803189,1687","5822738,882","13,46452","52,47043",8010508.0,Weiße Siedlung,5540.0
200752,11,6,,2019,10,13,2,3,0,2,0,1,1,0,0,0,0,1,"794321,8584","5817572,681","13,3298","52,42897",6020410.0,Oberhofer Platz,3527.0
200753,11,8,,2019,10,13,5,3,1,5,0,1,1,0,0,0,1,0,"801243,4506","5823811,442","13,43693","52,48112",8010303.0,Donaustraße,5143.0
200754,11,1,,2019,10,12,6,3,2,2,0,0,1,0,0,0,0,0,"796251,8713","5828496,738","13,36781","52,52585",1022206.0,Lüneburger Straße,4156.0
200755,11,4,,2019,10,20,2,1,0,7,2,0,1,0,0,0,0,1,"788982,6565","5822251,24","13,25554","52,47376",4061757.0,Forst Grunewald,2441.0
200756,11,8,,2019,10,14,5,1,6,7,0,0,0,1,0,1,0,0,"801592,9434","5822558,458","13,44092","52,4697",8010213.0,Körnerpark,5239.0
200757,11,5,,2019,11,14,7,3,1,5,0,0,1,0,0,0,0,1,"784764,3827","5827169,804","13,19781","52,52008",5020626.0,Adamstraße,1554.0
200758,11,1,,2019,10,21,7,3,1,5,2,0,1,0,0,0,1,0,"797467,9184","5831464,623","13,38834","52,55179",1033102.0,Gesundbrunnen,4463.0
200759,11,2,,2019,10,12,3,3,5,2,0,1,1,0,0,0,0,0,"799078,3491","5824615,065","13,40586","52,48951",2020206.0,Graefekiez,4645.0
200760,11,11,,2019,11,10,6,3,6,2,0,0,1,1,0,0,0,0,"805883,9948","5825863,228","13,50693","52,49693",11041128.0,Sewanstraße,6147.0
200761,11,2,,2019,10,14,6,3,1,5,0,0,1,0,0,0,0,0,"800690,3382","5826558,303","13,43129","52,50605",2030302.0,Lausitzer Platz,5050.0
200762,11,8,,2019,10,17,2,3,2,6,2,0,1,0,0,0,0,1,"802777,6297","5823387,819","13,45906","52,47648",8010508.0,Weiße Siedlung,5441.0
200763,11,12,,2019,10,7,5,3,2,6,0,0,1,0,0,0,0,0,"795401,8398","5834030,659","13,36024","52,57592",12103115.0,Breitkopfbecken,4070.0
200764,11,2,,2019,10,4,1,3,1,5,2,0,1,0,0,0,0,0,"801733,0741","5825832,168","13,44594","52,49896",2030402.0,Wrangelkiez,5248.0
200765,11,1,,2019,10,14,4,3,3,6,0,0,1,0,0,0,0,0,"797734,1463","5827616,86","13,38881","52,51716",1011202.0,Unter den Linden Nord,4453.0
200766,11,2,,2019,10,12,5,3,0,5,0,1,1,0,0,0,0,0,"797569,1047","5825209,037","13,38423","52,49566",2020202.0,Rathaus Yorckstraße,4347.0
200767,11,1,,2019,10,11,6,3,0,5,0,1,1,0,0,0,0,0,"799040,9321","5827077,151","13,40752","52,5116",1011305.0,Heine-Viertel West,4752.0
200768,11,9,,2019,10,13,1,3,5,3,0,1,1,0,0,0,0,0,"805814,123","5820339,766","13,50084","52,44747",9010401.0,Johannisthal West,6133.0
200769,11,1,,2019,10,17,4,3,5,2,2,1,1,0,0,0,0,0,"795230,5272","5826625,853","13,35114","52,50963",1011101.0,Stülerstraße,3851.0
200770,11,4,,2019,11,19,6,3,5,2,2,1,1,0,0,0,0,1,"793917,9272","5824957,728","13,33038","52,49539",4051448.0,Schaperstraße,3547.0
200771,11,4,,2019,10,19,7,3,6,4,2,0,0,1,0,0,1,0,"793441,826","5824086,583","13,32262","52,48784",4051652.0,Nikolsburger Platz,3445.0
200772,11,5,,2019,10,10,3,3,5,3,0,0,1,0,1,0,0,0,"784134,27","5828729,93","13,18988","52,53439",5020625.0,Borkumer Straße,1458.0
200773,11,12,,2019,11,8,6,3,0,6,0,0,1,0,0,0,1,0,"795062,7316","5832467,535","13,35386","52,56209",12103219.0,Schäfersee,3966.0
200774,11,3,,2019,10,13,6,3,5,3,0,0,1,0,0,0,1,0,"801906,1729","5830326,968","13,45257","52,53915",3061429.0,Greifswalder Straße,5360.0
200775,11,10,,2019,10,16,2,2,6,4,0,0,1,1,0,0,0,0,"809762,2803","5834464,449","13,57189","52,57182",10010102.0,Havemannstraße,7169.0
200776,11,8,,2019,10,10,5,3,0,1,0,1,0,0,0,0,0,0,"799563,3662","5816390,255","13,40561","52,41552",8020726.0,Buckow West,4624.0
200777,11,12,,2019,10,14,7,3,5,3,0,0,1,0,0,0,0,0,"793125,0274","5833868,991","13,3266","52,5757",12214421.0,Reinickes Hof,3570.0
200778,11,11,,2019,10,11,4,3,1,5,0,0,1,0,0,0,0,0,"805192,0518","5829220,731","13,49985","52,52741",11030720.0,Herzbergstraße,6056.0
200779,11,4,,2019,10,17,4,2,4,7,2,1,0,0,0,0,1,0,"791253,54","5828956,4","13,29475","52,53267",4030519.0,Kaiserin-Augusta-Allee,3058.0
200780,11,9,,2019,11,18,6,2,5,2,2,0,1,0,1,0,0,0,"811761,438","5818271,175","13,58614","52,42557",9041301.0,Kietzer Feld/Nachtheide,7326.0
200781,11,8,,2019,10,12,7,3,5,3,0,0,1,0,0,0,0,0,"801588,4907","5820150,019","13,43868","52,44811",8020622.0,Parchimer Allee,5133.0
200782,11,3,,2019,10,17,3,2,0,7,2,1,0,0,0,0,0,0,"799476,3914","5833291,105","13,41952","52,56706",3040818.0,Pankow Süd,4868.0
200783,11,4,,2019,11,18,6,3,5,3,2,1,1,0,0,0,0,1,"792912,178","5824395,732","13,31511","52,49089",4051446.0,Preußenpark,3346.0
200784,11,2,,2019,10,1,7,3,5,3,2,1,1,0,0,0,0,0,"803102,327","5827119,047","13,46722","52,50974",2050801.0,Traveplatz,5651.0
200785,11,5,,2019,10,6,3,3,5,2,1,1,1,0,0,0,0,0,"786645,3069","5829241,803","13,22724","52,53767",5030730.0,Zitadellenweg,2059.0
200786,11,3,,2019,10,9,5,3,0,3,0,0,1,0,1,0,0,0,"800780,3715","5832464,909","13,43795","52,55894",3050919.0,Gustav-Adolf-Straße,5165.0
200787,11,4,,2019,10,13,6,3,5,2,0,0,1,0,1,0,0,0,"793450,5777","5824353,441","13,32298","52,49022",4051652.0,Nikolsburger Platz,3445.0
200788,11,7,,2019,10,11,2,2,5,3,0,0,1,0,1,0,0,0,"797543,2582","5818305,609","13,37769","52,4338",7050502.0,Fritz-Werner-Straße,4229.0
200789,11,7,,2019,10,19,5,3,6,4,2,1,0,1,0,0,0,0,"796039,0863","5823519,794","13,36026","52,48135",7020204.0,Schöneberger Insel,4043.0
200790,11,8,,2019,11,8,7,3,5,3,0,0,1,0,1,0,0,1,"805921,3755","5816218,958","13,49865","52,41047",8041038.0,Waßmannsdorfer Chaussee,6022.0
200791,11,2,,2019,10,17,7,3,5,2,2,1,1,0,0,0,0,0,"802636,038","5827910,317","13,46109","52,51709",2050602.0,Samariterviertel,5553.0
200792,11,1,,2019,10,8,4,3,2,6,0,1,1,0,0,0,0,0,"797179,5752","5827492,875","13,38055","52,51635",1011202.0,Unter den Linden Nord,4353.0
200793,11,4,,2019,10,18,4,1,5,5,2,0,1,0,1,0,0,0,"793757,8731","5823089,38","13,32638","52,47873",4051656.0,Hildegardstraße,3542.0
200794,11,7,,2019,11,16,6,3,5,3,2,1,1,0,0,0,0,0,"793754,8158","5822077,792","13,32545","52,46966",7030301.0,Friedenau,3439.0
200795,11,10,,2019,10,17,6,3,0,3,1,0,1,0,0,0,1,0,"806310,981","5830175,027","13,51717","52,53533",10010308.0,Marzahner Chaussee,6359.0
200796,11,12,,2019,10,14,3,3,6,2,0,0,1,1,0,0,0,0,"794029,2009","5838135,186","13,34369","52,61346",12301206.0,Lübars,3781.0
200797,11,1,,2019,10,15,5,3,3,6,0,1,1,0,0,0,0,0,"798579,2213","5828918,001","13,40239","52,52836",1011302.0,Oranienburger Straße,4657.0
200798,11,4,,2019,10,11,6,3,5,7,0,0,1,0,0,0,0,0,"790249,744","5828028,306","13,27918","52,52488",4020310.0,Park Ruhwald,2856.0
200799,11,6,,2019,10,8,2,3,5,3,0,1,1,0,0,0,0,0,"788505,8321","5816873,118","13,2439","52,42579",6030501.0,Berlepschstraße,2227.0
200800,11,4,,2019,10,9,5,3,6,2,0,0,0,1,1,0,0,0,"791976,7164","5822376,98","13,29961","52,47329",4041342.0,Schlangenbader Straße,3140.0
200801,11,4,,2019,10,17,5,3,1,5,1,1,1,0,0,0,0,0,"791848,5583","5825272,007","13,30026","52,49932",4031032.0,Halensee,3148.0
200802,11,12,,2019,10,9,6,3,6,2,0,0,1,1,0,0,0,0,"792561,4087","5832814,226","13,31737","52,56655",12214424.0,Scharnweberstraße,3368.0
200803,11,11,,2019,10,9,2,3,5,2,0,1,1,0,0,0,0,0,"803709,5786","5826763,361","13,47582","52,50621",11040925.0,Victoriastadt,5750.0
200804,11,6,,2019,10,16,5,2,6,4,2,0,1,1,0,0,0,1,"790140,2616","5815557,942","13,26673","52,41314",6030504.0,Teltower Damm,2623.0
200805,11,6,,2019,11,22,7,3,5,3,2,1,1,0,0,0,0,1,"795143,3537","5818244,083","13,34244","52,43454",6020303.0,Lankwitz Kirche,3729.0
200806,11,5,,2019,10,16,7,3,2,6,0,1,1,0,0,0,0,0,"782391,8917","5830484,7","13,16576","52,55103",5010206.0,Gütersloher Weg,1163.0
200807,11,3,,2019,10,5,4,3,6,6,2,0,1,1,0,0,0,0,"803177,2949","5841356,731","13,48134","52,6373",3010101.0,Bucher Forst,5888.0
200808,11,8,,2019,10,17,3,3,6,4,2,0,0,1,1,0,0,0,"803331,5879","5822481,402","13,46637","52,46804",8010509.0,Schulenburgpark,5539.0
200809,11,12,,2019,11,14,6,3,6,4,0,0,1,1,0,0,0,0,"795165,2662","5832495,946","13,35539","52,56229",12103219.0,Schäfersee,3966.0
200810,11,4,,2019,10,16,6,3,5,2,0,1,0,0,0,0,1,0,"790493,7503","5826547,439","13,28147","52,51147",4020313.0,Königin-Elisabeth-Straße,2852.0
200811,11,12,,2019,10,17,2,2,2,6,2,0,1,0,0,0,0,0,"795506,1855","5833434,726","13,36124","52,57052",12103115.0,Breitkopfbecken,4069.0
200812,11,1,,2019,10,13,5,3,0,1,0,0,0,0,1,0,0,0,"793991,6194","5827833,56","13,334","52,52113",1022106.0,Elberfelder Straße,3654.0
200813,11,6,,2019,10,8,6,3,2,6,0,0,1,0,0,0,0,0,"795654,5226","5816943,63","13,34879","52,42261",6020305.0,Gemeindepark Lankwitz,3826.0
200814,11,12,,2019,10,17,1,3,2,6,2,0,1,0,0,0,0,0,"789874,9143","5835741,609","13,28041","52,59423",12214527.0,Alt-Tegel,2876.0
200815,11,4,,2019,10,19,4,3,6,2,2,0,1,1,0,0,0,0,"792670,019","5823057,226","13,31038","52,47902",4041343.0,Binger Straße,3242.0
200816,11,12,,2019,11,17,6,3,5,3,1,0,1,0,0,0,0,1,"792992,3033","5835645,553","13,32621","52,5917",12301203.0,Wittenau Süd,3575.0
200817,11,4,,2019,10,14,7,3,0,7,0,0,0,0,0,0,1,0,"793400,8964","5825195,136","13,323","52,4978",4051447.0,Ludwigkirchplatz,3448.0
200818,11,10,,2019,10,11,3,3,9,7,0,0,0,0,0,0,1,0,"811775,2797","5831465,037","13,59868","52,5438",10020413.0,Gut Hellersdorf,7561.0
200819,11,2,,2019,11,10,6,3,2,2,0,0,1,0,0,0,0,0,"802446,4768","5826267,328","13,45682","52,50247",2050803.0,Stralauer Kiez,5449.0
200820,11,2,,2019,10,22,6,2,5,3,2,0,1,0,0,0,1,0,"800586,6249","5827028,739","13,43019","52,51032",2040701.0,Andreasviertel,5051.0
200821,11,7,,2019,11,15,7,3,6,2,0,0,0,1,0,0,1,1,"800651,746","5814136,408","13,41954","52,39472",7070704.0,Nahariyastraße,4817.0
200822,11,9,,2019,10,14,7,3,5,3,0,0,1,0,0,0,0,0,"809220,8547","5823023,457","13,5533","52,4696",9052001.0,Köpenick Nord,6839.0
200823,11,7,,2019,10,14,3,3,2,6,0,0,1,0,0,0,0,0,"796410,5697","5819759,128","13,36237","52,44744",7040404.0,Marienhöhe,4033.0
200824,11,8,,2019,11,10,6,2,2,6,0,0,1,0,1,0,0,0,"801565,7967","5820650,015","13,4388","52,45261",8020619.0,Buschkrugallee Nord,5134.0
200825,11,11,,2019,10,15,6,3,0,2,0,0,1,0,0,0,1,0,"803538,5047","5829731,344","13,47602","52,53291",11030619.0,Fennpfuhl Ost,5758.0
200826,11,4,,2019,10,18,2,3,5,3,2,0,1,0,0,0,0,1,"790519,9564","5826494,613","13,28181","52,51099",4020313.0,Königin-Elisabeth-Straße,2851.0
200827,11,2,,2019,10,12,5,3,2,6,0,0,1,0,0,0,0,0,"803038,1182","5826971,265","13,46615","52,50845",2050802.0,Boxhagener Platz,5551.0
200828,11,2,,2019,10,2,1,3,5,3,2,0,1,0,0,0,0,0,"802113,7322","5826365,461","13,45202","52,50353",2050803.0,Stralauer Kiez,5349.0
200829,11,7,,2019,10,16,4,3,5,2,0,0,1,0,1,0,0,0,"795416,4971","5820986,527","13,34887","52,45898",7030303.0,Grazer Platz,3836.0
200830,11,12,,2019,11,18,6,3,6,2,2,0,1,1,0,0,0,1,"795269,5409","5836363,999","13,36037","52,59691",12302110.0,Dannenwalder Weg,4077.0
200831,11,4,,2019,10,11,7,3,5,3,0,0,1,0,0,0,0,0,"789642,567","5826509,277","13,26893","52,51158",4020311.0,Reichsstraße,2652.0
200832,11,9,,2019,10,10,3,3,1,5,0,1,1,0,0,0,1,0,"808625,1428","5818622,192","13,54049","52,43049",9020701.0,Adlershof West,6628.0
200833,11,2,,2019,11,1,6,2,5,5,2,0,1,0,0,0,0,0,"801687,2348","5825869,412","13,4453","52,49932",2030402.0,Wrangelkiez,5248.0
200834,11,2,,2019,10,19,6,3,5,7,2,1,1,0,0,0,0,0,"801679,9369","5825874,933","13,4452","52,49938",2030402.0,Wrangelkiez,5248.0
200835,11,1,,2019,10,23,2,2,4,6,2,1,1,0,0,0,0,1,"797901,7387","5828522,794","13,39208","52,52519",1011302.0,Oranienburger Straße,4456.0
200836,11,8,,2019,10,22,5,3,1,5,2,0,1,0,0,0,0,0,"802463,9209","5817940,487","13,44953","52,42782",8030830.0,Gropiusstadt Süd,5327.0
200837,11,6,,2019,10,17,2,3,5,3,2,0,1,0,0,0,0,1,"792410,7339","5817836,247","13,302","52,43236",6030610.0,Lichterfelde West,3128.0
200838,11,3,,2019,10,4,5,3,5,2,2,0,1,0,1,0,0,0,"799494,8286","5831770,177","13,41842","52,55342",3061227.0,Humannplatz,4864.0
200839,11,4,,2019,10,19,1,3,6,2,2,0,1,1,0,0,0,0,"792194,4105","5824737,689","13,30487","52,49434",4051445.0,Eisenzahnstraße,3147.0
200840,11,12,,2019,10,13,4,3,2,6,0,0,1,0,0,0,0,0,"795413,3581","5834067,48","13,36044","52,57624",12103115.0,Breitkopfbecken,4071.0
200841,11,9,,2019,11,21,6,2,0,1,2,1,0,0,0,0,0,1,"812039,819","5821397,372","13,59314","52,45343",9051901.0,Dammvorstadt,7435.0
200842,11,6,,2019,10,13,7,3,0,1,0,1,0,0,0,0,0,0,"793195,2119","5817486,798","13,3132","52,4288",6020409.0,Königsberger Straße,3327.0
200843,11,3,,2019,10,8,3,3,5,2,0,1,1,0,0,0,0,0,"799785,6324","5829587,119","13,42073","52,53369",3071537.0,Kollwitzplatz,4958.0
200844,11,1,,2019,10,17,5,3,5,3,2,1,1,0,0,0,0,0,"798548,3247","5827805,403","13,40094","52,5184",1011202.0,Unter den Linden Nord,4654.0
200845,11,5,,2019,10,10,2,3,5,2,0,1,1,0,0,0,0,0,"784551,7063","5828174,892","13,19555","52,5292",5020625.0,Borkumer Straße,1557.0
200846,11,5,,2019,10,18,5,3,6,4,2,0,1,1,0,0,0,0,"781606,9658","5828424,264","13,15246","52,53296",5020419.0,Magistratsweg,958.0
200847,11,1,,2019,11,0,7,3,2,6,2,0,1,0,0,0,0,1,"795190,0997","5831031,164","13,35446","52,54915",1044103.0,Westliche Müllerstraße,3963.0
200848,11,4,,2019,10,17,7,3,5,3,1,1,1,0,0,0,0,0,"794206,2843","5824955,356","13,33461","52,49521",4051448.0,Schaperstraße,3647.0
200849,11,4,,2019,10,8,4,3,2,6,0,0,1,0,0,0,1,0,"791238,1602","5828951,869","13,29452","52,53263",4030519.0,Kaiserin-Augusta-Allee,3058.0
200850,11,12,,2019,10,19,3,3,5,2,2,1,1,0,0,0,0,0,"789975,0747","5833680,452","13,28008","52,5757",12214125.0,Waldidyll/Flughafensee,2870.0
200851,11,12,,2019,11,16,6,3,1,5,0,0,1,0,0,0,0,0,"794822,7921","5833366,786","13,35113","52,57028",12103218.0,Teichstraße,3869.0