OBJECTID,LAND,BEZ,LOR_ab_2021,UJAHR,UMONAT,USTUNDE,UWOCHENTAG,UKATEGORIE,UART,UTYP1,ULICHTVERH,IstRad,IstPKW,IstFuss,IstKrad,IstGkfz,IstSonstige,USTRZUSTAND,LINREFX,LINREFY,XGCSWGS84,YGCSWGS84,LOR,STRASSE,quadrant
200852,11,9,,2019,10,14,6,3,0,6,0,1,0,0,0,0,0,0,"811575,9133","5823108,873","13,58793","52,46903",9052001.0,Köpenick Nord,7339.0
200853,11,6,,2019,11,9,7,3,2,2,0,0,1,0,0,0,0,1,"792717,5044","5816241,905","13,30511","52,4179",6020408.0,Lichterfelde Süd,3124.0
200854,11,5,,2019,10,17,7,3,0,7,1,1,1,0,0,0,0,0,"781739,1776","5828463,441","13,15444","52,53325",5020417.0,Staakener Straße,958.0
200855,11,6,,2019,10,10,4,3,5,3,0,0,1,0,0,0,0,0,"795189,6858","5821190,029","13,34572","52,46093",6010210.0,Bismarckstraße,3737.0
200856,11,1,,2019,10,13,4,2,2,6,0,0,0,0,1,1,0,0,"796259,301","5828501,038","13,36792","52,52589",1022206.0,Lüneburger Straße,4156.0
200857,11,2,,2019,11,21,6,3,5,3,2,1,1,0,0,0,0,1,"800613,4675","5827116,752","13,43066","52,51109",2040701.0,Andreasviertel,5051.0
200858,11,1,,2019,10,19,6,3,5,2,2,1,1,0,0,0,0,0,"797648,7189","5828129,82","13,38801","52,5218",1011202.0,Unter den Linden Nord,4455.0
200859,11,7,,2019,10,12,3,2,5,3,0,1,0,0,1,0,0,0,"797705,5543","5822197,892","13,38354","52,4686",7040403.0,Manteuffelstraße,4339.0
200860,11,11,,2019,10,15,5,3,0,2,1,0,1,0,0,0,1,0,"803855,963","5829056,612","13,48007","52,52668",11030619.0,Fennpfuhl Ost,5756.0
200861,11,4,,2019,10,8,6,3,6,4,0,0,1,1,0,0,0,0,"792457,4185","5828245,645","13,31182","52,52565",4030519.0,Kaiserin-Augusta-Allee,3256.0
200862,11,1,,2019,10,8,2,3,5,3,0,1,1,0,0,0,0,0,"795738,5815","5829803,558","13,36143","52,53784",1033203.0,Humboldthain Nordwest,4059.0
200863,11,1,,2019,10,14,5,2,5,3,0,1,1,0,0,0,0,0,"798716,6772","5828797,41","13,4043","52,5272",1011302.0,Oranienburger Straße,4656.0
200864,11,1,,2019,11,17,7,3,2,2,2,0,1,0,0,0,0,1,"794961,5176","5830169,495","13,35033","52,54155",1044202.0,Sparrplatz,3860.0
200865,11,1,,2019,10,15,7,3,2,6,0,0,1,0,0,0,0,0,"794136,6063","5830069,65","13,33811","52,5411",1044101.0,Rehberge,3660.0
200866,11,11,,2019,10,16,3,3,5,2,1,1,0,0,0,0,1,0,"806179,0321","5830425,853","13,51546","52,53766",11020516.0,Weiße Taube,6359.0
200867,11,4,,2019,11,13,6,3,5,3,0,1,1,0,0,0,0,0,"792911,9613","5824396,112","13,31511","52,4909",4051446.0,Preußenpark,3346.0
200868,11,8,,2019,10,15,6,2,5,3,0,0,1,0,1,0,0,0,"803157,712","5818432,57","13,46015","52,43185",8030829.0,Gropiusstadt Nord,5428.0
200869,11,1,,2019,10,18,2,3,1,5,2,1,1,0,0,0,0,1,"798002,3069","5827389,997","13,39254","52,51498",1011203.0,Unter den Linden Süd,4453.0
200870,11,9,,2019,10,8,5,3,5,2,0,1,1,0,0,0,0,0,"806455,9138","5822104,697","13,51188","52,46292",9020501.0,Oberschöneweide West,6237.0
200871,11,4,,2019,10,8,6,3,5,2,0,1,1,0,0,0,0,0,"790732,265","5823473,343","13,28229","52,48379",4041136.0,Hagenplatz,2844.0
200872,11,11,,2019,10,13,1,3,2,6,0,1,1,0,0,0,0,0,"803868,9361","5826822,86","13,47822","52,50666",11040925.0,Victoriastadt,5750.0
200873,11,3,,2019,10,6,2,3,5,2,0,1,1,0,0,0,0,0,"803364,647","5838250,406","13,48125","52,60936",3030406.0,Alt-Karow,5880.0
200874,11,3,,2019,10,10,5,3,0,1,0,0,1,0,0,0,0,0,"804376,4145","5841199,153","13,49886","52,63522",3010102.0,Buch,6088.0
200875,11,7,,2019,10,7,6,3,6,2,0,0,1,1,0,0,0,0,"797291,3477","5822595,909","13,37782","52,47239",7040401.0,Neu-Tempelhof,4240.0
200876,11,5,,2019,10,5,2,3,2,6,1,0,1,0,0,0,0,0,"784713,4409","5828562,663","13,19826","52,53259",5020625.0,Borkumer Straße,1658.0
200877,11,2,,2019,10,19,5,3,1,5,2,1,0,0,0,0,1,0,"798242,6948","5826010,181","13,39484","52,50248",2010102.0,Mehringplatz,4549.0
200878,11,7,,2019,11,15,7,3,6,4,0,0,1,1,0,0,0,1,"796533,8587","5823967,767","13,36792","52,4851",7020204.0,Schöneberger Insel,4144.0
200879,11,7,,2019,10,14,7,3,0,5,0,1,0,0,1,0,0,0,"794642,8383","5825743,445","13,34172","52,50204",7010101.0,Wittenbergplatz/Viktoria-Luise-Platz,3749.0
200880,11,3,,2019,10,13,3,3,2,6,0,0,1,0,0,0,0,0,"800193,878","5836563,441","13,43304","52,596",3020307.0,Buchholz,5076.0
200881,11,6,,2019,11,10,6,3,2,6,0,0,1,0,0,0,0,0,"793509,5507","5820610,857","13,32056","52,45664",6010101.0,Fichtenberg,3436.0
200882,11,5,,2019,10,15,6,2,0,2,0,0,1,0,0,0,1,0,"784783,2326","5828813,675","13,1995","52,5348",5010314.0,Carl-Schurz-Straße,1658.0
200883,11,3,,2019,10,17,2,3,5,3,2,0,1,0,0,0,0,1,"799218,9776","5829267,878","13,41211","52,53114",3071536.0,Teutoburger Platz,4757.0
200884,11,6,,2019,10,7,5,3,2,6,0,0,1,0,0,0,0,1,"794053,9189","5821008,487","13,3289","52,45991",6010209.0,Feuerbachstraße,3537.0
200885,11,2,,2019,10,1,1,3,5,2,2,0,1,0,0,0,0,0,"798215,2303","5825860,673","13,3943","52,50115",2010102.0,Mehringplatz,4549.0
200886,11,9,,2019,10,15,4,3,5,2,0,0,1,0,0,0,0,0,"807713,4615","5818118,863","13,52666","52,4265",9020701.0,Adlershof West,6427.0
200887,11,7,,2019,11,18,6,3,2,2,2,1,1,0,0,0,0,1,"795221,9977","5824488,663","13,34912","52,49048",7010103.0,Barbarossaplatz,3845.0
200888,11,4,,2019,10,0,7,2,1,5,2,1,1,0,0,0,0,0,"790858,6792","5824502,071","13,28505","52,49294",4041134.0,Bismarckallee,2846.0
200889,11,4,,2019,10,20,4,3,5,3,1,0,1,0,0,0,0,0,"792090,9042","5825307,878","13,30385","52,49951",4030726.0,Droysenstraße,3148.0
200890,11,1,,2019,11,20,6,3,5,3,2,0,1,0,0,0,0,1,"796806,9472","5831270,429","13,37845","52,55041",1033203.0,Humboldthain Nordwest,4263.0
200891,11,7,,2019,10,20,7,3,1,7,2,0,1,0,0,0,0,0,"797083,0069","5820484,097","13,37288","52,45357",7040404.0,Marienhöhe,4235.0
200892,11,8,,2019,10,16,3,3,0,3,0,0,0,0,1,0,1,1,"801514,4451","5817626,549","13,43532","52,42553",8020727.0,Buckow Mitte,5126.0
200893,11,7,,2019,11,9,6,3,2,2,0,0,1,0,0,0,0,0,"795434,7478","5824426,855","13,35219","52,48981",7020203.0,Kaiser-Wilhelm-Platz,3845.0
200894,11,12,,2019,10,14,6,3,5,7,0,0,1,0,1,0,0,0,"793104,596","5832646,916","13,32521","52,56476",12214424.0,Scharnweberstraße,3467.0
200895,11,8,,2019,10,16,2,3,3,6,0,0,1,0,1,0,0,0,"800523,1407","5823413,835","13,42599","52,47795",8010117.0,Schillerpromenade,4942.0
200896,11,9,,2019,10,10,5,3,3,6,0,0,1,0,0,0,0,0,"804453,3185","5821832,963","13,48224","52,46161",9010301.0,Baumschulenstraße,5837.0
200897,11,8,,2019,10,12,7,3,5,3,0,1,1,0,0,0,0,0,"801509,0479","5819224,169","13,43668","52,43986",8020625.0,Handwerker-Siedlung,5131.0
200898,11,1,,2019,10,12,4,3,6,4,0,0,1,1,0,0,0,0,"798689,5434","5828337,196","13,40349","52,52309",1011302.0,Oranienburger Straße,4655.0
200899,11,9,,2019,10,17,4,2,0,6,2,0,0,0,1,0,1,0,"810271,7156","5817601,982","13,56368","52,42042",9031101.0,Grünau,7025.0
200900,11,2,,2019,11,23,6,3,2,6,2,0,1,0,0,0,0,1,"799790,4627","5825718,124","13,41731","52,49901",2010104.0,Wassertorplatz,4848.0
200901,11,10,,2019,10,12,7,3,0,5,0,0,1,0,1,0,0,0,"812383,0188","5830461,381","13,60667","52,53445",10020517.0,Adele-Sandrock-Straße,7658.0
200902,11,6,,2019,10,8,3,3,5,3,0,1,1,0,0,0,0,1,"787478,7932","5817705,579","13,22955","52,4338",6040804.0,Krumme Lanke,2029.0
200903,11,4,,2019,10,17,5,3,6,4,2,0,1,1,0,0,0,0,"791425,9044","5825065,636","13,29387","52,49769",4031032.0,Halensee,3048.0
200904,11,3,,2019,10,7,6,3,7,7,1,0,0,0,1,0,0,0,"803738,1755","5838767,043","13,48723","52,61378",3030405.0,Karow Nord,5982.0
200905,11,10,,2019,10,9,2,3,5,2,0,0,1,0,1,0,0,0,"809720,3354","5826204,999","13,56358","52,49783",10030727.0,Biesdorf Süd,7048.0
200906,11,1,,2019,10,9,3,3,5,2,0,1,0,0,0,0,0,0,"798619,3621","5826919,148","13,40119","52,51042",1011204.0,Leipziger Straße,4651.0
200907,11,4,,2019,10,9,5,3,1,5,0,1,1,0,0,0,0,0,"793288,3397","5826150,346","13,32218","52,50642",4030828.0,Savignyplatz,3450.0
200908,11,10,,2019,10,16,6,3,0,1,0,1,0,0,0,0,0,0,"813070,6194","5826639,624","13,61318","52,49981",10040933.0,Mahlsdorf Süd,7748.0
200909,11,8,,2019,10,11,2,3,3,6,0,0,1,0,0,0,0,0,"802636,3606","5823041,539","13,45668","52,47345",8010510.0,Gewerbegebiet Köllnische Heide,5440.0
200910,11,10,,2019,10,19,5,3,6,4,2,0,1,1,0,0,0,0,"812033,074","5830790,045","13,60184","52,5376",10020414.0,Helle Mitte,7659.0
200911,11,3,,2019,11,8,7,3,5,2,1,1,1,0,0,0,0,1,"800321,1097","5831579,784","13,4304","52,55126",3061228.0,Erich-Weinert-Straße,5063.0
200912,11,3,,2019,10,17,7,3,1,5,0,1,1,0,0,0,0,0,"802313,2779","5831899,236","13,45998","52,55302",3050920.0,Weißer See,5464.0
200913,11,9,,2019,10,10,4,3,4,7,0,0,1,0,0,0,1,0,"805447,3099","5820488,705","13,4956","52,44901",9010302.0,Späthsfelde,6033.0
200914,11,7,,2019,10,8,4,3,6,2,0,0,1,1,0,0,0,0,"795239,1515","5822271,429","13,34741","52,47059",7030303.0,Grazer Platz,3840.0
200915,11,11,,2019,11,22,6,2,5,3,2,0,1,0,1,0,0,1,"805963,6403","5832532,43","13,51424","52,55666",11020411.0,Malchower Weg,6365.0
200916,11,10,,2019,10,18,6,3,2,6,1,0,1,0,0,0,0,0,"813391,5313","5830122,898","13,62117","52,53084",10020517.0,Adele-Sandrock-Straße,7857.0
200917,11,6,,2019,10,8,3,2,5,3,0,0,1,0,0,0,1,0,"790867,7157","5815636,884","13,27746","52,41346",6030607.0,Goerzwerke,2723.0
200918,11,6,,2019,10,15,5,3,5,3,0,0,1,0,0,0,0,0,"796239,8333","5817016,62","13,35744","52,42295",6020306.0,Lankwitz Süd,3926.0
200919,11,7,,2019,10,7,6,3,2,6,0,0,1,0,0,0,0,0,"795013,9041","5823241,555","13,34496","52,47941",7020202.0,Volkspark (Rudolf-Wilde-Park),3742.0
200920,11,12,,2019,10,8,2,3,2,6,0,0,1,0,0,0,0,0,"794733,5274","5836284,457","13,35241","52,59648",12302110.0,Dannenwalder Weg,3876.0
200921,11,10,,2019,10,1,5,2,2,3,2,0,1,0,0,0,0,0,"808495,3235","5831147,436","13,55018","52,54282",10010310.0,Alt-Marzahn,6861.0
200922,11,1,,2019,11,16,7,3,5,3,0,0,1,0,0,0,1,1,"795726,5363","5828198,358","13,35982","52,52346",1022206.0,Lüneburger Straße,4055.0
200923,11,1,,2019,10,15,7,2,6,2,0,0,1,1,0,0,0,0,"794210,0106","5828326,643","13,33765","52,52543",1022106.0,Elberfelder Straße,3656.0
200924,11,10,,2019,10,14,3,3,6,6,0,1,0,1,0,0,0,0,"811674,311","5831506,565","13,59724","52,54423",10020413.0,Gut Hellersdorf,7561.0
200925,11,8,,2019,10,19,5,2,5,5,2,0,1,0,1,0,0,0,"800550,5975","5823327,892","13,42632","52,47717",8010117.0,Schillerpromenade,4942.0
200926,11,4,,2019,11,20,7,3,2,6,2,0,1,0,0,0,0,1,"793379,9684","5826089,269","13,32348","52,50582",4030828.0,Savignyplatz,3450.0
200927,11,7,,2019,10,16,7,3,6,7,0,1,0,1,0,0,0,0,"795607,5901","5824986,034","13,35522","52,49473",7010102.0,Nollendorfplatz,3947.0
200928,11,3,,2019,10,7,4,3,2,6,0,0,1,0,0,0,0,1,"803576,5568","5833492,571","13,48001","52,5666",3030716.0,Märchenland,5768.0
200929,11,11,,2019,10,18,3,3,0,1,2,0,0,0,1,0,0,0,"804905,98","5826256,179","13,49293","52,501",11040926.0,Weitlingstraße,5949.0
200930,11,1,,2019,10,9,6,3,5,7,0,0,1,0,1,0,0,0,"796671,3146","5827620,679","13,37319","52,51777",1011102.0,Großer Tiergarten,4253.0
200931,11,7,,2019,11,15,6,3,5,3,0,1,1,0,0,0,0,0,"797277,7836","5821223,949","13,3764","52,4601",7040403.0,Manteuffelstraße,4237.0
200932,11,9,,2019,10,16,6,3,6,4,0,0,0,1,0,0,1,0,"808721,9464","5815559,018","13,53908","52,40299",9030903.0,Kölner Viertel,6620.0
200933,11,4,,2019,10,20,2,3,5,3,2,0,1,0,0,0,0,1,"790354,2491","5827309,282","13,28009","52,51838",4020310.0,Park Ruhwald,2854.0
200934,11,6,,2019,10,13,5,3,5,3,0,1,1,0,0,0,0,0,"793241,7988","5819537,451","13,31569","52,44716",6030606.0,Hindenburgdamm,3333.0
200935,11,5,,2019,10,3,6,3,9,1,2,0,1,0,0,0,0,1,"780636,472","5821693,056","13,13252","52,47311",5040936.0,Jägerallee,640.0
200936,11,7,,2019,10,18,1,3,2,2,2,0,1,0,0,0,0,0,"795444,0425","5824984,665","13,35282","52,49481",7010102.0,Nollendorfplatz,3947.0
200937,11,9,,2019,10,6,4,3,5,3,2,1,1,0,0,0,0,0,"812301,0049","5819155,929","13,59488","52,43319",9041301.0,Kietzer Feld/Nachtheide,7529.0
200938,11,2,,2019,10,9,6,3,2,6,0,1,1,0,0,0,0,0,"800751,5624","5828096,969","13,43358","52,5198",2040502.0,Friedenstraße,5154.0
200939,11,2,,2019,11,12,7,3,5,3,0,0,1,0,0,0,0,1,"802589,5722","5826886,097","13,45948","52,50793",2050802.0,Boxhagener Platz,5451.0
200940,11,4,,2019,10,21,7,3,0,1,2,0,0,0,0,0,1,0,"791945,6644","5826112,864","13,30243","52,5068",4030725.0,Amtsgerichtsplatz,3150.0
200941,11,1,,2019,10,11,3,3,5,3,0,1,0,0,1,0,0,0,"798068,9871","5827870,391","13,39395","52,51925",1011202.0,Unter den Linden Nord,4554.0
200942,11,2,,2019,11,10,6,3,2,2,0,1,1,0,0,0,0,0,"800514,0208","5827088,853","13,42917","52,5109",2040701.0,Andreasviertel,5051.0
200943,11,2,,2019,10,14,6,3,2,7,0,1,1,0,0,0,0,0,"801458,5014","5826068,898","13,44213","52,50124",2030302.0,Lausitzer Platz,5249.0
200944,11,7,,2019,10,17,2,3,0,5,2,1,1,0,0,0,0,1,"797665,3027","5819592,478","13,38063","52,44526",7050501.0,Rathausstraße,4332.0
200945,11,3,,2019,10,7,5,3,2,6,0,0,1,0,0,0,0,0,"801609,2845","5830154,862","13,44805","52,53778",3061429.0,Greifswalder Straße,5359.0
200946,11,5,,2019,10,15,6,3,2,6,0,0,1,0,0,0,0,0,"783665,723","5829668,063","13,18379","52,54305",5010208.0,Germersheimer Platz,1361.0
200947,11,12,,2019,11,11,6,3,2,6,0,0,0,0,0,0,1,0,"791056,3127","5834262,912","13,2965","52,58034",12214125.0,Waldidyll/Flughafensee,3072.0
200948,11,4,,2019,10,15,6,3,5,3,0,1,1,0,0,0,0,0,"793131,0654","5825593,727","13,31938","52,50151",4030930.0,George-Grosz-Platz,3449.0
200949,11,2,,2019,10,18,2,3,2,6,2,0,1,0,0,0,0,1,"797857,7792","5825639,013","13,38885","52,49936",2010101.0,Askanischer Platz,4448.0
200950,11,3,,2019,10,7,5,3,5,3,0,1,1,0,0,0,0,0,"801938,3654","5832579,454","13,45509","52,55932",3050919.0,Gustav-Adolf-Straße,5466.0
200951,11,4,,2019,10,0,6,3,5,2,2,0,1,0,0,0,0,0,"791217,139","5829730,951","13,29489","52,53963",4010101.0,Jungfernheide,3060.0
200952,11,1,,2019,10,11,1,3,0,1,0,0,0,0,1,0,0,1,"797360,3124","5829139,864","13,38468","52,53101",1011401.0,Invalidenstraße,4357.0
200953,11,4,,2019,10,16,4,3,5,7,1,0,1,0,0,0,0,0,"793526,1234","5825847,236","13,32541","52,50357",4030931.0,Breitscheidplatz,3449.0
200954,11,10,,2019,10,17,5,2,1,4,1,1,1,1,0,0,0,0,"812047,5876","5830713,696","13,60198","52,53691",10020414.0,Helle Mitte,7659.0
200955,11,1,,2019,11,19,6,3,2,6,2,0,1,0,0,0,0,1,"795193,9415","5831363,78","13,35481","52,55213",1044203.0,Leopoldplatz,3963.0
200956,11,4,,2019,10,12,7,3,5,7,0,0,1,0,0,0,0,0,"793321,2682","5823546,891","13,32038","52,48306",4051551.0,Brabanter Platz,3443.0
200957,11,4,,2019,10,10,3,3,5,2,0,1,1,0,0,0,0,1,"789118,0252","5826933,112","13,26159","52,51566",4020311.0,Reichsstraße,2553.0
200958,11,10,,2019,10,21,5,3,5,3,2,0,1,0,0,0,0,0,"811899,8992","5829748,123","13,5989","52,52834",10040828.0,Kaulsdorf Nord,7557.0
200959,11,3,,2019,11,7,6,3,5,2,1,1,1,0,0,0,0,0,"802379,3675","5828837,982","13,45817","52,52555",3061441.0,Eldenaer Straße,5456.0
200960,11,1,,2019,10,21,6,3,8,1,2,0,0,0,0,0,1,0,"798181,3617","5827115,571","13,39493","52,51242",1011203.0,Unter den Linden Süd,4552.0
200961,11,4,,2019,10,15,2,3,5,5,0,0,1,0,0,0,1,0,"792717,6836","5825847,086","13,31353","52,50401",4030929.0,Hindemithplatz,3349.0
200962,11,2,,2019,10,7,5,3,5,2,0,1,1,0,0,0,0,0,"798643,8087","5826461,002","13,40114","52,5063",2010102.0,Mehringplatz,4650.0
200963,11,9,,2019,10,18,5,3,5,2,0,1,1,0,0,0,0,0,"809339,4675","5818507,65","13,55085","52,42906",9020701.0,Adlershof West,6828.0
200964,11,8,,2019,10,17,7,3,0,6,1,0,1,0,1,0,0,0,"801070,5439","5821996,558","13,43275","52,46495",8010118.0,Silbersteinstraße,5038.0
200965,11,1,,2019,10,11,4,3,5,3,0,1,1,0,0,0,0,0,"797686,2746","5832849,581","13,39279","52,56409",1033101.0,Soldiner Straße,4467.0
200966,11,10,,2019,10,18,5,2,5,2,2,1,1,0,0,0,0,1,"809584,7314","5828543,314","13,56376","52,51886",10030724.0,Oberfeldstraße,7054.0
200967,11,5,,2019,10,13,4,2,5,2,0,1,1,0,0,0,0,0,"783720,7456","5830619,093","13,18542","52,55155",5010208.0,Germersheimer Platz,1463.0
200968,11,1,,2019,10,16,5,3,1,5,0,1,1,0,0,0,0,0,"797748,9179","5827525,909","13,38894","52,51633",1011203.0,Unter den Linden Süd,4453.0
200969,11,3,,2019,10,16,5,2,3,5,0,1,1,0,0,0,0,0,"798706,3727","5833105,259","13,40803","52,56582",3040614.0,Pankow Zentrum,4767.0
200970,11,2,,2019,10,20,1,3,5,3,2,0,1,0,0,0,0,0,"801249,1253","5827829,513","13,44064","52,51713",2040502.0,Friedenstraße,5253.0
200971,11,12,,2019,10,14,4,3,2,6,0,0,1,0,0,0,0,0,"790958,0077","5837963,688","13,29831","52,61357",12231101.0,Hermsdorf,3081.0
200972,11,12,,2019,10,16,5,3,2,6,0,0,1,0,0,0,1,0,"787525,3191","5836370,421","13,24636","52,60111",12224230.0,Heiligensee,2378.0
200973,11,9,,2019,10,15,5,3,3,6,0,0,0,0,0,0,1,0,"811024,6439","5821818,266","13,57864","52,45778",9051901.0,Dammvorstadt,7236.0
200974,11,4,,2019,11,17,6,3,3,6,2,0,1,0,0,0,0,1,"790522,5933","5827329,191","13,28258","52,51847",4020310.0,Park Ruhwald,2854.0
200975,11,8,,2019,10,13,7,3,2,2,0,0,1,0,1,0,0,0,"801385,5713","5819264,264","13,43491","52,44028",8020625.0,Handwerker-Siedlung,5131.0
200976,11,8,,2019,10,7,3,3,5,3,0,1,1,0,0,0,0,1,"803809,7628","5818819,131","13,47006","52,43495",8041035.0,Blumenviertel,5629.0
200977,11,9,,2019,10,15,5,3,5,3,0,0,1,0,0,0,0,0,"809246,2825","5815356,658","13,54658","52,40088",9030903.0,Kölner Viertel,6719.0
200978,11,7,,2019,10,7,5,3,5,2,0,1,1,1,0,0,0,0,"794419,1576","5821933,398","13,33507","52,46801",7030302.0,Ceciliengärten,3639.0
200979,11,8,,2019,10,13,6,3,5,3,0,0,1,0,1,0,0,0,"801344,4738","5822036,931","13,43681","52,46516",8010214.0,Glasower Straße,5138.0
200980,11,3,,2019,10,10,2,3,6,4,0,1,0,1,0,0,0,0,"800107,3341","5832746,795","13,42831","52,56184",3030715.0,Heinersdorf,5066.0
200981,11,6,,2019,10,18,5,3,1,5,2,1,1,0,0,0,0,0,"794470,7685","5820130,043","13,33424","52,45181",6010206.0,Stadtpark,3634.0
200982,11,4,,2019,11,5,7,3,0,1,2,0,1,0,0,0,0,1,"792880,1241","5823287,539","13,31367","52,48097",4051551.0,Brabanter Platz,3343.0
200983,11,3,,2019,10,17,7,3,5,7,0,0,1,0,0,0,1,0,"797545,409","5834854,877","13,39252","52,58214",3020209.0,Niederschönhausen,4472.0
200984,11,11,,2019,10,8,4,3,2,6,0,1,1,0,0,0,0,0,"804745,3357","5826516,906","13,49081","52,50343",11040926.0,Weitlingstraße,5949.0
200985,11,8,,2019,10,22,3,3,5,7,2,0,1,0,0,0,0,0,"800362,7307","5824342,815","13,42448","52,48637",8010303.0,Donaustraße,4944.0
200986,11,4,,2019,11,16,6,3,5,3,1,0,1,0,0,0,0,0,"792859,5145","5826107,347","13,31585","52,50626",4030828.0,Savignyplatz,3350.0
200987,11,11,,2019,10,17,6,3,2,6,0,0,1,0,0,0,0,0,"805214,3543","5833155,121","13,50379","52,56266",11010310.0,Mühlengrund,6167.0
200988,11,7,,2019,10,17,3,3,0,7,1,0,0,1,0,0,1,0,"796314,4396","5823017,067","13,36385","52,4767",7020204.0,Schöneberger Insel,4041.0
200989,11,1,,2019,10,14,5,3,5,5,0,1,1,0,0,0,0,0,"798498,8585","5828173,863","13,40054","52,52173",1011303.0,Alexanderplatzviertel,4655.0
200990,11,8,,2019,10,11,6,3,6,4,0,0,1,1,0,0,0,0,"802184,2326","5818939,747","13,44633","52,43694",8020625.0,Handwerker-Siedlung,5230.0
200991,11,4,,2019,11,16,7,3,6,4,0,0,1,1,0,0,0,0,"793374,2648","5823924,124","13,32149","52,48642",4051654.0,Wilhelmsaue,3444.0
200992,11,8,,2019,11,20,6,3,8,1,2,0,1,0,0,0,0,1,"801811,4199","5821965,896","13,4436","52,46427",8010214.0,Glasower Straße,5238.0
200993,11,6,,2019,10,12,7,3,0,2,0,1,1,0,0,0,0,0,"789609,727","5818715,281","13,26168","52,44173",6040807.0,Zehlendorf Eiche,2531.0
200994,11,8,,2019,11,22,7,3,5,3,2,0,1,0,0,0,0,1,"801745,8974","5822047,767","13,44271","52,46504",8010214.0,Glasower Straße,5238.0
200995,11,10,,2019,10,13,3,2,6,2,0,0,1,1,0,0,0,0,"811293,9887","5829137,05","13,58943","52,52321",10020623.0,Rotes Viertel,7455.0
200996,11,4,,2019,11,22,7,3,5,2,2,0,1,0,0,0,0,1,"793330,186","5823361,992","13,32034","52,4814",4051551.0,Brabanter Platz,3443.0
200997,11,11,,2019,10,16,5,3,2,6,2,0,1,0,0,0,0,0,"807186,5496","5825592,975","13,52581","52,49378",11051330.0,Karlshorst West,6446.0
200998,11,3,,2019,10,10,6,3,5,3,0,0,1,0,0,0,1,0,"802352,8143","5838820,814","13,46688","52,61503",3030406.0,Alt-Karow,5582.0
200999,11,8,,2019,11,12,7,3,3,6,0,0,1,0,0,0,1,1,"801378,9291","5819320,996","13,43486","52,4408",8020622.0,Parchimer Allee,5131.0
201000,11,11,,2019,11,12,7,3,5,3,0,1,1,0,0,0,0,0,"806908,0905","5825961,361","13,52206","52,49723",11041128.0,Sewanstraße,6447.0
201001,11,2,,2019,10,8,2,3,5,3,0,0,1,0,1,0,0,0,"802080,238","5827361,373","13,45243","52,51248",2050802.0,Boxhagener Platz,5352.0
201002,11,7,,2019,10,16,5,2,5,3,0,1,1,0,0,0,0,0,"798045,7981","5815806,829","13,38284","52,41112",7060603.0,Marienfelde Nordost,4322.0
201003,11,12,,2019,11,11,7,2,5,7,0,0,1,0,1,0,0,1,"794867,5928","5833751,858","13,35213","52,57371",12103218.0,Teichstraße,3870.0
201004,11,9,,2019,11,11,7,2,3,2,0,0,1,0,0,0,1,0,"810605,9524","5821049,194","13,57178","52,45112",9051901.0,Dammvorstadt,7134.0
201005,11,12,,2019,11,17,7,3,6,4,2,0,1,1,0,0,0,1,"791922,7503","5834704,998","13,30964","52,58384",12304313.0,Borsigwalde,3273.0
201006,11,4,,2019,10,16,7,3,1,5,0,1,1,0,0,0,0,0,"792770,8762","5825497,129","13,31401","52,50084",4030930.0,George-Grosz-Platz,3348.0
201007,11,8,,2019,10,6,4,3,5,3,2,1,1,0,0,0,0,1,"805585,5235","5818605,401","13,4959","52,43205",8041037.0,Alt-Rudow,6028.0
201008,11,7,,2019,11,11,7,3,0,2,0,0,1,0,1,0,0,1,"796024,5437","5824497,214","13,36091","52,49012",7010104.0,Dennewitzplatz,4045.0
201009,11,12,,2019,10,17,3,3,0,3,2,0,1,0,1,0,1,0,"796479,9708","5832475,367","13,37471","52,56139",12103117.0,Letteplatz,4266.0
201010,11,3,,2019,11,11,7,3,0,2,0,1,1,0,0,0,0,1,"799177,295","5831110,598","13,41316","52,54768",3061131.0,Falkplatz,4762.0
201011,11,11,,2019,10,17,5,3,6,4,0,0,1,1,0,0,0,0,"804884,9044","5829950,511","13,496","52,53412",11030720.0,Herzbergstraße,6058.0
201012,11,6,,2019,11,14,6,3,1,5,0,1,1,0,0,0,0,0,"793196,5173","5818274,011","13,31391","52,43586",6030609.0,Augustaplatz,3329.0
201013,11,5,,2019,10,16,6,3,0,4,0,0,0,1,0,0,1,0,"784409,3102","5831911,731","13,19665","52,56278",5010101.0,Hakenfelde Nord,1567.0
201014,11,10,,2019,11,10,7,3,5,3,0,0,1,0,0,0,0,1,"812073,1226","5830620,412","13,60227","52,53606",10020414.0,Helle Mitte,7659.0
201015,11,3,,2019,10,19,2,3,5,3,2,1,1,0,0,0,0,0,"795881,7358","5836453,646","13,36946","52,59738",3040508.0,Rosenthal,4177.0
201016,11,11,,2019,10,8,5,3,1,5,0,1,1,0,0,0,0,0,"803442,4116","5828350,331","13,47334","52,52058",11030721.0,Rüdigerstraße,5654.0
201017,11,2,,2019,10,10,6,3,1,5,0,0,1,0,0,0,0,0,"800854,7898","5826248,451","13,43342","52,50318",2030302.0,Lausitzer Platz,5149.0
201018,11,12,,2019,11,10,7,3,5,3,0,0,1,0,0,0,0,1,"795592,5047","5837236,446","13,36591","52,60455",12302109.0,Treuenbrietzener Straße,4079.0