OBJECTID,LAND,BEZ,LOR_ab_2021,UJAHR,UMONAT,USTUNDE,UWOCHENTAG,UKATEGORIE,UART,UTYP1,ULICHTVERH,IstRad,IstPKW,IstFuss,IstKrad,IstGkfz,IstSonstige,USTRZUSTAND,LINREFX,LINREFY,XGCSWGS84,YGCSWGS84,LOR,STRASSE,quadrant
201019,11,9,,2019,11,10,7,3,5,2,0,0,1,0,0,0,0,1,"807225,3424","5818280,221","13,51965","52,42822",9020701.0,Adlershof West,6327.0
201020,11,6,,2019,10,16,1,3,0,3,0,1,1,0,0,0,0,1,"787184,9471","5816769,894","13,22443","52,42556",6040702.0,Düppel,1926.0
201021,11,6,,2019,10,18,4,3,5,2,2,0,1,0,0,0,0,1,"788144,046","5818738,087","13,2402","52,44271",6040804.0,Krumme Lanke,2231.0
201022,11,6,,2019,11,10,7,3,0,3,0,0,0,0,1,0,1,1,"792393,1478","5821145,686","13,30464","52,46203",6040810.0,Dahlem,3137.0
201023,11,1,,2019,10,15,5,3,1,5,0,1,1,0,0,0,0,0,"797575,9622","5828573,973","13,38734","52,52582",1011301.0,Charitéviertel,4456.0
201024,11,1,,2019,11,15,6,3,5,2,1,1,0,0,0,0,1,0,"796966,4692","5826853,531","13,37685","52,51073",1011201.0,Wilhelmstraße,4251.0
201025,11,4,,2019,10,20,7,3,0,7,1,0,1,0,0,0,0,0,"792989,2383","5822294,731","13,3144","52,47202",4041344.0,Rüdesheimer Platz,3340.0
201026,11,2,,2019,11,7,3,3,6,4,0,1,0,1,0,0,0,0,"798327,0255","5825636,6","13,39574","52,49908",2010102.0,Mehringplatz,4548.0
201027,11,7,,2019,11,6,3,2,1,7,1,0,1,0,0,0,1,0,"798037,5756","5821128,032","13,38746","52,45883",7040405.0,Rathaus Tempelhof,4436.0
201028,11,6,,2019,11,14,3,2,1,5,0,0,1,0,0,0,0,0,"788994,3993","5816537,487","13,25077","52,42253",6030504.0,Teltower Damm,2326.0
201029,11,12,,2019,11,13,3,3,3,6,0,1,1,0,0,0,0,0,"787806,4052","5835684,933","13,24991","52,59482",12214528.0,Tegeler Forst,2376.0
201030,11,1,,2019,11,13,3,3,0,2,0,1,1,0,0,0,0,0,"796643,0025","5825782,296","13,37114","52,50131",1011104.0,Körnerstraße,4149.0
201031,11,1,,2019,11,11,3,3,5,7,0,0,1,0,0,0,0,0,"794950,3856","5831346,616","13,35121","52,5521",1044102.0,Schillerpark,3863.0
201032,11,1,,2019,11,9,3,3,5,2,0,1,1,0,0,0,0,0,"797837,5847","5826968,664","13,38975","52,51129",1011204.0,Leipziger Straße,4452.0
201033,11,12,,2019,11,18,3,3,5,2,2,0,1,0,1,0,0,0,"794815,0854","5833276,859","13,35094","52,56948",12103218.0,Teichstraße,3869.0
201034,11,12,,2019,11,18,3,3,2,6,2,0,1,0,0,0,1,0,"791042,5408","5833865,552","13,29595","52,57679",12214125.0,Waldidyll/Flughafensee,3071.0
201035,11,10,,2019,11,18,3,3,5,2,2,1,1,0,0,0,0,0,"810593,5743","5825392,901","13,57565","52,49006",10040830.0,Kaulsdorf Süd,7245.0
201036,11,9,,2019,11,17,3,3,6,2,2,0,1,1,0,0,0,0,"816565,5398","5817456,5","13,65579","52,41551",9041601.0,Müggelheim,8424.0
201037,11,4,,2019,11,17,3,3,0,6,2,0,1,0,0,0,1,0,"793345,7133","5829701,34","13,32616","52,53822",4010102.0,Plötzensee,3559.0
201038,11,7,,2019,11,16,3,3,5,2,2,0,1,0,0,0,0,0,"799786,7283","5813976,67","13,40672","52,39377",7070703.0,John-Locke-Straße,4717.0
201039,11,1,,2019,11,16,3,3,5,3,2,1,1,0,0,0,0,0,"797876,1868","5826766,351","13,39013","52,50946",1011204.0,Leipziger Straße,4451.0
201040,11,11,,2019,11,15,3,3,2,6,0,0,1,0,0,0,0,0,"805644,0738","5831643,292","13,50872","52,54887",11020412.0,Hauptstraße,6263.0
201041,11,1,,2019,11,15,2,3,2,6,0,1,1,0,0,0,0,0,"796883,1648","5828165,613","13,37679","52,52254",1011301.0,Charitéviertel,4255.0
201042,11,9,,2019,11,15,2,3,0,6,0,1,0,1,0,0,0,0,"810253,9479","5819676,942","13,56535","52,43902",9020802.0,Köllnische Vorstadt,7030.0
201043,11,3,,2019,11,7,2,2,5,2,2,1,1,0,0,0,0,0,"799981,5696","5835109,049","13,4286","52,58308",3040614.0,Pankow Zentrum,5073.0
201044,11,1,,2019,11,6,2,2,6,2,1,0,1,1,0,0,0,0,"796511,2343","5827621,949","13,37084","52,51787",1011102.0,Großer Tiergarten,4153.0
201045,11,8,,2019,11,6,2,3,5,3,1,1,0,0,0,0,1,1,"801235,4683","5819770,21","13,43316","52,4449",8020620.0,Tempelhofer Weg,5032.0
201046,11,1,,2019,11,12,2,2,3,6,0,1,1,0,0,0,0,0,"794370,1282","5828435,946","13,3401","52,52633",1022104.0,Emdener Straße,3756.0
201047,11,7,,2019,11,12,2,3,0,3,0,1,0,0,0,0,1,0,"795865,6299","5815449,386","13,35056","52,4091",7060604.0,Marienfelde Süd,3822.0
201048,11,1,,2019,11,11,2,3,2,6,0,0,1,0,0,0,0,0,"798922,5228","5827792,321","13,40643","52,51808",1011303.0,Alexanderplatzviertel,4654.0
201049,11,12,,2019,11,11,2,3,5,2,0,0,1,0,0,0,1,0,"790288,7213","5840142,082","13,29036","52,63346",12231102.0,Frohnau,2987.0
201050,11,12,,2019,11,10,2,3,5,7,0,1,1,0,0,0,0,0,"786712,2516","5837146,258","13,23506","52,6085",12224230.0,Heiligensee,2180.0
201051,11,3,,2019,11,10,2,3,5,2,0,1,0,0,0,1,0,0,"799858,4097","5829810,586","13,422","52,53566",3071537.0,Kollwitzplatz,4959.0
201052,11,6,,2019,11,9,2,2,5,2,0,1,0,0,0,1,0,0,"792367,1162","5820767,916","13,30393","52,45866",6040809.0,Thielallee,3136.0
201053,11,1,,2019,11,19,2,3,2,6,2,0,1,0,1,0,0,0,"795188,9669","5826854,7","13,35073","52,51171",1011102.0,Großer Tiergarten,3852.0
201054,11,11,,2019,11,9,2,3,5,2,0,0,1,0,0,1,0,0,"803660,4039","5829508,678","13,4776","52,53085",11030619.0,Fennpfuhl Ost,5757.0
201055,11,7,,2019,11,18,2,3,2,3,2,0,1,0,0,0,0,0,"794962,1976","5824321,135","13,34516","52,48912",7020201.0,Bayerischer Platz,3745.0
201056,11,2,,2019,11,18,2,3,3,3,2,0,1,0,0,0,0,0,"801248,424","5827823,23","13,44063","52,51708",2040502.0,Friedenstraße,5253.0
201057,11,3,,2019,11,17,2,3,5,3,2,1,1,0,0,0,0,0,"802510,776","5836828,166","13,46738","52,59709",3030711.0,Blankenburg,5677.0
201058,11,3,,2019,11,17,2,3,3,6,2,0,1,0,0,0,1,0,"801888,2978","5831713,76","13,45356","52,55159",3050920.0,Weißer See,5363.0
201059,11,3,,2019,11,15,2,3,5,3,0,0,1,0,0,0,0,0,"800030,7457","5832021,805","13,42653","52,55538",3040818.0,Pankow Süd,4964.0
201060,11,6,,2019,11,15,2,3,0,6,1,0,1,0,0,0,1,0,"794240,2511","5820273,491","13,33098","52,45322",6010207.0,Mittelstraße,3535.0
201061,11,9,,2019,11,15,2,3,5,3,0,0,1,0,0,0,0,0,"804938,9082","5820712,547","13,48834","52,4513",9010302.0,Späthsfelde,5934.0
201062,11,1,,2019,11,15,2,3,5,2,0,1,1,0,0,0,0,0,"794577,312","5829787,053","13,34434","52,53833",1022103.0,Westhafen,3759.0
201063,11,10,,2019,11,15,2,3,5,3,0,1,1,0,0,0,0,0,"809643,505","5828927,521","13,56499","52,52227",10030725.0,Buckower Ring,7055.0
201064,11,3,,2019,11,15,2,3,5,2,0,1,1,0,0,0,0,0,"800193,9661","5830930,274","13,42794","52,54551",3061228.0,Erich-Weinert-Straße,5062.0
201065,11,10,,2019,11,13,2,3,2,2,0,0,1,0,1,0,0,0,"813032,2089","5827682,596","13,6136","52,50918",10040932.0,Alt-Mahlsdorf,7751.0
201066,11,9,,2019,11,13,2,3,2,6,0,0,1,0,0,0,0,0,"810465,7068","5820310,748","13,56904","52,44458",9020802.0,Köllnische Vorstadt,7132.0
201067,11,5,,2019,11,12,2,3,5,3,0,0,1,0,0,0,0,0,"789753,507","5828852,028","13,2726","52,53253",5030833.0,Motardstraße,2758.0
201068,11,6,,2019,11,21,1,3,5,3,2,0,1,0,0,0,0,1,"795342,0816","5819978,977","13,34689","52,44999",6010205.0,Südende,3834.0
201069,11,1,,2019,11,20,1,3,2,6,2,0,1,0,0,0,0,0,"797124,2183","5831418,597","13,38324","52,55157",1033102.0,Gesundbrunnen,4363.0
201070,11,7,,2019,11,19,1,2,0,7,2,0,0,1,0,0,1,0,"794970,1046","5823982,719","13,34497","52,48608",7020201.0,Bayerischer Platz,3744.0
201071,11,6,,2019,11,17,1,3,5,2,2,0,1,0,1,0,0,0,"793603,1797","5815904,78","13,3178","52,4144",6020411.0,Schütte-Lanz-Straße,3323.0
201072,11,8,,2019,11,17,1,3,6,2,2,0,1,1,0,0,0,1,"801372,6263","5819251,571","13,43471","52,44018",8020625.0,Handwerker-Siedlung,5131.0
201073,11,5,,2019,11,14,1,3,5,2,0,1,1,0,0,0,0,0,"782195,1399","5830532,432","13,1629","52,55156",5010206.0,Gütersloher Weg,1063.0
201074,11,12,,2019,11,13,1,3,3,6,0,1,0,0,0,0,0,0,"793107,6229","5835845,84","13,32809","52,59343",12301203.0,Wittenau Süd,3576.0
201075,11,1,,2019,11,14,1,3,2,6,0,0,1,0,1,0,0,0,"795832,9006","5826686,249","13,36004","52,50985",1011105.0,Nördlicher Landwehrkanal,4051.0
201076,11,3,,2019,11,13,1,3,2,6,0,0,1,0,0,0,1,0,"796824,5646","5833932,685","13,38109","52,57427",3040513.0,Schönholz,4370.0
201077,11,5,,2019,11,13,1,2,0,2,0,0,1,0,0,0,1,0,"784592,0584","5831084,026","13,19863","52,55526",5010103.0,Amorbacher Weg,1664.0
201078,11,2,,2019,11,11,1,2,6,4,0,0,1,1,0,0,0,0,"801185,7891","5827290,77","13,43923","52,51234",2040703.0,Wriezener Bahnhof/Entwicklungsgebiet,5152.0
201079,11,3,,2019,11,11,1,3,5,3,0,0,1,0,0,0,0,0,"802315,242","5831336,445","13,4595","52,54797",3050925.0,Komponistenviertel Weißensee,5462.0
201080,11,11,,2019,11,10,1,2,0,1,0,0,0,0,1,0,0,1,"804637,4801","5833418,418","13,49555","52,56534",11010309.0,Zingster Straße West,6067.0
201081,11,1,,2019,11,7,1,3,2,6,0,0,1,0,0,0,0,0,"794222,0056","5828443,14","13,33793","52,52647",1022104.0,Emdener Straße,3656.0
201082,11,7,,2019,11,5,1,3,6,7,2,0,1,1,1,0,0,1,"795961,4677","5816391,104","13,3528","52,41749",7060601.0,Marienfelder Allee Nordwest,3924.0
201083,11,3,,2019,11,0,1,3,0,5,2,0,0,0,1,0,1,1,"798944,0631","5830383,827","13,40907","52,5413",3061131.0,Falkplatz,4760.0
201084,11,11,,2019,11,18,7,2,5,3,2,0,1,0,1,0,0,1,"804999,475","5828429,571","13,49629","52,52043",11030721.0,Rüdigerstraße,6054.0
201085,11,4,,2019,11,15,7,3,5,3,0,0,1,1,0,0,0,0,"793302,8653","5823637,435","13,32019","52,48388",4051549.0,Rathaus Wilmersdorf,3444.0
201086,11,1,,2019,11,17,7,3,1,5,2,1,1,0,0,0,0,1,"796060,8033","5825727,852","13,36254","52,50113",1011103.0,Lützowstraße,4049.0
201087,11,5,,2019,11,17,7,3,2,7,2,0,1,0,0,0,0,1,"786669,3446","5829266,372","13,22762","52,53787",5030730.0,Zitadellenweg,2059.0
201088,11,1,,2019,11,17,7,3,2,2,2,0,1,0,0,0,0,1,"797564,8748","5832745,714","13,39091","52,56322",1033101.0,Soldiner Straße,4467.0
201089,11,8,,2019,11,16,7,3,5,2,2,1,1,0,0,0,0,1,"801820,7531","5823620,622","13,44523","52,47909",8010404.0,Rixdorf,5242.0
201090,11,4,,2019,11,15,7,2,5,2,0,0,1,0,0,0,0,1,"791284,958","5830676,183","13,29672","52,54807",4010101.0,Jungfernheide,3062.0
201091,11,11,,2019,11,20,7,3,9,1,2,0,1,0,0,0,0,1,"805623,9967","5831593,653","13,50838","52,54843",11020412.0,Hauptstraße,6262.0
201092,11,9,,2019,11,14,7,3,5,2,0,0,1,0,0,0,0,1,"806583,5704","5822763,856","13,51435","52,46876",9020501.0,Oberschöneweide West,6339.0
201093,11,8,,2019,11,14,7,3,5,2,0,0,1,0,0,0,0,1,"802065,7254","5821982,647","13,44734","52,46427",8010214.0,Glasower Straße,5338.0
201094,11,1,,2019,11,14,7,3,6,2,0,0,1,1,0,0,0,1,"798241,1396","5829625,078","13,39806","52,53488",1011402.0,Arkonaplatz,4558.0
201095,11,6,,2019,11,14,7,3,5,3,0,0,1,0,0,0,0,1,"792698,8979","5818055,682","13,30642","52,43417",6030610.0,Lichterfelde West,3229.0
201096,11,5,,2019,11,19,7,2,0,1,2,0,0,0,1,0,0,1,"784303,6978","5830577,844","13,19396","52,55087",5010310.0,Eckschanze,1563.0
201097,11,1,,2019,11,14,7,3,0,1,0,0,0,0,1,0,0,1,"794604,2655","5826142,62","13,34151","52,50564",1011101.0,Stülerstraße,3750.0
201098,11,8,,2019,11,14,7,3,6,2,0,0,1,1,0,0,0,1,"800451,6321","5823644,417","13,42515","52,48006",8010211.0,Flughafenstraße,4942.0
201099,11,1,,2019,11,14,7,3,2,6,0,0,1,0,0,0,1,1,"796869,7945","5831905,156","13,37994","52,55607",1044201.0,Reinickendorfer Straße,4365.0
201100,11,1,,2019,11,18,7,2,1,5,2,0,1,0,0,0,0,0,"798498,856","5828173,913","13,40054","52,52173",1011303.0,Alexanderplatzviertel,4655.0
201101,11,12,,2019,11,18,7,3,5,7,2,0,1,0,0,0,0,1,"792769,3133","5832752,83","13,32038","52,56589",12214424.0,Scharnweberstraße,3468.0
201102,11,1,,2019,11,13,7,3,5,3,0,1,1,0,0,0,0,1,"798353,8433","5828355,121","13,39857","52,52344",1011302.0,Oranienburger Straße,4555.0
201103,11,7,,2019,11,18,7,3,0,6,2,0,0,0,1,0,1,1,"794953,1629","5822485,036","13,3434","52,47266",7030302.0,Ceciliengärten,3740.0
201104,11,7,,2019,11,13,7,3,4,7,0,0,1,0,0,0,0,1,"796367,5545","5819725,284","13,36171","52,44716",7040404.0,Marienhöhe,4033.0
201105,11,8,,2019,11,12,7,3,3,6,0,0,1,0,1,0,0,1,"801076,7022","5824169,468","13,4348","52,48442",8010301.0,Reuterkiez,5144.0
201106,11,9,,2019,11,12,7,3,5,2,0,0,1,0,0,0,0,1,"808323,0873","5821628,949","13,53883","52,45761",9020502.0,Oberschöneweide Ost,6636.0
201107,11,8,,2019,11,11,7,3,2,6,0,0,1,0,0,0,0,1,"802484,4367","5820682,083","13,45231","52,45239",8020622.0,Parchimer Allee,5334.0
201108,11,8,,2019,11,11,7,3,2,6,0,0,1,0,0,0,0,1,"801013,6127","5822138,14","13,43204","52,46625",8010118.0,Silbersteinstraße,5038.0
201109,11,5,,2019,11,0,7,3,1,1,2,0,1,0,0,0,1,1,"786889,3553","5830105,081","13,23158","52,54528",5030731.0,Gartenfelder Straße,2061.0
201110,11,2,,2019,11,0,7,3,0,1,2,1,0,0,0,0,0,1,"801953,5809","5826797,987","13,45006","52,5075",2040703.0,Wriezener Bahnhof/Entwicklungsgebiet,5350.0
201111,11,6,,2019,11,23,7,3,5,2,2,0,1,0,0,0,0,1,"792934,5674","5817747,022","13,30961","52,43128",6030610.0,Lichterfelde West,3228.0
201112,11,1,,2019,11,23,7,3,1,5,2,1,1,0,0,0,1,0,"799793,6513","5826996,673","13,41851","52,51047",1011306.0,Heine-Viertel Ost,4851.0
201113,11,2,,2019,11,22,7,3,5,2,2,1,1,0,0,0,0,1,"803118,7159","5826178,995","13,46661","52,5013",2050803.0,Stralauer Kiez,5549.0
201114,11,12,,2019,11,22,7,3,2,6,2,0,1,0,0,0,0,0,"790331,0074","5833693,1","13,28533","52,57562",12214125.0,Waldidyll/Flughafensee,2870.0
201115,11,1,,2019,11,21,7,2,6,2,2,0,1,1,0,0,0,0,"797899,0164","5830307,316","13,39364","52,54118",1033201.0,Brunnenstraße,4560.0
201116,11,5,,2019,11,21,7,2,2,6,2,0,1,0,0,0,0,1,"784730,143","5827537,938","13,19762","52,52339",5020626.0,Adamstraße,1555.0
201117,11,2,,2019,11,21,7,3,2,6,2,0,1,0,0,0,0,1,"799505,0538","5824517,584","13,41204","52,48841",2020206.0,Graefekiez,4745.0
201118,11,1,,2019,11,18,7,3,0,1,2,1,0,0,0,0,0,1,"796097,8628","5828420,433","13,36548","52,52525",1022206.0,Lüneburger Straße,4056.0
201119,11,1,,2019,11,11,6,3,5,2,0,1,1,0,0,0,0,0,"796300,4186","5830596,309","13,3704","52,54465",1033203.0,Humboldthain Nordwest,4161.0
201120,11,10,,2019,11,23,6,3,1,5,2,0,1,0,0,1,0,1,"812348,2805","5830464,7","13,60617","52,5345",10020517.0,Adele-Sandrock-Straße,7658.0
201121,11,4,,2019,11,23,6,3,5,3,2,0,1,0,0,0,0,1,"793139,2814","5825759,835","13,31965","52,503",4030930.0,George-Grosz-Platz,3449.0
201122,11,2,,2019,11,22,6,3,2,6,2,0,1,0,0,0,0,1,"799702,9609","5825677,672","13,41599","52,4987",2010104.0,Wassertorplatz,4848.0
201123,11,10,,2019,11,22,6,2,4,6,2,0,1,0,0,0,0,1,"812906,0506","5826024,812","13,61019","52,4944",10040933.0,Mahlsdorf Süd,7747.0
201124,11,5,,2019,11,21,6,3,5,2,2,0,1,0,0,0,0,1,"779594,0451","5827829,955","13,12236","52,52867",5020521.0,Döberitzer Weg,457.0
201125,11,9,,2019,11,20,6,3,5,2,2,0,1,0,0,0,0,1,"804100,3721","5823589,305","13,47866","52,47755",9010202.0,Köpenicker Landstraße,5742.0
201126,11,2,,2019,11,20,6,3,6,2,2,0,1,1,0,0,0,1,"800273,0474","5824361,163","13,42318","52,48658",2020206.0,Graefekiez,4944.0
201127,11,1,,2019,11,19,6,2,6,4,2,0,1,1,0,0,0,1,"796486,0067","5830109,171","13,37269","52,54018",1033203.0,Humboldthain Nordwest,4160.0
201128,11,5,,2019,11,19,6,3,5,2,2,0,1,0,1,0,0,1,"783787,4466","5828687,167","13,18475","52,53419",5020625.0,Borkumer Straße,1458.0
201129,11,6,,2019,11,18,6,3,5,3,2,0,1,0,0,0,0,1,"796293,827","5819677,495","13,36059","52,44677",6010205.0,Südende,4033.0
201130,11,12,,2019,11,18,6,3,5,3,2,0,1,0,1,0,0,0,"793021,4875","5835689,067","13,32668","52,59207",12301203.0,Wittenau Süd,3575.0
201131,11,12,,2019,11,18,6,2,6,7,1,0,1,1,0,0,0,0,"793211,0172","5832607,18","13,32674","52,56434",12214424.0,Scharnweberstraße,3567.0
201132,11,3,,2019,11,10,6,3,5,2,0,0,1,0,1,0,0,0,"798883,545","5832696,67","13,41026","52,56206",3040818.0,Pankow Süd,4766.0
201133,11,2,,2019,11,9,6,3,3,6,0,0,1,0,0,0,0,0,"798878,0849","5825085,692","13,40334","52,49384",2020204.0,Urbanstraße,4646.0
201134,11,11,,2019,11,14,6,2,6,4,0,0,0,1,0,1,0,0,"803356,6263","5830041,198","13,47363","52,53579",11020515.0,Landsberger Allee,5659.0
201135,11,5,,2019,11,9,6,3,5,5,0,0,1,0,0,0,0,0,"782716,6464","5827148,665","13,16769","52,52095",5020523.0,Maulbeerallee,1154.0
201136,11,3,,2019,11,14,6,3,5,3,0,0,1,0,0,0,0,0,"796299,4538","5835140,527","13,37444","52,58538",3040512.0,Wilhelmsruh,4273.0
201137,11,8,,2019,11,13,6,3,5,2,0,1,1,0,0,0,0,0,"800620,1589","5823111,122","13,42715","52,47519",8010117.0,Schillerpromenade,5041.0
201138,11,12,,2019,11,8,6,3,1,5,0,0,1,0,0,0,0,0,"791553,3695","5833009,621","13,30271","52,56884",12214422.0,Klixstraße,3168.0
201139,11,8,,2019,11,11,6,3,1,7,0,0,1,0,0,0,0,0,"801135,4287","5823069,103","13,43467","52,47453",8010212.0,Rollberg,5141.0
201140,11,4,,2019,11,11,6,3,5,3,0,0,1,0,1,0,0,0,"792084,9635","5828429,938","13,30651","52,5275",4030519.0,Kaiserin-Augusta-Allee,3256.0
201141,11,2,,2019,11,11,6,3,2,6,0,0,1,0,0,0,0,0,"800161,2545","5824413,026","13,42158","52,48711",2020206.0,Graefekiez,4944.0
201142,11,2,,2019,11,8,6,3,5,3,0,1,0,0,1,0,0,0,"800454,1585","5828240,336","13,42934","52,52125",2040502.0,Friedenstraße,5054.0
201143,11,7,,2019,11,7,6,3,5,3,0,1,1,0,0,0,0,0,"799994,8396","5814594,18","13,41032","52,39919",7070702.0,Alt-Lichtenrade/Töpchiner Weg,4719.0
201144,11,7,,2019,11,6,6,3,0,2,1,1,1,0,0,0,0,0,"795882,6223","5816014,105","13,35131","52,41415",7060604.0,Marienfelde Süd,3823.0
201145,11,5,,2019,11,6,6,3,9,1,2,0,1,0,0,0,0,0,"784801,8195","5828811,554","13,19977","52,53478",5010314.0,Carl-Schurz-Straße,1658.0
201146,11,11,,2019,11,17,6,2,6,4,2,0,1,1,0,0,0,0,"803852,3769","5828731,485","13,47972","52,52377",11030618.0,Fennpfuhl West,5755.0
201147,11,4,,2019,11,17,6,3,1,5,2,1,1,0,0,0,0,1,"791795,4684","5826260,313","13,30035","52,50821",4030725.0,Amtsgerichtsplatz,3151.0
201148,11,4,,2019,11,17,6,3,3,2,2,0,1,0,0,1,0,1,"790429,1544","5825932,918","13,27999","52,506",4020314.0,Messegelände,2850.0
201149,11,8,,2019,11,17,6,3,6,4,2,0,0,1,0,0,1,0,"801041,992","5823879,374","13,43403","52,48184",8010303.0,Donaustraße,5143.0
201150,11,12,,2019,11,16,6,3,5,2,1,1,1,0,0,0,0,1,"790240,5826","5835862,825","13,2859","52,59512",12304314.0,Ziekowstraße/Freie Scholle,2976.0
201151,11,8,,2019,11,16,6,3,1,5,2,1,1,0,0,0,0,0,"801061,3401","5822020,669","13,43264","52,46517",8010118.0,Silbersteinstraße,5038.0
201152,11,8,,2019,11,13,6,3,6,4,0,0,1,1,0,0,0,0,"805181,6783","5817175,726","13,48868","52,41946",8041036.0,Zittauer Straße,5925.0
201153,11,1,,2019,11,16,6,3,6,4,1,0,1,1,0,0,0,1,"796661,9049","5832021,06","13,37698","52,55722",1033101.0,Soldiner Straße,4265.0
201154,11,5,,2019,11,15,6,3,2,7,1,1,1,0,0,0,0,1,"783601,6574","5829157,638","13,18242","52,5385",5010314.0,Carl-Schurz-Straße,1360.0
201155,11,5,,2019,11,16,6,3,6,2,1,0,1,1,0,0,0,1,"782890,2733","5826890,297","13,17003","52,51854",5020524.0,Weinmeisterhornweg,1154.0
201156,11,2,,2019,11,9,6,3,3,5,0,1,1,0,0,0,0,0,"800897,051","5825927,218","13,43375","52,50028",2030302.0,Lausitzer Platz,5148.0
201157,11,3,,2019,11,15,6,3,1,5,0,1,1,0,0,0,0,0,"797873,8708","5835264,958","13,39772","52,58564",3020209.0,Niederschönhausen,4573.0
201158,11,4,,2019,11,15,6,3,5,2,1,0,1,0,0,0,0,0,"791451,4327","5825070,209","13,29425","52,49772",4031032.0,Halensee,3048.0
201159,11,3,,2019,11,15,6,3,5,3,0,1,1,0,0,0,0,0,"798892,7114","5830385,953","13,40832","52,54134",3061131.0,Falkplatz,4760.0
201160,11,9,,2019,11,15,6,3,5,3,0,1,1,0,0,0,0,0,"818580,3739","5820448,514","13,68816","52,44115",9051801.0,Rahnsdorf/Hessenwinkel,8831.0
201161,11,1,,2019,11,15,6,3,2,6,0,1,1,0,0,0,0,2,"794263,7875","5828140,431","13,33827","52,52373",1022106.0,Elberfelder Straße,3655.0
201162,11,4,,2019,11,15,6,3,5,2,0,1,0,0,1,0,0,0,"793278,1215","5825411,644","13,32138","52,4998",4030930.0,George-Grosz-Platz,3448.0
201163,11,2,,2019,11,16,5,3,6,4,1,0,1,1,0,0,0,1,"801066,2167","5827134,985","13,43733","52,51101",2040701.0,Andreasviertel,5151.0
201164,11,1,,2019,11,8,5,3,0,5,1,1,1,0,0,0,0,0,"796831,3186","5826603,606","13,37464","52,50857",1011105.0,Nördlicher Landwehrkanal,4251.0
201165,11,2,,2019,11,20,5,3,2,2,2,0,1,0,0,0,0,0,"799859,4353","5825691,176","13,4183","52,49873",2010104.0,Wassertorplatz,4848.0
201166,11,10,,2019,11,20,5,3,9,1,2,0,1,0,0,0,0,0,"810682,357","5832013,312","13,58313","52,54933",10010311.0,Landsberger Tor,7363.0
201167,11,12,,2019,11,19,5,3,6,2,2,0,1,1,0,0,0,0,"794398,811","5836235,235","13,34744","52,59622",12302107.0,Schorfheidestraße,3876.0
201168,11,8,,2019,11,17,5,3,0,6,2,0,1,0,0,0,1,0,"800755,7089","5823437,488","13,42943","52,47804",8010212.0,Rollberg,5042.0
201169,11,11,,2019,11,17,5,3,2,6,2,0,1,0,0,0,0,0,"806923,6162","5832608,08","13,52842","52,55679",10010203.0,Gewerbegebiet Bitterfelder Straße,6565.0
201170,11,1,,2019,11,17,5,3,6,2,2,0,1,1,0,0,0,0,"796818,0285","5831272,817","13,37861","52,55043",1033203.0,Humboldthain Nordwest,4263.0
201171,11,6,,2019,11,17,5,3,3,2,1,1,1,0,0,0,0,0,"793359,9901","5821256,913","13,31893","52,46251",6010102.0,Schloßstraße,3337.0
201172,11,11,,2019,11,16,5,3,0,2,2,0,1,0,0,0,1,0,"807234,095","5824085,002","13,52512","52,48024",11051332.0,Karlshorst Süd,6442.0
201173,11,2,,2019,11,18,5,3,3,5,2,1,1,0,0,0,0,0,"799875,2963","5825885,681","13,41871","52,50047",2030301.0,Oranienplatz,4848.0
201174,11,1,,2019,11,15,5,3,2,2,0,1,1,0,0,0,0,0,"798212,6297","5827423,525","13,39566","52,51516",1011203.0,Unter den Linden Süd,4553.0
201175,11,1,,2019,11,15,5,3,2,2,0,0,1,0,0,0,0,0,"795999,9434","5830329,622","13,36574","52,54242",1044202.0,Sparrplatz,4061.0
201176,11,9,,2019,11,14,5,3,2,6,0,0,1,0,0,0,0,0,"806255,3782","5822165,696","13,50899","52,46358",9020501.0,Oberschöneweide West,6238.0
201177,11,7,,2019,11,17,5,3,5,2,2,0,1,0,1,0,0,0,"794958,352","5825655,239","13,34628","52,50108",7010102.0,Nollendorfplatz,3849.0
201178,11,9,,2019,11,17,5,3,5,2,2,0,1,0,0,0,1,0,"812120,7606","5816649,088","13,5899","52,41083",9031101.0,Grünau,7422.0
201179,11,3,,2019,11,13,5,2,5,3,0,0,1,0,0,0,0,2,"797871,133","5836026,165","13,39837","52,59246",3020209.0,Niederschönhausen,4575.0
201180,11,6,,2019,11,17,5,2,1,5,2,1,1,0,0,0,0,1,"787504,094","5817841,906","13,23004","52,43501",6040804.0,Krumme Lanke,2029.0
201181,11,12,,2019,11,12,5,3,2,6,0,0,1,0,0,0,0,0,"790580,3798","5835965,4","13,29099","52,59586",12304314.0,Ziekowstraße/Freie Scholle,2976.0
201182,11,2,,2019,11,12,5,3,4,6,0,1,0,0,0,0,1,0,"800502,4139","5828451,689","13,43024","52,52312",2040502.0,Friedenstraße,5055.0
201183,11,4,,2019,11,8,5,3,6,7,0,0,0,1,0,0,1,0,"792429,2703","5828256,074","13,31141","52,52576",4030519.0,Kaiserin-Augusta-Allee,3256.0
201184,11,11,,2019,11,8,5,3,0,2,0,1,1,0,0,0,0,0,"805112,9423","5829102,196","13,49858","52,52639",11030720.0,Herzbergstraße,6056.0
201185,11,1,,2019,11,8,5,3,1,5,0,1,1,0,0,0,1,1,"796675,3947","5827892,445","13,3735","52,5202",1011102.0,Großer Tiergarten,4254.0