OBJECTID,LAND,BEZ,LOR_ab_2021,UJAHR,UMONAT,USTUNDE,UWOCHENTAG,UKATEGORIE,UART,UTYP1,ULICHTVERH,IstRad,IstPKW,IstFuss,IstKrad,IstGkfz,IstSonstige,USTRZUSTAND,LINREFX,LINREFY,XGCSWGS84,YGCSWGS84,LOR,STRASSE,quadrant
201186,11,4,,2019,11,7,5,3,5,3,0,1,1,0,0,0,0,0,"793067,1138","5822164,334","13,31543","52,4708",4041344.0,Rüdesheimer Platz,3340.0
201187,11,3,,2019,11,7,5,3,2,1,0,0,1,0,0,0,0,1,"796746,0904","5834025,182","13,38001","52,57514",3040513.0,Schönholz,4370.0
201188,11,7,,2019,11,7,5,3,5,2,0,1,1,0,0,0,0,0,"797261,1767","5820737,602","13,37572","52,45575",7040403.0,Manteuffelstraße,4235.0
201189,11,5,,2019,11,5,5,3,6,4,2,0,0,1,0,0,1,1,"781244,714","5830772,178","13,14912","52,5542",5010206.0,Gütersloher Weg,864.0
201190,11,6,,2019,11,14,4,3,6,4,0,0,1,1,0,0,0,0,"787679,8252","5816448,706","13,23142","52,42242",6030501.0,Berlepschstraße,2026.0
201191,11,1,,2019,11,8,4,3,5,3,0,1,1,0,0,0,0,1,"798030,202","5826600,304","13,39225","52,50788",1011204.0,Leipziger Straße,4451.0
201192,11,7,,2019,11,8,4,2,0,5,0,0,1,0,0,0,1,1,"796828,3353","5819571,926","13,36833","52,44554",7050501.0,Rathausstraße,4132.0
201193,11,1,,2019,11,9,4,3,5,2,0,1,1,0,0,0,0,1,"794264,5656","5827283,128","13,33753","52,51605",1022207.0,Hansaviertel,3653.0
201194,11,11,,2019,11,8,4,3,6,4,0,0,1,1,0,0,0,1,"802856,8305","5831360,804","13,46748","52,54789",11020513.0,Orankesee,5662.0
201195,11,8,,2019,11,8,4,3,3,6,0,0,1,0,0,1,0,1,"800519,7025","5823425,441","13,42595","52,47806",8010117.0,Schillerpromenade,4942.0
201196,11,10,,2019,11,8,4,3,5,2,0,0,1,0,0,0,"812083,7893",Hellersdorfer Promenade,"5831815,307","13,60354728","52,54675821",1,10020415.0,Hellersdorfer Promenade,0.0
201197,11,10,,2019,11,7,4,3,6,2,1,0,1,1,0,0,0,1,"809641,6151","5829674,516","13,56565","52,52897",10030724.0,Oberfeldstraße,7057.0
201198,11,3,,2019,11,6,4,3,0,3,0,0,1,0,1,0,0,1,"801941,4468","5832570,497","13,45512","52,55924",3050920.0,Weißer See,5466.0
201199,11,11,,2019,11,6,4,3,5,2,2,1,1,0,0,0,0,1,"805764,6651","5831835,64","13,51067","52,55052",11020412.0,Hauptstraße,6263.0
201200,11,4,,2019,11,1,4,3,5,2,2,0,1,0,0,0,1,1,"792824,1521","5823228,332","13,3128","52,48047",4051551.0,Brabanter Platz,3343.0
201201,11,6,,2019,11,23,4,3,8,1,2,0,1,0,0,0,0,0,"793302,8212","5816962,259","13,31432","52,42404",6020409.0,Königsberger Straße,3326.0
201202,11,7,,2019,11,18,4,3,0,2,2,0,1,0,1,0,0,1,"799272,4137","5819056,058","13,40373","52,43958",7050505.0,Hundsteinweg,4631.0
201203,11,4,,2019,11,20,4,3,0,5,2,0,1,0,1,0,0,1,"791851,9266","5826101,299","13,30104","52,50675",4030725.0,Amtsgerichtsplatz,3150.0
201204,11,1,,2019,11,6,4,3,0,5,2,0,1,0,0,0,1,1,"797686,343","5829637,847","13,38991","52,5353",1033202.0,Humboldthain Süd,4459.0
201205,11,9,,2019,11,17,4,3,5,2,2,1,1,0,0,0,0,1,"809796,3605","5820483,126","13,55938","52,44651",9020802.0,Köllnische Vorstadt,6933.0
201206,11,2,,2019,11,16,4,3,0,5,1,1,1,0,0,0,0,1,"800029,2933","5825521,607","13,42064","52,49712",2030301.0,Oranienplatz,4947.0
201207,11,1,,2019,11,18,4,3,6,7,2,0,0,1,0,0,1,1,"795912,3403","5828853,251","13,36314","52,52923",1022201.0,Stephankiez,4057.0
201208,11,3,,2019,11,16,4,2,6,2,2,0,1,1,0,0,0,1,"802909,9391","5833159,466","13,4699","52,56398",3051017.0,Rennbahnstraße,5667.0
201209,11,3,,2019,11,16,4,2,5,3,2,0,1,0,0,0,0,1,"800023,4298","5832024,315","13,42642","52,55541",3040818.0,Pankow Süd,4964.0
201210,11,1,,2019,11,15,4,2,5,3,1,1,1,0,0,0,0,1,"797759,2682","5829747,607","13,39108","52,53624",1033202.0,Humboldthain Süd,4459.0
201211,11,11,,2019,11,15,4,3,5,3,0,1,1,0,0,0,0,1,"806507,973","5825546,49","13,5158","52,49374",11041128.0,Sewanstraße,6346.0
201212,11,1,,2019,11,19,4,3,5,2,2,0,1,0,0,0,1,1,"799650,5687","5827044,16","13,41645","52,51097",1011305.0,Heine-Viertel West,4851.0
201213,11,1,,2019,11,15,4,3,2,6,0,0,1,0,0,0,0,1,"795195,424","5831365,204","13,35483","52,55214",1044203.0,Leopoldplatz,3963.0
201214,11,12,,2019,11,15,4,3,5,3,0,0,1,0,0,0,0,1,"793389,51","5832514,299","13,32929","52,56341",12214424.0,Scharnweberstraße,3567.0
201215,11,11,,2019,11,14,4,3,5,3,0,1,1,0,0,0,0,1,"803456,2488","5826558,441","13,47191","52,50452",11040925.0,Victoriastadt,5650.0
201216,11,2,,2019,11,14,4,2,6,4,0,0,1,1,0,0,0,1,"802046,3098","5826911,441","13,45152","52,50846",2050802.0,Boxhagener Platz,5351.0
201217,11,9,,2019,11,13,4,3,3,6,0,1,0,0,0,0,1,1,"808959,2229","5819389,59","13,54609","52,43718",9020702.0,Adlershof Ost,6730.0
201218,11,7,,2019,11,13,4,3,1,5,0,1,1,0,0,0,0,1,"796932,8313","5823518,938","13,37338","52,48086",7040401.0,Neu-Tempelhof,4243.0
201219,11,3,,2019,11,13,4,3,5,3,0,0,1,0,0,0,0,1,"796970,2816","5835826,704","13,38493","52,59116",3040512.0,Wilhelmsruh,4375.0
201220,11,11,,2019,11,11,4,3,5,3,0,0,1,0,1,0,0,1,"807312,3469","5825365,486","13,52745","52,49167",11051330.0,Karlshorst West,6446.0
201221,11,8,,2019,11,11,4,3,5,3,0,1,1,0,0,0,0,1,"802114,9938","5823638,89","13,44957","52,47909",8010405.0,Hertzbergplatz,5342.0
201222,11,6,,2019,11,10,4,3,2,6,0,0,1,0,1,0,0,1,"792139,057","5819531,487","13,2995","52,4477",6030605.0,Botanischer Garten,3133.0
201223,11,10,,2019,11,9,4,2,5,3,0,0,1,0,0,0,0,1,"810562,2767","5825072,59","13,57489","52,4872",10040830.0,Kaulsdorf Süd,7245.0
201224,11,1,,2019,11,8,4,3,5,2,0,1,1,0,0,0,0,1,"799727,2583","5827762,843","13,41822","52,51737",1011304.0,Karl-Marx-Allee,4853.0
201225,11,1,,2019,11,16,4,3,0,1,2,0,0,0,1,0,0,1,"797630,2891","5828236,028","13,38783","52,52276",1011301.0,Charitéviertel,4455.0
201226,11,6,,2019,11,9,3,3,6,7,0,0,1,1,0,0,0,0,"795224,3218","5821146,867","13,34619","52,46052",6010210.0,Bismarckstraße,3837.0
201227,11,2,,2019,11,17,3,3,0,7,2,0,0,0,1,0,0,1,"802383,0087","5827444,913","13,45695","52,51306",2050801.0,Traveplatz,5452.0
201228,11,1,,2019,11,21,3,3,1,5,2,1,1,0,0,0,0,0,"794135,1221","5828462,447","13,33667","52,52669",1022104.0,Emdener Straße,3656.0
201229,11,7,,2019,11,20,3,3,1,6,2,0,1,0,0,0,0,0,"795117,4749","5821327,907","13,34479","52,4622",7030303.0,Grazer Platz,3737.0
201230,11,1,,2019,11,18,3,3,5,2,2,0,1,0,1,0,0,1,"795583,4645","5826668,569","13,35636","52,50983",1011105.0,Nördlicher Landwehrkanal,3951.0
201231,11,2,,2019,11,19,3,2,6,4,2,0,1,1,0,0,0,1,"800097,788","5825908,514","13,422","52,50055",2030301.0,Oranienplatz,4948.0
201232,11,11,,2019,11,19,3,3,2,6,2,0,1,0,0,0,0,1,"803606,1567","5829765,502","13,47704","52,53318",11030619.0,Fennpfuhl Ost,5758.0
201233,11,7,,2019,11,22,3,3,5,2,2,0,1,0,1,0,0,0,"797851,3891","5822205,669","13,38569","52,46859",7040403.0,Manteuffelstraße,4339.0
201234,11,12,,2019,11,21,3,3,6,2,2,0,1,1,0,0,0,1,"796337,151","5832502,892","13,37264","52,56172",12103117.0,Letteplatz,4166.0
201235,11,8,,2019,11,0,3,3,6,2,2,0,1,1,0,0,0,0,"802163,9395","5823374,922","13,45004","52,4767",8010404.0,Rixdorf,5341.0
201236,11,1,,2019,11,11,3,3,6,7,0,0,1,1,0,0,0,1,"798081,4189","5826800,689","13,39318","52,50965",1011204.0,Leipziger Straße,4551.0
201237,11,6,,2019,11,10,3,3,2,2,0,0,1,0,0,0,1,0,"795052,127","5819045,092","13,34181","52,44177",6020302.0,Komponistenviertel Lankwitz,3731.0
201238,11,3,,2019,11,10,3,3,0,3,0,0,1,0,1,0,0,1,"804240,8336","5841815,087","13,49743","52,64082",3010101.0,Bucher Forst,6089.0
201239,11,8,,2019,11,10,3,3,1,5,0,1,1,0,0,0,0,0,"801480,4253","5823921,508","13,44051","52,48198",8010301.0,Reuterkiez,5243.0
201240,11,1,,2019,11,9,3,3,6,4,0,1,0,1,0,0,0,1,"796537,7383","5827813,357","13,3714","52,51957",1011102.0,Großer Tiergarten,4154.0
201241,11,3,,2019,11,9,3,2,0,2,0,0,1,0,0,0,1,0,"803225,1865","5838044,899","13,47901","52,60759",3030406.0,Alt-Karow,5780.0
201242,11,3,,2019,11,9,3,3,0,1,0,0,0,0,1,0,0,0,"800881,3613","5831615,146","13,43867","52,55127",3050923.0,Weißenseer Spitze,5163.0
201243,11,8,,2019,11,8,3,3,5,3,0,0,1,0,0,0,0,1,"803357,677","5817393,021","13,46213","52,42242",8030831.0,Gropiusstadt Ost,5526.0
201244,11,3,,2019,11,8,3,2,0,3,0,1,1,0,0,0,0,1,"800680,7677","5831567,299","13,43568","52,55095",3050923.0,Weißenseer Spitze,5163.0
201245,11,6,,2019,11,8,3,2,6,4,0,0,1,1,0,0,0,1,"795010,1833","5819657,662","13,34174","52,44729",6010206.0,Stadtpark,3733.0
201246,11,7,,2019,11,7,3,3,6,4,0,0,1,1,0,0,0,0,"795665,1163","5824476,74","13,35562","52,49013",7020203.0,Kaiser-Wilhelm-Platz,3945.0
201247,11,1,,2019,11,8,3,3,0,4,0,0,0,1,1,0,0,1,"796222,5112","5830762,874","13,3694","52,54618",1044201.0,Reinickendorfer Straße,4162.0
201248,11,2,,2019,11,7,3,3,1,5,0,0,1,0,0,0,0,0,"796995,1244","5824255,063","13,37495","52,48742",2020203.0,Viktoriapark,4245.0
201249,11,11,,2019,11,7,3,3,5,2,0,1,0,0,0,0,1,0,"805538,7203","5833408,496","13,5088","52,56475",11010310.0,Mühlengrund,6267.0
201250,11,11,,2019,11,7,3,3,0,1,0,1,0,0,0,0,0,1,"802899,8843","5829212,583","13,46616","52,52861",11030618.0,Fennpfuhl West,5557.0
201251,11,11,,2019,11,6,3,3,5,2,1,1,0,0,0,0,0,0,"803850,7161","5828776,416","13,47973","52,52418",11030618.0,Fennpfuhl West,5755.0
201252,11,3,,2019,11,2,3,3,8,1,2,0,1,0,0,0,0,1,"799521,3837","5833955,3","13,42078","52,57299",3040614.0,Pankow Zentrum,4970.0
201253,11,4,,2019,11,18,3,3,0,1,2,1,0,0,0,0,0,0,"792229,019","5830696,37","13,31062","52,54774",4010102.0,Plötzensee,3262.0
201254,11,3,,2019,11,17,3,3,0,1,1,0,0,0,1,0,0,1,"799133,6344","5833866,376","13,415","52,57241",3040614.0,Pankow Zentrum,4869.0
201255,11,7,,2019,11,17,3,3,0,1,2,0,0,0,1,0,0,1,"796561,9071","5823810,98","13,36819","52,48368",7020204.0,Schöneberger Insel,4143.0
201256,11,12,,2019,11,16,3,3,5,3,2,1,1,0,0,0,0,1,"790737,3324","5833706,288","13,29132","52,57552",12214125.0,Waldidyll/Flughafensee,2970.0
201257,11,7,,2019,11,16,3,3,3,6,0,0,1,0,1,0,0,1,"796572,1307","5823846,104","13,36837","52,48399",7020204.0,Schöneberger Insel,4144.0
201258,11,11,,2019,11,17,3,3,5,7,2,0,1,0,1,0,0,1,"804271,0377","5827844,587","13,48506","52,51559",11030721.0,Rüdigerstraße,5853.0
201259,11,1,,2019,11,15,3,3,0,4,1,1,0,1,0,0,0,1,"798755,6279","5828975,714","13,40504","52,52878",1011302.0,Oranienburger Straße,4657.0
201260,11,2,,2019,11,15,3,3,5,2,1,1,1,0,0,0,0,1,"801126,644","5828575,599","13,43952","52,52389",2040502.0,Friedenstraße,5155.0
201261,11,4,,2019,11,15,3,3,5,2,0,1,1,0,0,0,0,1,"791668,236","5823133,054","13,29574","52,48024",4041238.0,Kissinger Straße,3042.0
201262,11,7,,2019,11,15,3,3,1,5,0,0,1,0,0,0,0,0,"797505,9035","5820130,965","13,37877","52,45018",7050501.0,Rathausstraße,4234.0
201263,11,2,,2019,11,14,3,3,5,3,0,1,1,0,0,0,0,1,"799912,0076","5825985,1","13,41934","52,50134",2030301.0,Oranienplatz,4849.0
201264,11,2,,2019,11,14,3,2,5,2,0,1,1,0,0,0,0,1,"797749,362","5824034,295","13,38583","52,48503",2020203.0,Viktoriapark,4344.0
201265,11,9,,2019,11,16,3,3,2,6,2,0,1,0,0,0,0,0,"806204,2505","5820292,678","13,50652","52,44683",9010401.0,Johannisthal West,6133.0
201266,11,1,,2019,11,13,3,3,5,2,0,1,1,0,0,0,0,1,"797775,827","5827350,948","13,38918","52,51475",1011203.0,Unter den Linden Süd,4453.0
201267,11,1,,2019,11,12,3,3,5,3,0,0,1,0,1,0,0,0,"797893,5844","5831001,197","13,39418","52,54741",1033201.0,Brunnenstraße,4562.0
201268,11,6,,2019,11,12,3,3,5,3,0,1,1,0,0,0,0,0,"790574,1855","5819763,491","13,27674","52,45061",6040810.0,Dahlem,2734.0
201269,11,7,,2019,11,12,3,3,0,1,0,0,0,0,1,0,0,1,"795572,4943","5825157,458","13,35486","52,49629",7010102.0,Nollendorfplatz,3947.0
201270,11,3,,2019,11,12,3,3,5,3,0,1,0,0,0,0,0,0,"798695,6333","5833450,053","13,40818","52,56892",3040614.0,Pankow Zentrum,4768.0
201271,11,1,,2019,11,11,3,3,3,6,0,1,1,0,0,0,0,1,"794513,3693","5828437,812","13,34221","52,52626",1022104.0,Emdener Straße,3756.0
201272,11,4,,2019,11,5,3,3,1,5,2,1,1,0,0,0,0,0,"791857,7281","5823626,719","13,29896","52,48456",4041238.0,Kissinger Straße,3144.0
201273,11,1,,2019,11,22,2,3,0,1,2,0,0,0,1,0,0,1,"795450,0132","5829550,365","13,35696","52,53573",1022201.0,Stephankiez,3959.0
201274,11,1,,2019,11,21,2,3,2,2,2,0,1,0,1,0,0,1,"799457,329","5827067,3","13,41363","52,51129",1011305.0,Heine-Viertel West,4852.0
201275,11,1,,2019,11,20,2,3,2,6,2,0,1,0,0,0,1,1,"794201,4962","5827151,079","13,33648","52,5149",1022207.0,Hansaviertel,3653.0
201276,11,1,,2019,11,18,2,3,7,7,1,1,0,0,0,0,0,1,"794721,0819","5830905,5","13,34745","52,54827",1044103.0,Westliche Müllerstraße,3862.0
201277,11,4,,2019,11,19,2,3,6,4,2,0,1,1,0,0,0,1,"792971,8323","5826025,483","13,31742","52,50547",4030828.0,Savignyplatz,3350.0
201278,11,1,,2019,11,17,2,3,1,5,2,0,1,0,0,0,1,1,"794793,1354","5829957,234","13,34767","52,53973",1044202.0,Sparrplatz,3860.0
201279,11,7,,2019,11,13,2,3,2,6,0,0,1,0,0,0,0,1,"799196,2462","5820017,884","13,40347","52,44824",7050503.0,Eisenacher Straße,4633.0
201280,11,7,,2019,11,14,2,3,6,4,0,0,1,1,0,0,0,0,"794950,9521","5825382,271","13,34593","52,49864",7010102.0,Nollendorfplatz,3748.0
201281,11,12,,2019,11,14,2,3,5,7,0,0,1,0,0,0,0,1,"791450,8649","5836601,384","13,30436","52,60109",12301205.0,Waidmannslust,3178.0
201282,11,12,,2019,11,18,2,3,5,2,1,1,1,0,0,0,0,1,"794845,7381","5833049,455","13,35119","52,56742",12103218.0,Teichstraße,3868.0
201283,11,9,,2019,11,14,2,3,5,7,0,0,1,0,0,0,1,0,"811202,1542","5821189,197","13,58066","52,45204",9051901.0,Dammvorstadt,7234.0
201284,11,3,,2019,11,14,2,3,6,4,0,0,1,1,0,0,0,1,"802089,0595","5832462,103","13,4572","52,55819",3050920.0,Weißer See,5465.0
201285,11,12,,2019,11,18,2,3,5,3,1,0,1,0,0,0,0,1,"794374,32","5836231,585","13,34708","52,59621",12302107.0,Schorfheidestraße,3876.0
201286,11,4,,2019,11,18,2,3,5,2,2,0,1,0,1,0,0,1,"794203,5095","5824944,777","13,33456","52,49512",4051448.0,Schaperstraße,3647.0
201287,11,7,,2019,11,14,2,3,6,4,0,0,1,1,0,0,0,0,"798112,3726","5819919,369","13,38748","52,44795",7050503.0,Eisenacher Straße,4433.0
201288,11,6,,2019,11,18,2,3,5,2,2,1,1,0,0,0,0,1,"793276,9057","5819084,813","13,3158","52,44308",6030609.0,Augustaplatz,3332.0
201289,11,5,,2019,11,18,2,3,2,6,2,0,1,0,0,0,0,1,"786149,9491","5829143,192","13,21987","52,53704",5030730.0,Zitadellenweg,1959.0
201290,11,2,,2019,11,13,2,3,2,6,1,0,1,0,0,0,0,1,"797117,7876","5824091,295","13,3766","52,48589",2020203.0,Viktoriapark,4244.0
201291,11,9,,2019,11,17,2,3,6,2,2,0,1,1,0,0,0,1,"802657,269","5824415,366","13,45823","52,48575",9010201.0,Am Treptower Park Süd,5444.0
201292,11,1,,2019,11,13,2,3,0,3,0,0,1,0,1,0,0,1,"795944,3268","5831560,657","13,36602","52,55348",1044203.0,Leopoldplatz,4064.0
201293,11,7,,2019,11,13,2,3,1,5,0,0,1,0,0,0,0,0,"797917,6226","5817153,796","13,38216","52,42327",7060603.0,Marienfelde Nordost,4326.0
201294,11,3,,2019,11,13,2,3,5,3,0,0,1,0,0,0,1,1,"802868,9139","5838271,411","13,47397","52,60982",3030406.0,Alt-Karow,5780.0
201295,11,4,,2019,11,13,2,3,5,3,0,0,1,0,0,0,0,1,"792194,0327","5824059,709","13,30427","52,48826",4051445.0,Eisenzahnstraße,3145.0
201296,11,6,,2019,11,12,2,2,5,3,0,1,1,0,0,0,0,1,"796263,294","5817908,6","13,35857","52,43093",6020305.0,Gemeindepark Lankwitz,3928.0
201297,11,10,,2019,11,12,2,3,0,3,0,0,1,0,0,0,0,1,"813289,4941","5829072,118","13,61868","52,52148",10040931.0,Mahlsdorf Nord,7855.0
201298,11,1,,2019,11,16,2,3,6,4,2,0,1,1,0,0,0,1,"795896,329","5831964,51","13,36567","52,55713",1044203.0,Leopoldplatz,4065.0
201299,11,4,,2019,11,15,4,2,6,7,0,0,1,1,0,0,0,0,"789447,081","5826676,132","13,2662","52,51318",4020311.0,Reichsstraße,2652.0
201300,11,1,,2019,11,15,4,2,5,2,0,1,1,0,0,0,0,0,"793680,171","5828001,177","13,32957","52,5228",1022106.0,Elberfelder Straße,3555.0
201301,11,12,,2019,11,16,2,3,1,5,1,1,0,0,0,0,1,0,"794222,6294","5833326,462","13,34226","52,57025",12103218.0,Teichstraße,3769.0
201302,11,8,,2019,11,10,2,2,5,2,0,1,0,0,0,1,0,1,"802753,7184","5822970,341","13,45833","52,47275",8010508.0,Weiße Siedlung,5440.0
201303,11,6,,2019,11,15,2,3,5,2,0,0,0,0,1,1,0,0,"791751,3599","5819295,888","13,29361","52,44579",6030605.0,Botanischer Garten,3032.0
201304,11,8,,2019,11,15,4,3,6,4,0,0,1,1,0,0,0,0,"800993,9406","5822642,419","13,43221","52,47078",8010213.0,Körnerpark,5040.0
201305,11,5,,2019,11,10,2,3,4,6,0,0,1,0,0,0,0,1,"788076,7564","5829040,783","13,24812","52,53511",5030833.0,Motardstraße,2359.0
201306,11,4,,2019,11,10,4,3,2,6,0,1,1,0,0,0,0,0,"790600,6267","5825985,259","13,28255","52,50638",4030724.0,Lietzensee,2850.0
201307,11,9,,2019,11,9,2,3,3,6,0,0,1,0,0,0,0,1,"809743,8708","5820764,23","13,55887","52,44906",9020801.0,Spindlersfeld,6933.0
201308,11,1,,2019,11,6,2,3,6,2,1,0,1,1,0,0,0,0,"794554,5777","5829071,775","13,34337","52,53193",1022104.0,Emdener Straße,3758.0
201309,11,8,,2019,11,8,4,3,0,3,0,0,1,0,0,0,1,0,"802549,3359","5822124,636","13,45457","52,46528",8010510.0,Gewerbegebiet Köllnische Heide,5438.0
201310,11,8,,2019,11,8,2,3,5,3,0,1,1,0,0,0,0,1,"805278,6227","5817252,071","13,49017","52,42009",8041036.0,Zittauer Straße,5925.0
201311,11,6,,2019,11,7,2,3,5,2,0,1,1,0,0,0,0,1,"792369,4341","5820812,05","13,304","52,45906",6040810.0,Dahlem,3136.0
201312,11,9,,2019,11,7,2,3,2,6,0,0,1,0,0,0,0,1,"803492,0184","5820687,938","13,4671","52,45188",9010302.0,Späthsfelde,5634.0
201313,11,12,,2019,11,8,4,3,5,2,0,0,1,0,0,0,0,0,"795786,906","5832580,132","13,36461","52,56271",12103117.0,Letteplatz,4067.0
201314,11,11,,2019,11,6,2,3,5,2,1,0,1,0,1,0,0,1,"806067,5933","5825805,775","13,50957","52,49631",11041128.0,Sewanstraße,6247.0
201315,11,1,,2019,11,7,2,3,0,6,1,1,1,0,0,0,0,1,"797298,573","5831152,484","13,38557","52,54909",1033203.0,Humboldthain Nordwest,4363.0
201316,11,11,,2019,11,7,4,3,5,3,0,1,1,0,0,0,0,0,"807228,0229","5824304,402","13,52523","52,4822",11051330.0,Karlshorst West,6443.0
201317,11,5,,2019,11,7,2,3,5,2,0,0,1,0,0,0,1,1,"785632,9421","5828030,249","13,21132","52,52734",5020627.0,Tiefwerder,1756.0
201318,11,10,,2019,11,6,4,2,5,2,2,0,1,0,1,0,0,0,"811165,8587","5828366,984","13,58683","52,51638",10020622.0,Kaulsdorf Nord I,7353.0
201319,11,7,,2019,11,6,2,3,6,2,1,0,1,1,0,0,0,1,"796809,0666","5821977,858","13,37019","52,46711",7040402.0,Lindenhofsiedlung,4139.0
201320,11,11,,2019,11,6,2,3,6,4,2,0,0,1,1,0,0,1,"803811,5301","5826269,52","13,47687","52,50173",11040925.0,Victoriastadt,5749.0
201321,11,1,,2019,11,8,4,3,2,3,0,1,0,0,0,0,0,0,"795155,563","5827075,522","13,35044","52,51371",1011102.0,Großer Tiergarten,3852.0
201322,11,3,,2019,11,16,4,3,5,2,2,1,0,0,0,0,1,0,"801884,7892","5829850,555","13,45182","52,5349",3061430.0,Volkspark Prenzlauer Berg,5358.0
201323,11,12,,2019,11,13,1,3,0,7,0,0,0,0,1,0,0,1,"790697,6335","5835383,492","13,2922","52,59058",12304314.0,Ziekowstraße/Freie Scholle,3075.0
201324,11,12,,2019,11,5,1,2,1,5,2,0,1,0,0,0,0,1,"795866,4958","5836893,976","13,36963","52,60133",12302109.0,Treuenbrietzener Straße,4178.0
201325,11,9,,2019,11,11,3,3,5,7,0,0,0,0,0,0,1,0,"806011,1572","5819743,788","13,50319","52,44201",9010402.0,Johannisthal Ost,6131.0
201326,11,1,,2019,11,10,3,3,2,2,0,0,1,0,0,0,0,0,"793673,1709","5828112,642","13,32957","52,5238",1022106.0,Elberfelder Straße,3555.0
201327,11,2,,2019,11,3,1,3,0,1,2,1,0,1,0,0,0,1,"802658,9711","5826992,062","13,4606","52,50885",2050802.0,Boxhagener Platz,5551.0
201328,11,3,,2019,11,1,1,3,2,6,2,0,1,0,1,0,0,1,"800072,4531","5835852,374","13,43061","52,58969",3020210.0,Herthaplatz,5074.0
201329,11,8,,2019,11,17,1,3,2,7,2,0,1,0,0,0,0,1,"802187,6865","5819292,75","13,4467","52,4401",8020622.0,Parchimer Allee,5231.0
201330,11,2,,2019,11,10,3,3,5,2,0,1,0,0,0,0,1,0,"803466,787","5827006,257","13,47248","52,50852",2050801.0,Traveplatz,5651.0
201331,11,9,,2019,11,17,1,3,0,1,2,1,0,0,0,0,0,1,"810807,183","5820377,396","13,57411","52,44499",9041501.0,Altstadt Kietz,7132.0
201332,11,1,,2019,11,8,3,3,5,2,0,1,1,0,0,0,0,0,"797530,2797","5829429,61","13,38743","52,53352",1033202.0,Humboldthain Süd,4458.0
201333,11,1,,2019,11,15,1,3,5,3,0,1,1,0,0,0,0,1,"797698,973","5831738,172","13,39198","52,55412",1033102.0,Gesundbrunnen,4464.0
201334,11,1,,2019,11,15,1,3,2,6,0,0,1,0,0,0,0,0,"796440,3565","5831973,494","13,37368","52,55691",1044201.0,Reinickendorfer Straße,4265.0
201335,11,11,,2019,11,8,3,3,5,3,0,0,1,0,0,0,1,0,"807999,0728","5825553,25","13,5377","52,49296",11051331.0,Karlshorst Nord,6646.0
201336,11,3,,2019,11,15,1,3,5,3,0,1,1,0,0,0,0,1,"797412,3571","5833971,488","13,38977","52,57429",3040513.0,Schönholz,4470.0
201337,11,5,,2019,11,14,1,3,0,7,0,0,0,0,1,0,0,1,"789192,9262","5829306,21","13,26476","52,5369",5030833.0,Motardstraße,2559.0
201338,11,1,,2019,11,15,1,3,5,3,0,0,1,0,0,0,0,0,"796410,011","5832009,174","13,37327","52,55725",1033101.0,Soldiner Straße,4265.0
201339,11,5,,2019,11,8,3,3,5,7,0,0,1,0,0,0,0,0,"786810,6871","5828194,821","13,22877","52,52819",5010339.0,Freiheit,2056.0
201340,11,2,,2019,11,8,3,3,2,6,0,0,1,0,0,0,0,0,"800408,0264","5828006,175","13,42845","52,51918",2040502.0,Friedenstraße,5054.0
201341,11,3,,2019,11,14,1,3,0,1,0,1,0,0,0,0,0,1,"802252,3381","5833053,074","13,46014","52,5634",3051017.0,Rennbahnstraße,5467.0
201342,11,2,,2019,11,6,1,3,1,5,2,0,1,0,0,0,0,1,"802440,908","5826786,87","13,45721","52,50713",2050802.0,Boxhagener Platz,5450.0
201343,11,1,,2019,11,8,3,2,5,2,0,1,1,0,0,0,0,0,"796898,817","5828889,314","13,37767","52,52902",1011301.0,Charitéviertel,4257.0
201344,11,6,,2019,11,21,1,3,2,7,2,0,1,0,0,0,0,1,"789829,8996","5818697,995","13,2649","52,44145",6040807.0,Zehlendorf Eiche,2531.0
201345,11,4,,2019,11,19,5,3,6,2,2,0,1,1,0,0,0,1,"792321,4281","5825370,776","13,30729","52,49995",4030726.0,Droysenstraße,3248.0
201346,11,5,,2019,11,18,5,3,5,3,2,0,0,0,1,0,0,1,"782762,9652","5827471,63","13,16865","52,52382",5020523.0,Maulbeerallee,1155.0
201347,11,12,,2019,11,18,5,3,6,4,2,0,1,1,0,0,0,1,"793204,9502","5832390,59","13,32646","52,5624",12214424.0,Scharnweberstraße,3566.0
201348,11,9,,2019,11,7,5,3,2,6,0,0,1,0,0,1,0,0,"804015,5772","5821191,457","13,47523","52,4561",9010302.0,Späthsfelde,5735.0
201349,11,8,,2019,11,6,5,3,6,4,1,0,1,1,0,0,0,0,"800686,5408","5816195,272","13,4219","52,41316",8020727.0,Buckow Mitte,4923.0
201350,11,3,,2019,11,5,5,3,6,4,2,0,1,1,0,0,0,1,"798435,6999","5831740,81","13,40282","52,55374",3061126.0,Arnimplatz,4664.0
201351,11,5,,2019,11,7,5,3,5,2,0,0,1,0,0,0,1,0,"784819,226","5829147,346","13,20031","52,53778",5010314.0,Carl-Schurz-Straße,1659.0
201352,11,3,,2019,11,8,4,3,0,2,0,1,1,0,0,0,0,1,"800154,6978","5836464,77","13,43237","52,59514",3020307.0,Buchholz,5076.0
201353,11,2,,2019,11,21,4,3,5,3,2,0,1,0,0,0,0,1,"800458,1783","5827591,768","13,42881","52,51544",2040701.0,Andreasviertel,5053.0