OBJECTID,LAND,BEZ,LOR_ab_2021,UJAHR,UMONAT,USTUNDE,UWOCHENTAG,UKATEGORIE,UART,UTYP1,ULICHTVERH,IstRad,IstPKW,IstFuss,IstKrad,IstGkfz,IstSonstige,USTRZUSTAND,LINREFX,LINREFY,XGCSWGS84,YGCSWGS84,LOR,STRASSE,quadrant
201354,11,11,,2019,11,19,4,3,6,4,2,0,1,1,0,0,0,0,"805340,102","5833267,724","13,50575","52,5636",11010310.0,Mühlengrund,6167.0
201355,11,3,,2019,11,19,4,3,5,3,2,0,1,0,0,0,0,1,"803468,0251","5838537,195","13,48304","52,61187",3030406.0,Alt-Karow,5881.0
201356,11,2,,2019,11,17,4,3,4,7,2,1,0,0,0,0,0,1,"799690,4506","5825221,335","13,41539","52,49461",2020206.0,Graefekiez,4847.0
201357,11,1,,2019,11,17,4,3,5,3,2,1,1,0,0,0,0,1,"796971,3284","5830138,937","13,37985","52,54018",1033202.0,Humboldthain Süd,4360.0
201358,11,10,,2019,11,17,4,3,5,3,2,0,1,0,0,1,0,1,"812129,434","5828311,568","13,60093","52,51533",10040828.0,Kaulsdorf Nord,7553.0
201359,11,10,,2019,11,17,4,3,5,2,2,1,1,0,0,0,0,1,"808531,2864","5829984,174","13,54962","52,53237",10010309.0,Springpfuhl,6858.0
201360,11,5,,2019,11,16,4,3,5,3,2,0,1,0,0,0,0,0,"787940,2308","5830042,034","13,24698","52,54416",5030731.0,Gartenfelder Straße,2361.0
201361,11,9,,2019,11,22,4,3,0,1,2,0,0,0,0,0,1,0,"804293,7782","5822764,649","13,48075","52,47005",9010301.0,Baumschulenstraße,5839.0
201362,11,8,,2019,11,22,4,3,0,7,2,0,1,0,1,0,0,0,"801044,9064","5822061,404","13,43243","52,46554",8010118.0,Silbersteinstraße,5038.0
201363,11,2,,2019,11,19,4,3,0,2,2,0,1,0,1,0,0,1,"797471,968","5824553,361","13,38222","52,48984",2020203.0,Viktoriapark,4345.0
201364,11,4,,2019,11,21,4,3,5,3,2,0,1,0,0,0,0,0,"792435,4243","5824093,489","13,30785","52,48844",4051445.0,Eisenzahnstraße,3245.0
201365,11,9,,2019,11,12,4,3,5,3,0,0,1,0,0,0,0,1,"807818,2944","5818416,066","13,52847","52,4291",9020701.0,Adlershof West,6528.0
201366,11,7,,2019,11,11,4,3,9,1,0,0,1,0,0,0,0,1,"797581,119","5815565,231","13,37581","52,40921",7060604.0,Marienfelde Süd,4222.0
201367,11,8,,2019,11,10,4,3,2,6,0,1,1,0,0,0,0,1,"802439,0736","5823196,956","13,45392","52,47495",8010404.0,Rixdorf,5441.0
201368,11,1,,2019,11,10,4,2,2,6,0,1,1,0,0,0,0,1,"797529,2153","5827586,68","13,38577","52,517",1011202.0,Unter den Linden Nord,4353.0
201369,11,2,,2019,11,10,4,3,5,7,0,1,1,0,0,0,0,1,"802887,7992","5826678,811","13,46367","52,50591",2050802.0,Boxhagener Platz,5550.0
201370,11,8,,2019,11,10,4,3,0,6,0,0,1,0,1,0,0,1,"801628,0099","5824130,121","13,44286","52,48376",8010301.0,Reuterkiez,5243.0
201371,11,7,,2019,11,9,4,3,4,7,0,1,0,0,0,0,0,0,"799073,3551","5818818,691","13,40059","52,43756",7050505.0,Hundsteinweg,4630.0
201372,11,11,,2019,11,9,4,3,6,4,0,0,1,1,0,0,0,1,"804188,8522","5830668,246","13,48643","52,54094",11020514.0,Große-Leege-Straße,5860.0
201373,11,5,,2019,11,8,4,3,0,1,0,0,0,0,1,0,0,1,"785185,9736","5831351,745","13,2076","52,55735",5010101.0,Hakenfelde Nord,1765.0
201374,11,4,,2019,11,8,4,2,6,4,0,0,0,1,1,0,0,1,"790335,9028","5826677,885","13,27927","52,51273",4020313.0,Königin-Elisabeth-Straße,2852.0
201375,11,4,,2019,11,8,4,2,6,2,0,0,0,1,0,1,0,1,"792830,7101","5824334,191","13,31386","52,49038",4051446.0,Preußenpark,3345.0
201376,11,4,,2019,11,8,4,3,2,6,0,0,1,0,0,0,0,1,"792015,3363","5825978,74","13,30333","52,50556",4030827.0,Karl-August-Platz,3150.0
201377,11,4,,2019,11,6,4,3,6,4,1,0,1,1,0,0,0,1,"794162,1609","5827016,237","13,33579","52,51371",4030621.0,Spreestadt,3652.0
201378,11,6,,2019,11,7,4,2,5,2,0,1,1,0,0,0,0,1,"792761,353","5817958,289","13,30725","52,43326",6030610.0,Lichterfelde West,3229.0
201379,11,7,,2019,11,7,4,3,3,6,2,0,1,0,0,1,0,1,"797357,2763","5815535,572","13,37251","52,40907",7060604.0,Marienfelde Süd,4122.0
201380,11,4,,2019,11,7,4,3,5,2,0,0,1,0,0,0,1,1,"791475,4752","5828279,733","13,29742","52,52648",4030518.0,Tegeler Weg,3056.0
201381,11,9,,2019,11,16,4,2,5,3,2,1,1,0,0,0,0,0,"805033,9719","5820664,822","13,4897","52,45081",9010302.0,Späthsfelde,5934.0
201382,11,4,,2019,11,15,4,3,6,4,1,1,0,1,0,0,0,0,"793942,3317","5825896,636","13,33157","52,50379",4030931.0,Breitscheidplatz,3549.0
201383,11,12,,2019,11,14,4,3,0,1,0,0,1,0,1,0,0,1,"790554,811","5834541,909","13,28936","52,58311",12214527.0,Alt-Tegel,2973.0
201384,11,11,,2019,11,14,4,3,6,4,0,0,0,1,0,0,1,1,"804591,754","5831059,06","13,49271","52,54422",11020514.0,Große-Leege-Straße,5961.0
201385,11,8,,2019,11,13,4,3,4,6,0,0,1,0,0,0,0,1,"801297,0415","5817483,584","13,432","52,42437",8020727.0,Buckow Mitte,5026.0
201386,11,5,,2019,11,7,4,3,5,2,0,0,1,0,1,0,0,1,"782233,6755","5827613,418","13,16099","52,52537",5020523.0,Maulbeerallee,1056.0
201387,11,4,,2019,11,7,4,3,0,3,1,1,1,0,0,0,0,1,"794552,6692","5826005,746","13,34063","52,50444",4030931.0,Breitscheidplatz,3750.0
201388,11,4,,2019,11,6,4,3,6,2,2,0,1,1,0,0,0,1,"790787,13","5827381,817","13,28651","52,5188",4030415.0,Schloßgarten,2954.0
201389,11,1,,2019,11,9,4,3,3,6,0,1,1,0,0,0,0,1,"798270,6094","5828838,563","13,39778","52,52781",1011302.0,Oranienburger Straße,4556.0
201390,11,5,,2019,11,6,4,3,7,7,2,1,0,0,0,0,0,1,"787852,6913","5829367,507","13,2451","52,53816",5030731.0,Gartenfelder Straße,2359.0
201391,11,1,,2019,11,5,4,2,5,2,2,1,1,0,0,0,0,1,"796624,0888","5829798,597","13,37444","52,53732",1033203.0,Humboldthain Nordwest,4259.0
201392,11,1,,2019,11,4,4,3,0,1,2,0,0,0,0,0,1,1,"798667,9164","5829439,915","13,40416","52,53299",1011402.0,Arkonaplatz,4658.0
201393,11,3,,2019,11,13,3,3,6,4,0,0,1,1,0,0,0,1,"799478,3364","5829106,72","13,41578","52,52956",3071537.0,Kollwitzplatz,4857.0
201394,11,1,,2019,11,22,3,3,5,2,2,0,1,0,0,0,1,1,"796989,1207","5831491,733","13,38132","52,5523",1033102.0,Gesundbrunnen,4364.0
201395,11,1,,2019,11,22,3,2,6,4,2,0,0,1,1,0,0,1,"798027,7951","5828916,918","13,39429","52,52865",1011302.0,Oranienburger Straße,4557.0
201396,11,4,,2019,11,23,3,3,2,6,2,0,1,0,0,0,0,1,"791525,4013","5828059,33","13,29796","52,52448",4030518.0,Tegeler Weg,3055.0
201397,11,11,,2019,11,21,3,3,5,3,2,1,1,0,0,0,0,1,"807997,922","5833894,418","13,54541","52,56772",11010103.0,Dorf Falkenberg,6768.0
201398,11,7,,2019,11,19,3,3,1,5,2,0,1,0,0,0,1,0,"800203,122","5821228,524","13,41933","52,45854",7040406.0,Germaniagarten,4836.0
201399,11,1,,2019,11,19,3,3,6,7,2,0,1,1,0,0,0,1,"797677,2795","5827911,846","13,38824","52,51983",1011202.0,Unter den Linden Nord,4454.0
201400,11,5,,2019,11,19,3,3,6,2,2,0,1,1,0,0,0,1,"781830,8224","5830216,768","13,15727","52,54892",5010206.0,Gütersloher Weg,963.0
201401,11,7,,2019,11,20,3,2,6,2,2,0,1,1,0,0,0,1,"795383,5339","5824017,92","13,35107","52,48617",7020203.0,Kaiser-Wilhelm-Platz,3844.0
201402,11,3,,2019,11,18,3,3,6,4,2,0,1,1,0,0,0,1,"798431,721","5831801,412","13,40281","52,55428",3061126.0,Arnimplatz,4664.0
201403,11,10,,2019,11,17,3,3,2,6,2,0,1,0,0,0,0,0,"809333,0434","5832727,959","13,56396","52,55651",10010204.0,Wuhletalstraße,7065.0
201404,11,7,,2019,11,17,3,3,6,2,2,0,1,1,0,0,0,0,"797290,3461","5821379,545","13,37672","52,46149",7040403.0,Manteuffelstraße,4237.0
201405,11,8,,2019,11,17,3,2,6,4,1,0,1,1,0,0,0,0,"802381,5316","5819176,281","13,44944","52,43895",8020622.0,Parchimer Allee,5330.0
201406,11,8,,2019,11,16,3,3,2,6,2,0,1,0,0,1,0,0,"800566,0819","5820560,307","13,42405","52,45235",8020620.0,Tempelhofer Weg,4934.0
201407,11,11,,2019,11,16,3,3,5,2,2,1,1,0,0,0,0,0,"806577,5673","5827759,133","13,51886","52,51353",11041022.0,Rosenfelder Ring,6352.0
201408,11,4,,2019,11,15,3,3,5,2,0,0,1,0,0,0,1,0,"790068,3567","5827332,837","13,27591","52,51874",4020310.0,Park Ruhwald,2754.0
201409,11,4,,2019,11,14,3,3,5,3,0,1,1,0,0,0,0,0,"793687,2508","5826349,208","13,32822","52,50799",4030623.0,Ernst-Reuter-Platz,3551.0
201410,11,5,,2019,11,15,3,2,0,4,1,0,0,1,1,0,0,0,"785050,8371","5829397,024","13,20393","52,5399",5010314.0,Carl-Schurz-Straße,1660.0
201411,11,7,,2019,11,19,3,2,1,7,2,0,1,0,0,0,0,0,"800596,2101","5814147,322","13,41873","52,39485",7070704.0,Nahariyastraße,4817.0
201412,11,7,,2019,11,14,3,3,5,7,0,0,1,0,0,0,0,0,"795878,778","5824525,617","13,3588","52,49046",7020203.0,Kaiser-Wilhelm-Platz,3945.0
201413,11,9,,2019,11,14,3,3,2,6,0,0,1,0,0,0,0,0,"812035,6125","5820032,99","13,5918","52,4412",9041401.0,Allende I,7431.0
201414,11,4,,2019,11,14,3,3,5,2,0,0,1,0,0,0,0,0,"793341,4269","5829716,178","13,32611","52,53836",4010102.0,Plötzensee,3559.0
201415,11,4,,2019,11,15,3,3,2,6,0,0,1,0,0,0,0,0,"791251,6529","5829731,114","13,2954","52,53961",4010101.0,Jungfernheide,3060.0
201416,11,1,,2019,11,11,3,3,1,5,0,0,1,0,0,0,0,0,"796436,2411","5830101,442","13,37195","52,54014",1033203.0,Humboldthain Nordwest,4160.0
201417,11,11,,2019,11,11,3,3,2,6,0,0,1,0,0,0,0,0,"804934,7984","5829954,273","13,49674","52,53413",11030720.0,Herzbergstraße,6058.0
201418,11,7,,2019,11,9,3,3,1,5,0,1,1,0,0,0,0,0,"796976,501","5820982,142","13,37176","52,4581",7040403.0,Manteuffelstraße,4136.0
201419,11,9,,2019,11,10,3,2,6,7,0,0,1,1,0,0,0,0,"810378,0267","5820333,648","13,56778","52,44484",9020802.0,Köllnische Vorstadt,7032.0
201420,11,2,,2019,11,6,3,3,5,2,2,1,1,0,0,0,0,0,"801950,5779","5829055,516","13,45206","52,52773",2050601.0,Hausburgviertel,5356.0
201421,11,8,,2019,11,9,3,3,5,3,0,0,1,0,0,0,1,0,"802234,4112","5822478,782","13,45027","52,46863",8010510.0,Gewerbegebiet Köllnische Heide,5339.0
201422,11,8,,2019,11,9,3,3,0,7,0,0,1,0,0,0,0,0,"801749,0313","5822595,309","13,44325","52,46994",8010404.0,Rixdorf,5239.0
201423,11,4,,2019,11,8,3,3,5,2,0,1,1,0,0,0,0,0,"792948,3233","5825292,443","13,31643","52,49891",4051446.0,Preußenpark,3348.0
201424,11,1,,2019,11,8,3,3,5,3,0,1,1,0,0,0,0,0,"798815,7773","5829376,955","13,40628","52,53234",1011402.0,Arkonaplatz,4658.0
201425,11,7,,2019,11,8,3,3,5,3,0,0,1,0,0,0,0,0,"798284,7479","5820981,802","13,39096","52,45738",7040405.0,Rathaus Tempelhof,4436.0
201426,11,9,,2019,11,7,3,3,2,2,0,1,1,0,0,0,0,1,"806152,0595","5820168,516","13,50564","52,44574",9010401.0,Johannisthal West,6132.0
201427,11,2,,2019,11,7,3,3,8,1,1,1,0,0,0,0,0,1,"801435,8948","5825665,59","13,44143","52,49763",2030402.0,Wrangelkiez,5248.0
201428,11,3,,2019,11,7,3,2,6,2,0,0,0,1,0,1,0,0,"800840,2585","5833477,497","13,43975","52,56798",3030715.0,Heinersdorf,5168.0
201429,11,5,,2019,11,8,2,3,5,2,0,1,1,0,0,0,0,0,"785043,8548","5829397,788","13,20383","52,53991",5010314.0,Carl-Schurz-Straße,1660.0
201430,11,8,,2019,11,17,2,3,6,2,2,0,1,1,0,0,0,1,"801392,3592","5819274,678","13,43502","52,44037",8020625.0,Handwerker-Siedlung,5131.0
201431,11,9,,2019,11,18,2,3,5,2,2,1,0,0,0,1,0,1,"808820,4374","5814861,534","13,53988","52,39668",9031001.0,Bohnsdorf,6618.0
201432,11,4,,2019,11,18,2,3,2,7,2,0,1,0,0,0,0,1,"793897,6156","5823106,64","13,32845","52,47881",4051655.0,Babelsberger Straße,3542.0
201433,11,1,,2019,11,17,2,3,0,1,2,1,0,0,0,0,0,1,"795485,3498","5827928,011","13,35604","52,52117",1022206.0,Lüneburger Straße,3954.0
201434,11,6,,2019,11,16,2,3,5,3,2,0,1,0,0,0,0,1,"790544,6683","5820806,461","13,27722","52,45998",6040810.0,Dahlem,2737.0
201435,11,3,,2019,11,17,2,3,5,2,2,1,1,0,0,0,0,1,"798652,4323","5831486,952","13,40578","52,55134",3061126.0,Arnimplatz,4663.0
201436,11,2,,2019,11,18,2,3,0,7,2,1,0,0,0,0,0,0,"802333,6273","5827096,643","13,45591","52,50996",2050802.0,Boxhagener Platz,5451.0
201437,11,1,,2019,11,16,2,3,6,2,1,0,1,1,0,0,0,1,"796671,5017","5828256,215","13,37376","52,52347",1011301.0,Charitéviertel,4255.0
201438,11,12,,2019,11,16,2,3,6,6,2,0,1,1,0,0,0,1,"796680,2267","5832831,898","13,37798","52,56448",12103117.0,Letteplatz,4267.0
201439,11,11,,2019,11,16,2,3,0,3,2,0,1,0,0,0,1,1,"802949,8521","5829190,496","13,46687","52,52839",11030618.0,Fennpfuhl West,5557.0
201440,11,4,,2019,11,17,2,3,5,3,2,0,1,0,0,0,0,1,"794157,6106","5825333,357","13,33423","52,49863",4051448.0,Schaperstraße,3648.0
201441,11,9,,2019,11,17,2,2,6,4,2,0,1,1,0,0,0,1,"807558,5802","5815389,046","13,52188","52,40212",9030901.0,Dorf Altglienicke,6420.0
201442,11,10,,2019,11,15,2,3,5,2,0,1,1,0,0,0,0,1,"807911,9759","5830177,709","13,5407","52,53446",10010309.0,Springpfuhl,6658.0
201443,11,1,,2019,11,17,2,3,6,4,2,1,0,1,0,0,0,1,"797133,6846","5827775,028","13,38012","52,5189",1011202.0,Unter den Linden Nord,4354.0
201444,11,2,,2019,11,15,2,3,5,3,0,1,0,0,0,0,1,1,"800580,2547","5827008,28","13,43008","52,51014",2040701.0,Andreasviertel,5051.0
201445,11,3,,2019,11,13,2,2,5,3,1,1,1,0,0,0,0,1,"798342,175","5834830,075","13,40422","52,58148",3020209.0,Niederschönhausen,4672.0
201446,11,7,,2019,11,17,2,2,6,2,2,0,1,1,0,0,0,1,"798342,1013","5823947,405","13,39445","52,48393",7040401.0,Neu-Tempelhof,4544.0
201447,11,12,,2019,11,13,2,3,5,3,0,0,1,0,0,0,0,1,"791240,003","5836664,237","13,30131","52,60177",12304314.0,Ziekowstraße/Freie Scholle,3178.0
201448,11,4,,2019,11,13,2,3,2,3,0,1,1,0,0,0,0,1,"793093,0227","5822997,539","13,31654","52,47826",4051551.0,Brabanter Platz,3342.0
201449,11,5,,2019,11,17,2,3,2,6,2,0,1,0,0,0,1,1,"785139,2184","5828332,419","13,20432","52,5303",5020627.0,Tiefwerder,1657.0
201450,11,12,,2019,11,17,2,3,6,2,2,0,0,1,0,0,1,1,"792920,4925","5837069,227","13,32642","52,6045",12302211.0,Lübarser Straße,3579.0
201451,11,12,,2019,11,12,2,2,5,2,0,1,0,0,0,1,0,0,"792185,4295","5832956,495","13,31197","52,56803",12214422.0,Klixstraße,3268.0
201452,11,10,,2019,11,19,2,3,1,5,2,0,1,0,1,0,0,1,"813204,3675","5828907,529","13,61728","52,52006",10040931.0,Mahlsdorf Nord,7854.0
201453,11,1,,2019,11,12,2,2,5,2,0,0,1,0,1,0,0,1,"794556,4402","5828348,398","13,34276","52,52544",1022106.0,Elberfelder Straße,3756.0
201454,11,1,,2019,11,19,2,3,2,6,2,0,1,0,1,0,0,1,"798603,1404","5829069,096","13,40288","52,5297",1011302.0,Oranienburger Straße,4657.0
201455,11,4,,2019,11,10,2,3,5,2,0,0,1,0,0,0,1,1,"791287,883","5830670,435","13,29675","52,54801",4010101.0,Jungfernheide,3062.0
201456,11,5,,2019,11,9,2,2,5,2,0,0,1,0,0,0,0,0,"780070,8961","5827690,35","13,12926","52,52717",5020521.0,Döberitzer Weg,556.0
201457,11,6,,2019,11,9,2,3,2,2,0,0,1,0,0,0,0,1,"794267,9047","5820262,018","13,33138","52,45311",6010207.0,Mittelstraße,3535.0
201458,11,3,,2019,11,9,2,3,6,4,0,0,1,1,0,0,0,0,"797873,8896","5833063,372","13,39574","52,5659",3040614.0,Pankow Zentrum,4568.0
201459,11,9,,2019,11,8,2,2,6,4,0,0,1,1,0,0,0,1,"806506,016","5821467,725","13,51203","52,45719",9020601.0,Schnellerstraße,6236.0
201460,11,9,,2019,11,8,2,3,5,2,0,1,1,0,0,0,0,1,"810475,9952","5821194,308","13,57001","52,4525",9051901.0,Dammvorstadt,7134.0
201461,11,1,,2019,11,8,2,3,5,2,0,1,0,0,0,0,1,0,"794542,7963","5829072,984","13,3432","52,53194",1022104.0,Emdener Straße,3758.0
201462,11,1,,2019,11,8,2,3,0,1,0,1,0,0,0,0,0,1,"797303,9626","5829025,118","13,38374","52,53001",1011301.0,Charitéviertel,4357.0
201463,11,7,,2019,11,7,2,3,2,6,0,0,1,0,1,0,0,1,"797121,2908","5819459,109","13,37253","52,44436",7050501.0,Rathausstraße,4132.0
201464,11,8,,2019,11,7,2,3,1,5,0,1,1,0,0,0,1,1,"800997,5171","5824808,742","13,43422","52,4902",8010301.0,Reuterkiez,5145.0
201465,11,6,,2019,11,7,2,3,6,4,0,0,1,1,0,0,0,1,"793806,638","5818010,137","13,32263","52,43317",6020409.0,Königsberger Straße,3429.0
201466,11,12,,2019,11,6,2,2,5,2,2,0,1,0,0,0,1,1,"792614,3976","5832068,916","13,31749","52,55984",12214125.0,Waldidyll/Flughafensee,3366.0
201467,11,2,,2019,11,16,1,2,6,4,2,0,1,1,0,0,0,1,"801413,899","5826411,347","13,44178","52,50433",2040703.0,Wriezener Bahnhof/Entwicklungsgebiet,5250.0
201468,11,12,,2019,11,15,1,3,0,3,0,0,1,0,1,0,0,1,"795225,1057","5832472,284","13,35625","52,56205",12103219.0,Schäfersee,3966.0
201469,11,3,,2019,11,15,1,3,5,3,0,1,1,0,0,0,0,1,"802703,2938","5831775,814","13,4656","52,5517",3050925.0,Komponistenviertel Weißensee,5563.0
201470,11,9,,2019,11,14,1,3,1,7,0,1,0,0,0,0,1,1,"810692,847","5819595,206","13,57171","52,43804",9020802.0,Köllnische Vorstadt,7130.0
201471,11,9,,2019,11,13,1,3,0,7,0,0,0,0,1,0,0,1,"821418,6346","5819147,139","13,72853","52,42783",9051801.0,Rahnsdorf/Hessenwinkel,9427.0
201472,11,2,,2019,11,10,1,3,5,3,0,0,1,0,0,0,0,1,"797592,1078","5825950,103","13,38523","52,50229",2010101.0,Askanischer Platz,4349.0
201473,11,6,,2019,11,9,1,3,5,3,0,0,1,0,0,0,0,1,"789600,3742","5817095,781","13,26014","52,42721",6030504.0,Teltower Damm,2527.0
201474,11,12,,2019,11,8,1,3,5,3,0,0,1,0,1,0,0,1,"792121,0396","5838486,812","13,3159","52,61764",12231101.0,Hermsdorf,3383.0
201475,11,8,,2019,11,17,1,2,6,4,2,0,1,1,0,0,0,1,"800517,2792","5822031,778","13,42466","52,46557",8010118.0,Silbersteinstraße,4938.0
201476,11,2,,2019,11,2,1,3,1,5,2,1,1,0,0,0,0,0,"797105,5454","5824371,178","13,37667","52,48841",2020203.0,Viktoriapark,4245.0
201477,11,1,,2019,11,23,1,3,5,3,2,0,1,0,0,0,0,1,"797168,9172","5831918,629","13,38435","52,55603",1033102.0,Gesundbrunnen,4365.0
201478,11,12,,2019,11,6,1,3,8,1,2,0,1,0,0,0,0,1,"793155,2306","5835888,465","13,32883","52,59379",12301203.0,Wittenau Süd,3576.0
201479,11,11,,2019,11,21,1,3,4,1,2,0,1,0,0,0,0,1,"803447,7862","5826640,274","13,47186","52,50525",11040925.0,Victoriastadt,5650.0
201480,11,3,,2019,11,20,1,3,5,2,2,1,1,0,0,0,0,1,"800291,9274","5831596,393","13,42998","52,55142",3061228.0,Erich-Weinert-Straße,5063.0
201481,11,8,,2019,11,20,1,2,6,3,2,0,1,1,0,0,0,1,"799592,9784","5816418,451","13,40607","52,41576",8020726.0,Buckow West,4624.0
201482,11,8,,2019,11,17,1,3,6,4,2,0,1,1,0,0,0,1,"800470,4354","5823610,849","13,4254","52,47975",8010117.0,Schillerpromenade,4942.0
201483,11,9,,2019,11,17,1,2,5,2,2,0,1,0,0,0,0,1,"805016,7916","5822703,753","13,49131","52,4691",9010301.0,Baumschulenstraße,5939.0
201484,11,7,,2019,11,15,1,3,1,7,1,0,1,0,0,0,1,1,"795507,301","5823842,732","13,35274","52,48454",7020203.0,Kaiser-Wilhelm-Platz,3944.0
201485,11,12,,2019,11,7,1,3,9,1,2,0,1,0,0,0,0,1,"794727,227","5838578,838","13,35436","52,61705",12301206.0,Lübars,3982.0
201486,11,2,,2019,11,5,7,3,5,3,2,0,1,0,0,0,0,1,"798213,2961","5826240,774","13,39461","52,50456",2010102.0,Mehringplatz,4550.0
201487,11,10,,2019,11,14,7,3,5,2,0,0,1,0,0,0,0,0,"811351,1369","5831956,271","13,59291","52,54844",10020412.0,Alte Hellersdorfer Straße,7462.0
201488,11,8,,2019,11,22,7,3,2,6,2,0,1,0,0,0,0,0,"800596,702","5823190,784","13,42687","52,47591",8010117.0,Schillerpromenade,5041.0
201489,11,6,,2019,11,19,7,3,6,2,2,0,1,1,0,0,0,0,"792760,9856","5817474,72","13,30682","52,42893",6030608.0,Schweizer Viertel,3227.0
201490,11,2,,2019,11,18,7,3,2,6,2,0,1,0,0,0,0,0,"799704,3009","5825792,791","13,41611","52,49973",2010103.0,Moritzplatz,4848.0
201491,11,1,,2019,11,18,7,3,2,6,2,0,1,0,0,0,0,0,"796900,6599","5831389,635","13,37993","52,55143",1033203.0,Humboldthain Nordwest,4363.0
201492,11,1,,2019,11,14,7,3,5,2,0,0,1,0,0,0,0,1,"794506,9306","5830649,916","13,34407","52,5461",1044103.0,Westliche Müllerstraße,3762.0
201493,11,1,,2019,11,0,7,2,1,5,2,0,1,0,0,0,1,0,"797534,4732","5828459,259","13,38663","52,52482",1011301.0,Charitéviertel,4456.0
201494,11,5,,2019,11,9,7,3,5,2,0,0,1,0,0,0,0,1,"781304,426","5828384,764","13,14798","52,53277",5020419.0,Magistratsweg,858.0
201495,11,10,,2019,11,7,7,3,0,1,2,0,0,0,1,0,0,1,"806477,2319","5830220,046","13,51966","52,53564",10010308.0,Marzahner Chaussee,6359.0
201496,11,6,,2019,11,6,7,3,5,3,2,1,1,0,0,0,0,1,"793658,7237","5817265,071","13,31981","52,42657",6020409.0,Königsberger Straße,3427.0
201497,11,7,,2019,11,20,7,3,2,6,2,0,1,0,0,0,0,0,"794662,995","5821785,936","13,33852","52,46655",7030303.0,Grazer Platz,3638.0
201498,11,6,,2019,11,5,7,2,9,1,2,0,1,1,0,0,0,0,"791275,564","5819857,489","13,28712","52,45108",6040809.0,Thielallee,2934.0
201499,11,2,,2019,11,20,7,3,5,2,2,0,1,0,0,0,0,0,"797824,2355","5824931,06","13,38773","52,49303",2020203.0,Viktoriapark,4446.0
201500,11,3,,2019,11,19,7,3,0,3,2,0,1,0,1,0,0,0,"797781,008","5832958,85","13,39428","52,56501",3040614.0,Pankow Zentrum,4567.0
201501,11,2,,2019,11,18,7,3,2,6,2,0,1,0,0,0,0,0,"801708,1062","5826161,843","13,44588","52,50193",2040703.0,Wriezener Bahnhof/Entwicklungsgebiet,5249.0
201502,11,9,,2019,11,13,7,3,5,2,0,0,1,0,0,0,0,0,"803992,4256","5823070,491","13,47661","52,47296",9010202.0,Köpenicker Landstraße,5740.0
201503,11,4,,2019,11,13,7,3,5,7,0,0,1,0,0,0,0,0,"794159,0114","5824046,89","13,33312","52,48709",4051655.0,Babelsberger Straße,3644.0
201504,11,4,,2019,11,12,7,3,6,7,0,0,1,1,0,0,0,0,"791058,023","5823011,514","13,28667","52,47947",4041238.0,Kissinger Straße,2942.0
201505,11,1,,2019,11,2,7,3,0,2,2,0,1,0,0,0,0,0,"799479,819","5828830,293","13,41555","52,52708",1011303.0,Alexanderplatzviertel,4856.0
201506,11,11,,2019,11,12,7,3,2,6,0,0,1,0,0,0,0,1,"804099,477","5829827,462","13,48435","52,53346",11030619.0,Fennpfuhl Ost,5858.0
201507,11,1,,2019,11,10,7,2,0,5,0,0,1,0,1,0,0,1,"795027,6977","5830902,193","13,35195","52,54808",1044103.0,Westliche Müllerstraße,3862.0
201508,11,1,,2019,11,11,6,3,6,4,0,0,1,1,0,0,0,0,"794275,1147","5829266,55","13,33944","52,53382",1022104.0,Emdener Straße,3758.0
201509,11,2,,2019,11,22,6,3,0,3,2,1,1,0,0,0,0,0,"799611,2535","5824523,314","13,4136","52,4884",2020206.0,Graefekiez,4845.0
201510,11,11,,2019,11,7,6,3,6,4,2,0,1,1,0,0,0,1,"804725,5632","5830609,271","13,49427","52,54011",11020515.0,Landsberger Allee,6060.0
201511,11,7,,2019,11,19,6,3,5,2,2,1,1,0,0,0,0,0,"793990,631","5821564,091","13,32846","52,46493",7030301.0,Friedenau,3538.0
201512,11,4,,2019,11,17,6,3,0,5,2,1,1,0,0,0,0,0,"794003,2069","5825127,668","13,33178","52,49687",4051448.0,Schaperstraße,3547.0
201513,11,12,,2019,11,17,6,3,2,6,2,0,1,0,0,0,0,0,"793510,5798","5832412,683","13,33098","52,56244",12214424.0,Scharnweberstraße,3567.0
201514,11,1,,2019,11,13,1,3,5,3,0,0,1,0,1,0,0,0,"796970,231","5826857,932","13,3769","52,51077",1011201.0,Wilhelmstraße,4251.0
201515,11,11,,2019,11,12,1,3,5,3,0,1,1,0,0,0,0,0,"807403,6923","5827435,602","13,5307","52,51017",11041027.0,Tierpark,6551.0
201516,11,7,,2019,11,17,6,3,3,6,2,0,1,0,0,1,0,0,"797283,2637","5822715,262","13,37781","52,47346",7040401.0,Neu-Tempelhof,4240.0
201517,11,4,,2019,11,12,1,3,3,6,0,0,1,0,0,0,1,0,"790466,7463","5826727,737","13,28123","52,5131",4020313.0,Königin-Elisabeth-Straße,2852.0
201518,11,4,,2019,11,16,6,3,2,6,0,0,1,0,0,0,1,0,"789728,3592","5827431,812","13,271","52,51981",4020310.0,Park Ruhwald,2654.0
201519,11,7,,2019,11,11,1,3,0,5,0,1,1,0,0,0,0,0,"795998,9348","5824088,127","13,36017","52,48647",7020203.0,Kaiser-Wilhelm-Platz,4044.0