OBJECTID,LAND,BEZ,LOR_ab_2021,UJAHR,UMONAT,USTUNDE,UWOCHENTAG,UKATEGORIE,UART,UTYP1,ULICHTVERH,IstRad,IstPKW,IstFuss,IstKrad,IstGkfz,IstSonstige,USTRZUSTAND,LINREFX,LINREFY,XGCSWGS84,YGCSWGS84,LOR,STRASSE,quadrant
201520,11,3,,2019,11,10,1,3,5,3,0,0,1,0,0,0,0,0,"802876,5307","5838280,708","13,47409","52,6099",3030406.0,Alt-Karow,5780.0
201521,11,1,,2019,11,16,6,3,0,1,0,1,0,0,0,0,0,1,"796973,2246","5830136,228","13,37988","52,54015",1033202.0,Humboldthain Süd,4360.0
201522,11,4,,2019,11,1,1,3,1,1,2,0,1,0,0,0,0,0,"790964,5082","5829482,828","13,29096","52,53754",4010101.0,Jungfernheide,2959.0
201523,11,4,,2019,11,16,1,3,6,2,2,0,1,1,0,0,0,0,"791918,8202","5822381,672","13,29876","52,47337",4041241.0,Breite Straße,3040.0
201524,11,9,,2019,11,2,1,3,0,1,2,1,0,0,0,0,0,1,"809832,0395","5820239,525","13,55968","52,44431",9020802.0,Köllnische Vorstadt,6932.0
201525,11,2,,2019,11,14,6,3,5,3,0,1,1,0,0,0,0,0,"801242,6851","5827686,68","13,44042","52,51586",2040701.0,Andreasviertel,5253.0
201526,11,3,,2019,11,14,6,3,5,3,0,1,1,0,0,0,0,0,"801007,2546","5832192,395","13,44104","52,55637",3050919.0,Gustav-Adolf-Straße,5265.0
201527,11,7,,2019,11,19,1,2,6,4,2,0,1,1,0,0,0,0,"797232,4115","5818631,57","13,37343","52,43689",7050501.0,Rathausstraße,4230.0
201528,11,1,,2019,11,17,1,3,0,1,2,0,0,0,0,0,1,0,"795321,1725","5828215,851","13,35388","52,52384",1022204.0,Thomasiusstraße,3955.0
201529,11,10,,2019,11,15,6,2,5,3,0,1,1,0,0,0,0,0,"808914,2209","5828162,46","13,55356","52,51583",10030724.0,Oberfeldstraße,6853.0
201530,11,11,,2019,11,17,7,3,2,6,2,0,1,0,0,0,0,0,"805990,8302","5830120,47","13,51242","52,53502",11030720.0,Herzbergstraße,6258.0
201531,11,1,,2019,11,17,7,2,0,1,2,1,0,0,0,0,0,0,"796989,6182","5828921,424","13,37903","52,52926",1011301.0,Charitéviertel,4257.0
201532,11,7,,2019,11,15,6,3,5,3,1,0,1,0,0,0,0,0,"797652,3845","5815482,483","13,37678","52,40843",7060604.0,Marienfelde Süd,4221.0
201533,11,4,,2019,11,14,6,3,5,3,0,0,1,0,0,0,0,0,"790793,499","5826011,639","13,28541","52,50651",4030724.0,Lietzensee,2850.0
201534,11,1,,2019,11,15,7,3,6,4,0,0,1,1,0,0,0,0,"794839,0343","5830601,188","13,34891","52,54548",1044103.0,Westliche Müllerstraße,3862.0
201535,11,11,,2019,11,13,7,3,2,6,0,0,1,0,0,0,0,0,"804246,8065","5828708,479","13,48549","52,52335",11030619.0,Fennpfuhl Ost,5855.0
201536,11,3,,2019,11,14,6,3,2,6,0,0,1,0,0,0,0,0,"799375,6633","5831789,829","13,41668","52,55366",3061227.0,Humannplatz,4864.0
201537,11,2,,2019,11,14,6,3,2,2,0,0,0,0,1,0,1,0,"800925,8289","5826867,148","13,43502","52,50868",2040703.0,Wriezener Bahnhof/Entwicklungsgebiet,5151.0
201538,11,3,,2019,11,12,7,3,0,5,0,0,1,0,0,0,0,0,"802659,8456","5831603,916","13,46481","52,55018",3050925.0,Komponistenviertel Weißensee,5563.0
201539,11,7,,2019,11,12,7,3,3,6,0,1,1,0,0,0,0,0,"796038,54","5815367,612","13,35303","52,40827",7060604.0,Marienfelde Süd,3921.0
201540,11,11,,2019,11,22,7,3,0,2,2,1,1,0,0,0,0,0,"805170,5463","5827714,537","13,49815","52,51392",11030721.0,Rüdigerstraße,6052.0
201541,11,7,,2019,11,12,6,3,6,7,0,0,1,1,0,0,0,0,"798742,2845","5823946,892","13,40033","52,48371",7040401.0,Neu-Tempelhof,4643.0
201542,11,10,,2019,11,20,7,2,6,4,2,0,1,1,0,0,0,0,"810330,6144","5831826,811","13,57779","52,54786",10010311.0,Landsberger Tor,7262.0
201543,11,4,,2019,11,14,6,3,0,7,0,1,1,0,0,0,0,0,"792682,231","5827414,733","13,31439","52,51808",4030620.0,Alt-Lietzow,3354.0
201544,11,1,,2019,11,19,7,3,0,5,2,0,1,0,0,0,0,0,"796202,0671","5832318,254","13,37049","52,56013",1033101.0,Soldiner Straße,4166.0
201545,11,6,,2019,11,20,7,2,4,6,2,0,1,0,0,0,0,0,"793509,1143","5817397,784","13,31773","52,42784",6020409.0,Königsberger Straße,3327.0
201546,11,1,,2019,11,13,6,2,0,6,0,0,1,0,1,0,0,0,"793531,5441","5828191,942","13,32756","52,52459",1022102.0,Beusselkiez,3555.0
201547,11,10,,2019,11,19,7,3,0,1,2,0,0,0,1,0,0,0,"811302,6608","5831243,532","13,59153","52,54208",10020413.0,Gut Hellersdorf,7461.0
201548,11,12,,2019,11,10,7,3,2,6,0,0,1,0,0,0,0,0,"793455,5948","5836101,883","13,33344","52,59554",12301203.0,Wittenau Süd,3676.0
201549,11,4,,2019,11,10,7,3,5,2,0,0,1,0,0,0,0,0,"791659,4716","5827534,024","13,29947","52,5197",4030415.0,Schloßgarten,3154.0
201550,11,11,,2019,11,13,6,3,6,7,0,0,1,1,0,0,0,0,"805660,7136","5831946,92","13,50924","52,55158",11020411.0,Malchower Weg,6263.0
201551,11,1,,2019,11,13,6,2,0,2,0,1,1,0,0,0,0,0,"799108,7869","5828466,04","13,40977","52,52402",1011303.0,Alexanderplatzviertel,4755.0
201552,11,8,,2019,11,7,7,3,0,1,2,1,0,0,0,0,0,0,"800472,7873","5823727,852","13,42554","52,4808",8010211.0,Flughafenstraße,4943.0
201553,11,11,,2019,11,2,7,3,9,1,2,0,1,0,0,0,0,1,"805643,3827","5831768,539","13,50882","52,54999",11020412.0,Hauptstraße,6263.0
201554,11,1,,2019,11,12,6,3,0,2,0,1,1,0,0,0,0,0,"797709,7892","5832893,588","13,39318","52,56447",1033101.0,Soldiner Straße,4567.0
201555,11,4,,2019,11,12,6,3,1,5,0,1,1,0,0,0,0,0,"792099,5669","5822057,274","13,30113","52,47036",4041241.0,Breite Straße,3140.0
201556,11,12,,2019,11,9,6,3,5,3,0,1,1,0,0,0,0,1,"794872,0664","5835831,688","13,35405","52,59235",12302110.0,Dannenwalder Weg,3975.0
201557,11,8,,2019,11,17,6,3,6,2,2,0,1,1,0,0,0,0,"801265,3413","5819668,016","13,43351","52,44397",8020622.0,Parchimer Allee,5132.0
201558,11,1,,2019,11,12,6,3,3,6,0,0,1,0,1,0,0,0,"796522,5638","5829892,22","13,37303","52,53821",1033203.0,Humboldthain Nordwest,4259.0
201559,11,12,,2019,11,21,6,3,5,3,2,0,1,0,0,0,0,0,"790303,9039","5834952,338","13,28603","52,58693",12214527.0,Alt-Tegel,2974.0
201560,11,1,,2019,11,20,6,3,6,7,2,0,1,1,0,0,0,0,"797722,9681","5831842,192","13,39243","52,55504",1033102.0,Gesundbrunnen,4464.0
201561,11,1,,2019,11,10,6,3,5,5,0,1,0,0,0,0,1,0,"799496,9021","5827092,059","13,41424","52,51149",1011305.0,Heine-Viertel West,4852.0
201562,11,5,,2019,11,10,6,3,5,7,0,0,1,0,1,0,0,0,"787955,479","5828206,125","13,24561","52,52769",5010339.0,Freiheit,2356.0
201563,11,8,,2019,11,19,6,3,5,2,2,0,1,0,0,0,0,0,"801551,8005","5820650,691","13,4386","52,45262",8020619.0,Buschkrugallee Nord,5134.0
201564,11,2,,2019,11,23,6,3,0,7,2,1,0,0,0,0,0,0,"798827,6493","5824523,636","13,4021","52,48883",2020205.0,Chamissokiez,4645.0
201565,11,6,,2019,11,19,6,2,1,7,2,0,1,0,0,0,0,1,"791994,4925","5820117,758","13,29789","52,45303",6040809.0,Thielallee,3035.0
201566,11,3,,2019,11,9,6,3,1,5,0,1,1,0,0,0,0,0,"799005,5426","5829155,12","13,40887","52,53025",3071536.0,Teutoburger Platz,4757.0
201567,11,4,,2019,11,19,6,3,3,5,2,0,1,0,1,0,0,1,"791369,2041","5823439,941","13,29162","52,48315",4041137.0,Flinsberger Platz,2943.0
201568,11,5,,2019,11,10,6,2,0,7,0,0,1,0,0,0,1,0,"782743,611","5828424,266","13,16917","52,53238",5020417.0,Staakener Straße,1158.0
201569,11,1,,2019,11,18,6,3,5,2,2,1,1,0,0,0,0,0,"797203,928","5827496,81","13,38091","52,51637",1011202.0,Unter den Linden Nord,4353.0
201570,11,2,,2019,11,18,6,3,1,5,2,1,1,0,0,0,1,1,"800862,6063","5826860,884","13,43409","52,50866",2040701.0,Andreasviertel,5151.0
201571,11,9,,2019,11,8,6,3,2,6,0,0,1,0,0,0,0,0,"804361,8156","5821762,935","13,48084","52,46103",9010301.0,Baumschulenstraße,5837.0
201572,11,1,,2019,11,8,6,3,5,2,0,0,1,0,0,0,0,0,"795953,2321","5828336,411","13,36328","52,52458",1022206.0,Lüneburger Straße,4055.0
201573,11,3,,2019,11,18,6,3,0,5,2,0,1,0,0,0,0,0,"801854,6571","5831260,591","13,45266","52,54755",3050925.0,Komponistenviertel Weißensee,5362.0
201574,11,11,,2019,11,6,6,3,0,6,1,0,1,0,1,0,0,0,"802728,9727","5829377,741","13,4638","52,53019",11030618.0,Fennpfuhl West,5557.0
201575,11,3,,2019,11,17,6,3,2,6,2,0,1,0,0,0,0,0,"799178,028","5830843,983","13,41293","52,54529",3061131.0,Falkplatz,4761.0
201576,11,3,,2019,11,17,6,3,1,5,2,1,1,0,0,0,0,0,"799031,2762","5831444,712","13,41131","52,55076",3061126.0,Arnimplatz,4763.0
201577,11,3,,2019,11,8,6,3,6,7,0,1,0,1,0,0,0,0,"801473,6855","5831873,453","13,44761","52,55325",3050924.0,Behaimstraße,5364.0
201578,11,5,,2019,11,6,6,2,6,4,2,0,1,1,0,0,0,0,"786377,3654","5828222,617","13,22243","52,52867",5010339.0,Freiheit,1957.0
201579,11,8,,2019,11,17,6,3,2,6,2,0,1,0,0,0,0,1,"804804,0119","5817830,847","13,48374","52,42554",8041035.0,Blumenviertel,5826.0
201580,11,5,,2019,11,17,6,2,0,1,2,1,0,0,0,0,0,0,"784774,5123","5828598,279","13,19918","52,53288",5020625.0,Borkumer Straße,1658.0
201581,11,1,,2019,11,8,6,3,3,6,0,0,1,0,0,1,0,0,"793636,5507","5829857,457","13,33057","52,53946",1022103.0,Westhafen,3560.0
201582,11,5,,2019,11,5,6,2,6,4,2,0,0,1,0,0,1,0,"781903,2119","5827174,917","13,15576","52,52161",5020522.0,Pillnitzer Weg,955.0
201583,11,9,,2019,11,17,6,3,0,7,2,1,0,0,0,0,0,0,"806255,9312","5819251,812","13,50633","52,43747",9010402.0,Johannisthal Ost,6130.0
201584,11,9,,2019,11,17,6,3,6,7,2,0,1,1,0,0,0,0,"808265,1386","5819689,981","13,53619","52,44027",9020702.0,Adlershof Ost,6631.0
201585,11,10,,2019,11,7,6,2,5,3,1,1,1,0,0,0,0,0,"811312,7601","5831178,176","13,59162","52,54149",10020413.0,Gut Hellersdorf,7460.0
201586,11,10,,2019,11,17,6,3,0,5,2,0,1,0,0,0,0,0,"809576,8259","5828347,857","13,56347","52,51711",10030724.0,Oberfeldstraße,7053.0
201587,11,7,,2019,11,16,5,3,6,2,1,0,0,1,0,0,1,0,"795802,4421","5816035,174","13,35016","52,41439",7060604.0,Marienfelde Süd,3823.0
201588,11,6,,2019,11,11,6,3,5,3,0,0,1,0,0,0,0,1,"794564,577","5816321,257","13,33226","52,41762",6020411.0,Schütte-Lanz-Straße,3524.0
201589,11,9,,2019,11,10,6,3,8,7,0,0,1,0,0,0,0,1,"809849,657","5816529,373","13,5565","52,41105",9030901.0,Dorf Altglienicke,6922.0
201590,11,4,,2019,11,19,5,3,6,7,2,0,0,1,0,0,1,0,"794525,9974","5825937,102","13,34018","52,50384",4030931.0,Breitscheidplatz,3749.0
201591,11,12,,2019,11,7,5,3,3,6,2,0,1,0,0,0,0,0,"796673,0673","5832743,009","13,37779","52,56369",12103117.0,Letteplatz,4267.0
201592,11,2,,2019,11,16,6,3,1,5,1,1,1,0,0,0,0,0,"801092,7663","5824994,766","13,43578","52,49181",2030401.0,Reichenberger Straße,5146.0
201593,11,10,,2019,11,15,6,3,1,5,1,0,1,0,0,0,0,0,"813017,5716","5827641,409","13,61334","52,50882",10040932.0,Alt-Mahlsdorf,7751.0
201594,11,12,,2019,11,7,5,3,5,3,0,1,1,0,0,0,0,0,"789628,1232","5840182,931","13,28066","52,63418",12231102.0,Frohnau,2887.0
201595,11,6,,2019,11,9,5,3,6,2,0,0,1,1,0,0,0,0,"794979,141","5816232,575","13,33826","52,4166",6020410.0,Oberhofer Platz,3624.0
201596,11,4,,2019,11,15,6,3,5,2,0,0,1,0,0,0,1,0,"791859,7009","5827450,362","13,30234","52,51884",4030620.0,Alt-Lietzow,3154.0
201597,11,7,,2019,11,13,6,3,0,6,0,1,1,0,0,0,0,0,"797475,6634","5822858,988","13,38076","52,47465",7040401.0,Neu-Tempelhof,4341.0
201598,11,4,,2019,11,1,5,3,5,2,2,0,1,0,0,1,0,0,"791743,5902","5828604,73","13,30164","52,52925",4030518.0,Tegeler Weg,3157.0
201599,11,9,,2019,11,19,5,3,4,6,2,0,1,0,0,0,0,0,"810694,7062","5819544,714","13,57169","52,43759",9020802.0,Köllnische Vorstadt,7130.0
201600,11,11,,2019,11,13,6,3,6,4,0,0,1,1,0,0,0,0,"805280,5882","5833199,238","13,50481","52,56302",11010310.0,Mühlengrund,6167.0
201601,11,2,,2019,11,9,6,3,5,2,0,1,1,0,0,0,0,1,"802769,5184","5827688,03","13,46285","52,51502",2050602.0,Samariterviertel,5553.0
201602,11,11,,2019,11,9,6,3,5,2,0,0,1,0,0,0,0,0,"805836,434","5831865,077","13,51175","52,55075",11020412.0,Hauptstraße,6263.0
201603,11,10,,2019,11,19,5,2,1,5,2,0,1,0,0,0,1,0,"813072,8657","5830185,282","13,61655","52,53158",10020517.0,Adele-Sandrock-Straße,7857.0
201604,11,11,,2019,11,18,5,2,6,4,2,0,0,1,0,0,1,0,"805175,1643","5833129,017","13,50319","52,56245",11010310.0,Mühlengrund,6167.0
201605,11,3,,2019,11,9,6,3,5,3,0,0,1,0,0,0,0,0,"800111,9357","5831694,933","13,42743","52,55241",3061227.0,Humannplatz,5064.0
201606,11,10,,2019,11,13,6,3,5,3,0,0,1,0,0,0,0,0,"812925,8633","5828342,647","13,61266","52,51516",10040931.0,Mahlsdorf Nord,7753.0
201607,11,1,,2019,11,17,5,3,2,6,2,0,1,0,0,0,0,0,"796654,216","5831920,005","13,37678","52,55632",1044201.0,Reinickendorfer Straße,4265.0
201608,11,10,,2019,11,15,5,3,5,3,0,1,1,0,0,0,0,0,"811310,0182","5831194,54","13,59159","52,54164",10020413.0,Gut Hellersdorf,7460.0
201609,11,1,,2019,11,8,6,3,2,6,0,0,1,0,1,0,0,1,"796370,2572","5830089,899","13,37097","52,54007",1033203.0,Humboldthain Nordwest,4160.0
201610,11,2,,2019,11,7,6,3,0,6,1,0,1,0,1,0,0,1,"803168,183","5825761,513","13,46696","52,49753",2050804.0,Stralauer Halbinsel,5548.0
201611,11,7,,2019,11,15,5,3,5,2,0,1,1,0,0,0,0,0,"796845,7709","5821250,566","13,37008","52,46057",7040403.0,Manteuffelstraße,4137.0
201612,11,3,,2019,11,12,6,3,5,3,0,0,1,0,0,0,0,0,"800113,2222","5831694,275","13,42744","52,5524",3061227.0,Humannplatz,5064.0
201613,11,8,,2019,11,12,5,2,5,2,0,1,1,0,0,0,0,0,"805554,7792","5818554,717","13,49541","52,43161",8041037.0,Alt-Rudow,6028.0
201614,11,1,,2019,11,6,6,3,2,6,2,0,1,0,0,0,0,1,"796460,4982","5831933,819","13,37394","52,55655",1044201.0,Reinickendorfer Straße,4265.0
201615,11,10,,2019,11,7,6,2,6,2,2,0,1,1,0,0,0,1,"812171,1007","5830977,673","13,60404","52,5392",10020414.0,Helle Mitte,7660.0
201616,11,7,,2019,11,12,5,2,1,7,0,0,1,0,0,0,0,0,"799233,6779","5815020,499","13,39955","52,40343",7070701.0,Kettinger Straße/Schillerstraße,4520.0
201617,11,4,,2019,11,12,5,3,2,6,0,0,1,0,0,0,0,0,"792712,1887","5825663,112","13,31329","52,50236",4030929.0,Hindemithplatz,3349.0
201618,11,1,,2019,11,5,6,3,5,2,2,1,0,0,0,1,0,1,"793505,2684","5829397,196","13,32824","52,53541",1022103.0,Westhafen,3559.0
201619,11,8,,2019,11,5,6,3,6,2,2,0,1,1,0,0,0,1,"802579,3238","5823086,674","13,45588","52,47389",8010404.0,Rixdorf,5441.0
201620,11,10,,2019,11,11,5,3,3,6,0,0,1,0,0,0,1,0,"808426,8021","5831221,625","13,54924","52,54352",10010207.0,Marzahner Promenade,6861.0
201621,11,1,,2019,11,10,5,3,5,7,0,1,1,0,0,0,0,0,"799725,6269","5827770,201","13,41821","52,51744",1011304.0,Karl-Marx-Allee,4853.0
201622,11,9,,2019,11,12,6,2,4,6,0,0,1,0,0,0,0,1,"812864,9104","5819328,327","13,60331","52,43441",9041301.0,Kietzer Feld/Nachtheide,7629.0
201623,11,9,,2019,11,11,6,3,2,6,0,0,1,0,0,0,0,1,"810813,4393","5820307,475","13,57414","52,44436",9041501.0,Altstadt Kietz,7132.0
201624,11,6,,2019,11,15,5,3,2,6,0,0,1,0,1,0,0,0,"792948,5757","5817786,691","13,30985","52,43162",6030609.0,Augustaplatz,3228.0
201625,11,5,,2019,11,11,6,3,1,5,0,1,0,0,0,0,1,1,"782925,3291","5827993,773","13,17148","52,52842",5020417.0,Staakener Straße,1257.0
201626,11,1,,2019,11,14,5,3,5,2,0,1,1,0,0,0,0,0,"795426,0218","5829544,372","13,3566","52,53569",1022201.0,Stephankiez,3959.0
201627,11,11,,2019,11,13,5,3,5,2,0,1,1,0,0,0,0,0,"805181,6083","5827914,589","13,4985","52,51571",11030721.0,Rüdigerstraße,6053.0
201628,11,1,,2019,11,11,6,3,3,5,0,1,1,0,0,0,0,0,"799385,8653","5826385,577","13,41197","52,50522",1011305.0,Heine-Viertel West,4750.0
201629,11,11,,2019,11,13,5,3,6,4,0,0,1,1,0,0,0,0,"805199,9087","5833671,479","13,50405","52,56729",11010308.0,Zingster Straße Ost,6168.0
201630,11,7,,2019,11,19,6,3,0,7,2,0,0,0,0,0,1,1,"795095,3579","5821498,05","13,34461","52,46374",7030303.0,Grazer Platz,3738.0
201631,11,1,,2019,11,22,5,3,5,2,2,0,1,0,1,0,0,0,"796343,9426","5830061,341","13,37056","52,53983",1033203.0,Humboldthain Nordwest,4160.0
201632,11,11,,2019,11,19,5,3,3,6,2,1,0,0,0,0,1,0,"804254,1378","5829079,332","13,48594","52,52667",11030720.0,Herzbergstraße,5856.0
201633,11,8,,2019,11,14,5,3,5,2,0,1,1,0,0,0,0,0,"802165,856","5823373,547","13,45007","52,47669",8010404.0,Rixdorf,5341.0
201634,11,5,,2019,11,17,5,3,2,6,2,0,1,0,0,0,0,1,"789249,7959","5829176,139","13,26548","52,5357",5030833.0,Motardstraße,2659.0
201635,11,12,,2019,11,10,5,3,5,3,0,0,1,0,0,0,0,0,"787078,1967","5838222,644","13,24139","52,61796",12224230.0,Heiligensee,2283.0
201636,11,12,,2019,11,17,5,2,6,2,2,0,1,1,0,0,0,1,"790612,2107","5835984,775","13,29147","52,59602",12304314.0,Ziekowstraße/Freie Scholle,2976.0
201637,11,4,,2019,11,17,5,2,5,2,2,0,1,0,1,0,0,1,"791662,481","5830679,232","13,30227","52,54789",4010102.0,Plötzensee,3162.0
201638,11,10,,2019,11,17,5,3,2,6,2,0,1,0,0,0,0,1,"806444,1501","5830199,483","13,51915","52,53548",10010308.0,Marzahner Chaussee,6359.0
201639,11,10,,2019,11,17,5,3,6,2,2,0,1,1,0,0,0,1,"808469,905","5831153,094","13,54981","52,54288",10010310.0,Alt-Marzahn,6861.0
201640,11,7,,2019,11,16,5,3,2,6,2,0,1,0,0,0,0,1,"794964,5943","5824287,136","13,34516","52,48881",7020201.0,Bayerischer Platz,3745.0
201641,11,11,,2019,11,19,5,3,6,3,2,0,1,1,0,0,0,0,"807388,767","5827384,945","13,53043","52,50972",11041027.0,Tierpark,6551.0
201642,11,8,,2019,11,9,5,3,5,3,0,0,1,0,1,0,0,0,"801317,476","5823998,48","13,43818","52,48276",8010301.0,Reuterkiez,5143.0
201643,11,3,,2019,11,16,5,3,1,5,2,1,1,0,0,0,1,1,"803421,8046","5838399,315","13,48223","52,61066",3030406.0,Alt-Karow,5881.0
201644,11,1,,2019,11,17,5,3,6,4,2,0,1,1,0,0,0,1,"799462,9722","5828803,719","13,41528","52,52685",1011303.0,Alexanderplatzviertel,4856.0
201645,11,4,,2019,11,16,5,3,6,2,2,0,1,1,0,0,0,1,"792738,1554","5826094,49","13,31405","52,50621",4030827.0,Karl-August-Platz,3350.0
201646,11,9,,2019,11,8,5,3,5,3,0,0,1,0,1,0,0,0,"811065,8492","5818034,549","13,57572","52,42384",9031101.0,Grünau,7226.0
201647,11,7,,2019,11,16,5,2,6,4,2,0,1,1,0,0,0,1,"794674,3519","5825724,457","13,34217","52,50185",7010101.0,Wittenbergplatz/Viktoria-Luise-Platz,3749.0
201648,11,7,,2019,11,9,5,2,1,7,0,0,1,0,0,0,1,0,"799267,6393","5818637,897","13,40328","52,43583",7050505.0,Hundsteinweg,4629.0
201649,11,1,,2019,11,16,5,3,5,2,2,1,1,0,0,0,0,1,"797894,6426","5829897,107","13,39321","52,53751",1033202.0,Humboldthain Süd,4559.0
201650,11,1,,2019,11,16,5,3,5,2,1,0,1,0,0,0,1,1,"797622,5356","5827025,787","13,38664","52,51192",1011203.0,Unter den Linden Süd,4452.0
201651,11,2,,2019,11,6,5,3,5,5,2,1,0,0,0,0,1,0,"799538,7278","5826248,422","13,41409","52,5039",2010103.0,Moritzplatz,4849.0
201652,11,12,,2019,11,15,5,3,6,4,1,0,1,1,0,0,0,1,"796206,7482","5833349,934","13,37148","52,56938",12103116.0,Hausotterplatz,4169.0
201653,11,12,,2019,11,15,5,3,6,4,0,0,1,1,0,0,0,1,"792438,4757","5837311,965","13,31953","52,60693",12301205.0,Waidmannslust,3480.0
201654,11,3,,2019,11,15,5,3,5,2,1,1,0,0,0,0,1,0,"801188,1698","5829489,973","13,44125","52,53205",3061434.0,Anton-Saefkow-Park,5258.0
201655,11,9,,2019,11,9,5,3,6,2,0,0,1,1,0,0,0,0,"806169,9694","5819203,404","13,50502","52,43708",9010402.0,Johannisthal Ost,6130.0
201656,11,6,,2019,11,15,5,3,6,4,1,0,0,1,0,0,1,1,"790965,4624","5820697,249","13,2833","52,45878",6040810.0,Dahlem,2836.0
201657,11,9,,2019,11,14,5,3,0,1,0,1,0,0,0,0,0,1,"815171,7596","5820955,888","13,63866","52,44767",9051702.0,Bölschestraße,8133.0
201658,11,12,,2019,11,9,5,3,5,3,0,1,1,0,0,0,0,0,"792528,5647","5839293,144","13,32261","52,62465",12231101.0,Hermsdorf,3485.0
201659,11,6,,2019,11,14,5,2,0,7,0,0,1,0,0,0,0,1,"795040,7517","5819635,69","13,34217","52,44707",6010206.0,Stadtpark,3733.0
201660,11,1,,2019,11,1,5,3,0,1,2,0,0,0,0,0,1,0,"798883,3176","5828579,227","13,40656","52,52515",1011302.0,Oranienburger Straße,4756.0
201661,11,1,,2019,11,12,5,3,6,4,0,0,1,1,0,0,0,1,"795965,1709","5828764,359","13,36383","52,52841",1022201.0,Stephankiez,4057.0
201662,11,6,,2019,11,12,5,2,6,2,0,0,1,1,0,0,0,0,"793262,0607","5819095,773","13,3156","52,44319",6030609.0,Augustaplatz,3332.0
201663,11,1,,2019,11,0,5,3,0,1,2,1,0,0,0,0,0,1,"800490,627","5826679,437","13,42846","52,50724",2030302.0,Lausitzer Platz,5050.0
201664,11,2,,2019,11,20,4,3,6,4,2,0,1,1,0,0,0,0,"798051,1792","5826470,194","13,39244","52,5067",2010102.0,Mehringplatz,4450.0
201665,11,1,,2019,11,12,5,2,3,6,0,1,0,0,0,0,1,0,"799164,2779","5827801,867","13,40999","52,51803",1011303.0,Alexanderplatzviertel,4754.0
201666,11,3,,2019,11,12,5,3,5,3,0,0,1,0,0,0,1,0,"798490,9078","5835386,584","13,40691","52,58639",3020210.0,Herthaplatz,4774.0
201667,11,9,,2019,11,17,4,3,0,5,2,0,1,1,0,0,1,1,"811107,432","5821513,787","13,57957","52,455",9051901.0,Dammvorstadt,7235.0
201668,11,8,,2019,11,7,4,3,5,3,1,1,0,0,0,0,1,0,"799813,3193","5823665,434","13,4158","52,4806",8010115.0,Hasenheide,4843.0
201669,11,4,,2019,11,10,5,3,6,4,0,0,1,1,0,0,0,0,"792391,5405","5826050,668","13,30892","52,50601",4030827.0,Karl-August-Platz,3250.0
201670,11,12,,2019,11,11,5,3,1,5,0,0,1,0,0,0,0,1,"793108,1013","5837388,382","13,32946","52,60726",12302212.0,Rollbergesiedlung,3580.0
201671,11,4,,2019,11,9,5,3,5,2,0,1,1,0,0,0,0,0,"793683,7431","5826255,475","13,32809","52,50715",4030623.0,Ernst-Reuter-Platz,3550.0
201672,11,2,,2019,11,20,4,3,6,4,2,0,1,1,0,0,0,0,"800802,311","5825807,032","13,43225","52,49925",2030302.0,Lausitzer Platz,5048.0
201673,11,2,,2019,11,9,5,3,5,3,0,1,1,0,0,0,0,0,"800278,8154","5826092,373","13,42482","52,5021",2030301.0,Oranienplatz,4949.0
201674,11,9,,2019,11,19,4,3,5,3,2,1,1,0,0,0,0,0,"807405,5729","5818327,239","13,52233","52,42854",9020701.0,Adlershof West,6427.0
201675,11,6,,2019,11,8,5,3,2,2,0,1,1,0,0,0,0,0,"794055,3111","5820385,066","13,32837","52,45432",6010207.0,Mittelstraße,3535.0
201676,11,2,,2019,11,22,5,3,5,3,2,1,1,0,0,0,0,1,"798248,1191","5826087,731","13,39499","52,50317",2010102.0,Mehringplatz,4549.0
201677,11,4,,2019,11,18,4,3,5,2,2,1,1,0,0,0,0,0,"793676,0495","5823424,209","13,32548","52,48177",4051656.0,Hildegardstraße,3443.0
201678,11,10,,2019,11,20,5,3,5,2,2,0,1,0,0,0,0,1,"813734,0901","5829976,203","13,62607","52,52933",10040931.0,Mahlsdorf Nord,7957.0
201679,11,2,,2019,11,18,5,3,2,6,2,0,1,0,0,0,0,1,"803239,8055","5825943,985","13,46817","52,49913",2050804.0,Stralauer Halbinsel,5648.0
201680,11,1,,2019,11,20,5,3,6,2,2,0,1,1,0,0,0,1,"797708,1289","5830690,61","13,39118","52,54472",1033201.0,Brunnenstraße,4461.0
201681,11,2,,2019,11,18,4,3,5,2,2,1,1,0,0,0,0,0,"799118,3786","5826276,424","13,40794","52,50438",2010103.0,Moritzplatz,4750.0
201682,11,12,,2019,11,18,4,2,6,4,2,0,1,1,0,0,0,0,"796075,937","5833931,266","13,37007","52,57466",12103115.0,Breitkopfbecken,4170.0
201683,11,1,,2019,11,19,5,2,1,1,2,0,1,0,0,1,0,1,"795759,2074","5831905,561","13,3636","52,55668",1044203.0,Leopoldplatz,4065.0
201684,11,12,,2019,11,19,5,2,1,5,2,1,1,0,0,0,0,1,"790020,3979","5840742,453","13,28693","52,63898",12231102.0,Frohnau,2989.0
201685,11,2,,2019,11,14,4,3,5,3,0,0,1,0,0,0,0,0,"800293,4963","5825546,972","13,42454","52,4972",2030401.0,Reichenberger Straße,4947.0
201686,11,4,,2019,12,22,4,3,4,1,2,0,1,0,0,1,0,0,"790553,5573","5827351,815","13,28305","52,51865",4020310.0,Park Ruhwald,2854.0