OBJECTID,LAND,BEZ,LOR_ab_2021,UJAHR,UMONAT,USTUNDE,UWOCHENTAG,UKATEGORIE,UART,UTYP1,ULICHTVERH,IstRad,IstPKW,IstFuss,IstKrad,IstGkfz,IstSonstige,USTRZUSTAND,LINREFX,LINREFY,XGCSWGS84,YGCSWGS84,LOR,STRASSE,quadrant
202022,11,5,,2019,11,17,2,3,5,3,2,1,1,0,0,0,0,0,"782291,1249","5820464,019","13,15578","52,46123",5040936.0,Jägerallee,937.0
202023,11,7,,2019,12,18,4,3,5,2,2,0,1,0,1,0,0,0,"797584,7519","5819588,247","13,37945","52,44527",7050501.0,Rathausstraße,4232.0
202024,11,8,,2019,11,16,2,3,2,6,2,0,1,0,0,0,0,0,"802955,5444","5822492,127","13,46086","52,46835",8010510.0,Gewerbegebiet Köllnische Heide,5539.0
202025,11,8,,2019,11,16,2,3,5,3,2,0,1,0,1,0,0,0,"801545,4905","5820647,124","13,4385","52,45259",8020619.0,Buschkrugallee Nord,5134.0
202026,11,12,,2019,12,18,4,3,9,1,2,0,1,0,0,0,0,0,"789496,4323","5836129,502","13,27517","52,59791",12214528.0,Tegeler Forst,2777.0
202027,11,4,,2019,11,16,2,3,2,3,2,1,1,0,0,0,0,0,"791283,9233","5826071,246","13,29267","52,50678",4030725.0,Amtsgerichtsplatz,3050.0
202028,11,7,,2019,12,18,4,2,6,4,2,0,0,1,1,0,0,1,"797328,146","5821868,027","13,37771","52,46585",7040403.0,Manteuffelstraße,4238.0
202029,11,2,,2019,11,15,2,3,1,1,0,0,1,0,0,0,0,0,"798319,0717","5825079,991","13,39513","52,4941",2020204.0,Urbanstraße,4547.0
202030,11,8,,2019,11,18,2,3,0,1,2,1,0,0,0,0,0,0,"800471,4775","5823727,38","13,42552","52,48079",8010211.0,Flughafenstraße,4943.0
202031,11,4,,2019,12,17,4,3,1,5,2,1,1,0,0,0,1,0,"792786,8061","5825502,331","13,31425","52,50088",4030930.0,George-Grosz-Platz,3349.0
202032,11,8,,2019,12,17,4,3,6,4,2,1,0,1,0,0,0,0,"800488,9326","5824245,834","13,42624","52,48543",8010303.0,Donaustraße,4944.0
202033,11,2,,2019,11,11,2,3,5,3,0,1,1,0,0,0,0,0,"797016,7495","5824467,615","13,37546","52,48932",2020203.0,Viktoriapark,4245.0
202034,11,7,,2019,11,14,2,3,0,4,0,1,0,1,0,0,0,0,"793489,2937","5821987,882","13,32147","52,469",7030301.0,Friedenau,3439.0
202035,11,4,,2019,12,17,4,3,0,7,2,0,0,0,1,0,0,0,"791507,1284","5826224,61","13,29608","52,50804",4030725.0,Amtsgerichtsplatz,3051.0
202036,11,2,,2019,12,16,4,3,5,3,2,1,1,0,0,0,0,0,"801132,3003","5828599,963","13,43963","52,5241",2040502.0,Friedenstraße,5155.0
202037,11,9,,2019,11,15,2,3,7,7,0,0,1,0,0,0,1,0,"807665,5728","5815710,938","13,52374","52,40494",9030901.0,Dorf Altglienicke,6420.0
202038,11,12,,2019,11,15,2,3,4,6,0,0,1,0,0,0,0,0,"788178,1493","5831485,532","13,25173","52,55697",12214125.0,Waldidyll/Flughafensee,2365.0
202039,11,9,,2019,11,15,2,3,2,6,0,0,1,0,0,0,0,0,"809687,1859","5821241,843","13,55849","52,45337",9051901.0,Dammvorstadt,6935.0
202040,11,1,,2019,12,18,4,3,5,2,2,1,1,0,0,0,0,0,"796415,3719","5826326,504","13,36828","52,50631",1011105.0,Nördlicher Landwehrkanal,4150.0
202041,11,10,,2019,11,15,2,3,2,6,0,0,1,0,0,0,0,0,"808181,876","5831319,514","13,54573","52,54454",10010207.0,Marzahner Promenade,6761.0
202042,11,1,,2019,12,15,4,3,5,3,1,0,1,0,0,0,0,0,"799770,2616","5828632,561","13,41964","52,52515",1011303.0,Alexanderplatzviertel,4856.0
202043,11,3,,2019,11,13,2,3,6,2,0,0,1,1,0,0,0,0,"803457,3521","5838505,031","13,48285","52,61159",3030406.0,Alt-Karow,5881.0
202044,11,2,,2019,11,11,2,3,5,3,0,1,1,0,0,0,0,0,"798791,2823","5824111,69","13,40119","52,48516",2020205.0,Chamissokiez,4644.0
202045,11,9,,2019,12,23,4,3,6,2,2,0,1,1,0,0,0,0,"810528,6111","5820028,802","13,5697","52,44202",9020802.0,Köllnische Vorstadt,7131.0
202046,11,11,,2019,11,9,2,3,0,6,0,0,1,0,1,0,0,0,"805387,421","5833300,381","13,50647","52,56386",11010310.0,Mühlengrund,6167.0
202047,11,1,,2019,11,8,2,3,6,4,0,1,0,1,0,0,0,0,"794855,0072","5829889,107","13,34851","52,53909",1044202.0,Sparrplatz,3860.0
202048,11,4,,2019,11,8,2,3,9,1,0,0,0,0,0,0,1,0,"791265,9936","5829188,626","13,29513","52,53474",4010103.0,Paul-Hertz-Siedlung,3058.0
202049,11,2,,2019,12,23,4,3,2,6,2,0,1,0,0,0,0,1,"801289,7111","5826168,232","13,43974","52,50222",2030302.0,Lausitzer Platz,5149.0
202050,11,2,,2019,12,22,4,3,2,6,2,0,1,0,0,0,0,0,"802659,0386","5828003,042","13,46152","52,51791",2050602.0,Samariterviertel,5553.0
202051,11,12,,2019,11,6,2,2,5,3,2,1,1,0,0,0,0,0,"789759,7469","5833884,88","13,27709","52,57765",12214126.0,Tegel Süd,2771.0
202052,11,8,,2019,11,0,2,3,1,5,2,1,1,0,0,0,0,0,"801481,6415","5823923,267","13,44052","52,48199",8010301.0,Reuterkiez,5243.0
202053,11,3,,2019,12,14,7,3,2,1,0,1,1,0,0,0,0,1,"800087,0375","5831664,177","13,42703","52,55214",3061227.0,Humannplatz,5063.0
202054,11,4,,2019,12,14,7,3,0,1,0,1,0,0,0,0,0,1,"793972,088","5824964,429","13,33118","52,49542",4051448.0,Schaperstraße,3547.0
202055,11,8,,2019,12,13,7,3,4,2,0,1,1,0,0,0,0,1,"801100,9916","5824355,675","13,43533","52,48608",8010301.0,Reuterkiez,5144.0
202056,11,10,,2019,12,13,7,3,5,2,0,0,1,0,0,0,0,1,"811281,1738","5831543,416","13,59149","52,54478",10020413.0,Gut Hellersdorf,7461.0
202057,11,5,,2019,12,13,7,3,0,1,0,1,0,0,0,0,0,1,"783579,979","5828907,484","13,18188","52,53627",5020417.0,Staakener Straße,1359.0
202058,11,6,,2019,12,12,7,3,5,3,0,0,1,0,0,0,0,1,"792832,6441","5816434,399","13,30696","52,41956",6020408.0,Lichterfelde Süd,3225.0
202059,11,6,,2019,12,12,7,3,5,7,0,0,1,0,0,0,0,1,"793038,4088","5816601,065","13,31013","52,42095",6020408.0,Lichterfelde Süd,3225.0
202060,11,6,,2019,12,11,7,3,5,2,0,1,1,0,0,0,0,1,"794648,8117","5820986,841","13,33761","52,4594",6010209.0,Feuerbachstraße,3636.0
202061,11,1,,2019,12,11,7,3,2,6,0,0,1,0,1,0,0,1,"797909,6647","5829898,523","13,39343","52,53751",1033202.0,Humboldthain Süd,4559.0
202062,11,3,,2019,12,10,7,3,5,3,0,1,1,0,0,0,0,1,"798880,506","5830395,914","13,40815","52,54144",3061131.0,Falkplatz,4760.0
202063,11,2,,2019,12,5,7,3,6,2,2,0,1,1,0,0,0,1,"802002,4516","5826394,442","13,45041","52,50385",2050803.0,Stralauer Kiez,5349.0
202064,11,2,,2019,12,3,7,3,0,1,2,0,0,0,0,0,1,1,"802309,4726","5827480,718","13,45591","52,51342",2050801.0,Traveplatz,5452.0
202065,11,8,,2019,12,23,7,3,5,2,2,0,1,0,0,0,0,1,"801459,4402","5823891,011","13,44017","52,48171",8010301.0,Reuterkiez,5243.0
202066,11,2,,2019,12,23,7,3,2,6,2,0,1,0,0,0,0,1,"799946,0217","5826078,88","13,41992","52,50216",2030301.0,Oranienplatz,4849.0
202067,11,11,,2019,12,21,7,2,6,4,2,0,1,1,0,0,0,1,"805771,5977","5830082,507","13,50916","52,53481",11030720.0,Herzbergstraße,6258.0
202068,11,7,,2019,12,20,7,2,5,2,2,0,1,0,0,0,0,1,"799740,3027","5814500,787","13,40651","52,39849",7070701.0,Kettinger Straße/Schillerstraße,4719.0
202069,11,4,,2019,12,19,7,3,6,6,2,1,0,1,0,0,0,1,"793174,309","5824511,159","13,31907","52,49179",4051550.0,Leon-Jessel-Platz,3446.0
202070,11,8,,2019,12,16,7,3,2,6,2,0,1,0,0,0,0,1,"803279,1236","5818514,904","13,462","52,43252",8040933.0,Vogelviertel Süd,5529.0
202071,11,11,,2019,12,17,7,3,0,7,2,0,1,0,0,0,1,0,"803314,1333","5830107,359","13,47306","52,5364",11020513.0,Orankesee,5659.0
202072,11,10,,2019,12,17,7,3,6,2,2,0,1,1,0,0,0,1,"812065,4365","5830622,575","13,60216","52,53608",10020414.0,Helle Mitte,7659.0
202073,11,1,,2019,12,15,7,3,0,1,1,0,0,0,1,0,0,1,"797712,3178","5832057,384","13,39246","52,55697",1033101.0,Soldiner Straße,4465.0
202074,11,2,,2019,12,15,7,3,5,3,0,0,1,0,0,0,0,1,"797469,1253","5826071,94","13,38353","52,50345",2010101.0,Askanischer Platz,4349.0
202075,11,5,,2019,12,22,6,3,6,2,2,0,1,1,0,0,0,0,"785292,4672","5830004,157","13,20801","52,54521",5010312.0,Kurstraße,1761.0
202076,11,9,,2019,12,21,6,3,1,5,2,1,0,0,0,0,1,1,"811502,9849","5820070,904","13,58403","52,44184",9041501.0,Altstadt Kietz,7331.0
202077,11,9,,2019,12,13,6,3,6,4,0,0,1,1,0,0,0,0,"811477,2654","5819235,28","13,58287","52,43437",9041301.0,Kietzer Feld/Nachtheide,7329.0
202078,11,1,,2019,12,13,6,3,5,3,0,0,1,0,0,0,0,0,"798815,4539","5829375,306","13,40627","52,53233",1011402.0,Arkonaplatz,4658.0
202079,11,9,,2019,12,13,6,3,0,6,0,0,1,0,0,0,1,0,"811998,6938","5821165,234","13,59232","52,45137",9051901.0,Dammvorstadt,7434.0
202080,11,12,,2019,12,12,6,3,6,4,0,0,1,1,0,0,0,0,"793316,0217","5832703,943","13,32838","52,56515",12214424.0,Scharnweberstraße,3567.0
202081,11,7,,2019,12,11,6,3,5,3,0,0,1,0,0,0,1,0,"795223,1032","5822274,488","13,34717","52,47063",7030303.0,Grazer Platz,3840.0
202082,11,6,,2019,12,7,6,3,6,2,1,0,1,1,0,0,0,1,"793211,5665","5819813,373","13,31548","52,44965",6030609.0,Augustaplatz,3334.0
202083,11,7,,2019,12,10,6,3,5,3,0,1,1,0,0,0,0,0,"794992,9962","5825090,207","13,34629","52,496",7010102.0,Nollendorfplatz,3847.0
202084,11,4,,2019,12,10,6,3,5,2,0,0,1,0,1,0,0,0,"792839,8287","5825503,207","13,31503","52,50086",4030930.0,George-Grosz-Platz,3348.0
202085,11,7,,2019,12,10,6,3,0,1,0,1,0,0,0,0,0,2,"799238,9891","5813123,851","13,39793","52,38642",7070703.0,John-Locke-Straße,4515.0
202086,11,10,,2019,12,10,6,3,0,1,0,0,0,0,1,0,0,2,"809150,309","5831069,745","13,55973","52,54175",10010310.0,Alt-Marzahn,6960.0
202087,11,4,,2019,12,9,6,2,6,2,0,0,1,1,0,0,0,0,"792689,8439","5825324,897","13,31267","52,49934",4051446.0,Preußenpark,3348.0
202088,11,9,,2019,12,9,6,3,4,1,0,0,1,0,0,0,0,2,"807876,7188","5818167,844","13,5291","52,42684",9020701.0,Adlershof West,6527.0
202089,11,6,,2019,12,8,6,3,5,3,0,0,0,0,1,1,0,1,"794322,9437","5816920,213","13,32924","52,42312",6020410.0,Oberhofer Platz,3526.0
202090,11,4,,2019,12,8,6,3,5,2,0,1,1,0,0,0,0,0,"793979,405","5824651,059","13,33101","52,49261",4051653.0,Prager Platz,3546.0
202091,11,1,,2019,12,8,6,2,0,1,1,0,0,0,1,0,0,2,"794544,9781","5827511,64","13,34185","52,51795",1022207.0,Hansaviertel,3753.0
202092,11,12,,2019,12,8,6,3,3,6,0,1,1,0,0,0,0,0,"793524,6761","5836870,284","13,33513","52,60239",12302211.0,Lübarser Straße,3678.0
202093,11,4,,2019,12,7,6,3,5,2,1,1,0,0,0,0,1,0,"792231,5646","5823140,285","13,30402","52,48",4041239.0,Stadion Wilmersdorf,3142.0
202094,11,7,,2019,12,7,6,3,5,2,0,1,1,0,0,0,0,1,"800159,6576","5821496,277","13,41893","52,46097",7040406.0,Germaniagarten,4837.0
202095,11,11,,2019,12,7,6,3,5,7,2,1,1,0,0,0,0,1,"807206,462","5825569,211","13,52608","52,49355",11051330.0,Karlshorst West,6446.0
202096,11,4,,2019,12,14,6,2,6,4,0,0,1,1,0,0,0,0,"794013,9175","5825926,128","13,33265","52,50402",4030931.0,Breitscheidplatz,3649.0
202097,11,1,,2019,12,19,6,3,5,3,2,0,1,0,0,0,0,0,"797893,8568","5828168,499","13,39165","52,52201",1011202.0,Unter den Linden Nord,4455.0
202098,11,3,,2019,12,19,6,2,0,1,2,1,0,0,0,0,0,0,"798796,6317","5830351,047","13,40688","52,54108",3061131.0,Falkplatz,4760.0
202099,11,5,,2019,12,19,6,3,2,6,2,0,1,0,0,0,0,0,"783610,4808","5830663,863","13,18383","52,55201",5010207.0,Darbystraße,1363.0
202100,11,9,,2019,12,18,6,3,1,5,2,1,1,0,0,0,0,0,"802309,1286","5825528,612","13,45413","52,49592",9010101.0,Elsenstraße,5447.0
202101,11,1,,2019,12,18,6,2,5,3,2,1,1,0,0,0,0,0,"794649,798","5831458,698","13,34689","52,55327",1044101.0,Rehberge,3864.0
202102,11,7,,2019,12,17,6,3,2,6,2,0,1,0,0,0,0,0,"798755,5467","5819084,381","13,39617","52,44012",7050505.0,Hundsteinweg,4531.0
202103,11,11,,2019,12,17,6,3,2,6,2,0,1,0,0,0,0,1,"805758,4303","5833536,47","13,51214","52,56577",11010310.0,Mühlengrund,6267.0
202104,11,5,,2019,12,16,6,3,0,6,2,0,1,0,0,0,1,0,"784819,0469","5829040,112","13,20022","52,53682",5010314.0,Carl-Schurz-Straße,1659.0
202105,11,6,,2019,12,16,6,3,2,2,1,0,1,0,0,0,0,0,"795330,6323","5819980,797","13,34672","52,45001",6010205.0,Südende,3834.0
202106,11,1,,2019,12,16,6,3,0,1,0,1,0,0,0,0,0,0,"795321,435","5827750,864","13,35347","52,51967",1022204.0,Thomasiusstraße,3954.0
202107,11,3,,2019,12,16,6,3,8,1,2,0,1,0,0,0,0,0,"796253,9461","5835298,93","13,37391","52,58682",3040512.0,Wilhelmsruh,4274.0
202108,11,5,,2019,12,15,6,3,5,3,0,0,1,0,0,0,1,0,"784404,5968","5829512,201","13,19453","52,54127",5010314.0,Carl-Schurz-Straße,1560.0
202109,11,1,,2019,12,15,6,3,2,2,2,0,0,0,0,0,1,1,"797160,435","5827685,961","13,38044","52,51809",1011202.0,Unter den Linden Nord,4354.0
202110,11,2,,2019,12,15,6,3,2,7,0,1,1,0,0,0,0,0,"801811,7887","5827957,622","13,44903","52,51797",2040503.0,Richard-Sorge-Viertel,5353.0
202111,11,3,,2019,12,14,6,3,6,4,0,0,1,1,0,0,0,0,"798130,3474","5835469,21","13,40168","52,58733",3020209.0,Niederschönhausen,4674.0
202112,11,3,,2019,12,6,5,3,6,7,2,1,0,1,0,0,0,0,"799922,295","5834443,365","13,42712","52,57715",3040614.0,Pankow Zentrum,5071.0
202113,11,4,,2019,12,13,5,2,6,4,0,0,1,1,0,0,0,0,"791869,5193","5824789,061","13,30015","52,49498",4031032.0,Halensee,3147.0
202114,11,2,,2019,12,11,5,3,5,2,0,1,1,0,0,0,0,0,"801837,2142","5825745,456","13,4474","52,49813",2030402.0,Wrangelkiez,5348.0
202115,11,1,,2019,12,16,5,3,3,6,2,1,0,0,0,0,1,0,"796789,3874","5828824,375","13,376","52,5285",1011301.0,Charitéviertel,4257.0
202116,11,8,,2019,12,16,5,3,5,3,2,1,1,0,0,0,0,0,"801218,2685","5823891,147","13,43663","52,48185",8010303.0,Donaustraße,5143.0
202117,11,12,,2019,12,16,5,3,6,4,1,0,1,1,0,0,0,1,"793984,3339","5836609,779","13,34167","52,59981",12302108.0,Märkisches Zentrum,3777.0
202118,11,6,,2019,12,15,5,3,3,6,2,0,1,0,0,0,0,1,"791694,0818","5819361,861","13,29282","52,44642",6040809.0,Thielallee,3033.0
202119,11,7,,2019,12,15,5,3,5,3,1,0,1,0,0,0,0,1,"798794,2461","5817120,118","13,39498","52,42249",7050506.0,Birnhornweg,4526.0
202120,11,9,,2019,12,15,5,3,5,3,2,0,1,0,0,0,0,1,"806287,1719","5820685,277","13,5081","52,4503",9010401.0,Johannisthal West,6234.0
202121,11,1,,2019,12,14,5,3,1,5,0,0,1,0,0,0,0,0,"796959,2071","5826717,16","13,37662","52,50951",1011201.0,Wilhelmstraße,4251.0
202122,11,8,,2019,12,20,5,3,6,7,2,0,0,1,0,0,1,1,"802162,0545","5822786,82","13,44948","52,47143",8010404.0,Rixdorf,5340.0
202123,11,1,,2019,12,13,5,3,0,5,0,0,1,0,1,0,0,1,"798133,5315","5830932,121","13,39765","52,54666",1033201.0,Brunnenstraße,4562.0
202124,11,6,,2019,12,13,5,3,2,2,0,0,1,0,0,0,0,1,"790734,0305","5815384,22","13,27528","52,41127",6030607.0,Goerzwerke,2722.0
202125,11,1,,2019,12,12,5,3,5,3,0,1,1,0,0,0,0,1,"796981,2124","5831508,988","13,38122","52,55246",1044201.0,Reinickendorfer Straße,4364.0
202126,11,10,,2019,12,12,5,3,5,3,0,1,1,0,0,0,0,1,"812883,4335","5828217,38","13,61192","52,51406",10040931.0,Mahlsdorf Nord,7752.0
202127,11,11,,2019,12,12,5,3,0,1,0,0,0,0,1,0,0,1,"803347,4837","5826400,71","13,47017","52,50316",11040925.0,Victoriastadt,5649.0
202128,11,9,,2019,12,12,5,2,5,2,1,1,0,0,0,1,0,0,"805510,4034","5821508,895","13,49746","52,45811",9010401.0,Johannisthal West,6036.0
202129,11,9,,2019,12,11,5,3,8,1,0,0,1,0,0,0,0,1,"805160,6007","5821478,466","13,4923","52,45804",9010401.0,Johannisthal West,5936.0
202130,11,1,,2019,12,11,5,3,5,3,0,0,1,0,1,0,0,1,"798422,5354","5828389,824","13,39962","52,52371",1011302.0,Oranienburger Straße,4555.0
202131,11,2,,2019,12,10,5,3,0,5,0,0,1,0,0,0,0,0,"798020,0674","5825846,159","13,39142","52,50113",2010102.0,Mehringplatz,4449.0
202132,11,8,,2019,12,10,5,2,2,6,0,0,1,0,0,1,0,0,"800323,692","5816754,785","13,41708","52,41837",8020727.0,Buckow Mitte,4824.0
202133,11,9,,2019,12,9,5,3,3,6,0,0,1,0,0,0,1,1,"809662,1644","5821475,945","13,55834","52,45548",9051901.0,Dammvorstadt,6935.0
202134,11,2,,2019,12,21,5,2,5,3,2,1,0,0,0,0,0,1,"797270,4236","5824744,308","13,37943","52,49166",2020203.0,Viktoriapark,4246.0
202135,11,1,,2019,12,20,5,3,1,5,0,1,1,0,0,0,0,0,"798411,2953","5829204,446","13,40018","52,53102",1011401.0,Invalidenstraße,4657.0
202136,11,8,,2019,12,19,5,2,6,1,2,0,1,1,0,0,0,0,"801386,2248","5821165,914","13,43663","52,45733",8020619.0,Buschkrugallee Nord,5136.0
202137,11,5,,2019,12,19,5,3,2,6,2,0,1,0,0,0,0,0,"786933,0485","5829325,556","13,23155","52,53827",5030730.0,Zitadellenweg,2059.0
202138,11,6,,2019,12,18,5,3,5,3,2,1,1,0,0,0,0,1,"790633,8206","5817849,788","13,27595","52,43342",6030503.0,Zehlendorf Mitte,2729.0
202139,11,2,,2019,12,18,5,3,2,2,2,1,1,0,0,0,0,0,"799585,3322","5826345,256","13,41486","52,50474",2030301.0,Oranienplatz,4850.0
202140,11,3,,2019,12,17,5,2,5,3,2,0,1,0,0,0,0,1,"800942,4565","5833548,097","13,44132","52,56856",3030715.0,Heinersdorf,5268.0
202141,11,3,,2019,12,17,5,2,6,4,2,0,1,1,0,0,0,1,"802768,8286","5832700,167","13,46741","52,55995",3051017.0,Rennbahnstraße,5666.0
202142,11,4,,2019,12,16,5,3,5,2,2,0,1,0,0,0,0,0,"791662,481","5830679,232","13,30227","52,54789",4010102.0,Plötzensee,3162.0
202143,11,1,,2019,12,8,5,3,5,3,0,0,1,0,0,0,1,1,"798035,5457","5827401,85","13,39304","52,51506",1011203.0,Unter den Linden Süd,4553.0
202144,11,9,,2019,12,7,5,3,3,5,0,0,0,0,1,0,1,1,"803926,8566","5823420,803","13,47596","52,47613",9010202.0,Köpenicker Landstraße,5741.0
202145,11,3,,2019,12,7,5,3,5,2,0,0,1,0,0,0,0,1,"799829,707","5831977,581","13,42353","52,5551",3040818.0,Pankow Süd,4964.0
202146,11,3,,2019,12,7,5,3,2,6,1,0,1,0,0,0,0,1,"801743,1089","5830056,555","13,44992","52,53682",3061430.0,Volkspark Prenzlauer Berg,5359.0
202147,11,6,,2019,12,7,5,2,6,4,0,0,1,1,0,0,0,1,"789635,1494","5817024,759","13,26059","52,42656",6030504.0,Teltower Damm,2527.0
202148,11,1,,2019,12,7,5,3,5,2,2,0,1,0,0,0,0,1,"798079,604","5829993,131","13,39601","52,53827",1033201.0,Brunnenstraße,4559.0
202149,11,9,,2019,12,6,5,3,4,6,2,1,0,0,0,0,0,1,"810842,7494","5821379,93","13,57556","52,45395",9051901.0,Dammvorstadt,7235.0
202150,11,8,,2019,12,6,5,3,6,2,1,0,0,1,0,0,1,1,"805554,9697","5818554,595","13,49541","52,43161",8041037.0,Alt-Rudow,6028.0
202151,11,12,,2019,12,6,5,3,2,6,2,0,1,0,0,0,0,1,"790796,4762","5837635,442","13,29564","52,61072",12231101.0,Hermsdorf,3081.0
202152,11,5,,2019,12,5,5,3,6,2,2,0,0,1,0,0,1,1,"781965,726","5828466,338","13,15777","52,53316",5020419.0,Magistratsweg,1058.0
202153,11,9,,2019,12,7,4,3,4,5,0,1,1,0,0,0,0,0,"805009,2227","5822035,321","13,49058","52,46311",9010301.0,Baumschulenstraße,5937.0
202154,11,3,,2019,12,16,4,3,0,6,1,1,1,0,0,0,0,0,"799838,7745","5830337,211","13,42218","52,54039",3061332.0,Helmholtzplatz,4960.0
202155,11,8,,2019,12,20,4,3,0,2,2,1,0,0,0,0,1,0,"801016,2015","5823909,127","13,43368","52,48212",8010303.0,Donaustraße,5143.0
202156,11,12,,2019,12,20,4,3,1,1,2,0,1,0,0,0,0,2,"792799,7067","5836645,112","13,32426","52,60076",12301204.0,Wittenau Nord,3478.0
202157,11,3,,2019,12,17,4,3,4,6,1,0,1,0,1,0,0,0,"803002,7901","5832693,683","13,47084","52,55976",3051017.0,Rennbahnstraße,5666.0
202158,11,1,,2019,12,17,4,3,5,2,2,1,1,0,0,0,0,0,"794557,1467","5828963,718","13,34332","52,53096",1022104.0,Emdener Straße,3757.0
202159,11,6,,2019,12,16,4,3,5,3,0,0,1,0,0,0,0,0,"794572,3198","5817030,661","13,333","52,42397",6020410.0,Oberhofer Platz,3626.0
202160,11,9,,2019,12,16,4,3,6,4,2,0,1,1,0,0,0,0,"809147,7501","5819247,428","13,54873","52,4358",9020702.0,Adlershof Ost,6829.0
202161,11,11,,2019,12,16,4,3,5,2,2,0,1,0,0,0,0,0,"806311,6164","5833876,903","13,5206","52,56851",11010205.0,Falkenberg West,6368.0
202162,11,1,,2019,12,15,4,3,5,3,0,0,1,0,0,0,0,1,"796704,7573","5829874,17","13,3757","52,53795",1033203.0,Humboldthain Nordwest,4259.0
202163,11,10,,2019,12,15,4,3,2,2,1,0,1,0,0,0,0,0,"809926,702","5831594,073","13,57163","52,54601",10010310.0,Alt-Marzahn,7162.0
202164,11,4,,2019,12,15,4,3,0,6,0,0,1,0,0,0,1,0,"793113,9467","5825588,312","13,31913","52,50147",4030930.0,George-Grosz-Platz,3449.0
202165,11,5,,2019,12,15,4,2,9,1,0,0,1,0,0,0,0,0,"786354,6241","5829174,468","13,22291","52,53722",5030730.0,Zitadellenweg,1959.0
202166,11,5,,2019,12,14,4,2,5,2,0,0,1,0,0,0,0,0,"782380,0651","5827031,903","13,16265","52,52008",5020523.0,Maulbeerallee,1054.0
202167,11,7,,2019,12,13,4,3,6,4,0,0,1,1,0,0,0,0,"796246,7188","5820460,356","13,36059","52,45381",7040404.0,Marienhöhe,4035.0
202168,11,4,,2019,12,13,4,3,0,4,0,1,0,1,0,0,0,0,"790963,2384","5826754,292","13,28855","52,51308",4030417.0,Schloßstraße,2952.0
202169,11,1,,2019,12,12,4,3,5,2,0,1,1,0,0,0,0,0,"799652,4733","5827049,726","13,41648","52,51102",1011305.0,Heine-Viertel West,4851.0
202170,11,8,,2019,12,12,4,3,0,2,0,0,1,0,0,0,1,0,"801301,8421","5819612,392","13,43399","52,44345",8020622.0,Parchimer Allee,5132.0
202171,11,3,,2019,12,7,4,3,0,6,1,0,1,0,0,0,1,0,"801257,2119","5833176,71","13,44561","52,56506",3030715.0,Heinersdorf,5267.0
202172,11,9,,2019,12,7,4,3,2,2,1,0,1,0,0,0,0,0,"808256,1505","5818783,447","13,53523","52,43215",9020701.0,Adlershof West,6628.0
202173,11,4,,2019,12,6,4,3,6,2,2,0,1,1,0,0,0,0,"794037,9551","5823920,699","13,33123","52,48603",4051655.0,Babelsberger Straße,3544.0
202174,11,12,,2019,12,22,4,2,6,4,2,0,0,1,1,0,0,0,"793876,3257","5836161,332","13,33968","52,59584",12302107.0,Schorfheidestraße,3776.0
202175,11,1,,2019,12,19,4,3,2,6,2,0,1,0,0,0,0,0,"797027,7083","5831894,73","13,38225","52,55589",1044201.0,Reinickendorfer Straße,4365.0
202176,11,1,,2019,12,17,4,3,6,2,2,1,0,1,0,0,0,0,"798933,7885","5827028,491","13,40591","52,51123",1011204.0,Leipziger Straße,4652.0
202177,11,4,,2019,12,15,4,1,5,3,0,1,1,0,0,0,0,0,"791668,6984","5827715,837","13,29976","52,52132",4030415.0,Schloßgarten,3154.0
202178,11,9,,2019,12,17,3,3,6,6,2,0,1,1,0,0,0,0,"811098,4004","5814752,763","13,57315","52,39442",9031001.0,Bohnsdorf,7117.0
202179,11,12,,2019,12,7,3,3,2,6,0,0,1,0,0,0,0,0,"791157,6689","5830953,359","13,29509","52,55062",12214125.0,Waldidyll/Flughafensee,3063.0
202180,11,1,,2019,12,14,3,3,3,2,0,1,0,0,0,0,1,0,"797624,154","5827015,504","13,38665","52,51183",1011203.0,Unter den Linden Süd,4452.0
202181,11,12,,2019,12,11,3,2,6,7,0,0,1,1,0,1,1,0,"790948,9186","5831297,816","13,29232","52,55382",12214125.0,Waldidyll/Flughafensee,3064.0
202182,11,7,,2019,12,16,3,3,6,7,2,0,0,1,0,0,1,0,"796969,6893","5817198,859","13,3683","52,42419",7060601.0,Marienfelder Allee Nordwest,4126.0
202183,11,4,,2019,12,15,3,3,2,6,1,0,1,0,0,0,1,0,"790857,3676","5824367,407","13,28491","52,49174",4041134.0,Bismarckallee,2846.0
202184,11,12,,2019,12,15,3,3,2,2,1,0,1,0,0,0,0,0,"791416,601","5838760,567","13,30576","52,62047",12231101.0,Hermsdorf,3283.0
202185,11,1,,2019,12,23,3,3,5,2,2,0,1,0,1,0,0,0,"795136,5291","5829256,66","13,35209","52,53327",1022201.0,Stephankiez,3858.0
202186,11,7,,2019,12,14,3,3,5,3,0,1,1,0,0,0,0,0,"798504,5128","5814424,923","13,38833","52,39849",7070705.0,Franziusweg/Rohrbachstraße,4419.0
202187,11,4,,2019,12,13,3,3,5,3,0,0,1,0,0,0,0,0,"791500,2995","5823584,673","13,29367","52,48438",4041137.0,Flinsberger Platz,3044.0
202188,11,7,,2019,12,13,3,3,6,2,0,0,1,1,0,0,0,0,"796909,9744","5822270,471","13,37193","52,46968",7040403.0,Manteuffelstraße,4139.0
202189,11,11,,2019,12,13,3,3,2,6,0,0,1,0,0,0,0,0,"805466,1852","5830046,333","13,50464","52,53465",11030720.0,Herzbergstraße,6158.0