OBJECTID,LAND,BEZ,LOR_ab_2021,UJAHR,UMONAT,USTUNDE,UWOCHENTAG,UKATEGORIE,UART,UTYP1,ULICHTVERH,IstRad,IstPKW,IstFuss,IstKrad,IstGkfz,IstSonstige,USTRZUSTAND,LINREFX,LINREFY,XGCSWGS84,YGCSWGS84,LOR,STRASSE,quadrant
202190,11,11,,2019,12,12,3,3,1,5,0,1,1,0,0,0,0,1,"805065,5499","5831264,545","13,49987","52,5458",11020412.0,Hauptstraße,6062.0
202191,11,9,,2019,12,12,3,3,5,2,0,1,1,0,0,0,0,1,"808195,1017","5819624,28","13,53511","52,43972",9020701.0,Adlershof West,6631.0
202192,11,1,,2019,12,12,3,3,5,2,0,1,1,0,0,0,0,2,"794560,926","5828649,015","13,34309","52,52813",1022104.0,Emdener Straße,3756.0
202193,11,5,,2019,12,11,3,3,1,5,0,0,1,0,1,0,0,0,"784731,7563","5827528,153","13,19764","52,52331",5020626.0,Adamstraße,1555.0
202194,11,2,,2019,12,10,3,3,1,5,0,0,1,0,0,0,0,1,"798404,3908","5824235,123","13,39562","52,48648",2020205.0,Chamissokiez,4544.0
202195,11,2,,2019,12,10,3,3,6,7,0,0,1,1,0,0,0,0,"801446,3196","5825783,902","13,44169","52,49869",2030402.0,Wrangelkiez,5248.0
202196,11,4,,2019,12,9,3,2,5,2,0,1,1,0,0,0,0,0,"792856,9563","5824324,29","13,31424","52,49028",4051446.0,Preußenpark,3345.0
202197,11,5,,2019,12,10,3,3,2,6,0,0,1,0,0,0,0,1,"785279,3079","5829297,45","13,20721","52,53888",5010314.0,Carl-Schurz-Straße,1760.0
202198,11,3,,2019,12,9,3,3,1,5,0,0,1,0,0,0,1,0,"796533,8556","5834281,079","13,37712","52,57755",3040513.0,Schönholz,4271.0
202199,11,10,,2019,12,8,3,3,7,7,0,1,0,0,0,0,0,0,"813514,2539","5827712,331","13,62071","52,50917",10040932.0,Alt-Mahlsdorf,7851.0
202200,11,2,,2019,12,22,3,3,5,3,2,1,1,0,0,0,0,1,"797274,0707","5824525,628","13,37929","52,4897",2020203.0,Viktoriapark,4245.0
202201,11,1,,2019,12,20,3,3,5,2,2,0,1,0,0,0,0,0,"793531,2317","5829122,974","13,32838","52,53294",1022101.0,Huttenkiez,3558.0
202202,11,9,,2019,12,20,3,3,5,2,2,0,1,0,0,0,0,1,"809591,4453","5818925,247","13,55493","52,43266",9020702.0,Adlershof Ost,6929.0
202203,11,2,,2019,12,19,3,3,6,4,2,0,1,1,0,0,0,0,"798579,6693","5825333,125","13,39918","52,49622",2020204.0,Urbanstraße,4547.0
202204,11,5,,2019,12,19,3,3,1,5,2,0,1,0,0,0,0,0,"785419,7596","5829254,915","13,20923","52,53843",5010312.0,Kurstraße,1759.0
202205,11,7,,2019,12,19,3,3,1,5,2,0,1,0,0,0,0,0,"797258,8816","5823155,629","13,37784","52,47743",7040401.0,Neu-Tempelhof,4242.0
202206,11,1,,2019,12,19,3,3,5,3,2,0,1,0,1,0,0,0,"796638,8341","5826891,645","13,37207","52,51125",1011105.0,Nördlicher Landwehrkanal,4152.0
202207,11,3,,2019,12,18,3,3,2,6,2,0,1,0,0,0,0,0,"799078,8515","5833211,976","13,4136","52,56657",3040818.0,Pankow Süd,4868.0
202208,11,4,,2019,12,17,3,3,1,5,2,1,1,0,0,0,0,1,"793651,9682","5825790,761","13,32721","52,503",4030931.0,Breitscheidplatz,3549.0
202209,11,6,,2019,12,17,3,3,6,2,2,0,1,1,0,0,0,0,"790225,7656","5815099,419","13,26758","52,40898",6030502.0,Zehlendorf Süd,2622.0
202210,11,1,,2019,12,17,3,3,1,5,2,1,1,0,0,0,1,0,"794555,5099","5828999,789","13,34332","52,53128",1022104.0,Emdener Straße,3757.0
202211,11,8,,2019,12,16,3,2,5,3,2,0,1,0,0,0,0,0,"803517,2571","5818209,165","13,46521","52,42965",8030829.0,Gropiusstadt Nord,5528.0
202212,11,6,,2019,12,16,3,3,5,3,1,1,1,0,0,0,0,0,"796782,6489","5818442,923","13,36666","52,43544",6020301.0,Alt-Lankwitz,4129.0
202213,11,4,,2019,12,7,3,2,0,1,2,1,0,0,0,0,0,2,"786899,8174","5825765,393","13,22799","52,50636",4020208.0,Kranzallee,2050.0
202214,11,7,,2019,12,6,3,3,5,2,2,0,1,0,0,0,0,1,"794244,893","5822030,269","13,3326","52,46897",7030301.0,Friedenau,3639.0
202215,11,11,,2019,12,4,3,3,0,2,2,1,0,0,0,0,1,1,"806402,5552","5831228,444","13,51949","52,54472",11020412.0,Hauptstraße,6361.0
202216,11,2,,2019,12,16,3,3,6,4,2,0,1,1,0,0,0,0,"801789,4375","5828403,545","13,4491","52,52198",2040503.0,Richard-Sorge-Viertel,5355.0
202217,11,11,,2019,12,0,3,2,9,1,2,0,1,0,0,0,0,1,"802421,806","5828884,684","13,45883","52,52594",11030618.0,Fennpfuhl West,5456.0
202218,11,1,,2019,12,8,3,3,0,2,0,0,0,1,0,0,1,0,"794587,3054","5828457,314","13,34331","52,5264",1022104.0,Emdener Straße,3756.0
202219,11,6,,2019,12,8,3,3,0,1,0,1,0,0,0,0,0,2,"791835,7099","5821375,656","13,29666","52,46439",6040810.0,Dahlem,3038.0
202220,11,4,,2019,12,7,3,3,5,2,0,0,1,0,0,0,0,1,"791263,8555","5823331,682","13,28998","52,48223",4041137.0,Flinsberger Platz,2943.0
202221,11,3,,2019,12,7,3,3,6,7,0,1,0,1,0,0,0,0,"802771,2616","5837403,236","13,47174","52,6021",3030406.0,Alt-Karow,5678.0
202222,11,4,,2019,12,7,3,3,5,2,1,0,1,0,0,0,0,0,"791662,2627","5827531,511","13,2995","52,51967",4030415.0,Schloßgarten,3154.0
202223,11,12,,2019,12,7,3,2,5,3,2,0,1,0,0,1,0,1,"791934,0356","5831490,409","13,30698","52,55502",12214125.0,Waldidyll/Flughafensee,3264.0
202224,11,12,,2019,12,20,2,3,2,6,2,0,1,0,0,0,0,1,"792879,4304","5835203,895","13,32416","52,5878",12301203.0,Wittenau Süd,3474.0
202225,11,9,,2019,12,17,2,3,6,6,0,1,0,1,0,0,0,0,"812169,7256","5820407,454","13,59412","52,44448",9041402.0,Siedlung Kämmereiheide,7432.0
202226,11,1,,2019,12,9,2,3,5,3,0,1,1,0,0,0,0,1,"797156,7426","5826452,326","13,37928","52,50703",1011201.0,Wilhelmstraße,4250.0
202227,11,8,,2019,12,12,2,3,5,3,0,1,1,0,0,0,0,0,"801498,8549","5820182,099","13,4374","52,44845",8020622.0,Parchimer Allee,5133.0
202228,11,5,,2019,12,15,2,3,2,6,1,0,1,0,0,0,0,1,"780537,6697","5820677,081","13,13021","52,46405",5040936.0,Jägerallee,538.0
202229,11,12,,2019,12,21,2,3,6,4,2,0,1,1,0,0,0,1,"789937,3655","5834933,351","13,28062","52,58695",12214527.0,Alt-Tegel,2874.0
202230,11,6,,2019,12,20,2,3,0,7,2,1,1,0,0,0,0,1,"795771,3135","5820232,715","13,35341","52,45203",6010204.0,Munsterdamm,3934.0
202231,11,11,,2019,12,19,2,3,3,6,2,0,1,0,0,0,0,1,"805489,7928","5830034,126","13,50497","52,53453",11030720.0,Herzbergstraße,6158.0
202232,11,2,,2019,12,19,2,3,6,2,2,0,1,1,0,0,0,1,"797524,6395","5824016,367","13,38251","52,485",2020203.0,Viktoriapark,4344.0
202233,11,7,,2019,12,19,2,3,6,2,2,0,1,1,0,0,0,1,"797856,102","5821887,806","13,38548","52,46574",7040403.0,Manteuffelstraße,4338.0
202234,11,5,,2019,12,20,2,3,2,6,0,0,1,0,0,0,0,1,"785753,5601","5829284,845","13,21417","52,53852",5030730.0,Zitadellenweg,1860.0
202235,11,9,,2019,12,19,2,3,5,2,2,0,1,0,1,0,0,1,"807093,507","5821912,882","13,52105","52,46085",9020502.0,Oberschöneweide Ost,6437.0
202236,11,2,,2019,12,5,2,3,0,6,2,0,1,0,1,0,0,1,"802215,6652","5827742,066","13,45477","52,51581",2050602.0,Samariterviertel,5453.0
202237,11,3,,2019,12,18,4,3,5,3,2,1,1,0,0,0,0,0,"799723,33","5830079,385","13,42025","52,53814",3071537.0,Kollwitzplatz,4959.0
202238,11,7,,2019,12,18,2,3,6,2,2,0,1,1,0,0,0,1,"797292,8614","5817293,395","13,37312","52,42486",7060601.0,Marienfelder Allee Nordwest,4226.0
202239,11,12,,2019,12,18,2,2,6,2,2,0,0,1,0,0,1,1,"793384,2665","5833150,017","13,32977","52,56912",12214421.0,Reinickes Hof,3568.0
202240,11,6,,2019,12,17,4,3,5,2,2,0,1,0,0,0,0,0,"795329,8552","5819980,902","13,34671","52,45001",6010205.0,Südende,3834.0
202241,11,8,,2019,12,17,4,3,5,2,2,1,1,0,0,0,0,0,"800912,8102","5824454,712","13,43265","52,48707",8010301.0,Reuterkiez,5044.0
202242,11,12,,2019,12,18,2,2,6,2,2,0,1,1,0,0,0,1,"793947,0428","5836638,71","13,34115","52,60009",12302108.0,Märkisches Zentrum,3778.0
202243,11,8,,2019,12,18,2,3,6,4,2,0,1,1,0,0,0,1,"800788,5364","5824329,815","13,43072","52,48602",8010301.0,Reuterkiez,5044.0
202244,11,3,,2019,12,17,4,2,9,1,2,0,1,0,0,0,0,0,"799221,0843","5829275,631","13,41215","52,53121",3071536.0,Teutoburger Platz,4757.0
202245,11,7,,2019,12,17,4,3,5,2,2,1,1,0,0,0,0,0,"794664,6966","5821802,186","13,33856","52,4667",7030303.0,Grazer Platz,3639.0
202246,11,6,,2019,12,17,2,3,5,2,2,0,1,0,0,0,0,1,"793834,7012","5817555,716","13,32264","52,42908",6020409.0,Königsberger Straße,3428.0
202247,11,4,,2019,12,13,4,3,2,6,0,1,1,0,0,0,1,0,"794393,8737","5825715,429","13,33804","52,50192",4030931.0,Breitscheidplatz,3649.0
202248,11,8,,2019,12,17,2,3,5,2,2,0,1,0,0,0,1,1,"802367,0667","5817759,78","13,44794","52,42626",8030830.0,Gropiusstadt Süd,5327.0
202249,11,4,,2019,12,11,4,3,2,6,0,0,1,0,0,0,0,0,"789033,737","5827002,942","13,26041","52,51633",4020311.0,Reichsstraße,2553.0
202250,11,9,,2019,12,10,4,3,5,3,0,0,1,0,0,0,0,0,"808171,4997","5815764,214","13,5312","52,40514",9030902.0,Wohngebiet II,6521.0
202251,11,7,,2019,12,17,2,2,2,2,2,0,1,0,0,1,0,1,"798664,0895","5816173,758","13,39223","52,41407",7060603.0,Marienfelde Nordost,4423.0
202252,11,7,,2019,12,17,2,3,5,3,2,0,1,0,0,0,1,1,"794975,077","5825092,064","13,34603","52,49602",7010102.0,Nollendorfplatz,3847.0
202253,11,9,,2019,12,10,4,3,6,7,0,0,1,1,0,0,0,1,"811007,6184","5821782,102","13,57836","52,45746",9051901.0,Dammvorstadt,7236.0
202254,11,5,,2019,12,9,4,3,0,1,0,0,0,0,1,0,0,0,"781822,2934","5828434,944","13,15564","52,53295",5020419.0,Magistratsweg,958.0
202255,11,6,,2019,12,17,2,3,2,6,2,0,1,0,0,0,0,1,"794058,7438","5818770,204","13,327","52,43984",6020409.0,Königsberger Straße,3531.0
202256,11,1,,2019,12,23,3,3,2,6,2,0,1,0,0,0,0,0,"795255,9593","5826623,408","13,35151","52,5096",1011101.0,Stülerstraße,3851.0
202257,11,8,,2019,12,23,3,2,6,4,2,0,1,1,0,0,0,0,"800972,5976","5824759,314","13,43381","52,48977",8010301.0,Reuterkiez,5145.0
202258,11,3,,2019,12,16,2,2,5,2,2,0,1,0,1,0,0,1,"803000,61","5832007,154","13,47019","52,55361",3051022.0,Hansastraße,5664.0
202259,11,3,,2019,12,16,2,3,5,3,2,0,1,0,0,0,1,1,"799473,9816","5837476,866","13,42327","52,60458",3020307.0,Buchholz,4979.0
202260,11,9,,2019,12,20,3,3,5,2,2,1,1,0,0,0,0,0,"806271,103","5820979,265","13,50813","52,45294",9010401.0,Johannisthal West,6234.0
202261,11,6,,2019,12,19,3,3,2,2,2,0,1,0,0,0,0,0,"790146,4542","5819658,216","13,27037","52,4499",6040808.0,Hüttenweg,2634.0
202262,11,5,,2019,12,19,3,3,5,2,2,1,1,0,0,0,0,0,"782383,2309","5827031,024","13,16269","52,52007",5020523.0,Maulbeerallee,1054.0
202263,11,10,,2019,12,17,3,3,2,6,2,1,1,0,0,0,0,0,"811181,1966","5829153,071","13,58779","52,52342",10020622.0,Kaulsdorf Nord I,7355.0
202264,11,4,,2019,12,16,3,3,2,6,2,0,1,0,0,0,0,0,"791660,1125","5823712,92","13,29613","52,48544",4041137.0,Flinsberger Platz,3044.0
202265,11,4,,2019,12,15,2,3,1,5,1,1,1,0,0,0,0,1,"791927,2357","5827194,875","13,3031","52,51651",4030622.0,Richard-Wagner-Straße,3153.0
202266,11,8,,2019,12,16,2,3,6,2,2,0,1,1,0,0,0,1,"804868,9026","5817569,233","13,48445","52,42316",8041036.0,Zittauer Straße,5826.0
202267,11,1,,2019,12,16,3,3,5,3,2,1,1,0,0,0,0,0,"799131,1392","5827129,004","13,40889","52,51202",1011305.0,Heine-Viertel West,4752.0
202268,11,10,,2019,12,16,2,3,2,6,2,0,1,0,0,0,0,1,"811203,6465","5828909,677","13,58789","52,52122",10020622.0,Kaulsdorf Nord I,7354.0
202269,11,6,,2019,12,16,3,3,5,3,2,0,1,0,0,0,0,1,"796880,8037","5817491,449","13,36726","52,42686",6020306.0,Lankwitz Süd,4127.0
202270,11,4,,2019,12,15,2,3,5,3,1,1,1,0,0,0,0,1,"791761,8948","5826439,524","13,30001","52,50983",4030725.0,Amtsgerichtsplatz,3151.0
202271,11,4,,2019,12,15,2,3,5,3,0,0,1,0,0,0,0,0,"793289,235","5824602,429","13,32083","52,49254",4051447.0,Ludwigkirchplatz,3446.0
202272,11,5,,2019,12,16,3,2,6,4,2,0,1,1,0,0,0,0,"784009,3788","5830505,634","13,18956","52,55038",5010208.0,Germersheimer Platz,1463.0
202273,11,2,,2019,12,13,2,3,5,2,0,0,1,0,1,0,0,0,"803426,9667","5826923,135","13,47182","52,5078",2050801.0,Traveplatz,5651.0
202274,11,1,,2019,12,13,2,3,1,5,0,1,0,0,0,1,0,0,"798951,1119","5828949,217","13,40789","52,52843",1011302.0,Oranienburger Straße,4757.0
202275,11,1,,2019,12,12,2,3,2,6,0,0,1,0,0,0,1,0,"793505,6406","5829361,697","13,32821","52,53509",1022103.0,Westhafen,3559.0
202276,11,10,,2019,12,10,3,2,0,7,1,1,0,0,0,0,0,0,"806554,6955","5830221,092","13,5208","52,53561",10010308.0,Marzahner Chaussee,6359.0
202277,11,12,,2019,12,5,3,3,6,2,2,0,1,1,0,0,0,0,"794947,1876","5833094,492","13,35272","52,56777",12103218.0,Teichstraße,3968.0
202278,11,8,,2019,12,11,2,3,0,3,0,0,1,0,1,0,0,1,"803350,5371","5817401,044","13,46204","52,4225",8030831.0,Gropiusstadt Ost,5526.0
202279,11,4,,2019,12,11,2,3,2,6,0,0,1,0,1,0,0,0,"793349,4737","5823003,373","13,32031","52,47817",4051551.0,Brabanter Platz,3442.0
202280,11,7,,2019,12,15,3,3,5,2,0,1,1,0,0,0,0,0,"794934,4837","5824320,312","13,34475","52,48913",7020201.0,Bayerischer Platz,3745.0
202281,11,10,,2019,12,11,2,2,5,3,0,0,1,0,0,0,0,0,"812270,0629","5827748,525","13,60247","52,51021",10040932.0,Alt-Mahlsdorf,7651.0
202282,11,3,,2019,12,9,2,2,4,6,0,0,1,0,0,0,0,0,"795926,0107","5836461,342","13,37012","52,59742",3040508.0,Rosenthal,4177.0
202283,11,7,,2019,12,15,3,3,5,2,0,1,1,0,0,0,0,0,"799931,2509","5814007,693","13,40887","52,39397",7070704.0,Nahariyastraße,4717.0
202284,11,7,,2019,12,13,3,3,5,3,0,1,1,0,0,0,0,1,"799251,7202","5812641,973","13,39769","52,3821",7070705.0,Franziusweg/Rohrbachstraße,4514.0
202285,11,2,,2019,12,9,2,3,5,2,0,1,1,0,0,0,0,0,"798401,5808","5826418,732","13,39754","52,50605",2010102.0,Mehringplatz,4550.0
202286,11,9,,2019,12,9,2,3,1,5,0,0,1,0,0,0,0,0,"812153,7452","5817822,522","13,59147","52,42133",9041302.0,Wendenschloß,7425.0
202287,11,6,,2019,12,13,3,3,0,1,0,1,0,0,0,0,0,1,"786768,0943","5817058,025","13,21857","52,42837",6040703.0,Nikolassee,1927.0
202288,11,10,,2019,12,13,3,3,5,3,0,1,1,0,0,0,0,0,"811113,234","5831265,985","13,58877","52,54239",10020413.0,Gut Hellersdorf,7461.0
202289,11,3,,2019,12,7,2,2,5,3,1,1,0,0,0,0,1,1,"800812,6694","5833502,985","13,43937","52,56823",3030715.0,Heinersdorf,5168.0
202290,11,4,,2019,12,7,2,3,5,3,2,1,1,0,0,0,0,0,"793378,2099","5821960,191","13,31982","52,46881",4041344.0,Rüdesheimer Platz,3439.0
202291,11,8,,2019,12,6,2,3,5,3,1,1,0,0,0,0,1,0,"801396,7215","5824766,876","13,44004","52,4896",8010302.0,Bouchéstraße,5145.0
202292,11,4,,2019,12,13,3,3,5,3,0,1,0,0,0,0,0,0,"793018,4882","5824224,464","13,31653","52,4893",4051550.0,Leon-Jessel-Platz,3345.0
202293,11,8,,2019,12,6,2,3,5,3,2,1,1,0,0,0,0,0,"802116,7599","5823637,627","13,44959","52,47908",8010405.0,Hertzbergplatz,5342.0
202294,11,4,,2019,12,12,3,3,5,2,0,0,1,0,0,0,0,0,"790960,3925","5824830,286","13,28683","52,49583",4031032.0,Halensee,2947.0
202295,11,9,,2019,12,6,2,3,5,2,2,1,0,0,0,0,1,1,"809660,8491","5821507,81","13,55835","52,45577",9051901.0,Dammvorstadt,6935.0
202296,11,11,,2019,12,6,2,3,5,3,2,0,1,0,0,0,0,0,"805619,8521","5831775,87","13,50849","52,55007",11020412.0,Hauptstraße,6263.0
202297,11,2,,2019,12,12,3,3,0,2,0,1,1,0,0,0,0,0,"797766,0186","5826038,61","13,38786","52,50299",2010101.0,Askanischer Platz,4449.0
202298,11,3,,2019,12,15,2,3,5,3,1,0,1,0,0,0,1,1,"801612,6072","5836130,641","13,45353","52,59133",3030711.0,Blankenburg,5375.0
202299,11,1,,2019,12,20,1,3,2,6,2,0,1,0,0,0,1,1,"795356,2155","5831471,996","13,35729","52,55301",1044203.0,Leopoldplatz,3964.0
202300,11,1,,2019,12,18,1,3,3,6,2,0,1,0,0,0,0,1,"795685,2011","5830919,635","13,36164","52,54788",1044201.0,Reinickendorfer Straße,4062.0
202301,11,5,,2019,12,11,3,2,6,7,0,0,1,1,0,0,0,0,"789557,4838","5829274,423","13,27009","52,53642",5030832.0,Rohrdamm,2659.0
202302,11,11,,2019,12,11,3,3,5,3,0,1,1,0,0,0,0,0,"806133,5019","5826708,193","13,51137","52,50436",11040926.0,Weitlingstraße,6250.0
202303,11,7,,2019,12,18,1,3,2,6,2,0,1,0,0,0,0,1,"794982,5379","5825666,213","13,34664","52,50117",7010102.0,Nollendorfplatz,3849.0
202304,11,8,,2019,12,18,1,3,5,7,2,0,1,0,0,0,1,0,"800427,9307","5823790,276","13,42494","52,48138",8010211.0,Flughafenstraße,4943.0
202305,11,4,,2019,12,9,3,3,5,3,0,0,1,0,0,0,0,1,"789790,5298","5827130,704","13,27165","52,51708",4020312.0,Branitzer Platz,2653.0
202306,11,8,,2019,12,9,3,3,5,2,0,0,1,0,0,0,0,1,"801025,6085","5817070,168","13,42765","52,42082",8020727.0,Buckow Mitte,5025.0
202307,11,3,,2019,12,17,1,3,6,4,2,0,1,1,0,0,0,1,"798075,0079","5833617,85","13,3992","52,57076",3040614.0,Pankow Zentrum,4569.0
202308,11,1,,2019,12,16,1,3,5,3,2,0,1,0,0,0,0,1,"796361,2234","5826128,432","13,36731","52,50456",1011104.0,Körnerstraße,4150.0
202309,11,9,,2019,12,9,3,3,5,3,0,1,1,0,0,0,0,1,"807475,517","5817763,674","13,52284","52,42345",9030901.0,Dorf Altglienicke,6426.0
202310,11,5,,2019,12,16,1,3,3,6,2,0,1,0,0,0,0,1,"784965,0468","5829420,677","13,20269","52,54015",5010314.0,Carl-Schurz-Straße,1660.0
202311,11,6,,2019,12,16,1,3,1,5,2,0,1,0,0,0,0,1,"787545,1608","5817948,633","13,23073","52,43594",6040804.0,Krumme Lanke,2030.0
202312,11,4,,2019,12,8,3,3,0,2,0,0,1,0,1,0,0,1,"792628,7063","5825452,597","13,31188","52,50052",4030929.0,Hindemithplatz,3248.0
202313,11,8,,2019,12,7,3,3,6,2,2,0,1,1,0,0,0,1,"802575,2636","5823075,119","13,45581","52,47378",8010404.0,Rixdorf,5441.0
202314,11,3,,2019,12,15,1,3,5,3,1,0,1,0,0,0,0,1,"802746,0143","5839064,296","13,47289","52,617",3030406.0,Alt-Karow,5682.0
202315,11,6,,2019,12,15,1,3,3,6,0,0,1,0,0,0,0,1,"787136,364","5817205,235","13,2241","52,42949",6040703.0,Nikolassee,1928.0
202316,11,4,,2019,12,13,1,3,5,5,0,0,1,0,0,0,0,1,"790894,4118","5827398,827","13,2881","52,51889",4030415.0,Schloßgarten,2954.0
202317,11,8,,2019,12,8,3,3,6,4,0,0,1,1,0,0,0,1,"801399,6034","5816472,148","13,4326","52,41525",8020727.0,Buckow Mitte,5023.0
202318,11,7,,2019,12,14,1,3,3,6,0,0,1,0,0,0,0,1,"799941,1212","5821288,483","13,41554","52,45922",7040406.0,Germaniagarten,4836.0
202319,11,12,,2019,12,7,3,3,2,2,0,0,1,0,1,0,0,1,"795748,4464","5837039,458","13,36803","52,6027",12302109.0,Treuenbrietzener Straße,4178.0
202320,11,5,,2019,12,3,1,2,9,1,2,0,1,0,0,0,0,1,"783343,6931","5827676,568","13,17736","52,52536",5020626.0,Adamstraße,1256.0
202321,11,8,,2019,12,3,1,3,9,1,2,0,1,0,0,0,0,0,"800986,1042","5822152,949","13,43165","52,4664",8010118.0,Silbersteinstraße,5038.0
202322,11,10,,2019,12,7,3,3,5,2,0,0,1,0,0,0,1,1,"812367,08","5823889,438","13,60027","52,47557",10040933.0,Mahlsdorf Süd,7541.0
202323,11,9,,2019,12,7,3,3,6,4,2,0,1,1,0,0,0,1,"806310,3664","5819359,833","13,50722","52,43841",9010402.0,Johannisthal Ost,6130.0
202324,11,3,,2019,12,7,1,3,0,7,0,0,0,0,1,0,1,1,"799927,4026","5829773,176","13,42298","52,53528",3071638.0,Winsstraße,4959.0
202325,11,10,,2019,12,6,3,3,4,6,2,1,1,0,0,0,0,1,"810803,0001","5827999,807","13,58115","52,5133",10040828.0,Kaulsdorf Nord,7252.0
202326,11,12,,2019,12,0,1,2,6,4,2,0,1,1,0,0,0,1,"791323,9478","5838650,71","13,3043","52,61953",12231101.0,Hermsdorf,3183.0
202327,11,7,,2019,12,17,7,2,5,2,2,0,1,0,0,0,0,0,"796580,0896","5815865,638","13,36141","52,41245",7060604.0,Marienfelde Süd,4023.0
202328,11,7,,2019,12,9,3,2,6,3,0,0,0,1,0,0,1,0,"797669,2802","5823706,617","13,38436","52,48214",7040401.0,Neu-Tempelhof,4343.0
202329,11,11,,2019,12,16,3,1,6,4,2,0,1,1,0,0,0,0,"803670,0861","5829760,393","13,47798","52,5331",11030619.0,Fennpfuhl Ost,5758.0
202330,11,5,,2019,12,17,7,2,1,5,2,0,1,0,0,0,0,1,"786573,5141","5829238,387","13,22618","52,53767",5030730.0,Zitadellenweg,2059.0
202331,11,7,,2019,12,17,7,3,6,4,2,0,1,1,0,0,0,1,"799785,6457","5813184,283","13,406","52,38666",7070703.0,John-Locke-Straße,4615.0
202332,11,12,,2019,12,11,3,1,9,1,0,0,1,0,0,0,0,0,"785293,5202","5837213,182","13,21423","52,60985",12224230.0,Heiligensee,1880.0
202333,11,3,,2019,12,17,2,3,4,5,0,0,1,0,0,0,1,0,"798159,0104","5833059,991","13,39993","52,56571",3040614.0,Pankow Zentrum,4667.0
202334,11,10,,2019,12,17,7,3,6,4,2,0,0,1,0,0,1,1,"807573,7186","5830747,262","13,53626","52,53975",10010203.0,Gewerbegebiet Bitterfelder Straße,6660.0
202335,11,12,,2019,12,17,7,2,5,2,2,0,1,0,1,0,0,1,"791746,104","5839573,717","13,31133","52,62758",12231101.0,Hermsdorf,3286.0
202336,11,3,,2019,12,6,2,3,2,6,2,0,1,0,0,0,0,0,"801679,1148","5835903,412","13,4543","52,58926",3030711.0,Blankenburg,5474.0
202337,11,5,,2019,12,16,7,3,2,6,2,0,1,0,0,0,0,0,"785679,5196","5829271,477","13,21307","52,53844",5030730.0,Zitadellenweg,1859.0
202338,11,1,,2019,12,23,2,3,2,6,2,0,1,0,0,0,0,1,"793556,3558","5828903,393","13,32855","52,53095",1022102.0,Beusselkiez,3557.0
202339,11,7,,2019,12,15,7,3,5,3,0,0,1,0,0,0,0,0,"799283,2933","5814284,552","13,39962","52,3968",7070701.0,Kettinger Straße/Schillerstraße,4518.0
202340,11,10,,2019,12,21,7,3,2,6,2,0,1,0,0,0,0,1,"809546,6322","5826922,748","13,5617","52,50436",10030727.0,Biesdorf Süd,7050.0
202341,11,4,,2019,12,21,2,2,0,1,2,1,0,0,0,0,0,1,"788237,1276","5827767,504","13,24937","52,52361",4020311.0,Reichsstraße,2355.0
202342,11,1,,2019,12,21,2,3,5,3,2,0,1,0,0,0,0,1,"795610,5665","5830517,203","13,36018","52,54431",1044202.0,Sparrplatz,4061.0
202343,11,4,,2019,12,20,7,2,6,4,2,0,1,1,0,0,0,1,"794032,5483","5823103,229","13,33043","52,4787",4051655.0,Babelsberger Straße,3542.0
202344,11,3,,2019,12,12,7,3,0,5,0,0,1,0,0,0,1,1,"798611,5759","5835825,711","13,40908","52,59026",3020210.0,Herthaplatz,4775.0
202345,11,12,,2019,12,21,2,3,6,2,2,0,1,1,0,0,0,1,"791659,0069","5834473,814","13,30556","52,58191",12304313.0,Borsigwalde,3172.0
202346,11,2,,2019,12,20,2,3,0,1,2,1,0,0,0,0,0,1,"798763,1928","5824008,528","13,40069","52,48425",2020205.0,Chamissokiez,4644.0
202347,11,4,,2019,12,11,7,3,6,4,0,0,1,1,0,0,0,1,"794317,8454","5825929,701","13,33711","52,50389",4030931.0,Breitscheidplatz,3649.0
202348,11,12,,2019,12,11,7,3,5,2,0,0,1,0,0,0,0,0,"790132,7849","5835779,824","13,28424","52,59443",12214527.0,Alt-Tegel,2876.0
202349,11,4,,2019,12,19,2,3,5,7,2,1,1,0,0,0,0,1,"794367,2447","5825669,281","13,33761","52,50153",4030931.0,Breitscheidplatz,3649.0
202350,11,1,,2019,12,19,2,3,6,2,2,0,1,1,0,0,0,1,"797906,4966","5830317,153","13,39376","52,54127",1033201.0,Brunnenstraße,4560.0
202351,11,4,,2019,12,11,7,3,2,6,0,0,1,0,0,0,0,1,"793923,3475","5825761,264","13,33117","52,50259",4030931.0,Breitscheidplatz,3549.0
202352,11,8,,2019,12,6,7,3,6,2,2,0,1,1,0,0,0,1,"802023,5427","5823481,873","13,44808","52,47774",8010404.0,Rixdorf,5342.0
202353,11,5,,2019,12,4,7,3,5,3,2,0,1,0,0,0,0,1,"783046,096","5826061,55","13,17161","52,51103",5020524.0,Weinmeisterhornweg,1251.0
202354,11,4,,2019,12,16,2,3,3,6,2,1,1,0,0,0,0,0,"793650,0796","5826067,466","13,32743","52,50548",4030623.0,Ernst-Reuter-Platz,3550.0
202355,11,6,,2019,12,7,2,3,5,2,1,0,1,0,0,0,1,0,"792007,6047","5818957,345","13,29707","52,44262",6030610.0,Lichterfelde West,3031.0
202356,11,4,,2019,12,9,7,3,5,2,0,1,1,0,0,0,0,1,"792667,5784","5823054,809","13,31035","52,479",4041343.0,Binger Straße,3242.0
202357,11,1,,2019,12,1,7,3,8,1,2,0,1,0,0,0,0,1,"796974,6614","5826705,424","13,37683","52,5094",1011201.0,Wilhelmstraße,4251.0